{"type":"FeatureCollection","features":[{"type":"Feature","geometry":{"type":"Polygon","coordinates":[[[13.44892,41.44279],[13.44909,41.44186],[13.4486,41.4418],[13.44892,41.44279]]]},"properties":{"firedate":"2026-09-08","area_ha":0.0,"country":"IT"}},{"type":"Feature","geometry":{"type":"Polygon","coordinates":[[[19.85532,41.27218],[19.85472,41.27151],[19.85453,41.27176],[19.85466,41.27233],[19.85532,41.27218]]]},"properties":{"firedate":"2026-09-08","area_ha":0.0,"country":"AL"}},{"type":"Feature","geometry":{"type":"Polygon","coordinates":[[[20.02433,41.34733],[20.02503,41.3471],[20.02507,41.34679],[20.02442,41.34704],[20.02433,41.34733]]]},"properties":{"firedate":"2026-09-08","area_ha":0.0,"country":"AL"}},{"type":"Feature","geometry":{"type":"Polygon","coordinates":[[[15.1354,37.88105],[15.13494,37.88048],[15.13385,37.88142],[15.1344,37.88155],[15.1354,37.88105]]]},"properties":{"firedate":"2026-09-08","area_ha":1.0,"country":"IT"}},{"type":"Feature","geometry":{"type":"Polygon","coordinates":[[[9.36769,39.61689],[9.36715,39.61736],[9.36836,39.61774],[9.36915,39.61757],[9.36769,39.61689]]]},"properties":{"firedate":"2026-09-08","area_ha":1.0,"country":"IT"}},{"type":"Feature","geometry":{"type":"Polygon","coordinates":[[[9.50671,39.28438],[9.50646,39.28354],[9.50571,39.28447],[9.50614,39.28462],[9.50671,39.28438]]]},"properties":{"firedate":"2026-09-08","area_ha":1.0,"country":"IT"}},{"type":"Feature","geometry":{"type":"Polygon","coordinates":[[[22.28874,44.53512],[22.28839,44.53474],[22.28709,44.53474],[22.2869,44.53578],[22.28746,44.53588],[22.28874,44.53512]]]},"properties":{"firedate":"2026-09-08","area_ha":1.0,"country":"RS"}},{"type":"Feature","geometry":{"type":"Polygon","coordinates":[[[16.18215,44.24876],[16.18156,44.24845],[16.18183,44.24814],[16.18143,44.24789],[16.17962,44.2486],[16.17996,44.24898],[16.18215,44.24876]]]},"properties":{"firedate":"2026-09-08","area_ha":1.0,"country":"HR"}},{"type":"Feature","geometry":{"type":"Polygon","coordinates":[[[20.02456,41.34573],[20.02609,41.34516],[20.02526,41.34485],[20.02456,41.34573]]]},"properties":{"firedate":"2026-09-08","area_ha":1.0,"country":"AL"}},{"type":"Feature","geometry":{"type":"Polygon","coordinates":[[[13.33924,37.64378],[13.33841,37.64208],[13.33769,37.64244],[13.33714,37.64223],[13.33653,37.64265],[13.33888,37.64387],[13.33924,37.64378]]]},"properties":{"firedate":"2026-09-08","area_ha":2.0,"country":"IT"}},{"type":"Feature","geometry":{"type":"Polygon","coordinates":[[[14.42137,37.60977],[14.42106,37.60877],[14.42038,37.60893],[14.42004,37.60947],[14.42009,37.61008],[14.42085,37.61077],[14.42137,37.60977]]]},"properties":{"firedate":"2026-09-08","area_ha":2.0,"country":"IT"}},{"type":"Feature","geometry":{"type":"Polygon","coordinates":[[[19.42415,43.11543],[19.42426,43.11494],[19.42388,43.11471],[19.42236,43.11485],[19.42201,43.1153],[19.4223,43.11615],[19.42291,43.11631],[19.42415,43.11543]]]},"properties":{"firedate":"2026-09-08","area_ha":2.0,"country":"ME"}},{"type":"Feature","geometry":{"type":"Polygon","coordinates":[[[19.56727,42.16958],[19.56656,42.16711],[19.56568,42.16714],[19.56573,42.16796],[19.56634,42.16837],[19.56639,42.16899],[19.56727,42.16958]]]},"properties":{"firedate":"2026-09-08","area_ha":2.0,"country":"AL"}},{"type":"Feature","geometry":{"type":"Polygon","coordinates":[[[-4.2384,36.82695],[-4.23763,36.82668],[-4.23653,36.82669],[-4.23707,36.82583],[-4.23827,36.82525],[-4.23835,36.82591],[-4.23892,36.82623],[-4.2384,36.82695]]]},"properties":{"firedate":"2026-09-08","area_ha":2.0,"country":"ES"}},{"type":"Feature","geometry":{"type":"Polygon","coordinates":[[[-4.2394,36.82606],[-4.23841,36.82537],[-4.23883,36.82477],[-4.23856,36.82444],[-4.23957,36.82451],[-4.24024,36.82393],[-4.23984,36.82454],[-4.24023,36.82559],[-4.2394,36.82606]]]},"properties":{"firedate":"2026-09-08","area_ha":2.0,"country":"ES"}},{"type":"Feature","geometry":{"type":"Polygon","coordinates":[[[13.69347,41.29289],[13.69246,41.29103],[13.69171,41.29094],[13.69112,41.29131],[13.69218,41.29226],[13.69237,41.29311],[13.6932,41.29356],[13.69347,41.29289]]]},"properties":{"firedate":"2026-09-08","area_ha":3.0,"country":"IT"}},{"type":"Feature","geometry":{"type":"Polygon","coordinates":[[[13.11144,42.17455],[13.11024,42.17384],[13.11056,42.1728],[13.11005,42.17205],[13.11037,42.17137],[13.10947,42.17133],[13.1097,42.1731],[13.10944,42.17404],[13.11002,42.17464],[13.11144,42.17455]]]},"properties":{"firedate":"2026-09-08","area_ha":3.0,"country":"IT"}},{"type":"Feature","geometry":{"type":"Polygon","coordinates":[[[19.57223,42.16923],[19.57286,42.16956],[19.57497,42.1693],[19.57379,42.16806],[19.57332,42.16819],[19.57411,42.16907],[19.57145,42.16793],[19.57223,42.16923]]]},"properties":{"firedate":"2026-09-08","area_ha":3.0,"country":"AL"}},{"type":"Feature","geometry":{"type":"Polygon","coordinates":[[[13.34019,37.64483],[13.34219,37.64476],[13.34204,37.6443],[13.34151,37.64412],[13.34109,37.64451],[13.33835,37.64457],[13.3367,37.64546],[13.33718,37.64607],[13.3381,37.64607],[13.34019,37.64483]]]},"properties":{"firedate":"2026-09-08","area_ha":4.0,"country":"IT"}},{"type":"Feature","geometry":{"type":"Polygon","coordinates":[[[24.32545,41.22308],[24.32666,41.22177],[24.32591,41.2216],[24.32478,41.22224],[24.32262,41.22223],[24.32223,41.22254],[24.32455,41.22344],[24.32545,41.22308]]]},"properties":{"firedate":"2026-09-08","area_ha":4.0,"country":"EL"}},{"type":"Feature","geometry":{"type":"Polygon","coordinates":[[[-1.0988,41.78675],[-1.09839,41.786],[-1.09915,41.78496],[-1.09929,41.78317],[-1.0998,41.78424],[-1.10127,41.78473],[-1.10109,41.78564],[-1.10149,41.78613],[-1.09945,41.78597],[-1.09927,41.78652],[-1.0988,41.78675]]]},"properties":{"firedate":"2026-09-08","area_ha":4.0,"country":"ES"}},{"type":"Feature","geometry":{"type":"Polygon","coordinates":[[[17.33808,43.26205],[17.33883,43.26139],[17.33989,43.26132],[17.34,43.26032],[17.33841,43.26032],[17.33772,43.26],[17.33722,43.26026],[17.33668,43.26116],[17.33808,43.26205]]]},"properties":{"firedate":"2026-09-08","area_ha":4.0,"country":"HR"}},{"type":"Feature","geometry":{"type":"Polygon","coordinates":[[[-2.52638,42.97146],[-2.52607,42.96973],[-2.52691,42.96983],[-2.52613,42.96941],[-2.52652,42.96902],[-2.52635,42.96819],[-2.52717,42.96847],[-2.52775,42.96996],[-2.52858,42.97065],[-2.52812,42.9709],[-2.52816,42.97143],[-2.52745,42.97167],[-2.52638,42.97146]]]},"properties":{"firedate":"2026-09-08","area_ha":4.0,"country":"ES"}},{"type":"Feature","geometry":{"type":"Polygon","coordinates":[[[9.50177,37.27184],[9.50289,37.27239],[9.50431,37.2719],[9.50335,37.27146],[9.50329,37.27027],[9.5021,37.26976],[9.50124,37.27024],[9.50195,37.27085],[9.50177,37.27184]]]},"properties":{"firedate":"2026-09-08","area_ha":4.0,"country":"TN"}},{"type":"Feature","geometry":{"type":"Polygon","coordinates":[[[-6.3003,43.0988],[-6.30246,43.09774],[-6.30348,43.09805],[-6.30395,43.09865],[-6.30574,43.09869],[-6.30595,43.09906],[-6.30435,43.09952],[-6.30182,43.09916],[-6.30056,43.09948],[-6.3003,43.0988]]]},"properties":{"firedate":"2026-09-08","area_ha":5.0,"country":"ES"}},{"type":"Feature","geometry":{"type":"Polygon","coordinates":[[[35.70808,47.6478],[35.70892,47.64523],[35.70786,47.64489],[35.70587,47.64729],[35.70808,47.6478]]]},"properties":{"firedate":"2026-09-08","area_ha":5.0,"country":"UA"}},{"type":"Feature","geometry":{"type":"Polygon","coordinates":[[[19.23228,42.90578],[19.23225,42.90449],[19.23176,42.90425],[19.23046,42.90437],[19.23049,42.90531],[19.22974,42.90596],[19.22989,42.90686],[19.23111,42.90679],[19.23228,42.90578]]]},"properties":{"firedate":"2026-09-08","area_ha":5.0,"country":"ME"}},{"type":"Feature","geometry":{"type":"Polygon","coordinates":[[[18.66709,44.23659],[18.66709,44.23591],[18.66575,44.23559],[18.6662,44.23498],[18.66595,44.23465],[18.66398,44.23445],[18.66462,44.23504],[18.66495,44.23788],[18.66636,44.23762],[18.66709,44.23659]]]},"properties":{"firedate":"2026-09-08","area_ha":5.0,"country":"BA"}},{"type":"Feature","geometry":{"type":"Polygon","coordinates":[[[19.71958,41.69242],[19.71936,41.69079],[19.71859,41.6898],[19.71789,41.68967],[19.71707,41.69007],[19.71645,41.68964],[19.71589,41.69024],[19.71876,41.69232],[19.71958,41.69242]]]},"properties":{"firedate":"2026-09-08","area_ha":5.0,"country":"AL"}},{"type":"Feature","geometry":{"type":"Polygon","coordinates":[[[13.79112,41.3355],[13.79055,41.33525],[13.78736,41.33559],[13.78684,41.33588],[13.78678,41.33641],[13.78782,41.33761],[13.78859,41.33784],[13.79112,41.3355]]]},"properties":{"firedate":"2026-09-08","area_ha":6.0,"country":"IT"}},{"type":"Feature","geometry":{"type":"Polygon","coordinates":[[[22.04413,42.4993],[22.04462,42.49863],[22.04503,42.49936],[22.04685,42.49947],[22.04716,42.49921],[22.04523,42.49854],[22.04424,42.49706],[22.04331,42.49704],[22.04229,42.49847],[22.0424,42.49929],[22.04291,42.49967],[22.04413,42.4993]]]},"properties":{"firedate":"2026-09-08","area_ha":6.0,"country":"RS"}},{"type":"Feature","geometry":{"type":"Polygon","coordinates":[[[0.49999,42.04669],[0.50093,42.04621],[0.50115,42.04648],[0.50287,42.04628],[0.50307,42.04501],[0.50221,42.04364],[0.5028,42.04309],[0.50181,42.04327],[0.50088,42.04392],[0.50144,42.04407],[0.50041,42.04505],[0.50049,42.04603],[0.49999,42.04669]]]},"properties":{"firedate":"2026-09-08","area_ha":6.0,"country":"ES"}},{"type":"Feature","geometry":{"type":"Polygon","coordinates":[[[8.98185,36.8385],[8.98096,36.8393],[8.98006,36.83929],[8.97995,36.8397],[8.98131,36.8404],[8.9826,36.83922],[8.98472,36.84097],[8.98501,36.8409],[8.98498,36.84045],[8.98357,36.83958],[8.98377,36.83918],[8.98463,36.83941],[8.98483,36.83919],[8.98368,36.83776],[8.98248,36.83763],[8.98193,36.83799],[8.98185,36.8385]]]},"properties":{"firedate":"2026-09-08","area_ha":7.0,"country":"TN"}},{"type":"Feature","geometry":{"type":"Polygon","coordinates":[[[-5.15382,43.16049],[-5.15615,43.16064],[-5.15613,43.16034],[-5.15682,43.16012],[-5.15798,43.16019],[-5.15825,43.16053],[-5.15772,43.16101],[-5.15603,43.16152],[-5.15496,43.16244],[-5.15486,43.1634],[-5.15451,43.1634],[-5.15433,43.16287],[-5.15331,43.16238],[-5.15311,43.16158],[-5.15272,43.16144],[-5.15382,43.16049]]]},"properties":{"firedate":"2026-09-08","area_ha":7.0,"country":"ES"}},{"type":"Feature","geometry":{"type":"Polygon","coordinates":[[[16.15055,38.18376],[16.14736,38.18478],[16.14799,38.18507],[16.14894,38.18465],[16.15001,38.18486],[16.15077,38.18414],[16.15391,38.18379],[16.15517,38.18295],[16.15381,38.1817],[16.15272,38.18202],[16.15245,38.18259],[16.15055,38.18376]]]},"properties":{"firedate":"2026-09-08","area_ha":8.0,"country":"IT"}},{"type":"Feature","geometry":{"type":"Polygon","coordinates":[[[15.84333,45.49178],[15.84013,45.4946],[15.84107,45.49466],[15.84161,45.49422],[15.84251,45.49475],[15.84267,45.49408],[15.84387,45.49446],[15.84623,45.49452],[15.84535,45.49314],[15.84392,45.49281],[15.84333,45.49178]]]},"properties":{"firedate":"2026-09-08","area_ha":8.0,"country":"HR"}},{"type":"Feature","geometry":{"type":"Polygon","coordinates":[[[20.01185,43.18199],[20.01083,43.18208],[20.01118,43.18145],[20.01056,43.18084],[20.00993,43.18109],[20.00981,43.18287],[20.0087,43.18364],[20.00901,43.18517],[20.01001,43.18556],[20.01096,43.1843],[20.01241,43.1849],[20.01107,43.18325],[20.01191,43.18257],[20.01185,43.18199]]]},"properties":{"firedate":"2026-09-08","area_ha":8.0,"country":"RS"}},{"type":"Feature","geometry":{"type":"Polygon","coordinates":[[[20.78328,48.12261],[20.78296,48.12222],[20.78216,48.12209],[20.78021,48.1225],[20.78012,48.12217],[20.781,48.12198],[20.78044,48.12118],[20.77855,48.12188],[20.77711,48.12318],[20.77818,48.12411],[20.78069,48.12438],[20.78128,48.12415],[20.78182,48.12303],[20.78322,48.12348],[20.78328,48.12261]]]},"properties":{"firedate":"2026-09-08","area_ha":9.0,"country":"HU"}},{"type":"Feature","geometry":{"type":"Polygon","coordinates":[[[-2.22195,42.98939],[-2.22268,42.98847],[-2.22246,42.9882],[-2.2215,42.98874],[-2.22184,42.98736],[-2.22399,42.98655],[-2.22402,42.98694],[-2.22434,42.98672],[-2.22513,42.98709],[-2.22563,42.98785],[-2.22824,42.98882],[-2.22648,42.98914],[-2.22522,42.98847],[-2.22499,42.98914],[-2.22225,42.98944],[-2.22195,42.98939]]]},"properties":{"firedate":"2026-09-08","area_ha":9.0,"country":"ES"}},{"type":"Feature","geometry":{"type":"Polygon","coordinates":[[[19.34715,43.15294],[19.3461,43.15277],[19.34516,43.15312],[19.34521,43.15277],[19.34426,43.15277],[19.3444,43.15242],[19.34382,43.15222],[19.34303,43.15294],[19.34211,43.15254],[19.34191,43.15278],[19.34346,43.15341],[19.34365,43.15395],[19.34329,43.15509],[19.34264,43.15575],[19.34342,43.15581],[19.34452,43.15539],[19.34462,43.15502],[19.34588,43.15502],[19.34608,43.1544],[19.34752,43.1545],[19.34798,43.1536],[19.34723,43.15334],[19.34715,43.15294]]]},"properties":{"firedate":"2026-09-08","area_ha":9.0,"country":"ME"}},{"type":"Feature","geometry":{"type":"Polygon","coordinates":[[[30.97195,50.48839],[30.97185,50.48727],[30.97284,50.48694],[30.97472,50.487],[30.97588,50.48598],[30.97581,50.48562],[30.97449,50.48497],[30.97348,50.48522],[30.9724,50.48478],[30.96963,50.48582],[30.96944,50.4865],[30.97043,50.48668],[30.96984,50.48706],[30.96986,50.48748],[30.97087,50.48795],[30.971,50.48847],[30.97195,50.48839]]]},"properties":{"firedate":"2026-09-08","area_ha":10.0,"country":"UA"}},{"type":"Feature","geometry":{"type":"Polygon","coordinates":[[[15.48036,40.45017],[15.47705,40.44933],[15.47442,40.45208],[15.47538,40.4523],[15.47719,40.45134],[15.47915,40.45199],[15.48107,40.45124],[15.48036,40.45017]]]},"properties":{"firedate":"2026-09-08","area_ha":11.0,"country":"IT"}},{"type":"Feature","geometry":{"type":"Polygon","coordinates":[[[13.35826,37.9945],[13.35938,37.9924],[13.35928,37.99162],[13.36093,37.99143],[13.36134,37.99074],[13.36102,37.98905],[13.3603,37.98871],[13.35986,37.98784],[13.35882,37.98876],[13.35885,37.99001],[13.35793,37.99136],[13.3583,37.99249],[13.35748,37.99324],[13.35731,37.99414],[13.35826,37.9945]]]},"properties":{"firedate":"2026-09-08","area_ha":11.0,"country":"IT"}},{"type":"Feature","geometry":{"type":"Polygon","coordinates":[[[13.78984,41.33506],[13.79181,41.33353],[13.79293,41.3335],[13.79298,41.33301],[13.7913,41.33218],[13.78808,41.33246],[13.78726,41.33328],[13.78771,41.33465],[13.78886,41.33515],[13.78898,41.33553],[13.78988,41.33535],[13.78984,41.33506]]]},"properties":{"firedate":"2026-09-08","area_ha":11.0,"country":"IT"}},{"type":"Feature","geometry":{"type":"Polygon","coordinates":[[[21.62583,44.01167],[21.62616,44.01201],[21.62769,44.01186],[21.62645,44.01264],[21.62428,44.01321],[21.62545,44.01423],[21.62499,44.01495],[21.62513,44.01523],[21.62877,44.01398],[21.62907,44.01311],[21.63046,44.01173],[21.63052,44.01126],[21.62766,44.01146],[21.62592,44.01108],[21.62583,44.01167]]]},"properties":{"firedate":"2026-09-08","area_ha":11.0,"country":"RS"}},{"type":"Feature","geometry":{"type":"Polygon","coordinates":[[[16.32994,38.68075],[16.32939,38.68016],[16.32958,38.67982],[16.33065,38.6797],[16.33148,38.67881],[16.32852,38.67889],[16.32652,38.67808],[16.32639,38.67713],[16.32516,38.67665],[16.32471,38.67728],[16.32409,38.67743],[16.32412,38.67792],[16.32575,38.67882],[16.32566,38.67969],[16.32703,38.68008],[16.32717,38.67969],[16.32771,38.67964],[16.32855,38.68047],[16.32847,38.68113],[16.33004,38.68204],[16.33044,38.68163],[16.3297,38.68103],[16.32994,38.68075]]]},"properties":{"firedate":"2026-09-08","area_ha":12.0,"country":"IT"}},{"type":"Feature","geometry":{"type":"Polygon","coordinates":[[[13.82232,37.19212],[13.82064,37.19118],[13.8202,37.1901],[13.8185,37.19002],[13.81863,37.18921],[13.81679,37.18926],[13.8171,37.19018],[13.81837,37.19079],[13.81843,37.19117],[13.81757,37.1913],[13.81732,37.19178],[13.81899,37.19392],[13.82232,37.19212]]]},"properties":{"firedate":"2026-09-08","area_ha":12.0,"country":"IT"}},{"type":"Feature","geometry":{"type":"Polygon","coordinates":[[[13.3864,41.70885],[13.38935,41.70817],[13.38693,41.70724],[13.3846,41.70828],[13.38233,41.70846],[13.38143,41.71128],[13.38233,41.71183],[13.3864,41.70885]]]},"properties":{"firedate":"2026-09-08","area_ha":12.0,"country":"IT"}},{"type":"Feature","geometry":{"type":"Polygon","coordinates":[[[9.52921,37.25725],[9.53016,37.25485],[9.52814,37.25437],[9.5278,37.25585],[9.52666,37.25605],[9.52576,37.25729],[9.52573,37.25925],[9.52635,37.25958],[9.5266,37.25891],[9.52785,37.25838],[9.52921,37.25725]]]},"properties":{"firedate":"2026-09-08","area_ha":12.0,"country":"TN"}},{"type":"Feature","geometry":{"type":"Polygon","coordinates":[[[16.29918,44.88776],[16.29824,44.8893],[16.29891,44.88992],[16.29955,44.88981],[16.29978,44.88844],[16.30222,44.88805],[16.3024,44.88752],[16.30146,44.88701],[16.30214,44.88589],[16.30207,44.88545],[16.29979,44.88556],[16.29878,44.88523],[16.2988,44.88579],[16.29816,44.88571],[16.29422,44.88377],[16.29411,44.8841],[16.29464,44.88479],[16.29451,44.88562],[16.29697,44.88607],[16.2979,44.88687],[16.29887,44.88612],[16.30051,44.88586],[16.2999,44.88659],[16.30052,44.88716],[16.29918,44.88776]]]},"properties":{"firedate":"2026-09-08","area_ha":12.0,"country":"BA"}},{"type":"Feature","geometry":{"type":"Polygon","coordinates":[[[19.42554,43.11546],[19.42683,43.11647],[19.42787,43.11655],[19.42872,43.11599],[19.42834,43.1157],[19.42859,43.11525],[19.42926,43.11524],[19.42938,43.11375],[19.42789,43.1121],[19.42556,43.11226],[19.42519,43.11259],[19.42559,43.11372],[19.42654,43.11422],[19.42649,43.11492],[19.42554,43.11546]]]},"properties":{"firedate":"2026-09-08","area_ha":12.0,"country":"ME"}},{"type":"Feature","geometry":{"type":"Polygon","coordinates":[[[35.70449,47.32612],[35.70708,47.32461],[35.70708,47.32355],[35.70855,47.3214],[35.70759,47.32046],[35.70642,47.3202],[35.70634,47.32057],[35.70548,47.32096],[35.70524,47.32145],[35.70548,47.32197],[35.705,47.32286],[35.70549,47.32371],[35.70411,47.32339],[35.70341,47.32398],[35.7038,47.32585],[35.70449,47.32612]]]},"properties":{"firedate":"2026-09-08","area_ha":13.0,"country":"UA"}},{"type":"Feature","geometry":{"type":"Polygon","coordinates":[[[13.76712,37.83823],[13.76674,37.8392],[13.76828,37.84031],[13.76862,37.84101],[13.77019,37.84123],[13.77172,37.84063],[13.77096,37.83961],[13.77085,37.83829],[13.76808,37.8366],[13.76684,37.83645],[13.76637,37.8368],[13.76636,37.8377],[13.76712,37.83823]]]},"properties":{"firedate":"2026-09-08","area_ha":15.0,"country":"IT"}},{"type":"Feature","geometry":{"type":"Polygon","coordinates":[[[17.55708,43.46035],[17.55589,43.45801],[17.55492,43.45763],[17.55373,43.45769],[17.55232,43.45855],[17.55117,43.46005],[17.5515,43.46146],[17.55404,43.4615],[17.5561,43.46133],[17.55708,43.46035]]]},"properties":{"firedate":"2026-09-08","area_ha":15.0,"country":"BA"}},{"type":"Feature","geometry":{"type":"Polygon","coordinates":[[[22.27969,42.45282],[22.27828,42.45107],[22.27709,42.45088],[22.27767,42.44997],[22.27738,42.44811],[22.27708,42.4477],[22.27642,42.44775],[22.27486,42.45009],[22.27408,42.45071],[22.27409,42.45227],[22.27609,42.45337],[22.27906,42.45321],[22.27969,42.45282]]]},"properties":{"firedate":"2026-09-08","area_ha":16.0,"country":"RS"}},{"type":"Feature","geometry":{"type":"Polygon","coordinates":[[[16.2247,40.88564],[16.22545,40.88404],[16.22742,40.88189],[16.22798,40.88048],[16.22782,40.88014],[16.22381,40.88034],[16.22391,40.88119],[16.22176,40.88693],[16.22233,40.8874],[16.22313,40.88747],[16.2247,40.88564]]]},"properties":{"firedate":"2026-09-08","area_ha":20.0,"country":"IT"}},{"type":"Feature","geometry":{"type":"Polygon","coordinates":[[[21.63267,44.00922],[21.63151,44.0093],[21.63121,44.00971],[21.63162,44.01012],[21.63291,44.01041],[21.63304,44.01176],[21.63453,44.01238],[21.63648,44.0121],[21.63761,44.01055],[21.63738,44.01011],[21.63759,44.0096],[21.63714,44.00907],[21.63857,44.00684],[21.63744,44.00667],[21.63599,44.00706],[21.63319,44.00893],[21.6327,44.00891],[21.63267,44.00922]]]},"properties":{"firedate":"2026-09-08","area_ha":20.0,"country":"RS"}},{"type":"Feature","geometry":{"type":"Polygon","coordinates":[[[13.53737,41.46152],[13.53671,41.45857],[13.53248,41.4592],[13.53174,41.46035],[13.53153,41.46338],[13.53276,41.46392],[13.5338,41.4628],[13.53553,41.4628],[13.53737,41.46152]]]},"properties":{"firedate":"2026-09-08","area_ha":21.0,"country":"IT"}},{"type":"Feature","geometry":{"type":"Polygon","coordinates":[[[16.20474,39.48565],[16.20518,39.48483],[16.20693,39.48382],[16.20706,39.48321],[16.20655,39.48295],[16.20411,39.48414],[16.20365,39.48534],[16.20375,39.48616],[16.20488,39.48695],[16.20652,39.48732],[16.20769,39.48658],[16.20798,39.48574],[16.20983,39.48603],[16.21151,39.48445],[16.21263,39.48412],[16.213,39.48364],[16.21272,39.48333],[16.21125,39.48409],[16.21106,39.48394],[16.21159,39.48335],[16.21122,39.48223],[16.21045,39.48177],[16.20935,39.48171],[16.20783,39.48381],[16.20605,39.48486],[16.20559,39.48567],[16.20474,39.48565]],[[16.20968,39.48359],[16.20848,39.48491],[16.20802,39.48489],[16.20944,39.48336],[16.20968,39.48359]]]},"properties":{"firedate":"2026-09-08","area_ha":23.0,"country":"IT"}},{"type":"Feature","geometry":{"type":"Polygon","coordinates":[[[10.042,52.93638],[10.04139,52.93807],[10.04256,52.93907],[10.0454,52.93901],[10.04751,52.93844],[10.04781,52.93781],[10.04717,52.93617],[10.04771,52.93607],[10.04717,52.93528],[10.04757,52.93486],[10.04745,52.93437],[10.04587,52.93309],[10.04377,52.93345],[10.04268,52.93408],[10.04138,52.93556],[10.042,52.93638]]]},"properties":{"firedate":"2026-09-08","area_ha":23.0,"country":"DE"}},{"type":"Feature","geometry":{"type":"Polygon","coordinates":[[[17.97156,43.66382],[17.97106,43.66228],[17.96685,43.66004],[17.96483,43.66009],[17.96358,43.66124],[17.96787,43.66556],[17.96903,43.66545],[17.96947,43.66448],[17.97117,43.6643],[17.97156,43.66382]]]},"properties":{"firedate":"2026-09-08","area_ha":23.0,"country":"BA"}},{"type":"Feature","geometry":{"type":"Polygon","coordinates":[[[-0.151,38.63313],[-0.15058,38.63289],[-0.15033,38.63361],[-0.15137,38.63486],[-0.15106,38.6351],[-0.15111,38.63567],[-0.15163,38.63576],[-0.15085,38.63636],[-0.14923,38.63648],[-0.14908,38.63609],[-0.14952,38.63592],[-0.14828,38.6355],[-0.14766,38.63463],[-0.14708,38.63433],[-0.14628,38.63449],[-0.14702,38.63402],[-0.1468,38.63383],[-0.14603,38.63423],[-0.14616,38.63475],[-0.14698,38.63512],[-0.14539,38.63548],[-0.14503,38.63519],[-0.14662,38.63326],[-0.14821,38.6335],[-0.14779,38.63295],[-0.14826,38.63256],[-0.14762,38.63232],[-0.14769,38.63129],[-0.14729,38.63069],[-0.14812,38.63058],[-0.14804,38.63018],[-0.14948,38.62892],[-0.15062,38.62931],[-0.15024,38.62974],[-0.1509,38.62995],[-0.15147,38.63089],[-0.15077,38.63084],[-0.15064,38.63134],[-0.15127,38.63209],[-0.15122,38.63322],[-0.1518,38.63369],[-0.15163,38.63445],[-0.15098,38.6338],[-0.151,38.63313]]]},"properties":{"firedate":"2026-09-08","area_ha":24.0,"country":"ES"}},{"type":"Feature","geometry":{"type":"Polygon","coordinates":[[[38.1824,49.66174],[38.1834,49.66131],[38.18513,49.66179],[38.18614,49.66169],[38.18377,49.66066],[38.18116,49.66046],[38.17908,49.65968],[38.17756,49.65964],[38.17425,49.6602],[38.17261,49.66011],[38.172,49.66053],[38.17214,49.6613],[38.1713,49.66153],[38.16942,49.66113],[38.16796,49.66211],[38.16686,49.66343],[38.16744,49.66388],[38.16948,49.66378],[38.17065,49.66347],[38.17126,49.66287],[38.17242,49.66392],[38.17249,49.66284],[38.17372,49.66266],[38.17435,49.66197],[38.17852,49.66146],[38.1824,49.66174]]]},"properties":{"firedate":"2026-09-08","area_ha":25.0,"country":"UA"}},{"type":"Feature","geometry":{"type":"Polygon","coordinates":[[[38.18232,49.67131],[38.1807,49.66994],[38.18248,49.66817],[38.18196,49.66763],[38.18384,49.66644],[38.18437,49.66485],[38.17832,49.66676],[38.17776,49.66732],[38.17767,49.66801],[38.17425,49.6696],[38.17485,49.67096],[38.17776,49.67185],[38.17976,49.67194],[38.18232,49.67131]]]},"properties":{"firedate":"2026-09-08","area_ha":27.0,"country":"UA"}},{"type":"Feature","geometry":{"type":"Polygon","coordinates":[[[15.96929,43.91057],[15.96979,43.91229],[15.96971,43.91344],[15.97077,43.91513],[15.97209,43.91648],[15.97505,43.91748],[15.97528,43.9167],[15.97705,43.91509],[15.97719,43.9143],[15.97517,43.91349],[15.97306,43.91211],[15.9714,43.912],[15.97114,43.9114],[15.97176,43.91001],[15.97127,43.9093],[15.96936,43.90959],[15.96929,43.91057]]]},"properties":{"firedate":"2026-09-08","area_ha":28.0,"country":"HR"}},{"type":"Feature","geometry":{"type":"Polygon","coordinates":[[[14.27075,37.22337],[14.27168,37.22378],[14.27178,37.22468],[14.26825,37.22674],[14.26728,37.22798],[14.26933,37.22814],[14.26991,37.22973],[14.27126,37.23149],[14.27185,37.23164],[14.27268,37.23121],[14.27327,37.23168],[14.27417,37.23162],[14.27421,37.23088],[14.27319,37.23009],[14.27329,37.22909],[14.27239,37.22827],[14.27263,37.22697],[14.27369,37.22485],[14.27361,37.22421],[14.27271,37.22283],[14.2708,37.22301],[14.27075,37.22337]]]},"properties":{"firedate":"2026-09-08","area_ha":28.0,"country":"IT"}},{"type":"Feature","geometry":{"type":"Polygon","coordinates":[[[3.58503,44.37188],[3.58662,44.37211],[3.58773,44.37149],[3.58841,44.37152],[3.58843,44.37185],[3.58947,44.37166],[3.58877,44.37236],[3.58806,44.37181],[3.58754,44.37208],[3.58878,44.37263],[3.58796,44.3733],[3.59081,44.37398],[3.59241,44.37284],[3.59326,44.3727],[3.59396,44.372],[3.59209,44.3696],[3.59094,44.36879],[3.59241,44.36844],[3.59146,44.36781],[3.58928,44.36859],[3.58908,44.36801],[3.58832,44.36787],[3.58665,44.36872],[3.58547,44.36892],[3.58503,44.37188]]]},"properties":{"firedate":"2026-09-08","area_ha":30.0,"country":"FR"}},{"type":"Feature","geometry":{"type":"Polygon","coordinates":[[[13.84572,41.31988],[13.84566,41.32052],[13.84694,41.32127],[13.8493,41.32152],[13.84995,41.3212],[13.85162,41.32196],[13.8517,41.32319],[13.85227,41.32423],[13.85313,41.3243],[13.85417,41.32358],[13.85428,41.32145],[13.85374,41.32007],[13.85193,41.31815],[13.85108,41.31781],[13.85137,41.31758],[13.85076,41.31747],[13.85014,41.31807],[13.84897,41.31762],[13.84708,41.31768],[13.84607,41.31848],[13.8451,41.31875],[13.84512,41.31938],[13.84572,41.31988]]]},"properties":{"firedate":"2026-09-08","area_ha":31.0,"country":"IT"}},{"type":"Feature","geometry":{"type":"Polygon","coordinates":[[[19.33089,43.15933],[19.33327,43.15865],[19.33374,43.15779],[19.33469,43.158],[19.33481,43.15726],[19.3357,43.1568],[19.33688,43.15649],[19.33809,43.15684],[19.33803,43.15631],[19.33737,43.15605],[19.33785,43.1555],[19.33879,43.15532],[19.3368,43.15406],[19.3358,43.15385],[19.33387,43.15461],[19.33188,43.15426],[19.32966,43.1548],[19.32736,43.15732],[19.32805,43.15812],[19.33089,43.15933]]]},"properties":{"firedate":"2026-09-08","area_ha":31.0,"country":"ME"}},{"type":"Feature","geometry":{"type":"Polygon","coordinates":[[[21.80665,45.17318],[21.80801,45.17109],[21.80801,45.17027],[21.80758,45.16988],[21.80788,45.16965],[21.80586,45.1673],[21.80538,45.16619],[21.8039,45.16628],[21.80424,45.16752],[21.80301,45.16758],[21.8017,45.16717],[21.80044,45.16752],[21.80015,45.16832],[21.80079,45.16985],[21.8009,45.17082],[21.80053,45.17132],[21.80077,45.17215],[21.80293,45.17261],[21.80356,45.17215],[21.80462,45.17321],[21.80547,45.17295],[21.80665,45.17318]]]},"properties":{"firedate":"2026-09-08","area_ha":34.0,"country":"RO"}},{"type":"Feature","geometry":{"type":"Polygon","coordinates":[[[37.96452,49.42288],[37.9641,49.42144],[37.96583,49.42088],[37.96629,49.42038],[37.96554,49.42022],[37.96309,49.42083],[37.96254,49.42047],[37.96245,49.41992],[37.96341,49.41921],[37.96431,49.4195],[37.96629,49.41915],[37.96763,49.41932],[37.96901,49.41785],[37.96903,49.4173],[37.96689,49.41829],[37.96356,49.41782],[37.96215,49.41579],[37.96105,49.41297],[37.96052,49.41267],[37.95861,49.41272],[37.95837,49.41289],[37.96069,49.41534],[37.95965,49.41693],[37.95851,49.41742],[37.95954,49.4182],[37.95764,49.41844],[37.95742,49.41957],[37.95863,49.42092],[37.96203,49.42352],[37.96302,49.42393],[37.96452,49.42288]]]},"properties":{"firedate":"2026-09-08","area_ha":38.0,"country":"UA"}},{"type":"Feature","geometry":{"type":"Polygon","coordinates":[[[36.56753,50.16962],[36.56709,50.16924],[36.55967,50.16788],[36.55383,50.16791],[36.55318,50.16813],[36.55184,50.1696],[36.54994,50.17038],[36.54259,50.17155],[36.54187,50.1725],[36.54068,50.17304],[36.54073,50.17364],[36.54032,50.174],[36.5409,50.17447],[36.54158,50.17419],[36.546,50.17413],[36.55012,50.1708],[36.5525,50.16993],[36.55718,50.17023],[36.55943,50.17014],[36.56212,50.16942],[36.56502,50.16945],[36.56571,50.16968],[36.56634,50.17087],[36.5675,50.17033],[36.56753,50.16962]]]},"properties":{"firedate":"2026-09-08","area_ha":38.0,"country":"UA"}},{"type":"Feature","geometry":{"type":"Polygon","coordinates":[[[16.49478,40.77935],[16.49262,40.77842],[16.49162,40.77884],[16.48991,40.78165],[16.48897,40.78227],[16.48884,40.78302],[16.48776,40.78447],[16.48663,40.78513],[16.48508,40.78676],[16.4852,40.78715],[16.48429,40.78775],[16.4828,40.78988],[16.48284,40.79053],[16.48328,40.79056],[16.48455,40.7891],[16.49037,40.78483],[16.49233,40.78534],[16.49407,40.78518],[16.49519,40.78445],[16.4933,40.78315],[16.49302,40.78259],[16.49408,40.78119],[16.49528,40.78059],[16.49543,40.77973],[16.49626,40.77903],[16.49553,40.77875],[16.49478,40.77935]]]},"properties":{"firedate":"2026-09-08","area_ha":39.0,"country":"IT"}},{"type":"Feature","geometry":{"type":"Polygon","coordinates":[[[35.25288,51.012],[35.25273,51.01011],[35.25188,51.00881],[35.2502,51.00755],[35.24767,51.00668],[35.24189,51.0072],[35.2403,51.00756],[35.24065,51.0079],[35.23665,51.0083],[35.23631,51.00863],[35.23854,51.01021],[35.24079,51.0094],[35.24392,51.01087],[35.24458,51.01034],[35.24384,51.00882],[35.24709,51.00941],[35.24684,51.00973],[35.24599,51.00977],[35.24894,51.01144],[35.24854,51.01251],[35.25074,51.01459],[35.25152,51.01415],[35.25171,51.01351],[35.25078,51.01287],[35.25288,51.012]]]},"properties":{"firedate":"2026-09-08","area_ha":41.0,"country":"UA"}},{"type":"Feature","geometry":{"type":"Polygon","coordinates":[[[13.64395,41.30797],[13.64673,41.30838],[13.64761,41.30907],[13.64819,41.30816],[13.65029,41.30868],[13.65111,41.30797],[13.65171,41.30647],[13.65493,41.30773],[13.65638,41.30906],[13.6579,41.30856],[13.654,41.30302],[13.65318,41.30364],[13.65058,41.30352],[13.65056,41.30384],[13.65123,41.30416],[13.65107,41.3045],[13.64806,41.30454],[13.64639,41.30494],[13.64498,41.30422],[13.64409,41.30423],[13.64147,41.30506],[13.64268,41.30561],[13.644,41.30547],[13.64426,41.3065],[13.64365,41.30703],[13.64422,41.30731],[13.64395,41.30797]]]},"properties":{"firedate":"2026-09-08","area_ha":46.0,"country":"IT"}},{"type":"Feature","geometry":{"type":"Polygon","coordinates":[[[15.05436,37.10342],[15.05222,37.1033],[15.05198,37.1038],[15.05115,37.10397],[15.05079,37.1044],[15.05515,37.10497],[15.05632,37.10541],[15.06022,37.10557],[15.06237,37.10464],[15.06387,37.10473],[15.06682,37.10335],[15.06879,37.10326],[15.0689,37.10271],[15.06852,37.10223],[15.06606,37.10155],[15.06413,37.10219],[15.06218,37.10134],[15.05995,37.10159],[15.05888,37.10115],[15.05705,37.10115],[15.05544,37.10207],[15.05436,37.10342]]]},"properties":{"firedate":"2026-09-08","area_ha":46.0,"country":"IT"}},{"type":"Feature","geometry":{"type":"Polygon","coordinates":[[[19.99861,43.1848],[19.99883,43.18512],[19.99782,43.18605],[19.9967,43.18648],[19.99723,43.18854],[19.99695,43.18943],[19.99583,43.18913],[19.99484,43.18831],[19.99343,43.18837],[19.9929,43.18882],[19.99436,43.19065],[19.9965,43.19121],[19.9978,43.19113],[19.99985,43.1924],[20.00036,43.1918],[19.99874,43.19031],[20.00246,43.18984],[20.00328,43.1885],[20.00212,43.18728],[20.00398,43.18606],[20.00312,43.1853],[20.0023,43.1827],[20.00077,43.18254],[19.99811,43.18126],[19.99729,43.18156],[19.99685,43.18215],[19.99688,43.18368],[19.99647,43.18466],[19.99687,43.18503],[19.99861,43.1848]]]},"properties":{"firedate":"2026-09-08","area_ha":52.0,"country":"RS"}},{"type":"Feature","geometry":{"type":"Polygon","coordinates":[[[37.99861,49.34731],[38.00027,49.34627],[37.9995,49.34571],[38.00172,49.34585],[38.00295,49.34651],[38.00391,49.34614],[38.00496,49.3466],[38.00497,49.3462],[38.00388,49.34585],[38.00346,49.34522],[38.00489,49.34556],[38.00562,49.3452],[38.00538,49.34459],[38.00662,49.34347],[38.0067,49.34232],[38.00845,49.34282],[38.00757,49.3411],[38.00621,49.34215],[38.00535,49.34202],[38.006,49.34107],[38.00548,49.33974],[38.00646,49.33843],[38.00586,49.33796],[38.00598,49.33693],[38.00544,49.33692],[38.00411,49.33868],[38.0036,49.34036],[38.00253,49.34151],[37.99828,49.34064],[37.99483,49.34466],[37.99373,49.34537],[37.99423,49.34651],[37.99669,49.34669],[37.99763,49.3473],[37.99861,49.34731]]]},"properties":{"firedate":"2026-09-08","area_ha":52.0,"country":"UA"}},{"type":"Feature","geometry":{"type":"Polygon","coordinates":[[[37.11268,47.38499],[37.11425,47.38993],[37.11582,47.39285],[37.11975,47.39367],[37.12415,47.3934],[37.11511,47.38225],[37.11432,47.38165],[37.1133,47.38312],[37.11268,47.38499]]]},"properties":{"firedate":"2026-09-08","area_ha":54.0,"country":"UA"}},{"type":"Feature","geometry":{"type":"Polygon","coordinates":[[[22.1673,43.88676],[22.16369,43.88688],[22.16221,43.88723],[22.16123,43.88827],[22.16102,43.88922],[22.16306,43.89041],[22.16614,43.89093],[22.16891,43.89083],[22.17031,43.89156],[22.17362,43.89202],[22.17545,43.89024],[22.17763,43.8899],[22.17595,43.88771],[22.17325,43.88675],[22.16986,43.88688],[22.16859,43.88734],[22.1673,43.88676]]]},"properties":{"firedate":"2026-09-08","area_ha":55.0,"country":"RS"}},{"type":"Feature","geometry":{"type":"Polygon","coordinates":[[[14.22678,37.50361],[14.22549,37.50332],[14.22299,37.50123],[14.2212,37.49595],[14.2206,37.4959],[14.22113,37.49706],[14.22093,37.49759],[14.21934,37.49733],[14.21865,37.49564],[14.2171,37.49615],[14.21711,37.49658],[14.21828,37.49652],[14.2176,37.49721],[14.21561,37.49657],[14.21584,37.49743],[14.21702,37.49775],[14.21537,37.49867],[14.21352,37.49816],[14.21304,37.49727],[14.21262,37.49758],[14.21262,37.4982],[14.21374,37.49917],[14.21405,37.50006],[14.21388,37.50068],[14.21453,37.50236],[14.21429,37.50345],[14.21488,37.50476],[14.21771,37.50563],[14.21944,37.50509],[14.21945,37.50464],[14.21853,37.50402],[14.21809,37.50321],[14.21815,37.50113],[14.2199,37.50071],[14.22049,37.50118],[14.22138,37.5012],[14.2211,37.50213],[14.22144,37.50251],[14.22326,37.50203],[14.22347,37.50236],[14.22318,37.5029],[14.22357,37.50371],[14.22497,37.50425],[14.22545,37.50391],[14.2265,37.50409],[14.22746,37.50488],[14.22813,37.50483],[14.22845,37.50521],[14.22847,37.50638],[14.22918,37.50649],[14.22901,37.50483],[14.22678,37.50361]]]},"properties":{"firedate":"2026-09-08","area_ha":58.0,"country":"IT"}},{"type":"Feature","geometry":{"type":"Polygon","coordinates":[[[15.06132,37.10041],[15.06345,37.10106],[15.06613,37.10087],[15.06867,37.10156],[15.07044,37.10126],[15.07251,37.09979],[15.07515,37.09896],[15.07546,37.09842],[15.07445,37.09707],[15.07656,37.09621],[15.07601,37.09489],[15.07812,37.09411],[15.07832,37.09332],[15.07802,37.09243],[15.07689,37.09232],[15.07607,37.09323],[15.07237,37.09429],[15.0697,37.09625],[15.06871,37.09578],[15.06469,37.09811],[15.06397,37.09913],[15.06213,37.09907],[15.06132,37.10041]]]},"properties":{"firedate":"2026-09-08","area_ha":64.0,"country":"IT"}},{"type":"Feature","geometry":{"type":"Polygon","coordinates":[[[37.65863,48.19598],[37.65705,48.19546],[37.65144,48.19542],[37.64969,48.19803],[37.64889,48.19684],[37.64583,48.19914],[37.64546,48.1987],[37.64594,48.19764],[37.64543,48.19717],[37.64504,48.19727],[37.64295,48.19995],[37.64034,48.20015],[37.63906,48.2011],[37.63851,48.20175],[37.63852,48.2026],[37.63796,48.20251],[37.63838,48.20111],[37.63746,48.20102],[37.63674,48.20265],[37.63669,48.20501],[37.63763,48.20546],[37.63913,48.20549],[37.64067,48.20473],[37.64293,48.20431],[37.64532,48.20308],[37.64794,48.20266],[37.64821,48.20254],[37.64811,48.2021],[37.64724,48.20126],[37.64921,48.20133],[37.64924,48.19972],[37.64954,48.19946],[37.65405,48.19864],[37.65566,48.19757],[37.65713,48.19724],[37.65863,48.19598]]]},"properties":{"firedate":"2026-09-08","area_ha":65.0,"country":"UA"}},{"type":"Feature","geometry":{"type":"Polygon","coordinates":[[[20.64064,41.93984],[20.63996,41.93925],[20.63859,41.93906],[20.63829,41.9387],[20.63748,41.93881],[20.63752,41.93831],[20.63649,41.93768],[20.63334,41.93746],[20.63037,41.9338],[20.62939,41.93346],[20.62724,41.93388],[20.62533,41.93328],[20.62435,41.93395],[20.62431,41.93343],[20.62406,41.93349],[20.62161,41.93666],[20.6218,41.9355],[20.62101,41.93501],[20.62138,41.93462],[20.62069,41.93379],[20.61892,41.93492],[20.61889,41.93547],[20.61932,41.93553],[20.61903,41.93597],[20.61855,41.93594],[20.61825,41.93542],[20.6172,41.93587],[20.61747,41.93721],[20.61827,41.9385],[20.62031,41.93999],[20.62128,41.93912],[20.62273,41.93959],[20.62329,41.93953],[20.6226,41.93931],[20.62281,41.93915],[20.62406,41.93931],[20.62418,41.93893],[20.6234,41.93882],[20.62321,41.93848],[20.62401,41.93799],[20.62623,41.93926],[20.62814,41.93929],[20.6294,41.93884],[20.63071,41.939],[20.63092,41.93888],[20.63064,41.93832],[20.62969,41.93768],[20.63012,41.93744],[20.6319,41.93895],[20.63311,41.93839],[20.63572,41.9385],[20.63879,41.93973],[20.64064,41.93984]]]},"properties":{"firedate":"2026-09-08","area_ha":69.0,"country":"KS"}},{"type":"Feature","geometry":{"type":"Polygon","coordinates":[[[21.81137,45.16887],[21.80996,45.1698],[21.80988,45.17041],[21.80922,45.17112],[21.80942,45.17147],[21.8108,45.17167],[21.81174,45.17097],[21.81133,45.17043],[21.81225,45.16899],[21.8145,45.1686],[21.81635,45.16718],[21.81749,45.16756],[21.81863,45.16877],[21.81941,45.1689],[21.81962,45.16852],[21.81818,45.16596],[21.82294,45.16555],[21.82078,45.16437],[21.81958,45.16434],[21.8191,45.16345],[21.81798,45.16354],[21.81555,45.16246],[21.81465,45.16131],[21.80819,45.15737],[21.80731,45.15631],[21.80565,45.15602],[21.80466,45.15621],[21.80404,45.15699],[21.80405,45.15752],[21.806,45.15853],[21.8054,45.15894],[21.80534,45.15958],[21.80612,45.16063],[21.80661,45.16216],[21.8082,45.16411],[21.80822,45.16478],[21.80748,45.16566],[21.80766,45.16606],[21.80818,45.16622],[21.80897,45.16584],[21.80996,45.16468],[21.81112,45.16463],[21.81345,45.16365],[21.81467,45.16374],[21.8157,45.16476],[21.81504,45.16641],[21.81116,45.16763],[21.81095,45.16819],[21.81137,45.16887]]]},"properties":{"firedate":"2026-09-08","area_ha":77.0,"country":"RO"}},{"type":"Feature","geometry":{"type":"Polygon","coordinates":[[[33.89678,46.02135],[33.89073,46.02345],[33.88955,46.02448],[33.89067,46.02868],[33.89326,46.03407],[33.89443,46.03384],[33.89765,46.03163],[33.8978,46.03048],[33.8984,46.03049],[33.89947,46.02971],[33.90121,46.02913],[33.90106,46.02727],[33.89957,46.02568],[33.89996,46.02448],[33.89859,46.02294],[33.89812,46.02118],[33.89678,46.02135]]]},"properties":{"firedate":"2026-09-08","area_ha":81.0,"country":"UA"}},{"type":"Feature","geometry":{"type":"Polygon","coordinates":[[[13.78691,37.83507],[13.78991,37.83285],[13.7904,37.8312],[13.78935,37.83006],[13.78667,37.82932],[13.78497,37.83008],[13.78402,37.83176],[13.78303,37.83217],[13.78128,37.83213],[13.77929,37.83088],[13.77776,37.83094],[13.77425,37.83516],[13.77589,37.8374],[13.7793,37.83794],[13.78025,37.83776],[13.78163,37.83688],[13.78457,37.83765],[13.78691,37.83507]]]},"properties":{"firedate":"2026-09-08","area_ha":81.0,"country":"IT"}},{"type":"Feature","geometry":{"type":"Polygon","coordinates":[[[35.69285,47.31338],[35.6947,47.31312],[35.69575,47.31162],[35.69604,47.30974],[35.69663,47.30854],[35.6997,47.30722],[35.69885,47.3059],[35.69918,47.30424],[35.69796,47.30413],[35.6969,47.30557],[35.69535,47.30559],[35.69339,47.30472],[35.69432,47.3047],[35.69409,47.30437],[35.69263,47.3042],[35.69213,47.30252],[35.69149,47.30216],[35.6881,47.30189],[35.68656,47.30241],[35.68637,47.30294],[35.68807,47.30549],[35.688,47.30601],[35.68722,47.30661],[35.68617,47.31266],[35.69285,47.31338]]]},"properties":{"firedate":"2026-09-08","area_ha":84.0,"country":"UA"}},{"type":"Feature","geometry":{"type":"Polygon","coordinates":[[[37.90975,49.42507],[37.91083,49.42464],[37.91404,49.42034],[37.91581,49.41919],[37.91835,49.41904],[37.92277,49.41949],[37.92349,49.41906],[37.92314,49.41822],[37.92021,49.41641],[37.92196,49.41591],[37.92225,49.41445],[37.92303,49.41383],[37.92818,49.41254],[37.92908,49.41165],[37.92888,49.40941],[37.92951,49.40707],[37.93087,49.40629],[37.93454,49.40538],[37.93533,49.40448],[37.93184,49.40513],[37.92674,49.40691],[37.9262,49.40768],[37.92627,49.4089],[37.9246,49.41008],[37.92297,49.41032],[37.91749,49.41362],[37.91553,49.4134],[37.91598,49.41444],[37.91385,49.41601],[37.91333,49.41696],[37.91117,49.4184],[37.91049,49.4193],[37.90953,49.42238],[37.91013,49.42355],[37.90975,49.42507]]]},"properties":{"firedate":"2026-09-08","area_ha":87.0,"country":"UA"}},{"type":"Feature","geometry":{"type":"MultiPolygon","coordinates":[[[[21.63315,44.00306],[21.63315,44.00306],[21.63324,44.00304],[21.63315,44.00306]]],[[[21.62566,44.01017],[21.62614,44.00967],[21.62782,44.01009],[21.62765,44.00944],[21.62638,44.0091],[21.62605,44.00857],[21.62757,44.00808],[21.62895,44.00815],[21.63018,44.00725],[21.63202,44.00733],[21.63189,44.00667],[21.63226,44.00598],[21.63147,44.00588],[21.63171,44.00521],[21.62999,44.00364],[21.63305,44.00293],[21.63143,44.00318],[21.62969,44.00121],[21.62932,44.00124],[21.62874,44.00151],[21.6278,44.003],[21.62597,44.004],[21.62171,44.00394],[21.61904,44.00439],[21.61801,44.0042],[21.61812,44.00486],[21.61532,44.0067],[21.61499,44.00743],[21.61285,44.00769],[21.61188,44.00883],[21.61258,44.01029],[21.6137,44.01025],[21.61616,44.00929],[21.61702,44.01073],[21.6182,44.01054],[21.61951,44.01149],[21.62027,44.01141],[21.62045,44.01198],[21.62123,44.01227],[21.62295,44.01209],[21.62359,44.01233],[21.62441,44.01111],[21.62455,44.00984],[21.62566,44.01017]],[[21.62239,44.00808],[21.61991,44.00905],[21.61935,44.00898],[21.61898,44.0063],[21.62027,44.0054],[21.62116,44.00574],[21.62039,44.0064],[21.62038,44.00686],[21.62239,44.00808]]]]},"properties":{"firedate":"2026-09-08","area_ha":90.0,"country":"RS"}},{"type":"Feature","geometry":{"type":"Polygon","coordinates":[[[20.73134,48.13812],[20.7288,48.13832],[20.72738,48.13951],[20.72923,48.13993],[20.72965,48.14113],[20.73191,48.14216],[20.73269,48.1416],[20.73229,48.14062],[20.73385,48.13991],[20.7344,48.13877],[20.73543,48.13883],[20.73536,48.13934],[20.73458,48.14012],[20.73499,48.14084],[20.73594,48.13952],[20.73747,48.13831],[20.73736,48.13757],[20.73624,48.13593],[20.74049,48.13324],[20.73938,48.1327],[20.73968,48.13194],[20.74226,48.13118],[20.74359,48.13],[20.74506,48.12948],[20.74591,48.12847],[20.74572,48.12785],[20.74519,48.12767],[20.74485,48.12841],[20.74405,48.12888],[20.74212,48.12915],[20.74152,48.12897],[20.74088,48.12804],[20.73725,48.12871],[20.73558,48.12842],[20.73323,48.12938],[20.73085,48.13143],[20.73038,48.1307],[20.72971,48.13086],[20.72799,48.13252],[20.72976,48.13452],[20.73123,48.13519],[20.73085,48.13637],[20.73162,48.13729],[20.73166,48.13782],[20.73134,48.13812]]]},"properties":{"firedate":"2026-09-08","area_ha":91.0,"country":"HU"}},{"type":"Feature","geometry":{"type":"Polygon","coordinates":[[[31.14934,36.95773],[31.1459,36.9598],[31.14585,36.962],[31.14455,36.96434],[31.14524,36.96587],[31.14526,36.9671],[31.14414,36.96852],[31.14239,36.96932],[31.14249,36.97026],[31.14295,36.97083],[31.1458,36.97125],[31.14697,36.97018],[31.14995,36.96985],[31.15116,36.96871],[31.15139,36.96829],[31.15013,36.96701],[31.14969,36.96515],[31.15047,36.9644],[31.15236,36.96416],[31.15231,36.96295],[31.15358,36.96156],[31.15497,36.95816],[31.15534,36.9565],[31.15429,36.95413],[31.15495,36.95178],[31.1547,36.95094],[31.15381,36.95138],[31.15331,36.95269],[31.15219,36.95249],[31.15161,36.95301],[31.1515,36.95368],[31.15267,36.95496],[31.15252,36.95537],[31.15003,36.9562],[31.14934,36.95773]]]},"properties":{"firedate":"2026-09-08","area_ha":108.0,"country":"TR"}},{"type":"Feature","geometry":{"type":"Polygon","coordinates":[[[31.65742,37.7621],[31.65675,37.76404],[31.65559,37.76538],[31.65518,37.7691],[31.65739,37.76927],[31.65774,37.76952],[31.65776,37.77015],[31.6561,37.77052],[31.65543,37.77003],[31.65553,37.77169],[31.65606,37.77212],[31.65782,37.77213],[31.65842,37.77329],[31.65904,37.77365],[31.66004,37.77361],[31.66036,37.77298],[31.66156,37.77359],[31.66608,37.76935],[31.66721,37.76865],[31.66706,37.76699],[31.66734,37.76649],[31.6665,37.76589],[31.66719,37.76554],[31.66738,37.76502],[31.66633,37.76453],[31.6657,37.76259],[31.66345,37.76067],[31.66057,37.76073],[31.66029,37.76028],[31.66041,37.75925],[31.65993,37.75891],[31.65821,37.75917],[31.65775,37.75955],[31.65716,37.76133],[31.65742,37.7621]]]},"properties":{"firedate":"2026-09-08","area_ha":117.0,"country":"TR"}},{"type":"Feature","geometry":{"type":"Polygon","coordinates":[[[33.0253,52.2568],[33.02813,52.25575],[33.02748,52.25377],[33.03024,52.25358],[33.03191,52.24991],[33.03278,52.24964],[33.03486,52.25066],[33.03622,52.25058],[33.03761,52.24959],[33.03761,52.24785],[33.03372,52.24645],[33.03072,52.24872],[33.02995,52.24831],[33.02948,52.24674],[33.02784,52.24556],[33.02623,52.24328],[33.01901,52.24221],[33.01861,52.24235],[33.01859,52.24383],[33.01922,52.2447],[33.02127,52.24593],[33.02086,52.2471],[33.02112,52.24825],[33.02574,52.24782],[33.02654,52.24874],[33.02564,52.24939],[33.02105,52.2506],[33.0201,52.2513],[33.01949,52.25246],[33.02083,52.25389],[33.01467,52.25409],[33.01393,52.25439],[33.01373,52.25561],[33.0134,52.25576],[33.01138,52.25511],[33.00736,52.25505],[33.0051,52.25562],[33.00539,52.25642],[33.00943,52.25819],[33.01011,52.25947],[33.01146,52.25889],[33.0145,52.25857],[33.01608,52.25752],[33.01982,52.25624],[33.0214,52.25611],[33.0253,52.2568]]]},"properties":{"firedate":"2026-09-08","area_ha":135.0,"country":"UA"}},{"type":"Feature","geometry":{"type":"Polygon","coordinates":[[[37.69209,47.68854],[37.69325,47.68765],[37.69414,47.68585],[37.70312,47.68127],[37.70369,47.68118],[37.70615,47.68336],[37.7078,47.68199],[37.70987,47.6809],[37.71182,47.68052],[37.71274,47.67999],[37.71373,47.67877],[37.71777,47.67593],[37.71477,47.67458],[37.71416,47.67364],[37.71453,47.67318],[37.71662,47.67179],[37.71911,47.67151],[37.72285,47.66954],[37.72333,47.66885],[37.72301,47.66819],[37.72567,47.66716],[37.72564,47.66629],[37.72679,47.66503],[37.7319,47.6633],[37.73211,47.66309],[37.73181,47.66256],[37.73089,47.66169],[37.73201,47.661],[37.72963,47.66112],[37.72543,47.66442],[37.72115,47.66614],[37.72062,47.66676],[37.7218,47.6679],[37.72137,47.66827],[37.71888,47.66864],[37.716,47.67046],[37.71111,47.67518],[37.70662,47.67625],[37.7047,47.67828],[37.70017,47.68107],[37.69966,47.68197],[37.696,47.68277],[37.68802,47.68358],[37.68572,47.68414],[37.68511,47.68462],[37.68564,47.68545],[37.68736,47.6863],[37.69035,47.68675],[37.68968,47.68728],[37.68793,47.68718],[37.68702,47.68752],[37.68567,47.68838],[37.68485,47.68953],[37.68791,47.68978],[37.69209,47.68854]]]},"properties":{"firedate":"2026-09-08","area_ha":143.0,"country":"UA"}},{"type":"Feature","geometry":{"type":"Polygon","coordinates":[[[20.41863,40.62984],[20.41765,40.63181],[20.41786,40.6321],[20.4197,40.63251],[20.42596,40.63215],[20.42701,40.6316],[20.42944,40.6311],[20.42955,40.63061],[20.43096,40.6302],[20.43107,40.6296],[20.43258,40.62884],[20.43276,40.62844],[20.43315,40.62872],[20.43401,40.62828],[20.43442,40.6283],[20.43439,40.62857],[20.43547,40.62818],[20.43565,40.62777],[20.43525,40.62761],[20.43571,40.62737],[20.43621,40.62514],[20.43573,40.62345],[20.43494,40.6228],[20.43242,40.6218],[20.43229,40.62101],[20.43281,40.62033],[20.43171,40.6198],[20.43242,40.61882],[20.43201,40.61875],[20.43238,40.61848],[20.43221,40.618],[20.43268,40.61733],[20.43277,40.6164],[20.43397,40.61638],[20.43528,40.61588],[20.43421,40.61481],[20.43589,40.61328],[20.43551,40.61256],[20.43406,40.61212],[20.43254,40.61216],[20.43104,40.61242],[20.43035,40.6132],[20.42991,40.61292],[20.42957,40.61326],[20.42918,40.61453],[20.42938,40.6172],[20.42891,40.61802],[20.42917,40.61842],[20.4286,40.61894],[20.42914,40.62002],[20.42848,40.62036],[20.42796,40.62243],[20.42854,40.62356],[20.42949,40.62329],[20.42942,40.62361],[20.42693,40.62523],[20.42637,40.62626],[20.42561,40.62612],[20.42716,40.62464],[20.4271,40.62398],[20.42646,40.62388],[20.42583,40.62522],[20.42504,40.62496],[20.42435,40.62384],[20.42312,40.62472],[20.42422,40.62536],[20.42448,40.62624],[20.42369,40.62645],[20.4228,40.62614],[20.42014,40.62683],[20.42082,40.62644],[20.42082,40.62574],[20.42033,40.62564],[20.41981,40.62608],[20.41943,40.62559],[20.41864,40.62642],[20.41795,40.62624],[20.41644,40.62703],[20.41633,40.62766],[20.41692,40.62817],[20.41896,40.62758],[20.41948,40.62817],[20.42037,40.62831],[20.4222,40.62809],[20.4208,40.6288],[20.42101,40.62909],[20.42221,40.62887],[20.42222,40.62918],[20.42102,40.62941],[20.42107,40.62971],[20.41863,40.62984]]]},"properties":{"firedate":"2026-09-08","area_ha":152.0,"country":"AL"}},{"type":"Feature","geometry":{"type":"Polygon","coordinates":[[[33.12203,36.1573],[33.12259,36.15794],[33.12238,36.15892],[33.12286,36.1595],[33.12859,36.16133],[33.12957,36.16089],[33.12983,36.15804],[33.13374,36.15916],[33.13696,36.15958],[33.13866,36.15919],[33.13917,36.15834],[33.13837,36.15523],[33.13871,36.15327],[33.13808,36.15181],[33.13547,36.1498],[33.13187,36.14894],[33.12975,36.14771],[33.12937,36.14906],[33.12833,36.15004],[33.12786,36.15189],[33.12622,36.15298],[33.12367,36.15364],[33.12247,36.1534],[33.12105,36.15368],[33.11906,36.15268],[33.11723,36.1533],[33.11755,36.1544],[33.11925,36.15599],[33.11985,36.15703],[33.12061,36.15735],[33.12203,36.1573]]]},"properties":{"firedate":"2026-09-08","area_ha":159.0,"country":"TR"}},{"type":"Feature","geometry":{"type":"Polygon","coordinates":[[[38.85396,48.34856],[38.85506,48.35042],[38.85603,48.35043],[38.85657,48.35204],[38.85702,48.35237],[38.85974,48.3525],[38.8708,48.34978],[38.8726,48.34972],[38.87577,48.34731],[38.87717,48.34666],[38.87713,48.34631],[38.87489,48.3451],[38.8716,48.34496],[38.87125,48.34371],[38.86988,48.34358],[38.86717,48.34146],[38.86615,48.34264],[38.86557,48.34429],[38.86478,48.34485],[38.86565,48.34184],[38.8663,48.34089],[38.86509,48.33973],[38.86282,48.33865],[38.86024,48.33837],[38.8597,48.33903],[38.85883,48.34299],[38.85792,48.34321],[38.85705,48.34512],[38.85513,48.34673],[38.85373,48.34664],[38.85153,48.34557],[38.85015,48.34554],[38.8491,48.3461],[38.84944,48.34693],[38.84711,48.34723],[38.84514,48.34691],[38.84315,48.34743],[38.84297,48.34786],[38.84297,48.34832],[38.84363,48.34843],[38.85396,48.34856]]]},"properties":{"firedate":"2026-09-08","area_ha":163.0,"country":"UA"}},{"type":"Feature","geometry":{"type":"Polygon","coordinates":[[[33.91991,46.04991],[33.9175,46.05306],[33.91546,46.05661],[33.91471,46.05709],[33.9158,46.05778],[33.91802,46.05842],[33.91853,46.05891],[33.91881,46.05994],[33.91707,46.06169],[33.91693,46.06266],[33.93706,46.06954],[33.93894,46.06917],[33.94002,46.06932],[33.94051,46.06866],[33.94054,46.06637],[33.9293,46.0625],[33.9295,46.06104],[33.93362,46.05532],[33.9339,46.05386],[33.92194,46.04974],[33.91991,46.04991]]]},"properties":{"firedate":"2026-09-08","area_ha":209.0,"country":"UA"}},{"type":"Feature","geometry":{"type":"Polygon","coordinates":[[[35.50602,37.4735],[35.50629,37.47445],[35.50683,37.47438],[35.50744,37.47224],[35.50934,37.46992],[35.50935,37.46737],[35.50888,37.46708],[35.50731,37.46748],[35.50676,37.46721],[35.50607,37.4663],[35.50674,37.46534],[35.50599,37.46407],[35.50525,37.46368],[35.50177,37.46373],[35.50148,37.46419],[35.50191,37.46539],[35.50145,37.46573],[35.50057,37.4657],[35.49959,37.46502],[35.49897,37.46521],[35.49891,37.46625],[35.50068,37.46735],[35.50038,37.4687],[35.49901,37.4679],[35.4973,37.46902],[35.49715,37.46854],[35.49804,37.46779],[35.49803,37.4673],[35.49754,37.4671],[35.49655,37.46766],[35.49554,37.46661],[35.49313,37.46695],[35.49121,37.46787],[35.48545,37.4683],[35.48447,37.46898],[35.48401,37.47009],[35.48417,37.47066],[35.48583,37.47146],[35.48875,37.47137],[35.48932,37.47261],[35.49031,37.47341],[35.49047,37.47435],[35.49143,37.47588],[35.49321,37.4771],[35.49438,37.47731],[35.49495,37.47846],[35.49692,37.47867],[35.49686,37.47984],[35.49621,37.4805],[35.49586,37.482],[35.49637,37.48247],[35.4973,37.48243],[35.49646,37.48315],[35.4966,37.48397],[35.49616,37.48455],[35.49622,37.4859],[35.49674,37.48612],[35.49872,37.48605],[35.50002,37.4843],[35.50296,37.48215],[35.50338,37.48063],[35.50491,37.47965],[35.50488,37.47804],[35.50405,37.47708],[35.50447,37.47644],[35.50543,37.47608],[35.50472,37.4751],[35.50526,37.47414],[35.5048,37.4735],[35.50203,37.47257],[35.50193,37.47205],[35.50265,37.47163],[35.50401,37.47195],[35.50464,37.47272],[35.50602,37.4735]]]},"properties":{"firedate":"2026-09-08","area_ha":251.0,"country":"TR"}},{"type":"Feature","geometry":{"type":"Polygon","coordinates":[[[21.69362,45.11529],[21.69319,45.1173],[21.69414,45.11921],[21.69505,45.11956],[21.69503,45.12012],[21.69149,45.1209],[21.69086,45.12208],[21.69236,45.12399],[21.69266,45.12519],[21.69514,45.12575],[21.69494,45.12647],[21.69266,45.12605],[21.69212,45.12734],[21.69146,45.12777],[21.6911,45.12762],[21.69072,45.12731],[21.69056,45.12593],[21.69178,45.12439],[21.69034,45.12277],[21.69023,45.12128],[21.68952,45.12096],[21.68733,45.12111],[21.68604,45.11938],[21.68499,45.11876],[21.68416,45.11898],[21.68393,45.11941],[21.68524,45.12046],[21.68488,45.12096],[21.68382,45.12061],[21.68337,45.12104],[21.6815,45.12088],[21.6788,45.12133],[21.67778,45.12168],[21.67748,45.12221],[21.6762,45.12257],[21.67487,45.12193],[21.6727,45.12199],[21.67194,45.12316],[21.67557,45.12296],[21.67611,45.1233],[21.67598,45.12473],[21.67364,45.12469],[21.67338,45.12495],[21.67398,45.12578],[21.67358,45.12622],[21.66863,45.12721],[21.66963,45.1279],[21.67324,45.12758],[21.67615,45.12646],[21.67968,45.12448],[21.68034,45.12394],[21.68094,45.12271],[21.68276,45.12256],[21.68437,45.1233],[21.68601,45.12339],[21.68895,45.12615],[21.68903,45.12658],[21.68804,45.12697],[21.68763,45.12908],[21.68928,45.12883],[21.6903,45.12909],[21.69112,45.12869],[21.69182,45.12896],[21.69178,45.12935],[21.69063,45.12981],[21.69059,45.13111],[21.68904,45.13212],[21.68679,45.13219],[21.68619,45.1311],[21.68527,45.131],[21.68543,45.13255],[21.68688,45.13324],[21.69009,45.13432],[21.6933,45.13394],[21.69385,45.1334],[21.69214,45.13228],[21.69192,45.13082],[21.69491,45.12897],[21.69749,45.12869],[21.6994,45.12808],[21.70115,45.12876],[21.70511,45.12833],[21.70546,45.12846],[21.70479,45.12948],[21.7059,45.13024],[21.70501,45.13087],[21.70323,45.13107],[21.70288,45.13208],[21.7033,45.13241],[21.70443,45.13246],[21.70499,45.13364],[21.70614,45.13234],[21.70767,45.13129],[21.70816,45.13146],[21.7084,45.13234],[21.71008,45.13258],[21.70994,45.13331],[21.70746,45.13481],[21.7082,45.13496],[21.70943,45.13455],[21.70991,45.13479],[21.70965,45.13524],[21.7065,45.13637],[21.70629,45.13681],[21.70687,45.13773],[21.70677,45.13892],[21.70779,45.14011],[21.70831,45.1403],[21.70959,45.13998],[21.71009,45.14024],[21.7096,45.14107],[21.70971,45.14151],[21.71125,45.14126],[21.71223,45.14031],[21.71483,45.14042],[21.71279,45.13607],[21.71315,45.13506],[21.71418,45.13401],[21.71529,45.13377],[21.7161,45.13401],[21.71645,45.13521],[21.71773,45.13608],[21.71754,45.13729],[21.71796,45.1378],[21.719,45.1378],[21.7201,45.1368],[21.72048,45.13603],[21.72031,45.13542],[21.71695,45.13261],[21.71651,45.13181],[21.7139,45.13052],[21.71218,45.13017],[21.71084,45.12896],[21.71043,45.12705],[21.70979,45.12667],[21.70913,45.12648],[21.70816,45.12708],[21.70773,45.12691],[21.70774,45.12576],[21.70872,45.12535],[21.70902,45.12386],[21.70812,45.12334],[21.70749,45.12239],[21.7067,45.12337],[21.70614,45.12331],[21.70594,45.12305],[21.70636,45.12199],[21.70595,45.12163],[21.70351,45.12144],[21.70401,45.12024],[21.70381,45.12001],[21.70123,45.11969],[21.7,45.12035],[21.69958,45.12024],[21.69977,45.11941],[21.70215,45.117],[21.69958,45.1169],[21.69953,45.11638],[21.70039,45.11534],[21.6989,45.1145],[21.69712,45.11441],[21.6953,45.11483],[21.69484,45.1146],[21.69575,45.11323],[21.69493,45.11048],[21.6928,45.11153],[21.69287,45.11468],[21.69362,45.11529]]]},"properties":{"firedate":"2026-09-08","area_ha":325.0,"country":"RO"}},{"type":"Feature","geometry":{"type":"Polygon","coordinates":[[[20.22811,39.77853],[20.23132,39.7785],[20.23261,39.77806],[20.23693,39.77875],[20.23932,39.77853],[20.24021,39.77837],[20.24081,39.77724],[20.24215,39.77696],[20.24483,39.77776],[20.24597,39.77706],[20.24592,39.77648],[20.24496,39.7756],[20.24487,39.77506],[20.24486,39.7739],[20.24544,39.77201],[20.244,39.77171],[20.24086,39.7739],[20.23857,39.77258],[20.23772,39.77084],[20.23628,39.77037],[20.23344,39.77165],[20.22852,39.77225],[20.22785,39.77259],[20.22727,39.77442],[20.22696,39.77453],[20.22475,39.77339],[20.22003,39.77403],[20.21354,39.77383],[20.2107,39.77268],[20.20981,39.77165],[20.2086,39.77121],[20.20888,39.7709],[20.20869,39.77062],[20.207,39.77111],[20.20555,39.77066],[20.20479,39.77109],[20.2039,39.77305],[20.20385,39.7736],[20.20435,39.77432],[20.20249,39.77523],[20.2014,39.77733],[20.20028,39.77866],[20.2015,39.78029],[20.20177,39.78204],[20.20296,39.7838],[20.20359,39.78418],[20.2082,39.7852],[20.21124,39.7845],[20.21787,39.78536],[20.21865,39.78519],[20.22006,39.7836],[20.22191,39.78231],[20.2276,39.77958],[20.22811,39.77853]]]},"properties":{"firedate":"2026-09-08","area_ha":365.0,"country":"AL"}},{"type":"Feature","geometry":{"type":"Polygon","coordinates":[[[30.30341,36.42614],[30.30317,36.42663],[30.3037,36.4272],[30.30327,36.42771],[30.3043,36.42872],[30.30531,36.42884],[30.30504,36.42937],[30.306,36.43078],[30.30597,36.4314],[30.30513,36.43188],[30.30629,36.43213],[30.30717,36.43288],[30.30673,36.43342],[30.30671,36.4344],[30.30744,36.43509],[30.30777,36.43633],[30.30906,36.43688],[30.31013,36.4384],[30.31416,36.44015],[30.31633,36.43936],[30.31765,36.43832],[30.31716,36.43695],[30.319,36.4357],[30.31935,36.43501],[30.31847,36.43395],[30.32012,36.43346],[30.32081,36.43233],[30.32018,36.43072],[30.32262,36.42886],[30.32221,36.42855],[30.3208,36.42878],[30.32095,36.42812],[30.32056,36.42708],[30.3192,36.42577],[30.32015,36.42423],[30.32069,36.4242],[30.32108,36.42368],[30.31991,36.4209],[30.32039,36.4176],[30.31826,36.41718],[30.31609,36.41548],[30.31446,36.41645],[30.31349,36.41591],[30.31253,36.41419],[30.31095,36.41416],[30.31067,36.41367],[30.31081,36.41263],[30.31036,36.41199],[30.31164,36.41116],[30.31133,36.41067],[30.31035,36.41102],[30.31023,36.4102],[30.30864,36.40862],[30.30758,36.40893],[30.30665,36.41109],[30.3041,36.412],[30.30335,36.41182],[30.3026,36.40982],[30.30154,36.40845],[30.30182,36.40784],[30.30341,36.40678],[30.30292,36.40622],[30.30145,36.40702],[30.30083,36.40846],[30.3012,36.40959],[30.30226,36.41095],[30.3021,36.41174],[30.30257,36.41254],[30.30221,36.4141],[30.30292,36.41613],[30.30259,36.41712],[30.30359,36.41737],[30.30324,36.41829],[30.3024,36.4186],[30.30229,36.41928],[30.30068,36.41985],[30.30062,36.42042],[30.30067,36.42082],[30.30247,36.42146],[30.30349,36.4227],[30.30395,36.42492],[30.3048,36.42571],[30.30407,36.42571],[30.30425,36.42617],[30.30341,36.42614]]]},"properties":{"firedate":"2026-09-08","area_ha":397.0,"country":"TR"}},{"type":"Feature","geometry":{"type":"Polygon","coordinates":[[[35.51719,37.44275],[35.51832,37.44942],[35.5203,37.4487],[35.52158,37.44999],[35.52413,37.44769],[35.52601,37.44778],[35.52622,37.45623],[35.5203,37.4582],[35.51995,37.46108],[35.52121,37.46263],[35.51529,37.46346],[35.51589,37.46566],[35.51677,37.46681],[35.52005,37.4666],[35.52054,37.46802],[35.52312,37.46491],[35.52471,37.46475],[35.52443,37.46881],[35.52704,37.46977],[35.52889,37.46811],[35.52982,37.47322],[35.5274,37.47537],[35.52616,37.47353],[35.52358,37.47323],[35.52204,37.47467],[35.51885,37.47257],[35.51691,37.47463],[35.51582,37.47161],[35.51339,37.47193],[35.51251,37.47398],[35.50931,37.47596],[35.50924,37.47893],[35.50731,37.47868],[35.50548,37.48079],[35.50457,37.48462],[35.49789,37.49136],[35.49797,37.49236],[35.50108,37.49259],[35.50078,37.49378],[35.50524,37.49497],[35.50662,37.49784],[35.51537,37.49912],[35.51841,37.50083],[35.52033,37.50397],[35.52259,37.50427],[35.52266,37.5071],[35.52465,37.50778],[35.52502,37.51597],[35.53201,37.5197],[35.5359,37.51929],[35.53674,37.51606],[35.5394,37.51339],[35.53925,37.51094],[35.54346,37.50954],[35.54784,37.50605],[35.54944,37.50606],[35.55011,37.50383],[35.55363,37.50354],[35.558,37.50781],[35.56244,37.507],[35.56451,37.50397],[35.56018,37.50276],[35.55968,37.49938],[35.56322,37.49755],[35.56571,37.49791],[35.56681,37.49633],[35.55936,37.48938],[35.55239,37.48649],[35.54963,37.48375],[35.54617,37.48229],[35.54801,37.47958],[35.55114,37.47863],[35.55078,37.47633],[35.54933,37.47573],[35.5427,37.47739],[35.54042,37.47658],[35.54114,37.47446],[35.5441,37.4737],[35.54473,37.47227],[35.55108,37.47118],[35.55519,37.467],[35.55422,37.4647],[35.54885,37.46313],[35.5457,37.46056],[35.54764,37.4562],[35.55172,37.45524],[35.55114,37.44859],[35.55653,37.44771],[35.55562,37.44544],[35.55311,37.44532],[35.55317,37.44095],[35.55054,37.43938],[35.54946,37.43713],[35.55118,37.43631],[35.55042,37.43388],[35.55188,37.43082],[35.55147,37.42732],[35.55364,37.42421],[35.55651,37.42462],[35.55888,37.41693],[35.55767,37.41659],[35.55582,37.41911],[35.55079,37.42142],[35.54524,37.42063],[35.54475,37.41998],[35.54944,37.41983],[35.54913,37.41703],[35.54742,37.41643],[35.54647,37.41785],[35.54464,37.41789],[35.54241,37.41453],[35.54227,37.41125],[35.53898,37.40994],[35.54132,37.40602],[35.54152,37.40177],[35.54158,37.40552],[35.54516,37.40664],[35.54435,37.40516],[35.54674,37.4018],[35.54624,37.39959],[35.54485,37.39897],[35.54832,37.39645],[35.54559,37.39668],[35.54356,37.39556],[35.54112,37.39293],[35.5427,37.39102],[35.54218,37.38949],[35.53973,37.39024],[35.53876,37.3894],[35.53855,37.38472],[35.54152,37.38263],[35.54017,37.38186],[35.53923,37.37753],[35.5441,37.37351],[35.54533,37.3707],[35.54425,37.3691],[35.54103,37.36953],[35.54073,37.37323],[35.53705,37.37514],[35.5303,37.37192],[35.52765,37.37277],[35.52458,37.37223],[35.52264,37.37715],[35.52143,37.37682],[35.52169,37.3787],[35.51478,37.37805],[35.51427,37.37677],[35.51183,37.37875],[35.50945,37.37805],[35.50487,37.38115],[35.50255,37.38088],[35.50405,37.37909],[35.50242,37.3785],[35.49786,37.38046],[35.49767,37.3835],[35.49468,37.38759],[35.49443,37.39353],[35.49682,37.39478],[35.49462,37.39868],[35.49591,37.40983],[35.49325,37.41453],[35.48988,37.41735],[35.49306,37.41816],[35.49347,37.42121],[35.49651,37.42257],[35.49534,37.42684],[35.49731,37.42868],[35.49537,37.42933],[35.49429,37.43768],[35.49759,37.43672],[35.49976,37.43451],[35.50301,37.4347],[35.50549,37.43331],[35.50564,37.43539],[35.50119,37.43636],[35.49951,37.43892],[35.50986,37.44626],[35.50797,37.4474],[35.50687,37.45128],[35.50745,37.45259],[35.50919,37.45289],[35.50947,37.45532],[35.51413,37.4551],[35.51335,37.45291],[35.51488,37.45104],[35.51422,37.4484],[35.51632,37.44822],[35.51525,37.44518],[35.51308,37.44366],[35.51301,37.44114],[35.51436,37.44082],[35.51492,37.44227],[35.51719,37.44275]],[[35.5056,37.42209],[35.50442,37.42454],[35.50277,37.42257],[35.49918,37.42348],[35.49803,37.42116],[35.50467,37.41911],[35.5056,37.42209]],[[35.51049,37.39875],[35.5053,37.39362],[35.50696,37.38868],[35.50986,37.3912],[35.51317,37.39205],[35.51893,37.4028],[35.51254,37.40511],[35.50836,37.40277],[35.50576,37.40276],[35.51049,37.39875]]]},"properties":{"firedate":"2026-09-08","area_ha":5796.0,"country":"TR"}},{"type":"Feature","geometry":{"type":"Polygon","coordinates":[[[20.02637,41.35022],[20.02631,41.34971],[20.02564,41.34984],[20.02578,41.3503],[20.02637,41.35022]]]},"properties":{"firedate":"2026-09-09","area_ha":0.0,"country":"AL"}},{"type":"Feature","geometry":{"type":"Polygon","coordinates":[[[16.05086,38.16111],[16.05093,38.16069],[16.05142,38.1607],[16.05127,38.16027],[16.05015,38.16028],[16.05018,38.1612],[16.05086,38.16111]]]},"properties":{"firedate":"2026-09-09","area_ha":1.0,"country":"IT"}},{"type":"Feature","geometry":{"type":"Polygon","coordinates":[[[16.09739,40.66931],[16.09742,40.66887],[16.09706,40.66868],[16.0963,40.66874],[16.09595,40.66933],[16.09643,40.66946],[16.09625,40.66983],[16.09652,40.66992],[16.09739,40.66931]]]},"properties":{"firedate":"2026-09-09","area_ha":1.0,"country":"IT"}},{"type":"Feature","geometry":{"type":"Polygon","coordinates":[[[9.03764,42.04084],[9.03858,42.0408],[9.03743,42.04034],[9.03639,42.04117],[9.0376,42.04125],[9.03764,42.04084]]]},"properties":{"firedate":"2026-09-09","area_ha":1.0,"country":"FR"}},{"type":"Feature","geometry":{"type":"Polygon","coordinates":[[[-8.80326,38.63851],[-8.80349,38.63723],[-8.80306,38.6369],[-8.80346,38.63673],[-8.80304,38.63635],[-8.80322,38.63585],[-8.80371,38.63643],[-8.80346,38.63653],[-8.80395,38.63737],[-8.80396,38.63821],[-8.80326,38.63851]]]},"properties":{"firedate":"2026-09-09","area_ha":1.0,"country":"PT"}},{"type":"Feature","geometry":{"type":"Polygon","coordinates":[[[9.47335,36.97191],[9.47344,36.97114],[9.47308,36.97031],[9.47229,36.97191],[9.4727,36.97215],[9.47335,36.97191]]]},"properties":{"firedate":"2026-09-09","area_ha":1.0,"country":"TN"}},{"type":"Feature","geometry":{"type":"Polygon","coordinates":[[[9.46302,36.96232],[9.46295,36.96187],[9.46194,36.96206],[9.46058,36.96372],[9.46188,36.9636],[9.46302,36.96232]]]},"properties":{"firedate":"2026-09-09","area_ha":2.0,"country":"TN"}},{"type":"Feature","geometry":{"type":"Polygon","coordinates":[[[14.27219,37.22142],[14.27145,37.22101],[14.2705,37.22146],[14.27101,37.22224],[14.2715,37.2224],[14.27219,37.22142]]]},"properties":{"firedate":"2026-09-09","area_ha":2.0,"country":"IT"}},{"type":"Feature","geometry":{"type":"Polygon","coordinates":[[[20.01137,43.15988],[20.0113,43.15936],[20.01052,43.15884],[20.0101,43.159],[20.00975,43.16007],[20.01071,43.16053],[20.01137,43.15988]]]},"properties":{"firedate":"2026-09-09","area_ha":2.0,"country":"RS"}},{"type":"Feature","geometry":{"type":"Polygon","coordinates":[[[19.41805,43.14866],[19.4172,43.14703],[19.4162,43.14708],[19.41729,43.14869],[19.41805,43.14866]]]},"properties":{"firedate":"2026-09-09","area_ha":2.0,"country":"ME"}},{"type":"Feature","geometry":{"type":"Polygon","coordinates":[[[16.08763,38.00079],[16.08765,38.00021],[16.08908,37.99929],[16.08861,37.99856],[16.08797,37.9987],[16.08771,37.99966],[16.08625,38.00148],[16.08678,38.00152],[16.08763,38.00079]]]},"properties":{"firedate":"2026-09-09","area_ha":2.0,"country":"IT"}},{"type":"Feature","geometry":{"type":"Polygon","coordinates":[[[9.60041,37.25716],[9.60033,37.25665],[9.59992,37.25668],[9.59826,37.25734],[9.59817,37.25797],[9.59868,37.25817],[9.59967,37.25783],[9.60041,37.25716]]]},"properties":{"firedate":"2026-09-09","area_ha":2.0,"country":"TN"}},{"type":"Feature","geometry":{"type":"Polygon","coordinates":[[[-6.19623,36.54034],[-6.19586,36.53884],[-6.19762,36.53923],[-6.19769,36.53971],[-6.19623,36.54034]]]},"properties":{"firedate":"2026-09-09","area_ha":2.0,"country":"ES"}},{"type":"Feature","geometry":{"type":"Polygon","coordinates":[[[9.47581,36.97027],[9.47682,36.96939],[9.47651,36.9693],[9.47381,36.97014],[9.47414,36.97053],[9.47535,36.9704],[9.47491,36.97179],[9.4752,36.97198],[9.47581,36.97027]]]},"properties":{"firedate":"2026-09-09","area_ha":2.0,"country":"TN"}},{"type":"Feature","geometry":{"type":"Polygon","coordinates":[[[16.04851,38.15855],[16.04855,38.15827],[16.04766,38.15769],[16.04615,38.15761],[16.04584,38.15786],[16.04609,38.15846],[16.04579,38.15907],[16.04685,38.15957],[16.04736,38.15882],[16.04851,38.15855]]]},"properties":{"firedate":"2026-09-09","area_ha":3.0,"country":"IT"}},{"type":"Feature","geometry":{"type":"Polygon","coordinates":[[[20.01235,43.15761],[20.01183,43.15709],[20.01162,43.15607],[20.01104,43.15607],[20.0104,43.15728],[20.01076,43.15815],[20.01157,43.15831],[20.01235,43.15761]]]},"properties":{"firedate":"2026-09-09","area_ha":3.0,"country":"RS"}},{"type":"Feature","geometry":{"type":"Polygon","coordinates":[[[20.01947,43.1576],[20.01919,43.15612],[20.01959,43.15524],[20.01936,43.15513],[20.01811,43.15632],[20.01777,43.15738],[20.01892,43.15786],[20.01947,43.1576]]]},"properties":{"firedate":"2026-09-09","area_ha":3.0,"country":"RS"}},{"type":"Feature","geometry":{"type":"Polygon","coordinates":[[[13.45776,41.43833],[13.45694,41.43759],[13.45603,41.43742],[13.4551,41.43803],[13.45542,41.43905],[13.45677,41.4393],[13.45725,41.43922],[13.45776,41.43833]]]},"properties":{"firedate":"2026-09-09","area_ha":3.0,"country":"IT"}},{"type":"Feature","geometry":{"type":"Polygon","coordinates":[[[17.35265,44.61233],[17.35273,44.61],[17.35075,44.61054],[17.35095,44.61143],[17.35185,44.61253],[17.35265,44.61233]]]},"properties":{"firedate":"2026-09-09","area_ha":3.0,"country":"BA"}},{"type":"Feature","geometry":{"type":"Polygon","coordinates":[[[4.48711,36.61251],[4.48586,36.61134],[4.48468,36.61314],[4.48507,36.61346],[4.48622,36.61351],[4.48711,36.61251]]]},"properties":{"firedate":"2026-09-09","area_ha":3.0,"country":"DZ"}},{"type":"Feature","geometry":{"type":"Polygon","coordinates":[[[16.26383,44.83375],[16.263,44.83342],[16.26318,44.83276],[16.26281,44.83254],[16.26175,44.83244],[16.26027,44.83302],[16.26089,44.8339],[16.26307,44.83442],[16.26367,44.83431],[16.26383,44.83375]]]},"properties":{"firedate":"2026-09-09","area_ha":4.0,"country":"BA"}},{"type":"Feature","geometry":{"type":"Polygon","coordinates":[[[21.78987,45.20486],[21.78915,45.20454],[21.78982,45.20442],[21.79046,45.20286],[21.78747,45.20219],[21.78912,45.20332],[21.78766,45.20396],[21.78727,45.20482],[21.78852,45.2043],[21.78876,45.20465],[21.78826,45.20504],[21.78987,45.20486]]]},"properties":{"firedate":"2026-09-09","area_ha":4.0,"country":"RO"}},{"type":"Feature","geometry":{"type":"Polygon","coordinates":[[[21.12489,43.79175],[21.1242,43.79013],[21.12349,43.79018],[21.12249,43.79096],[21.12317,43.79283],[21.12489,43.79175]]]},"properties":{"firedate":"2026-09-09","area_ha":4.0,"country":"RS"}},{"type":"Feature","geometry":{"type":"Polygon","coordinates":[[[23.32033,48.83674],[23.31925,48.83573],[23.31844,48.83562],[23.31813,48.83511],[23.31673,48.83511],[23.31663,48.83477],[23.31623,48.83478],[23.31616,48.83522],[23.31701,48.8357],[23.31759,48.83663],[23.31885,48.83712],[23.32033,48.83674]]]},"properties":{"firedate":"2026-09-09","area_ha":4.0,"country":"UA"}},{"type":"Feature","geometry":{"type":"Polygon","coordinates":[[[16.17358,39.01743],[16.17327,39.01663],[16.17352,39.01581],[16.1727,39.01543],[16.17263,39.01496],[16.17375,39.01423],[16.17502,39.01422],[16.17626,39.01356],[16.1763,39.01324],[16.17522,39.01309],[16.1746,39.01354],[16.17362,39.01358],[16.17212,39.01476],[16.17256,39.01724],[16.17358,39.01743]]]},"properties":{"firedate":"2026-09-09","area_ha":5.0,"country":"IT"}},{"type":"Feature","geometry":{"type":"Polygon","coordinates":[[[11.60117,52.49186],[11.60579,52.49161],[11.6053,52.49121],[11.60643,52.49106],[11.60741,52.49044],[11.60464,52.48957],[11.60439,52.49006],[11.60524,52.49059],[11.60445,52.49095],[11.60228,52.49094],[11.60117,52.49186]]]},"properties":{"firedate":"2026-09-09","area_ha":5.0,"country":"DE"}},{"type":"Feature","geometry":{"type":"Polygon","coordinates":[[[32.21733,36.93503],[32.21585,36.9341],[32.21436,36.93499],[32.21586,36.93634],[32.21742,36.93567],[32.21733,36.93503]]]},"properties":{"firedate":"2026-09-09","area_ha":5.0,"country":"TR"}},{"type":"Feature","geometry":{"type":"Polygon","coordinates":[[[33.39014,52.23703],[33.39054,52.23645],[33.38987,52.23599],[33.39127,52.23521],[33.39089,52.2338],[33.39055,52.23376],[33.38976,52.23454],[33.38965,52.23503],[33.38822,52.2353],[33.38784,52.23626],[33.38702,52.23665],[33.38746,52.23711],[33.38852,52.23731],[33.38872,52.23702],[33.39014,52.23703]]]},"properties":{"firedate":"2026-09-09","area_ha":5.0,"country":"UA"}},{"type":"Feature","geometry":{"type":"Polygon","coordinates":[[[17.247,44.37057],[17.2471,44.3702],[17.24632,44.36965],[17.24379,44.36965],[17.24308,44.37012],[17.24401,44.37107],[17.2437,44.37148],[17.24429,44.37176],[17.247,44.37057]]]},"properties":{"firedate":"2026-09-09","area_ha":5.0,"country":"BA"}},{"type":"Feature","geometry":{"type":"Polygon","coordinates":[[[9.46487,36.96667],[9.46484,36.96588],[9.46673,36.96526],[9.46671,36.96388],[9.46534,36.96481],[9.46412,36.96437],[9.46354,36.96496],[9.46221,36.96538],[9.46237,36.96565],[9.46384,36.96544],[9.46354,36.96585],[9.46245,36.96606],[9.46222,36.96668],[9.46246,36.96699],[9.46369,36.96637],[9.46487,36.96667]]]},"properties":{"firedate":"2026-09-09","area_ha":6.0,"country":"TN"}},{"type":"Feature","geometry":{"type":"Polygon","coordinates":[[[18.33861,43.27328],[18.33744,43.27289],[18.33758,43.2724],[18.3386,43.27224],[18.33786,43.27168],[18.33601,43.27094],[18.33503,43.27092],[18.33591,43.27169],[18.33455,43.27241],[18.33503,43.27309],[18.33635,43.27382],[18.33861,43.27328]]]},"properties":{"firedate":"2026-09-09","area_ha":6.0,"country":"BA"}},{"type":"Feature","geometry":{"type":"Polygon","coordinates":[[[11.60561,52.49397],[11.60529,52.49348],[11.60553,52.49313],[11.60263,52.49298],[11.60044,52.49392],[11.60185,52.49414],[11.59976,52.49474],[11.60302,52.49497],[11.60561,52.49397]]]},"properties":{"firedate":"2026-09-09","area_ha":6.0,"country":"DE"}},{"type":"Feature","geometry":{"type":"Polygon","coordinates":[[[22.01159,45.46275],[22.01133,45.46171],[22.01203,45.46031],[22.01164,45.45996],[22.01062,45.46015],[22.00964,45.46178],[22.00821,45.46142],[22.00749,45.46177],[22.00783,45.46245],[22.00945,45.46311],[22.01159,45.46275]]]},"properties":{"firedate":"2026-09-09","area_ha":6.0,"country":"RO"}},{"type":"Feature","geometry":{"type":"Polygon","coordinates":[[[13.39039,37.35947],[13.39199,37.35857],[13.39209,37.35789],[13.38957,37.35738],[13.38673,37.35788],[13.38636,37.35829],[13.38752,37.35914],[13.39039,37.35947]]]},"properties":{"firedate":"2026-09-09","area_ha":8.0,"country":"IT"}},{"type":"Feature","geometry":{"type":"Polygon","coordinates":[[[13.42643,37.31144],[13.42563,37.31199],[13.42604,37.31279],[13.42729,37.31192],[13.43026,37.31198],[13.4296,37.31061],[13.43168,37.30971],[13.43175,37.30885],[13.43109,37.3087],[13.43075,37.30935],[13.42953,37.30996],[13.42921,37.30961],[13.42996,37.30862],[13.429,37.3086],[13.42869,37.30998],[13.42784,37.31072],[13.42622,37.311],[13.42643,37.31144]]]},"properties":{"firedate":"2026-09-09","area_ha":9.0,"country":"IT"}},{"type":"Feature","geometry":{"type":"Polygon","coordinates":[[[-6.34695,39.49797],[-6.34711,39.49688],[-6.34258,39.49541],[-6.34377,39.49472],[-6.3445,39.49372],[-6.34588,39.49379],[-6.3472,39.49493],[-6.34744,39.49682],[-6.34867,39.49741],[-6.34762,39.49808],[-6.34695,39.49797]]]},"properties":{"firedate":"2026-09-09","area_ha":9.0,"country":"ES"}},{"type":"Feature","geometry":{"type":"Polygon","coordinates":[[[21.42455,44.6302],[21.42408,44.63012],[21.42395,44.62949],[21.4258,44.62804],[21.42651,44.62656],[21.4273,44.62621],[21.42754,44.62492],[21.42592,44.62457],[21.42555,44.62481],[21.4255,44.62547],[21.42432,44.62726],[21.42319,44.6282],[21.42187,44.62848],[21.42182,44.62979],[21.42139,44.6299],[21.42132,44.63049],[21.42152,44.6308],[21.42216,44.63034],[21.42296,44.63067],[21.42456,44.63066],[21.42455,44.6302]]]},"properties":{"firedate":"2026-09-09","area_ha":12.0,"country":"RS"}},{"type":"Feature","geometry":{"type":"Polygon","coordinates":[[[13.39145,37.36415],[13.39171,37.36218],[13.39092,37.36133],[13.39144,37.36084],[13.39243,37.36165],[13.39306,37.36162],[13.39324,37.36108],[13.39246,37.35997],[13.39111,37.35941],[13.38649,37.3588],[13.38755,37.35973],[13.38851,37.36162],[13.39061,37.36199],[13.39044,37.36353],[13.39145,37.36415]]]},"properties":{"firedate":"2026-09-09","area_ha":13.0,"country":"IT"}},{"type":"Feature","geometry":{"type":"Polygon","coordinates":[[[29.67738,50.97201],[29.68056,50.97148],[29.68004,50.97057],[29.67869,50.96937],[29.67885,50.96854],[29.67839,50.96787],[29.67788,50.96776],[29.67685,50.96815],[29.67681,50.96905],[29.67493,50.96982],[29.6748,50.97034],[29.67552,50.97161],[29.67406,50.9716],[29.67364,50.97189],[29.67528,50.97269],[29.67738,50.97201]]]},"properties":{"firedate":"2026-09-09","area_ha":13.0,"country":"UA"}},{"type":"Feature","geometry":{"type":"Polygon","coordinates":[[[14.73178,37.17248],[14.72917,37.16893],[14.72825,37.16898],[14.72761,37.16986],[14.72586,37.16985],[14.72537,37.17014],[14.72557,37.1706],[14.72717,37.17141],[14.72714,37.17295],[14.72744,37.1732],[14.72995,37.17229],[14.73138,37.173],[14.73178,37.17248]]]},"properties":{"firedate":"2026-09-09","area_ha":14.0,"country":"IT"}},{"type":"Feature","geometry":{"type":"Polygon","coordinates":[[[17.078,39.37097],[17.07788,39.37163],[17.07862,39.37257],[17.08043,39.37269],[17.08109,39.37342],[17.08373,39.37202],[17.08248,39.37131],[17.08094,39.37171],[17.08129,39.37076],[17.0799,39.36939],[17.07949,39.36819],[17.07855,39.36867],[17.07734,39.36855],[17.07626,39.36912],[17.07657,39.37034],[17.078,39.37097]]]},"properties":{"firedate":"2026-09-09","area_ha":16.0,"country":"IT"}},{"type":"Feature","geometry":{"type":"Polygon","coordinates":[[[11.61654,52.49128],[11.61299,52.49236],[11.61231,52.49323],[11.61301,52.49387],[11.6123,52.49432],[11.6137,52.49484],[11.62046,52.49298],[11.62154,52.49227],[11.62071,52.49131],[11.61878,52.49087],[11.61706,52.49078],[11.61654,52.49128]]]},"properties":{"firedate":"2026-09-09","area_ha":16.0,"country":"DE"}},{"type":"Feature","geometry":{"type":"Polygon","coordinates":[[[37.72184,49.82343],[37.71799,49.82395],[37.71617,49.82463],[37.7163,49.82529],[37.71776,49.8254],[37.71715,49.82577],[37.71675,49.82754],[37.71822,49.8275],[37.71979,49.82648],[37.71982,49.82585],[37.72209,49.82648],[37.72305,49.82619],[37.72288,49.82581],[37.72327,49.82569],[37.72384,49.82706],[37.7254,49.82738],[37.72504,49.82638],[37.72452,49.82601],[37.72432,49.82504],[37.72376,49.82451],[37.72184,49.82343]]]},"properties":{"firedate":"2026-09-09","area_ha":18.0,"country":"UA"}},{"type":"Feature","geometry":{"type":"Polygon","coordinates":[[[38.58456,47.88705],[38.58503,47.88607],[38.58576,47.88572],[38.59088,47.88485],[38.59206,47.88382],[38.59224,47.88319],[38.59134,47.8828],[38.58675,47.88403],[38.58609,47.88395],[38.58563,47.88325],[38.58493,47.88322],[38.5822,47.88446],[38.58197,47.88523],[38.58082,47.88522],[38.57994,47.88676],[38.58109,47.88707],[38.58218,47.88658],[38.58327,47.88709],[38.58456,47.88705]]]},"properties":{"firedate":"2026-09-09","area_ha":20.0,"country":"UA"}},{"type":"Feature","geometry":{"type":"Polygon","coordinates":[[[38.68917,47.83046],[38.68981,47.82925],[38.69126,47.82884],[38.6917,47.82788],[38.69073,47.82726],[38.69005,47.82729],[38.68866,47.82809],[38.68593,47.82757],[38.68417,47.82882],[38.68396,47.83085],[38.68475,47.83312],[38.68538,47.833],[38.68734,47.83117],[38.68917,47.83046]]]},"properties":{"firedate":"2026-09-09","area_ha":20.0,"country":"UA"}},{"type":"Feature","geometry":{"type":"Polygon","coordinates":[[[21.20377,44.02968],[21.20291,44.0246],[21.20134,44.0235],[21.20031,44.02351],[21.19949,44.02501],[21.1984,44.02572],[21.19908,44.02732],[21.20024,44.02825],[21.20063,44.02934],[21.20183,44.02998],[21.20377,44.02968]]]},"properties":{"firedate":"2026-09-09","area_ha":20.0,"country":"RS"}},{"type":"Feature","geometry":{"type":"Polygon","coordinates":[[[23.50785,48.01285],[23.50648,48.01295],[23.50465,48.01255],[23.50141,48.01297],[23.50128,48.01315],[23.50477,48.01379],[23.50314,48.01374],[23.50188,48.01418],[23.50159,48.01378],[23.50055,48.01382],[23.50036,48.01449],[23.50074,48.01499],[23.50025,48.01495],[23.50029,48.01541],[23.5009,48.01539],[23.50067,48.01604],[23.50114,48.01603],[23.50202,48.01692],[23.50427,48.01711],[23.50454,48.01694],[23.50437,48.01664],[23.50615,48.01578],[23.5092,48.01326],[23.50785,48.01285]]]},"properties":{"firedate":"2026-09-09","area_ha":20.0,"country":"UA"}},{"type":"Feature","geometry":{"type":"Polygon","coordinates":[[[-6.15686,39.19286],[-6.15773,39.19297],[-6.1579,39.19342],[-6.15752,39.19369],[-6.15882,39.19438],[-6.15935,39.19449],[-6.16001,39.19391],[-6.15981,39.19423],[-6.16007,39.19464],[-6.16141,39.19486],[-6.1597,39.19498],[-6.16007,39.19515],[-6.15962,39.19589],[-6.15959,39.19696],[-6.15845,39.19772],[-6.15783,39.19771],[-6.15786,39.19732],[-6.15723,39.19738],[-6.15784,39.19639],[-6.15681,39.19581],[-6.15611,39.19693],[-6.15563,39.19666],[-6.15557,39.19598],[-6.15458,39.19685],[-6.15328,39.197],[-6.15338,39.1964],[-6.15302,39.19622],[-6.1545,39.19579],[-6.15454,39.19509],[-6.15329,39.19444],[-6.15321,39.19378],[-6.15227,39.19381],[-6.15259,39.19322],[-6.15481,39.19354],[-6.15422,39.19411],[-6.15378,39.19404],[-6.15377,39.19457],[-6.15496,39.19437],[-6.15506,39.19341],[-6.15454,39.19288],[-6.1558,39.1928],[-6.15632,39.1921],[-6.15678,39.19222],[-6.15622,39.19173],[-6.15654,39.19132],[-6.15625,39.19108],[-6.15698,39.19102],[-6.15725,39.19063],[-6.15763,39.19127],[-6.15686,39.19286]]]},"properties":{"firedate":"2026-09-09","area_ha":22.0,"country":"ES"}},{"type":"Feature","geometry":{"type":"Polygon","coordinates":[[[4.27,36.456],[4.27075,36.4551],[4.27215,36.45562],[4.27245,36.45519],[4.2722,36.45452],[4.27069,36.45381],[4.27118,36.4518],[4.27083,36.45137],[4.26949,36.4515],[4.26762,36.4526],[4.26714,36.4534],[4.26763,36.45414],[4.2652,36.4548],[4.26457,36.45557],[4.26451,36.45631],[4.26492,36.45694],[4.26582,36.45701],[4.26725,36.4563],[4.27,36.456]]]},"properties":{"firedate":"2026-09-09","area_ha":22.0,"country":"DZ"}},{"type":"Feature","geometry":{"type":"Polygon","coordinates":[[[36.83894,47.71209],[36.83861,47.70985],[36.83932,47.70949],[36.8394,47.70902],[36.83896,47.70646],[36.83481,47.70537],[36.83409,47.70724],[36.83476,47.71143],[36.83513,47.71096],[36.83561,47.71095],[36.8361,47.71182],[36.83687,47.71228],[36.83894,47.71209]]]},"properties":{"firedate":"2026-09-09","area_ha":24.0,"country":"UA"}},{"type":"Feature","geometry":{"type":"Polygon","coordinates":[[[38.13012,49.52234],[38.12081,49.51866],[38.12076,49.51892],[38.12222,49.51985],[38.12208,49.52027],[38.11928,49.51951],[38.11986,49.52156],[38.12084,49.52334],[38.12154,49.52385],[38.12377,49.52445],[38.12432,49.52449],[38.12461,49.52405],[38.12562,49.52371],[38.12744,49.52371],[38.13012,49.52234]]]},"properties":{"firedate":"2026-09-09","area_ha":26.0,"country":"UA"}},{"type":"Feature","geometry":{"type":"Polygon","coordinates":[[[13.35384,38.00588],[13.35255,38.0059],[13.35108,38.00452],[13.35172,38.00307],[13.3528,38.00245],[13.35366,38.00064],[13.35277,38.00116],[13.35267,38.00199],[13.35201,38.0023],[13.35148,38.0022],[13.35008,38.00075],[13.34933,38.00042],[13.34829,38.00023],[13.34764,38.00058],[13.34739,38.00298],[13.34767,38.00683],[13.34889,38.00725],[13.3504,38.00679],[13.35298,38.00689],[13.35384,38.00588]]]},"properties":{"firedate":"2026-09-09","area_ha":28.0,"country":"IT"}},{"type":"Feature","geometry":{"type":"Polygon","coordinates":[[[22.05738,46.55553],[22.05876,46.5546],[22.05841,46.55346],[22.05649,46.55369],[22.05621,46.55314],[22.05835,46.55111],[22.05874,46.55028],[22.06093,46.54968],[22.06027,46.549],[22.05911,46.54956],[22.05851,46.54937],[22.05917,46.54771],[22.05854,46.54731],[22.05731,46.5479],[22.05515,46.54817],[22.0545,46.54893],[22.05385,46.55068],[22.05341,46.55092],[22.05226,46.55066],[22.05176,46.55096],[22.05571,46.55531],[22.05738,46.55553]]]},"properties":{"firedate":"2026-09-09","area_ha":29.0,"country":"RO"}},{"type":"Feature","geometry":{"type":"Polygon","coordinates":[[[37.59183,49.5293],[37.59535,49.52754],[37.59801,49.52511],[37.59812,49.5227],[37.59645,49.52341],[37.59496,49.52264],[37.5934,49.52292],[37.59269,49.5236],[37.59228,49.52329],[37.59047,49.52366],[37.5903,49.52452],[37.5897,49.52513],[37.58983,49.52652],[37.59091,49.52722],[37.59062,49.52852],[37.59132,49.52866],[37.59087,49.52904],[37.59183,49.5293]]]},"properties":{"firedate":"2026-09-09","area_ha":30.0,"country":"UA"}},{"type":"Feature","geometry":{"type":"Polygon","coordinates":[[[37.89366,49.73935],[37.88942,49.7384],[37.88515,49.73524],[37.88129,49.73452],[37.87817,49.73494],[37.87798,49.73523],[37.87855,49.73632],[37.87751,49.73682],[37.87913,49.73723],[37.87617,49.73755],[37.87587,49.73832],[37.87682,49.73889],[37.88022,49.73835],[37.88495,49.73819],[37.8879,49.73948],[37.88816,49.73905],[37.88783,49.73804],[37.8881,49.73793],[37.88934,49.7394],[37.89176,49.73965],[37.89209,49.73937],[37.89366,49.73935]]]},"properties":{"firedate":"2026-09-09","area_ha":31.0,"country":"UA"}},{"type":"Feature","geometry":{"type":"Polygon","coordinates":[[[36.18174,47.77806],[36.18397,47.77623],[36.18574,47.77575],[36.18587,47.7752],[36.18509,47.77447],[36.18344,47.77447],[36.1831,47.77199],[36.18109,47.77248],[36.17976,47.77238],[36.17883,47.77449],[36.17915,47.77562],[36.17895,47.77591],[36.17699,47.77521],[36.17619,47.77532],[36.1761,47.77564],[36.1769,47.77589],[36.17711,47.77778],[36.17769,47.77844],[36.17884,47.77863],[36.17963,47.77972],[36.18132,47.7792],[36.18198,47.77845],[36.18174,47.77806]]]},"properties":{"firedate":"2026-09-09","area_ha":31.0,"country":"UA"}},{"type":"Feature","geometry":{"type":"Polygon","coordinates":[[[13.46515,41.41574],[13.46568,41.41558],[13.46655,41.41626],[13.46758,41.41628],[13.46782,41.4166],[13.46765,41.41739],[13.46817,41.41767],[13.46867,41.41682],[13.46864,41.41588],[13.46827,41.41546],[13.46843,41.41479],[13.46953,41.41406],[13.46867,41.41325],[13.46605,41.41267],[13.46389,41.41309],[13.46288,41.41419],[13.46283,41.41536],[13.46356,41.41665],[13.46237,41.41909],[13.4623,41.41987],[13.4632,41.42144],[13.4649,41.4213],[13.46609,41.42241],[13.46608,41.42043],[13.46542,41.4197],[13.46555,41.41934],[13.46634,41.41937],[13.46824,41.4208],[13.46863,41.4205],[13.46685,41.4186],[13.46671,41.41742],[13.46507,41.41719],[13.46515,41.41574]]]},"properties":{"firedate":"2026-09-09","area_ha":35.0,"country":"IT"}},{"type":"Feature","geometry":{"type":"Polygon","coordinates":[[[13.34111,37.95013],[13.34088,37.95147],[13.33892,37.95263],[13.3389,37.95476],[13.33942,37.95492],[13.34059,37.95447],[13.34139,37.95362],[13.34373,37.95385],[13.34573,37.95298],[13.34555,37.94914],[13.34536,37.94863],[13.34432,37.94826],[13.34466,37.94755],[13.34451,37.94702],[13.34159,37.94688],[13.34088,37.94713],[13.34065,37.94815],[13.34111,37.95013]]]},"properties":{"firedate":"2026-09-09","area_ha":35.0,"country":"IT"}},{"type":"Feature","geometry":{"type":"Polygon","coordinates":[[[35.97944,48.15853],[35.98025,48.15801],[35.9807,48.15646],[35.98154,48.15568],[35.98291,48.15515],[35.98654,48.15472],[35.98807,48.15265],[35.9903,48.15068],[35.99014,48.15039],[35.98693,48.15091],[35.98485,48.15171],[35.98009,48.15229],[35.97912,48.15375],[35.97807,48.15459],[35.97776,48.15516],[35.97783,48.15631],[35.97722,48.15666],[35.9767,48.15775],[35.97688,48.15888],[35.97727,48.159],[35.97944,48.15853]]]},"properties":{"firedate":"2026-09-09","area_ha":36.0,"country":"UA"}},{"type":"Feature","geometry":{"type":"Polygon","coordinates":[[[15.00283,37.92626],[15.0022,37.92544],[15.00135,37.92536],[15.00062,37.92584],[15.00026,37.92533],[14.99907,37.92527],[14.99832,37.92474],[14.99609,37.92465],[14.99432,37.92376],[14.99231,37.92417],[14.9912,37.92545],[14.99157,37.926],[14.99069,37.92655],[14.99064,37.92695],[14.99288,37.92733],[14.99339,37.92827],[14.99444,37.92773],[14.99456,37.92808],[14.9939,37.92901],[14.99571,37.9297],[14.99662,37.92906],[14.99813,37.92872],[15.00012,37.92734],[15.00217,37.92697],[15.00283,37.92626]]]},"properties":{"firedate":"2026-09-09","area_ha":37.0,"country":"IT"}},{"type":"Feature","geometry":{"type":"Polygon","coordinates":[[[20.15935,41.40168],[20.15731,41.40124],[20.15576,41.39827],[20.15458,41.39787],[20.15288,41.39814],[20.15162,41.39779],[20.14913,41.39817],[20.14908,41.39688],[20.14838,41.3965],[20.1472,41.39685],[20.14738,41.39716],[20.14709,41.39748],[20.14799,41.39803],[20.14769,41.3988],[20.14889,41.39907],[20.14844,41.39995],[20.14804,41.40012],[20.14701,41.39877],[20.1459,41.39905],[20.14872,41.40115],[20.15059,41.40189],[20.15586,41.40248],[20.15797,41.40237],[20.15935,41.40168]]]},"properties":{"firedate":"2026-09-09","area_ha":37.0,"country":"AL"}},{"type":"Feature","geometry":{"type":"Polygon","coordinates":[[[35.07817,47.63999],[35.0783,47.63955],[35.07931,47.63901],[35.07895,47.63707],[35.07833,47.63659],[35.07729,47.63664],[35.07791,47.63862],[35.07566,47.63862],[35.07682,47.63755],[35.07656,47.63718],[35.0752,47.63685],[35.07476,47.6351],[35.07527,47.63352],[35.07391,47.63337],[35.07153,47.63378],[35.0714,47.63454],[35.07041,47.63466],[35.0695,47.63532],[35.06964,47.63664],[35.06848,47.63724],[35.07072,47.63997],[35.07155,47.64042],[35.07817,47.63999]]]},"properties":{"firedate":"2026-09-09","area_ha":38.0,"country":"UA"}},{"type":"Feature","geometry":{"type":"Polygon","coordinates":[[[9.48239,36.97675],[9.48196,36.97706],[9.48201,36.97749],[9.48291,36.97798],[9.48345,36.97802],[9.48366,36.97759],[9.48458,36.97769],[9.48414,36.97846],[9.48424,36.97938],[9.48456,36.97903],[9.4867,36.97917],[9.4872,36.97823],[9.48761,36.97901],[9.48858,36.97735],[9.48848,36.97605],[9.48902,36.97609],[9.4887,36.97526],[9.48827,36.97552],[9.48785,36.97521],[9.48801,36.97478],[9.48946,36.97413],[9.48781,36.97286],[9.48822,36.97198],[9.48784,36.97104],[9.4873,36.97096],[9.48622,36.97282],[9.48444,36.97293],[9.48417,36.97441],[9.48364,36.97362],[9.4831,36.97353],[9.48219,36.97466],[9.48,36.97447],[9.47925,36.97512],[9.48074,36.97587],[9.48126,36.9767],[9.48239,36.97675]]]},"properties":{"firedate":"2026-09-09","area_ha":39.0,"country":"TN"}},{"type":"Feature","geometry":{"type":"Polygon","coordinates":[[[21.12198,42.78958],[21.12131,42.79079],[21.12206,42.79152],[21.12233,42.79235],[21.12319,42.793],[21.12477,42.79244],[21.12632,42.79312],[21.12647,42.79284],[21.12604,42.79227],[21.12623,42.79118],[21.12775,42.79074],[21.12836,42.79023],[21.12996,42.78996],[21.13126,42.79028],[21.13501,42.79306],[21.13594,42.7924],[21.13856,42.79225],[21.13977,42.79116],[21.13938,42.79058],[21.1367,42.78951],[21.13468,42.78963],[21.13164,42.78867],[21.13085,42.78788],[21.12943,42.78735],[21.12844,42.78849],[21.1271,42.78862],[21.1268,42.78957],[21.12531,42.78981],[21.12397,42.79071],[21.12354,42.79063],[21.12297,42.78917],[21.12198,42.78958]]]},"properties":{"firedate":"2026-09-09","area_ha":40.0,"country":"KS"}},{"type":"Feature","geometry":{"type":"Polygon","coordinates":[[[20.00801,43.15281],[20.00647,43.15379],[20.00629,43.15507],[20.00522,43.15607],[20.00237,43.15742],[20.00233,43.15857],[20.00378,43.15924],[20.00415,43.16067],[20.00495,43.1606],[20.00509,43.15943],[20.00558,43.15876],[20.00703,43.1582],[20.00839,43.15691],[20.00918,43.1569],[20.01015,43.15526],[20.01362,43.15391],[20.01409,43.15293],[20.01308,43.15185],[20.01169,43.15145],[20.01135,43.15013],[20.01048,43.1498],[20.00938,43.15035],[20.00792,43.15228],[20.00801,43.15281]]]},"properties":{"firedate":"2026-09-09","area_ha":41.0,"country":"RS"}},{"type":"Feature","geometry":{"type":"Polygon","coordinates":[[[35.15055,47.80662],[35.15249,47.80341],[35.15484,47.8009],[35.15583,47.79885],[35.15432,47.7983],[35.15266,47.79927],[35.15036,47.80132],[35.14649,47.80552],[35.14485,47.80924],[35.14075,47.81238],[35.14079,47.81354],[35.14813,47.80891],[35.15055,47.80662]]]},"properties":{"firedate":"2026-09-09","area_ha":42.0,"country":"UA"}},{"type":"Feature","geometry":{"type":"Polygon","coordinates":[[[19.49494,41.15987],[19.49591,41.15939],[19.49592,41.1585],[19.49398,41.15843],[19.49331,41.15748],[19.49381,41.15773],[19.49411,41.15737],[19.49202,41.15671],[19.49164,41.15708],[19.49205,41.1576],[19.49166,41.15751],[19.49148,41.15673],[19.49085,41.15663],[19.49132,41.1562],[19.49063,41.15618],[19.49113,41.15556],[19.48969,41.15472],[19.49063,41.15399],[19.49195,41.15445],[19.49195,41.15367],[19.48973,41.15328],[19.48875,41.15262],[19.48783,41.15283],[19.48609,41.15414],[19.48601,41.15484],[19.48512,41.15497],[19.48294,41.15639],[19.48277,41.15672],[19.48317,41.15709],[19.48252,41.15742],[19.48297,41.15777],[19.48221,41.15777],[19.48329,41.15865],[19.4841,41.15871],[19.48384,41.1582],[19.48508,41.15872],[19.48492,41.15927],[19.48556,41.15917],[19.4857,41.15837],[19.48733,41.15859],[19.48728,41.15814],[19.48768,41.15779],[19.48841,41.15823],[19.48739,41.159],[19.48825,41.15955],[19.48884,41.15934],[19.48843,41.15889],[19.48941,41.15911],[19.49089,41.15843],[19.49136,41.15892],[19.49064,41.15893],[19.49135,41.1595],[19.49159,41.16042],[19.49195,41.16031],[19.49195,41.16075],[19.49319,41.16113],[19.49394,41.16034],[19.49334,41.16049],[19.49338,41.16009],[19.49473,41.15937],[19.49494,41.15987]],[[19.49062,41.15824],[19.48932,41.15797],[19.48935,41.15751],[19.49034,41.15766],[19.49062,41.15824]],[[19.4879,41.15475],[19.48853,41.15512],[19.48835,41.1554],[19.48753,41.15494],[19.4879,41.15475]]]},"properties":{"firedate":"2026-09-09","area_ha":45.0,"country":"AL"}},{"type":"Feature","geometry":{"type":"Polygon","coordinates":[[[19.15328,43.04284],[19.15545,43.04306],[19.1574,43.04223],[19.15815,43.04277],[19.1582,43.04354],[19.16003,43.04423],[19.16098,43.04537],[19.16101,43.04344],[19.16306,43.04262],[19.16237,43.0423],[19.16198,43.04161],[19.16245,43.04073],[19.1618,43.03998],[19.16278,43.03936],[19.16201,43.03869],[19.1606,43.03915],[19.15939,43.0386],[19.15754,43.03888],[19.15435,43.03817],[19.1533,43.03874],[19.15218,43.03831],[19.15085,43.03859],[19.15033,43.04009],[19.15116,43.04071],[19.15152,43.04167],[19.15328,43.04284]]]},"properties":{"firedate":"2026-09-09","area_ha":46.0,"country":"ME"}},{"type":"Feature","geometry":{"type":"Polygon","coordinates":[[[19.96813,43.07649],[19.97173,43.07071],[19.97485,43.06646],[19.97827,43.06308],[19.98037,43.06009],[19.97607,43.06],[19.97575,43.06072],[19.97701,43.06089],[19.97759,43.06228],[19.97674,43.06308],[19.97581,43.06339],[19.97201,43.06308],[19.97083,43.06251],[19.97006,43.06291],[19.97037,43.06357],[19.97241,43.06514],[19.97151,43.06476],[19.9711,43.06498],[19.97153,43.06602],[19.97071,43.06646],[19.9708,43.0658],[19.96998,43.06618],[19.97019,43.06688],[19.96932,43.06696],[19.96908,43.06844],[19.9699,43.06803],[19.97015,43.06837],[19.9698,43.06862],[19.97014,43.06887],[19.97259,43.06878],[19.97142,43.07005],[19.97096,43.07024],[19.97011,43.06989],[19.96784,43.07069],[19.96587,43.0719],[19.96679,43.07206],[19.9683,43.07112],[19.96836,43.07147],[19.96763,43.07238],[19.96848,43.07273],[19.96671,43.0745],[19.96734,43.07588],[19.96813,43.07649]]]},"properties":{"firedate":"2026-09-09","area_ha":49.0,"country":"ME"}},{"type":"Feature","geometry":{"type":"Polygon","coordinates":[[[21.75886,43.119],[21.76,43.11737],[21.75993,43.11566],[21.76038,43.11411],[21.75954,43.11268],[21.75849,43.11242],[21.75664,43.11276],[21.75615,43.11405],[21.75417,43.11455],[21.75287,43.11633],[21.75241,43.11725],[21.75347,43.11824],[21.75319,43.11965],[21.75119,43.12134],[21.75184,43.12204],[21.7523,43.12192],[21.75257,43.12135],[21.75478,43.12172],[21.75603,43.12021],[21.75557,43.12173],[21.75696,43.1224],[21.75846,43.12237],[21.75905,43.12196],[21.75927,43.12105],[21.75886,43.119]]]},"properties":{"firedate":"2026-09-09","area_ha":51.0,"country":"RS"}},{"type":"Feature","geometry":{"type":"Polygon","coordinates":[[[22.57202,45.85933],[22.57618,45.85911],[22.57691,45.85869],[22.57618,45.857],[22.57669,45.8558],[22.57466,45.85591],[22.57053,45.85512],[22.57009,45.85473],[22.5703,45.8543],[22.57254,45.85384],[22.57167,45.85199],[22.56862,45.85154],[22.56708,45.85226],[22.56513,45.85211],[22.56418,45.85256],[22.56456,45.85418],[22.56667,45.85431],[22.56624,45.85467],[22.56441,45.85499],[22.56429,45.8553],[22.56484,45.85581],[22.56495,45.85646],[22.56854,45.85781],[22.569,45.85771],[22.56965,45.85879],[22.56943,45.86034],[22.57202,45.85933]]]},"properties":{"firedate":"2026-09-09","area_ha":52.0,"country":"RO"}},{"type":"Feature","geometry":{"type":"Polygon","coordinates":[[[35.10445,51.05231],[35.10385,51.05054],[35.10288,51.05037],[35.1024,51.04785],[35.10324,51.04716],[35.10285,51.04612],[35.10083,51.04708],[35.10045,51.04697],[35.10002,51.04753],[35.10018,51.04861],[35.10152,51.04937],[35.10176,51.05035],[35.10153,51.05055],[35.09991,51.0504],[35.09886,51.04867],[35.09547,51.0479],[35.0899,51.04807],[35.08862,51.04847],[35.0857,51.04839],[35.08544,51.04849],[35.08547,51.05016],[35.08491,51.05062],[35.08496,51.05189],[35.0853,51.05212],[35.08714,51.05169],[35.08731,51.05059],[35.08984,51.0505],[35.09107,51.0513],[35.09319,51.05119],[35.09438,51.05209],[35.09608,51.05269],[35.09946,51.05154],[35.10126,51.05135],[35.10149,51.05162],[35.09939,51.05324],[35.10013,51.05384],[35.10289,51.05294],[35.10368,51.05333],[35.10445,51.05231]]]},"properties":{"firedate":"2026-09-09","area_ha":53.0,"country":"UA"}},{"type":"Feature","geometry":{"type":"Polygon","coordinates":[[[22.24865,42.57943],[22.24811,42.57987],[22.24819,42.58037],[22.24852,42.58037],[22.24862,42.57993],[22.2498,42.58093],[22.24955,42.58115],[22.24974,42.58139],[22.24946,42.5814],[22.25,42.58206],[22.25154,42.58325],[22.25224,42.58338],[22.25123,42.58361],[22.25142,42.58453],[22.25193,42.5845],[22.25201,42.5841],[22.25303,42.58401],[22.25283,42.58453],[22.25325,42.58493],[22.25259,42.58558],[22.25381,42.58551],[22.25493,42.58614],[22.25553,42.58595],[22.25619,42.58491],[22.25804,42.58624],[22.25909,42.58634],[22.26153,42.58786],[22.26198,42.58785],[22.26184,42.58709],[22.26113,42.58638],[22.26084,42.58453],[22.25959,42.58348],[22.2596,42.58288],[22.26019,42.58219],[22.25954,42.58133],[22.25793,42.58128],[22.2582,42.57999],[22.25668,42.57947],[22.25581,42.57836],[22.25418,42.57861],[22.25401,42.57941],[22.25447,42.57975],[22.25298,42.58115],[22.25234,42.58048],[22.25094,42.58034],[22.25095,42.5787],[22.25014,42.57744],[22.24922,42.57789],[22.24865,42.57943]]]},"properties":{"firedate":"2026-09-09","area_ha":55.0,"country":"RS"}},{"type":"Feature","geometry":{"type":"Polygon","coordinates":[[[19.95505,43.17843],[19.9548,43.17885],[19.95566,43.17999],[19.95542,43.18105],[19.95648,43.18137],[19.95664,43.18251],[19.95768,43.18284],[19.96011,43.18272],[19.96336,43.18075],[19.96466,43.18055],[19.96557,43.17998],[19.9651,43.17948],[19.96334,43.17953],[19.96346,43.17691],[19.96313,43.17547],[19.96167,43.17484],[19.96078,43.17363],[19.95628,43.1743],[19.95478,43.17666],[19.95505,43.17843]]]},"properties":{"firedate":"2026-09-09","area_ha":60.0,"country":"RS"}},{"type":"Feature","geometry":{"type":"Polygon","coordinates":[[[15.47297,45.09366],[15.47228,45.09323],[15.4726,45.09265],[15.4724,45.09248],[15.47061,45.09271],[15.47116,45.09198],[15.47099,45.09169],[15.46941,45.09233],[15.46741,45.0923],[15.46727,45.09185],[15.46663,45.09176],[15.4664,45.09202],[15.46781,45.09276],[15.46784,45.09315],[15.46665,45.09386],[15.46582,45.09482],[15.46588,45.09518],[15.4666,45.09587],[15.46979,45.09674],[15.46968,45.09717],[15.46839,45.09764],[15.46736,45.09724],[15.46624,45.0976],[15.46243,45.09764],[15.46009,45.09824],[15.45938,45.09926],[15.46083,45.10043],[15.46078,45.10121],[15.46134,45.10159],[15.46302,45.10086],[15.46525,45.10106],[15.46705,45.1007],[15.47041,45.10176],[15.47144,45.10295],[15.47293,45.10219],[15.47414,45.1021],[15.47447,45.10086],[15.47255,45.10093],[15.4716,45.1006],[15.47123,45.09949],[15.47018,45.0992],[15.46982,45.09803],[15.47229,45.09734],[15.47211,45.09648],[15.47254,45.09597],[15.47154,45.09528],[15.47195,45.09437],[15.47309,45.09437],[15.47297,45.09366]]]},"properties":{"firedate":"2026-09-09","area_ha":60.0,"country":"HR"}},{"type":"Feature","geometry":{"type":"Polygon","coordinates":[[[30.97842,50.54634],[30.98124,50.5441],[30.98193,50.54272],[30.98084,50.54175],[30.97924,50.54176],[30.97762,50.54321],[30.97612,50.54269],[30.97537,50.54189],[30.97353,50.5421],[30.96833,50.54354],[30.96593,50.54461],[30.95984,50.54927],[30.95943,50.55063],[30.96169,50.55124],[30.96179,50.5523],[30.96284,50.55267],[30.96366,50.55235],[30.96393,50.55057],[30.96934,50.54772],[30.97043,50.54735],[30.97221,50.54793],[30.97651,50.54551],[30.97852,50.54498],[30.97777,50.54579],[30.97842,50.54634]]]},"properties":{"firedate":"2026-09-09","area_ha":72.0,"country":"UA"}},{"type":"Feature","geometry":{"type":"Polygon","coordinates":[[[31.32917,50.60288],[31.33237,50.59961],[31.33409,50.59915],[31.33562,50.59942],[31.33647,50.59856],[31.34049,50.59851],[31.34144,50.59773],[31.33734,50.59692],[31.33359,50.59666],[31.33091,50.59791],[31.32982,50.59789],[31.32932,50.59735],[31.32938,50.59587],[31.3287,50.59481],[31.32941,50.59401],[31.32914,50.59276],[31.32765,50.59215],[31.32545,50.59221],[31.32129,50.59353],[31.32045,50.59414],[31.3201,50.59524],[31.32024,50.59599],[31.32091,50.59676],[31.32227,50.59682],[31.32268,50.59746],[31.32134,50.59824],[31.32207,50.59934],[31.32304,50.59974],[31.325,50.59885],[31.32606,50.59883],[31.32592,50.59953],[31.32505,50.60015],[31.32461,50.60096],[31.32562,50.60125],[31.32697,50.60097],[31.32662,50.60264],[31.32852,50.60314],[31.32917,50.60288]]]},"properties":{"firedate":"2026-09-09","area_ha":74.0,"country":"UA"}},{"type":"Feature","geometry":{"type":"Polygon","coordinates":[[[22.35316,45.0802],[22.3577,45.08242],[22.35773,45.08391],[22.35713,45.08505],[22.3567,45.08755],[22.35718,45.08815],[22.35884,45.08842],[22.35907,45.08653],[22.36016,45.08606],[22.36107,45.08639],[22.36171,45.08613],[22.36133,45.0834],[22.36303,45.08334],[22.364,45.08282],[22.36435,45.08225],[22.36415,45.08119],[22.36478,45.08042],[22.36491,45.07952],[22.36747,45.07821],[22.36767,45.0776],[22.36697,45.07694],[22.36511,45.07659],[22.36157,45.07722],[22.35521,45.07546],[22.35485,45.076],[22.35467,45.07833],[22.35316,45.0802]]]},"properties":{"firedate":"2026-09-09","area_ha":75.0,"country":"RO"}},{"type":"Feature","geometry":{"type":"Polygon","coordinates":[[[34.34944,51.79392],[34.35262,51.79383],[34.35348,51.79307],[34.35326,51.79257],[34.35465,51.79268],[34.35569,51.79233],[34.35747,51.7907],[34.35909,51.79019],[34.36032,51.79056],[34.36114,51.79021],[34.35921,51.78835],[34.3584,51.78692],[34.35734,51.78628],[34.35686,51.78405],[34.35621,51.78342],[34.35518,51.78322],[34.35447,51.78369],[34.35429,51.7843],[34.35614,51.78659],[34.3579,51.78807],[34.35835,51.78946],[34.35732,51.78951],[34.35427,51.78768],[34.35079,51.78659],[34.34677,51.78724],[34.34389,51.78985],[34.34312,51.79014],[34.33858,51.7874],[34.33731,51.78791],[34.33829,51.78942],[34.33923,51.78974],[34.33923,51.79058],[34.33842,51.79119],[34.34255,51.79212],[34.34423,51.79215],[34.34541,51.79146],[34.34601,51.79283],[34.3478,51.79335],[34.34932,51.79307],[34.34963,51.79331],[34.34944,51.79392]]]},"properties":{"firedate":"2026-09-09","area_ha":78.0,"country":"UA"}},{"type":"Feature","geometry":{"type":"Polygon","coordinates":[[[34.41774,38.08824],[34.41864,38.08938],[34.41904,38.09186],[34.42004,38.09326],[34.42066,38.09355],[34.42052,38.09247],[34.42108,38.09235],[34.42175,38.0933],[34.42127,38.09403],[34.42244,38.09616],[34.4246,38.09709],[34.42287,38.09941],[34.42318,38.09982],[34.4241,38.09976],[34.42554,38.09778],[34.4252,38.0969],[34.42645,38.09672],[34.42694,38.09461],[34.42756,38.09366],[34.42662,38.09248],[34.42703,38.0915],[34.42685,38.09089],[34.42577,38.09004],[34.42523,38.08872],[34.42545,38.08835],[34.42659,38.08805],[34.42656,38.08725],[34.42604,38.0867],[34.42547,38.08685],[34.42511,38.08605],[34.42234,38.08462],[34.41997,38.08396],[34.41866,38.08441],[34.41809,38.08507],[34.41768,38.08651],[34.41774,38.08824]]]},"properties":{"firedate":"2026-09-09","area_ha":84.0,"country":"TR"}},{"type":"Feature","geometry":{"type":"Polygon","coordinates":[[[38.51477,48.97234],[38.51576,48.9718],[38.51541,48.97062],[38.51451,48.96964],[38.51363,48.96938],[38.51084,48.96973],[38.50835,48.96926],[38.50099,48.96402],[38.49983,48.96375],[38.4975,48.96515],[38.49774,48.9665],[38.49715,48.96762],[38.49288,48.96727],[38.48886,48.96841],[38.48877,48.96947],[38.48911,48.96984],[38.49436,48.9717],[38.4974,48.97159],[38.49884,48.97061],[38.50041,48.97078],[38.50296,48.97183],[38.50377,48.97086],[38.50451,48.97056],[38.50666,48.97208],[38.50974,48.97109],[38.51161,48.97208],[38.51477,48.97234]]]},"properties":{"firedate":"2026-09-09","area_ha":87.0,"country":"UA"}},{"type":"Feature","geometry":{"type":"Polygon","coordinates":[[[37.57422,49.01834],[37.57499,49.01755],[37.57361,49.01655],[37.57359,49.01586],[37.57401,49.01531],[37.57609,49.01543],[37.57833,49.01441],[37.58178,49.01403],[37.58187,49.01365],[37.58069,49.01223],[37.58204,49.01071],[37.58098,49.00818],[37.58137,49.00744],[37.58126,49.00667],[37.58051,49.00619],[37.57998,49.0063],[37.58023,49.00756],[37.57886,49.00839],[37.57816,49.00749],[37.57893,49.00678],[37.57896,49.00599],[37.57836,49.0053],[37.57726,49.00486],[37.57609,49.00494],[37.57624,49.00627],[37.57565,49.00706],[37.57691,49.00827],[37.57603,49.00843],[37.57524,49.00795],[37.57463,49.0081],[37.57388,49.0093],[37.57399,49.01021],[37.57371,49.01062],[37.57315,49.01077],[37.5725,49.01038],[37.57197,49.01072],[37.5716,49.01306],[37.57059,49.01438],[37.57056,49.01546],[37.56833,49.01501],[37.56783,49.01668],[37.56691,49.01789],[37.5656,49.01867],[37.5644,49.0189],[37.56436,49.01979],[37.56522,49.02044],[37.56437,49.0227],[37.56808,49.02056],[37.5688,49.02025],[37.56844,49.02116],[37.56869,49.02119],[37.57141,49.01996],[37.57201,49.01913],[37.57422,49.01834]]]},"properties":{"firedate":"2026-09-09","area_ha":91.0,"country":"UA"}},{"type":"Feature","geometry":{"type":"Polygon","coordinates":[[[13.42274,37.43638],[13.42094,37.43466],[13.41991,37.43493],[13.41971,37.43613],[13.41922,37.43673],[13.41672,37.43631],[13.41752,37.43739],[13.42046,37.43772],[13.42038,37.43803],[13.4189,37.43767],[13.41831,37.43811],[13.4185,37.43855],[13.41976,37.43912],[13.4199,37.44026],[13.42048,37.44114],[13.41914,37.44151],[13.41821,37.4426],[13.41703,37.44232],[13.41604,37.44003],[13.41624,37.43839],[13.41517,37.43785],[13.4151,37.43735],[13.41582,37.43632],[13.41418,37.43653],[13.41429,37.43815],[13.4123,37.43794],[13.41083,37.44159],[13.40906,37.44292],[13.40998,37.44481],[13.40985,37.44636],[13.41168,37.44623],[13.4121,37.44657],[13.41168,37.44719],[13.41317,37.44704],[13.41434,37.44747],[13.4148,37.44736],[13.41534,37.44653],[13.41726,37.44603],[13.41772,37.44654],[13.41803,37.4488],[13.41857,37.44894],[13.41952,37.44663],[13.42057,37.44616],[13.42122,37.44537],[13.42208,37.44531],[13.41989,37.44315],[13.41994,37.44279],[13.42042,37.44275],[13.42071,37.44355],[13.42134,37.44357],[13.42188,37.44279],[13.42023,37.43981],[13.4203,37.4391],[13.42076,37.4387],[13.42238,37.43903],[13.42389,37.43881],[13.42748,37.43778],[13.42422,37.43615],[13.42345,37.43604],[13.42274,37.43638]]]},"properties":{"firedate":"2026-09-09","area_ha":101.0,"country":"IT"}},{"type":"Feature","geometry":{"type":"Polygon","coordinates":[[[-3.36852,37.89245],[-3.3664,37.89377],[-3.36554,37.89375],[-3.36554,37.89311],[-3.36437,37.89311],[-3.36443,37.89232],[-3.3654,37.89193],[-3.36334,37.89026],[-3.3635,37.88859],[-3.36417,37.88865],[-3.36351,37.88816],[-3.36398,37.88747],[-3.36497,37.88708],[-3.36539,37.8876],[-3.36653,37.88744],[-3.36617,37.8877],[-3.36728,37.88794],[-3.36734,37.88824],[-3.36879,37.88817],[-3.36903,37.88862],[-3.36984,37.88781],[-3.3699,37.88838],[-3.36957,37.88868],[-3.36985,37.88906],[-3.36848,37.88994],[-3.36904,37.89029],[-3.37055,37.8898],[-3.37173,37.89257],[-3.37192,37.89083],[-3.37265,37.8903],[-3.37205,37.89161],[-3.37225,37.89274],[-3.37278,37.89238],[-3.3725,37.89175],[-3.37497,37.89079],[-3.37504,37.89],[-3.37574,37.89],[-3.37635,37.88939],[-3.37806,37.88994],[-3.37796,37.89034],[-3.37978,37.89012],[-3.38091,37.8924],[-3.38046,37.89308],[-3.38065,37.89403],[-3.38129,37.89432],[-3.37993,37.8957],[-3.38016,37.89596],[-3.37913,37.8963],[-3.37865,37.89697],[-3.37879,37.8979],[-3.37833,37.89901],[-3.37867,37.89937],[-3.37752,37.8996],[-3.37655,37.89876],[-3.37655,37.89689],[-3.37441,37.89739],[-3.37038,37.89721],[-3.37144,37.89663],[-3.37066,37.89604],[-3.36946,37.89633],[-3.36916,37.89544],[-3.36965,37.89323],[-3.36944,37.89277],[-3.36852,37.89245]]]},"properties":{"firedate":"2026-09-09","area_ha":102.0,"country":"ES"}},{"type":"Feature","geometry":{"type":"Polygon","coordinates":[[[21.10674,44.07345],[21.10614,44.07214],[21.10554,44.07166],[21.10368,44.07244],[21.10148,44.07236],[21.10013,44.07352],[21.096,44.07261],[21.09399,44.07273],[21.09356,44.07312],[21.0939,44.07427],[21.09501,44.0749],[21.09493,44.07568],[21.09541,44.07695],[21.09592,44.07716],[21.09645,44.07684],[21.09722,44.07738],[21.09719,44.07782],[21.09634,44.0785],[21.09668,44.07911],[21.09858,44.08011],[21.10094,44.0805],[21.10252,44.07974],[21.10496,44.08071],[21.10585,44.08038],[21.10658,44.07889],[21.10939,44.07592],[21.11186,44.07503],[21.11406,44.07194],[21.11517,44.07102],[21.11473,44.07052],[21.11128,44.06963],[21.11077,44.0685],[21.10957,44.06853],[21.10883,44.06893],[21.109,44.06986],[21.10814,44.0704],[21.10978,44.07191],[21.10808,44.07149],[21.10809,44.07225],[21.10674,44.07345]]]},"properties":{"firedate":"2026-09-09","area_ha":111.0,"country":"RS"}},{"type":"Feature","geometry":{"type":"Polygon","coordinates":[[[37.33834,50.24325],[37.33922,50.24214],[37.33931,50.24181],[37.33883,50.24161],[37.34328,50.23959],[37.34506,50.23959],[37.34571,50.23842],[37.34704,50.23811],[37.34808,50.23741],[37.34793,50.23664],[37.34746,50.23666],[37.34702,50.23727],[37.34642,50.23714],[37.34627,50.23614],[37.34753,50.23455],[37.34687,50.23276],[37.34386,50.23269],[37.34177,50.23381],[37.33873,50.2333],[37.33675,50.23362],[37.33425,50.23236],[37.33244,50.23262],[37.3316,50.23314],[37.33026,50.23598],[37.32887,50.23708],[37.32736,50.23757],[37.32733,50.23875],[37.32785,50.23956],[37.3304,50.24046],[37.33218,50.2406],[37.33222,50.24112],[37.33066,50.24146],[37.33049,50.24214],[37.33113,50.24282],[37.33199,50.24253],[37.33249,50.24293],[37.33475,50.24279],[37.33711,50.24343],[37.33834,50.24325]]]},"properties":{"firedate":"2026-09-09","area_ha":116.0,"country":"UA"}},{"type":"Feature","geometry":{"type":"Polygon","coordinates":[[[19.36814,43.16284],[19.37019,43.16411],[19.37037,43.16349],[19.37095,43.16463],[19.37255,43.16458],[19.37258,43.1642],[19.37352,43.16441],[19.37403,43.16427],[19.37401,43.16394],[19.37471,43.16414],[19.37605,43.16297],[19.37847,43.16268],[19.37837,43.16241],[19.38037,43.16235],[19.38039,43.16163],[19.38154,43.16214],[19.38165,43.16184],[19.38105,43.16142],[19.38116,43.16105],[19.38232,43.16151],[19.38256,43.16118],[19.3822,43.16073],[19.38251,43.16026],[19.38105,43.15957],[19.3792,43.15967],[19.37848,43.15885],[19.37864,43.1582],[19.37975,43.15847],[19.38012,43.15921],[19.38069,43.15943],[19.38174,43.1587],[19.38186,43.15916],[19.38248,43.15918],[19.38305,43.15994],[19.38329,43.15921],[19.38264,43.15783],[19.38114,43.15731],[19.38245,43.15739],[19.38189,43.15665],[19.38242,43.157],[19.3839,43.15665],[19.38506,43.15715],[19.38547,43.15616],[19.38434,43.15547],[19.38423,43.1549],[19.38358,43.15565],[19.38279,43.15506],[19.38014,43.1565],[19.38004,43.15696],[19.37738,43.15682],[19.37423,43.15769],[19.37412,43.15687],[19.37545,43.15686],[19.37616,43.15641],[19.37596,43.15541],[19.37481,43.15504],[19.37425,43.15568],[19.37279,43.15613],[19.37252,43.15581],[19.3729,43.15502],[19.37255,43.15476],[19.37283,43.15391],[19.37116,43.15391],[19.37062,43.15317],[19.37017,43.15323],[19.37021,43.1529],[19.36944,43.15324],[19.36932,43.15431],[19.36888,43.15365],[19.36794,43.15322],[19.3658,43.1534],[19.36548,43.15366],[19.36586,43.1544],[19.36462,43.15438],[19.36439,43.15471],[19.36481,43.15525],[19.3657,43.15518],[19.36704,43.1562],[19.36795,43.15634],[19.36718,43.15657],[19.36577,43.15774],[19.36593,43.15817],[19.36667,43.15832],[19.3671,43.15881],[19.36726,43.15907],[19.36683,43.15946],[19.36787,43.16009],[19.36606,43.16021],[19.36541,43.16063],[19.36531,43.16139],[19.3657,43.16183],[19.3663,43.1617],[19.36635,43.16203],[19.36761,43.16273],[19.36884,43.16231],[19.36951,43.16246],[19.36814,43.16284]]]},"properties":{"firedate":"2026-09-09","area_ha":118.0,"country":"ME"}},{"type":"Feature","geometry":{"type":"Polygon","coordinates":[[[38.05942,48.5448],[38.06097,48.5449],[38.06308,48.54412],[38.06432,48.54348],[38.06571,48.5421],[38.063,48.54136],[38.06001,48.54219],[38.05692,48.54221],[38.05658,48.54176],[38.05713,48.53972],[38.05686,48.53853],[38.05816,48.53757],[38.06088,48.53665],[38.06503,48.53664],[38.0651,48.53601],[38.06467,48.53568],[38.06194,48.53469],[38.06097,48.53514],[38.0599,48.53665],[38.05619,48.53719],[38.05177,48.53953],[38.04849,48.54027],[38.04674,48.54215],[38.04185,48.54471],[38.04196,48.54553],[38.04461,48.54916],[38.04856,48.54983],[38.04935,48.5497],[38.05113,48.54855],[38.0518,48.54673],[38.05643,48.5466],[38.05942,48.5448]]]},"properties":{"firedate":"2026-09-09","area_ha":118.0,"country":"UA"}},{"type":"Feature","geometry":{"type":"Polygon","coordinates":[[[38.34164,48.08085],[38.33583,48.08106],[38.33436,48.08071],[38.33334,48.07999],[38.33451,48.07873],[38.33996,48.075],[38.34065,48.07404],[38.33746,48.073],[38.33625,48.07169],[38.33296,48.07191],[38.32632,48.07408],[38.32561,48.07561],[38.32253,48.07953],[38.32383,48.08218],[38.32215,48.08426],[38.32227,48.08473],[38.32422,48.08531],[38.32743,48.08495],[38.33942,48.08255],[38.34179,48.08114],[38.34164,48.08085]]]},"properties":{"firedate":"2026-09-09","area_ha":133.0,"country":"UA"}},{"type":"Feature","geometry":{"type":"Polygon","coordinates":[[[15.59246,41.00265],[15.59114,41.00172],[15.58855,41.00209],[15.58603,41.00331],[15.58482,41.00466],[15.58317,41.00514],[15.58083,41.00395],[15.57625,41.00345],[15.5761,41.00439],[15.57467,41.00595],[15.57437,41.00688],[15.57362,41.00719],[15.57179,41.00696],[15.57043,41.00902],[15.56908,41.00932],[15.56671,41.01368],[15.56684,41.01592],[15.56811,41.01668],[15.56857,41.01764],[15.56887,41.01673],[15.57192,41.01619],[15.57126,41.01709],[15.57111,41.01982],[15.56988,41.02005],[15.57122,41.02028],[15.57317,41.01872],[15.57342,41.0176],[15.57496,41.01759],[15.57611,41.01688],[15.5761,41.01609],[15.57535,41.0157],[15.57645,41.01423],[15.57571,41.01426],[15.57552,41.01359],[15.57754,41.01353],[15.58058,41.01096],[15.58144,41.01131],[15.58188,41.01097],[15.58254,41.00925],[15.58329,41.00873],[15.58209,41.00807],[15.58306,41.00758],[15.58271,41.00641],[15.58327,41.00667],[15.585,41.00565],[15.58639,41.00383],[15.5888,41.00405],[15.59246,41.00265]]]},"properties":{"firedate":"2026-09-09","area_ha":143.0,"country":"IT"}},{"type":"Feature","geometry":{"type":"Polygon","coordinates":[[[19.91126,40.52704],[19.91302,40.52754],[19.91243,40.52784],[19.91269,40.52812],[19.91353,40.5281],[19.9141,40.52856],[19.91481,40.52826],[19.915,40.5276],[19.91621,40.52728],[19.9165,40.52751],[19.91611,40.52768],[19.91609,40.52814],[19.9178,40.52835],[19.91783,40.52792],[19.91823,40.52782],[19.92003,40.52778],[19.9195,40.5273],[19.91975,40.52676],[19.92051,40.52707],[19.92044,40.5274],[19.92098,40.52793],[19.92218,40.52806],[19.92224,40.5287],[19.923,40.52872],[19.92418,40.5277],[19.92471,40.52614],[19.92618,40.52522],[19.92789,40.52232],[19.92931,40.52103],[19.92914,40.52074],[19.92846,40.52149],[19.92767,40.52128],[19.92732,40.52225],[19.92605,40.52222],[19.92524,40.52132],[19.92472,40.52211],[19.92406,40.5223],[19.92266,40.52137],[19.92199,40.52047],[19.92157,40.52045],[19.92151,40.52142],[19.91956,40.5204],[19.91777,40.52108],[19.91614,40.5209],[19.91576,40.52142],[19.91536,40.5213],[19.91276,40.52295],[19.90991,40.52379],[19.90918,40.52454],[19.90836,40.52465],[19.90863,40.52372],[19.90938,40.52339],[19.90978,40.52248],[19.91163,40.52181],[19.91116,40.51926],[19.91154,40.516],[19.908,40.51527],[19.90603,40.51649],[19.9062,40.51761],[19.90685,40.51832],[19.90592,40.5197],[19.90593,40.52225],[19.90545,40.52347],[19.90487,40.52368],[19.90479,40.5244],[19.90353,40.52492],[19.90366,40.52523],[19.90602,40.52608],[19.90708,40.52562],[19.90797,40.52621],[19.90809,40.52588],[19.90831,40.5265],[19.90916,40.52654],[19.91003,40.52726],[19.91126,40.52704]]]},"properties":{"firedate":"2026-09-09","area_ha":143.0,"country":"AL"}},{"type":"Feature","geometry":{"type":"Polygon","coordinates":[[[19.97906,43.06659],[19.97902,43.06721],[19.97971,43.06703],[19.9802,43.06633],[19.98136,43.06564],[19.9812,43.06529],[19.98028,43.06505],[19.98027,43.06469],[19.98155,43.06413],[19.98182,43.06309],[19.98237,43.06315],[19.98248,43.0635],[19.98366,43.06291],[19.98354,43.06368],[19.98263,43.065],[19.98271,43.06576],[19.98231,43.06598],[19.98294,43.06653],[19.98259,43.06678],[19.98135,43.06614],[19.98045,43.0675],[19.98074,43.0678],[19.98018,43.06826],[19.98169,43.06916],[19.98275,43.06916],[19.98541,43.06813],[19.98651,43.0681],[19.98695,43.06748],[19.98926,43.06689],[19.98848,43.06638],[19.98832,43.06568],[19.98925,43.06598],[19.99031,43.06526],[19.99175,43.06501],[19.99264,43.06416],[19.99396,43.06382],[19.99393,43.06309],[19.99297,43.06178],[19.99248,43.06179],[19.99066,43.06067],[19.99137,43.05962],[19.98976,43.06057],[19.98831,43.06043],[19.98737,43.0607],[19.98759,43.05999],[19.98877,43.05937],[19.99025,43.05966],[19.99077,43.05953],[19.99071,43.05918],[19.9897,43.05906],[19.99158,43.0588],[19.99098,43.05821],[19.99116,43.0575],[19.99017,43.05746],[19.99077,43.05696],[19.99043,43.05671],[19.98866,43.05731],[19.98744,43.05678],[19.98515,43.05719],[19.98472,43.05785],[19.98534,43.05833],[19.98462,43.06046],[19.98417,43.06069],[19.98353,43.0609],[19.98158,43.05997],[19.98069,43.06027],[19.97926,43.06272],[19.97785,43.06381],[19.97358,43.06883],[19.97186,43.07117],[19.9704,43.07417],[19.96857,43.07645],[19.969,43.07666],[19.96994,43.07581],[19.97024,43.0761],[19.97059,43.07585],[19.97066,43.07512],[19.97165,43.07575],[19.97233,43.07452],[19.97293,43.07457],[19.97259,43.07602],[19.97111,43.07692],[19.9721,43.07864],[19.97244,43.07889],[19.97242,43.07853],[19.97294,43.07866],[19.97353,43.07926],[19.97334,43.0796],[19.97514,43.08091],[19.97609,43.08067],[19.97692,43.08095],[19.97861,43.08013],[19.97904,43.08034],[19.9802,43.07965],[19.98109,43.07967],[19.98108,43.07931],[19.9803,43.07881],[19.97938,43.07861],[19.97985,43.07845],[19.98169,43.07798],[19.9818,43.07833],[19.98264,43.07861],[19.98343,43.07836],[19.98259,43.07746],[19.98282,43.07679],[19.98179,43.07598],[19.97981,43.07621],[19.97947,43.07596],[19.97898,43.07535],[19.9791,43.07462],[19.97842,43.07324],[19.97764,43.0736],[19.97668,43.07341],[19.9751,43.0721],[19.97468,43.07328],[19.97334,43.07377],[19.97287,43.07364],[19.97316,43.07332],[19.973,43.07297],[19.97419,43.07239],[19.97451,43.07167],[19.97539,43.07136],[19.97497,43.06974],[19.97534,43.06905],[19.97454,43.06866],[19.97457,43.06829],[19.97581,43.06777],[19.97575,43.06887],[19.97645,43.06833],[19.97717,43.0688],[19.97752,43.06855],[19.97724,43.06749],[19.9781,43.06672],[19.97906,43.06659]]]},"properties":{"firedate":"2026-09-09","area_ha":175.0,"country":"ME"}},{"type":"Feature","geometry":{"type":"Polygon","coordinates":[[[37.49513,49.56182],[37.49346,49.56155],[37.49215,49.56049],[37.48792,49.56128],[37.48713,49.5612],[37.48584,49.5602],[37.47964,49.56074],[37.47911,49.56021],[37.47915,49.5598],[37.48006,49.55945],[37.48489,49.55877],[37.48504,49.55834],[37.48294,49.55479],[37.48319,49.55445],[37.48976,49.55308],[37.48983,49.55405],[37.49055,49.55348],[37.49108,49.55184],[37.49367,49.55063],[37.49336,49.54934],[37.49253,49.54942],[37.48946,49.55084],[37.48827,49.55176],[37.48677,49.55211],[37.48782,49.55063],[37.48583,49.54886],[37.48551,49.5491],[37.48679,49.5507],[37.48676,49.5511],[37.48549,49.55169],[37.48223,49.55223],[37.48091,49.55292],[37.47903,49.55134],[37.47823,49.55181],[37.47589,49.55537],[37.47573,49.55616],[37.47754,49.55659],[37.4759,49.55932],[37.47498,49.55947],[37.47069,49.55886],[37.4719,49.55424],[37.47162,49.55348],[37.46934,49.55311],[37.46904,49.55237],[37.46991,49.54932],[37.46974,49.54881],[37.4597,49.55349],[37.45675,49.55383],[37.45609,49.55483],[37.45669,49.55625],[37.45826,49.55754],[37.45913,49.55783],[37.46664,49.55744],[37.46647,49.5588],[37.4644,49.56048],[37.46526,49.56317],[37.46611,49.56343],[37.46924,49.56261],[37.46981,49.5622],[37.46931,49.56111],[37.47045,49.56085],[37.47767,49.56084],[37.47895,49.56165],[37.48448,49.56108],[37.48521,49.56122],[37.48537,49.56231],[37.48604,49.56252],[37.48964,49.56237],[37.49196,49.56331],[37.49513,49.56182]]]},"properties":{"firedate":"2026-09-09","area_ha":175.0,"country":"UA"}},{"type":"Feature","geometry":{"type":"Polygon","coordinates":[[[38.58879,47.88649],[38.59024,47.88772],[38.594,47.88766],[38.59495,47.88808],[38.59499,47.88842],[38.59602,47.88862],[38.59686,47.88817],[38.59688,47.88774],[38.59576,47.88676],[38.59416,47.88626],[38.59436,47.88596],[38.60605,47.88547],[38.60683,47.88436],[38.60934,47.88468],[38.61025,47.88371],[38.61095,47.88352],[38.61565,47.88305],[38.61641,47.88272],[38.61613,47.88227],[38.6191,47.88122],[38.61942,47.88069],[38.61803,47.87865],[38.61538,47.87834],[38.61339,47.87872],[38.61152,47.87957],[38.61053,47.87934],[38.6093,47.87973],[38.60827,47.87955],[38.6091,47.87904],[38.60879,47.87898],[38.60397,47.87926],[38.60326,47.8801],[38.59989,47.88018],[38.59844,47.88076],[38.59548,47.88298],[38.59555,47.88354],[38.59467,47.88414],[38.59401,47.88534],[38.59206,47.88555],[38.59338,47.88491],[38.59271,47.88345],[38.59311,47.88281],[38.59266,47.88192],[38.59517,47.8808],[38.59403,47.8773],[38.59401,47.87402],[38.59552,47.87337],[38.5974,47.87143],[38.5957,47.87167],[38.59384,47.87064],[38.59267,47.87116],[38.59047,47.87356],[38.58926,47.8758],[38.58834,47.87582],[38.58701,47.87806],[38.58404,47.87961],[38.58338,47.8814],[38.58257,47.88249],[38.58342,47.88399],[38.58512,47.88319],[38.58574,47.88331],[38.58611,47.88396],[38.58679,47.88403],[38.5913,47.88281],[38.59202,47.88294],[38.59216,47.88368],[38.59083,47.88487],[38.58616,47.88561],[38.58879,47.88649]]]},"properties":{"firedate":"2026-09-09","area_ha":187.0,"country":"UA"}},{"type":"Feature","geometry":{"type":"Polygon","coordinates":[[[31.81938,52.03706],[31.81375,52.03749],[31.81169,52.03914],[31.80917,52.03918],[31.80833,52.04006],[31.80661,52.04099],[31.80586,52.04191],[31.80429,52.04246],[31.80246,52.04166],[31.80084,52.04243],[31.80071,52.0428],[31.8017,52.04374],[31.80449,52.04349],[31.80688,52.04408],[31.80923,52.04555],[31.81051,52.04535],[31.81354,52.04637],[31.81664,52.04627],[31.81868,52.04396],[31.8233,52.04453],[31.82349,52.04475],[31.82083,52.04876],[31.82132,52.04946],[31.82523,52.05026],[31.82796,52.05134],[31.83364,52.05117],[31.83527,52.05194],[31.83711,52.05157],[31.83759,52.04995],[31.83738,52.04904],[31.83884,52.04679],[31.8387,52.0456],[31.83834,52.04537],[31.83436,52.04556],[31.83316,52.04492],[31.83619,52.04326],[31.83715,52.04212],[31.83813,52.04161],[31.84065,52.04149],[31.84078,52.04088],[31.84039,52.04028],[31.83901,52.04006],[31.83652,52.04169],[31.83433,52.04197],[31.83096,52.04311],[31.82694,52.04557],[31.82509,52.04412],[31.82498,52.04226],[31.82804,52.04059],[31.82928,52.03945],[31.82862,52.039],[31.82664,52.03931],[31.82513,52.03901],[31.82436,52.03963],[31.82387,52.03927],[31.82307,52.03948],[31.82231,52.03888],[31.82227,52.03836],[31.82121,52.03842],[31.81938,52.03706]]]},"properties":{"firedate":"2026-09-09","area_ha":195.0,"country":"UA"}},{"type":"Feature","geometry":{"type":"Polygon","coordinates":[[[21.74391,45.35309],[21.74247,45.35336],[21.74295,45.35436],[21.74373,45.35481],[21.74567,45.35456],[21.7459,45.35487],[21.74538,45.35586],[21.74622,45.35622],[21.74864,45.35644],[21.74975,45.35577],[21.7502,45.35642],[21.75024,45.35852],[21.75106,45.35888],[21.75199,45.35859],[21.75251,45.35759],[21.75229,45.35622],[21.75353,45.35471],[21.75201,45.35341],[21.7531,45.35187],[21.7526,45.35029],[21.75379,45.34928],[21.7541,45.34849],[21.7541,45.34742],[21.75317,45.34498],[21.75378,45.34476],[21.75354,45.34378],[21.75385,45.3435],[21.75574,45.34404],[21.7569,45.3437],[21.75819,45.34456],[21.76276,45.34455],[21.76537,45.3461],[21.7656,45.34431],[21.76487,45.34325],[21.76558,45.34212],[21.76537,45.34048],[21.76358,45.34112],[21.76054,45.34122],[21.76115,45.34043],[21.76376,45.3398],[21.76443,45.33913],[21.76193,45.33732],[21.76057,45.33704],[21.75908,45.336],[21.75877,45.33519],[21.75009,45.33287],[21.74778,45.33349],[21.74676,45.33449],[21.74686,45.33486],[21.74976,45.33584],[21.75247,45.33624],[21.75272,45.33743],[21.75205,45.33788],[21.75151,45.33967],[21.75042,45.33989],[21.74857,45.33962],[21.74771,45.33772],[21.74676,45.33724],[21.74637,45.33762],[21.74741,45.33934],[21.74719,45.34022],[21.74662,45.34009],[21.74517,45.33834],[21.74396,45.33803],[21.74315,45.33839],[21.74253,45.33941],[21.74031,45.33946],[21.73908,45.3408],[21.73924,45.34298],[21.74044,45.34366],[21.74365,45.34276],[21.74398,45.34213],[21.74373,45.34053],[21.74405,45.34018],[21.74753,45.34115],[21.74795,45.34164],[21.7464,45.34244],[21.74584,45.34372],[21.74561,45.34529],[21.74495,45.34624],[21.74623,45.34717],[21.7452,45.3479],[21.74423,45.34967],[21.74608,45.35066],[21.74391,45.35309]]]},"properties":{"firedate":"2026-09-09","area_ha":239.0,"country":"RO"}},{"type":"Feature","geometry":{"type":"Polygon","coordinates":[[[35.81388,47.2768],[35.80171,47.27588],[35.80069,47.27444],[35.79909,47.27481],[35.79963,47.27751],[35.79717,47.27815],[35.7969,47.27849],[35.79781,47.28204],[35.79733,47.28395],[35.79746,47.28502],[35.79477,47.28722],[35.79494,47.28804],[35.79864,47.2909],[35.79891,47.29204],[35.79842,47.293],[35.8024,47.29315],[35.81188,47.29622],[35.81249,47.29611],[35.81464,47.27743],[35.81388,47.2768]]]},"properties":{"firedate":"2026-09-09","area_ha":247.0,"country":"UA"}},{"type":"Feature","geometry":{"type":"Polygon","coordinates":[[[39.4569,48.2031],[39.45973,48.19801],[39.45982,48.1937],[39.45704,48.19329],[39.45468,48.19415],[39.44988,48.19132],[39.44342,48.18931],[39.44241,48.18762],[39.44468,48.1852],[39.44422,48.18407],[39.44081,48.1827],[39.44068,48.18185],[39.4392,48.18087],[39.43942,48.1796],[39.43309,48.17548],[39.43095,48.1734],[39.42679,48.17221],[39.42516,48.1702],[39.4272,48.17065],[39.42841,48.16892],[39.42757,48.16622],[39.42554,48.1652],[39.42303,48.16499],[39.42157,48.16284],[39.41848,48.16181],[39.41247,48.16141],[39.40949,48.16415],[39.40989,48.16554],[39.40809,48.1667],[39.40286,48.16839],[39.4016,48.1703],[39.39826,48.17033],[39.39577,48.17124],[39.39099,48.17727],[39.38648,48.18021],[39.38664,48.18192],[39.38417,48.18487],[39.38754,48.18564],[39.38751,48.18751],[39.3886,48.18801],[39.39021,48.18792],[39.39204,48.18636],[39.39475,48.18598],[39.39703,48.18435],[39.39802,48.18098],[39.39968,48.18113],[39.39875,48.1789],[39.3994,48.17764],[39.40917,48.17181],[39.41018,48.17324],[39.41001,48.17513],[39.4122,48.17778],[39.41893,48.18293],[39.42135,48.18398],[39.42322,48.18615],[39.42653,48.18792],[39.42615,48.18985],[39.42696,48.19196],[39.43077,48.19384],[39.43425,48.1967],[39.43774,48.19602],[39.43785,48.19676],[39.44091,48.19871],[39.44237,48.20128],[39.4443,48.20261],[39.44797,48.20374],[39.44999,48.20228],[39.45147,48.20252],[39.45307,48.20398],[39.45583,48.20368],[39.4569,48.2031]]]},"properties":{"firedate":"2026-09-09","area_ha":863.0,"country":"UA"}},{"type":"Feature","geometry":{"type":"Polygon","coordinates":[[[15.30586,40.09088],[15.30634,40.09019],[15.30605,40.09027],[15.30586,40.09088]]]},"properties":{"firedate":"2026-09-10","area_ha":0.0,"country":"IT"}},{"type":"Feature","geometry":{"type":"Polygon","coordinates":[[[15.30479,40.09136],[15.30487,40.09083],[15.30474,40.09074],[15.30479,40.09136]]]},"properties":{"firedate":"2026-09-10","area_ha":0.0,"country":"IT"}},{"type":"Feature","geometry":{"type":"Polygon","coordinates":[[[15.30505,40.0904],[15.3051,40.09013],[15.30476,40.09028],[15.30505,40.0904]]]},"properties":{"firedate":"2026-09-10","area_ha":0.0,"country":"IT"}},{"type":"Feature","geometry":{"type":"Polygon","coordinates":[[[15.3775,38.05678],[15.37687,38.05621],[15.37661,38.05636],[15.37675,38.05691],[15.3775,38.05678]]]},"properties":{"firedate":"2026-09-10","area_ha":0.0,"country":"IT"}},{"type":"Feature","geometry":{"type":"Polygon","coordinates":[[[15.3812,38.05862],[15.38044,38.05847],[15.38036,38.05876],[15.38089,38.05918],[15.3812,38.05862]]]},"properties":{"firedate":"2026-09-10","area_ha":0.0,"country":"IT"}},{"type":"Feature","geometry":{"type":"Polygon","coordinates":[[[16.49922,38.75478],[16.49908,38.75589],[16.49986,38.75654],[16.49963,38.75462],[16.49909,38.75425],[16.49886,38.75454],[16.49922,38.75478]]]},"properties":{"firedate":"2026-09-10","area_ha":1.0,"country":"IT"}},{"type":"Feature","geometry":{"type":"Polygon","coordinates":[[[15.30359,40.09134],[15.30262,40.09101],[15.30163,40.09141],[15.30134,40.09194],[15.30175,40.09208],[15.30246,40.09143],[15.30359,40.09134]]]},"properties":{"firedate":"2026-09-10","area_ha":1.0,"country":"IT"}},{"type":"Feature","geometry":{"type":"Polygon","coordinates":[[[15.37414,38.05028],[15.37367,38.04931],[15.37395,38.04893],[15.37318,38.04899],[15.37295,38.04965],[15.37366,38.04995],[15.37391,38.05046],[15.37414,38.05028]]]},"properties":{"firedate":"2026-09-10","area_ha":1.0,"country":"IT"}},{"type":"Feature","geometry":{"type":"Polygon","coordinates":[[[15.37545,38.05359],[15.37478,38.05303],[15.37436,38.05309],[15.3745,38.05401],[15.37533,38.05427],[15.37545,38.05359]]]},"properties":{"firedate":"2026-09-10","area_ha":1.0,"country":"IT"}},{"type":"Feature","geometry":{"type":"Polygon","coordinates":[[[15.98271,39.97073],[15.98387,39.96982],[15.98257,39.96981],[15.98188,39.9703],[15.98271,39.97073]]]},"properties":{"firedate":"2026-09-10","area_ha":1.0,"country":"IT"}},{"type":"Feature","geometry":{"type":"Polygon","coordinates":[[[22.59908,39.35961],[22.60011,39.35872],[22.59947,39.35836],[22.59847,39.35923],[22.59908,39.35961]]]},"properties":{"firedate":"2026-09-10","area_ha":1.0,"country":"EL"}},{"type":"Feature","geometry":{"type":"Polygon","coordinates":[[[16.53182,39.57783],[16.53164,39.57653],[16.5322,39.57621],[16.53162,39.57579],[16.53096,39.57427],[16.53074,39.57463],[16.53103,39.57693],[16.53149,39.57779],[16.53182,39.57783]]]},"properties":{"firedate":"2026-09-10","area_ha":2.0,"country":"IT"}},{"type":"Feature","geometry":{"type":"Polygon","coordinates":[[[16.09312,39.18281],[16.0928,39.18205],[16.09128,39.18215],[16.0908,39.18264],[16.0914,39.18341],[16.09278,39.18326],[16.09312,39.18281]]]},"properties":{"firedate":"2026-09-10","area_ha":2.0,"country":"IT"}},{"type":"Feature","geometry":{"type":"Polygon","coordinates":[[[13.47808,41.43499],[13.47765,41.43425],[13.47678,41.43429],[13.47559,41.43557],[13.47666,41.43568],[13.47808,41.43499]]]},"properties":{"firedate":"2026-09-10","area_ha":2.0,"country":"IT"}},{"type":"Feature","geometry":{"type":"Polygon","coordinates":[[[12.95891,37.69092],[12.95929,37.69015],[12.95805,37.68956],[12.9587,37.69062],[12.95751,37.6909],[12.95703,37.69184],[12.95769,37.69184],[12.95891,37.69092]]]},"properties":{"firedate":"2026-09-10","area_ha":2.0,"country":"IT"}},{"type":"Feature","geometry":{"type":"Polygon","coordinates":[[[13.27631,38.05522],[13.27664,38.05431],[13.2747,38.05403],[13.27539,38.05511],[13.27631,38.05522]]]},"properties":{"firedate":"2026-09-10","area_ha":2.0,"country":"IT"}},{"type":"Feature","geometry":{"type":"Polygon","coordinates":[[[19.16665,42.28499],[19.16604,42.28436],[19.16546,42.28536],[19.16545,42.28638],[19.16601,42.28681],[19.16624,42.28675],[19.16591,42.28621],[19.16664,42.28545],[19.16665,42.28499]]]},"properties":{"firedate":"2026-09-10","area_ha":2.0,"country":"ME"}},{"type":"Feature","geometry":{"type":"Polygon","coordinates":[[[22.59924,39.36481],[22.60026,39.36399],[22.60017,39.36302],[22.59926,39.36394],[22.59807,39.36442],[22.59924,39.36481]]]},"properties":{"firedate":"2026-09-10","area_ha":2.0,"country":"EL"}},{"type":"Feature","geometry":{"type":"Polygon","coordinates":[[[34.41072,38.09258],[34.41121,38.09267],[34.41166,38.09097],[34.41288,38.09036],[34.41281,38.08963],[34.41148,38.09009],[34.41033,38.09108],[34.41014,38.09154],[34.41102,38.09181],[34.41072,38.09258]]]},"properties":{"firedate":"2026-09-10","area_ha":3.0,"country":"TR"}},{"type":"Feature","geometry":{"type":"Polygon","coordinates":[[[15.13685,37.82729],[15.13688,37.82667],[15.13508,37.82667],[15.13393,37.8292],[15.13451,37.82918],[15.13588,37.82766],[15.13685,37.82729]]]},"properties":{"firedate":"2026-09-10","area_ha":4.0,"country":"IT"}},{"type":"Feature","geometry":{"type":"Polygon","coordinates":[[[9.51981,37.26559],[9.51947,37.26484],[9.51819,37.2639],[9.51646,37.26398],[9.51468,37.26489],[9.5155,37.26528],[9.51726,37.26458],[9.51863,37.26504],[9.51917,37.26594],[9.51981,37.26559]]]},"properties":{"firedate":"2026-09-10","area_ha":4.0,"country":"TN"}},{"type":"Feature","geometry":{"type":"Polygon","coordinates":[[[15.85855,39.73417],[15.85799,39.7336],[15.85876,39.73322],[15.85793,39.73215],[15.85605,39.73218],[15.85579,39.73261],[15.85466,39.73303],[15.85677,39.73373],[15.85747,39.73456],[15.85855,39.73417]]]},"properties":{"firedate":"2026-09-10","area_ha":5.0,"country":"IT"}},{"type":"Feature","geometry":{"type":"Polygon","coordinates":[[[15.37849,38.05928],[15.3782,38.05952],[15.37833,38.06021],[15.37776,38.06091],[15.37817,38.06247],[15.37802,38.06337],[15.37836,38.06361],[15.37912,38.06323],[15.37908,38.06251],[15.37858,38.06228],[15.37852,38.06178],[15.37877,38.06115],[15.37974,38.06123],[15.37915,38.06022],[15.37979,38.05996],[15.37989,38.05954],[15.37962,38.05887],[15.37843,38.05829],[15.37849,38.05928]]]},"properties":{"firedate":"2026-09-10","area_ha":5.0,"country":"IT"}},{"type":"Feature","geometry":{"type":"Polygon","coordinates":[[[12.94812,37.69815],[12.94758,37.69623],[12.94669,37.69614],[12.94623,37.69673],[12.94607,37.6982],[12.94558,37.69898],[12.94708,37.69952],[12.94682,37.69851],[12.94812,37.69815]]]},"properties":{"firedate":"2026-09-10","area_ha":5.0,"country":"IT"}},{"type":"Feature","geometry":{"type":"Polygon","coordinates":[[[20.03023,43.16683],[20.03331,43.16466],[20.03339,43.16404],[20.03276,43.16331],[20.03217,43.16328],[20.03169,43.16433],[20.03031,43.16524],[20.02868,43.16525],[20.02877,43.16606],[20.02944,43.16665],[20.03023,43.16683]]]},"properties":{"firedate":"2026-09-10","area_ha":6.0,"country":"RS"}},{"type":"Feature","geometry":{"type":"Polygon","coordinates":[[[15.38822,38.05279],[15.38798,38.05244],[15.38639,38.05217],[15.38526,38.05235],[15.38491,38.05288],[15.38548,38.05386],[15.3843,38.05399],[15.38408,38.0549],[15.38472,38.05523],[15.38587,38.05517],[15.38634,38.05471],[15.38638,38.05364],[15.38822,38.05279]]]},"properties":{"firedate":"2026-09-10","area_ha":6.0,"country":"IT"}},{"type":"Feature","geometry":{"type":"Polygon","coordinates":[[[15.85621,39.76883],[15.85635,39.76794],[15.85466,39.76829],[15.85449,39.76747],[15.85362,39.76812],[15.85229,39.76765],[15.85186,39.76802],[15.85202,39.76866],[15.85356,39.76923],[15.85374,39.77009],[15.85509,39.76995],[15.85545,39.76903],[15.85621,39.76883]]]},"properties":{"firedate":"2026-09-10","area_ha":6.0,"country":"IT"}},{"type":"Feature","geometry":{"type":"Polygon","coordinates":[[[12.96011,37.69514],[12.95972,37.69487],[12.95714,37.69535],[12.9557,37.69509],[12.95618,37.69429],[12.95596,37.6941],[12.95516,37.69448],[12.95375,37.69428],[12.95286,37.6954],[12.95671,37.69604],[12.95922,37.69561],[12.96005,37.69585],[12.96011,37.69514]]]},"properties":{"firedate":"2026-09-10","area_ha":6.0,"country":"IT"}},{"type":"Feature","geometry":{"type":"Polygon","coordinates":[[[15.91973,41.82637],[15.92024,41.82534],[15.92153,41.82436],[15.9211,41.82293],[15.92045,41.82317],[15.91842,41.82529],[15.9183,41.8276],[15.91973,41.82637]]]},"properties":{"firedate":"2026-09-10","area_ha":6.0,"country":"IT"}},{"type":"Feature","geometry":{"type":"Polygon","coordinates":[[[5.28768,36.48479],[5.28678,36.48356],[5.28697,36.48288],[5.28673,36.48275],[5.28436,36.48266],[5.28354,36.48291],[5.28262,36.48378],[5.28523,36.48468],[5.28768,36.48479]]]},"properties":{"firedate":"2026-09-10","area_ha":7.0,"country":"DZ"}},{"type":"Feature","geometry":{"type":"Polygon","coordinates":[[[5.2576,36.47722],[5.25747,36.4762],[5.25566,36.4753],[5.25434,36.47605],[5.25498,36.47787],[5.25689,36.47792],[5.2576,36.47722]]]},"properties":{"firedate":"2026-09-10","area_ha":7.0,"country":"DZ"}},{"type":"Feature","geometry":{"type":"Polygon","coordinates":[[[37.91973,49.73862],[37.91882,49.73803],[37.9171,49.73803],[37.91702,49.73773],[37.91826,49.73739],[37.91723,49.73652],[37.91614,49.7368],[37.91643,49.73723],[37.91599,49.73742],[37.91428,49.73716],[37.91435,49.73791],[37.91541,49.738],[37.91549,49.73863],[37.91423,49.73856],[37.91403,49.73922],[37.91508,49.74007],[37.9155,49.73945],[37.91973,49.73862]]]},"properties":{"firedate":"2026-09-10","area_ha":7.0,"country":"UA"}},{"type":"Feature","geometry":{"type":"Polygon","coordinates":[[[19.76855,40.3855],[19.76674,40.3839],[19.76589,40.38249],[19.76479,40.38238],[19.76508,40.38426],[19.76593,40.385],[19.76597,40.38599],[19.76722,40.38617],[19.76855,40.3855]]]},"properties":{"firedate":"2026-09-10","area_ha":7.0,"country":"AL"}},{"type":"Feature","geometry":{"type":"Polygon","coordinates":[[[15.15106,37.89037],[15.14997,37.88951],[15.14889,37.88954],[15.14654,37.89089],[15.14603,37.89229],[15.14673,37.8925],[15.14907,37.89151],[15.15008,37.89173],[15.15047,37.89128],[15.15037,37.89054],[15.15106,37.89037]]]},"properties":{"firedate":"2026-09-10","area_ha":8.0,"country":"IT"}},{"type":"Feature","geometry":{"type":"Polygon","coordinates":[[[20.03892,43.15646],[20.0385,43.15464],[20.03806,43.15434],[20.03672,43.15491],[20.03375,43.15445],[20.03145,43.15567],[20.0324,43.15621],[20.03519,43.15618],[20.03783,43.1552],[20.03803,43.15623],[20.03892,43.15646]]]},"properties":{"firedate":"2026-09-10","area_ha":8.0,"country":"RS"}},{"type":"Feature","geometry":{"type":"Polygon","coordinates":[[[13.87371,37.48074],[13.87344,37.48018],[13.87203,37.48054],[13.86891,37.47875],[13.86798,37.47905],[13.86764,37.48013],[13.8685,37.48081],[13.87191,37.4816],[13.87326,37.4815],[13.87371,37.48074]]]},"properties":{"firedate":"2026-09-10","area_ha":9.0,"country":"IT"}},{"type":"Feature","geometry":{"type":"Polygon","coordinates":[[[30.86165,51.83658],[30.86251,51.83584],[30.8612,51.83531],[30.86151,51.83472],[30.86109,51.83377],[30.86024,51.83413],[30.85982,51.83532],[30.85918,51.83513],[30.85827,51.83414],[30.85702,51.83442],[30.85674,51.83619],[30.85722,51.83661],[30.85965,51.83711],[30.86165,51.83658]]]},"properties":{"firedate":"2026-09-10","area_ha":9.0,"country":"UA"}},{"type":"Feature","geometry":{"type":"Polygon","coordinates":[[[13.69938,37.18799],[13.69892,37.18595],[13.69829,37.18544],[13.69696,37.18554],[13.69628,37.1851],[13.6945,37.18558],[13.69526,37.18664],[13.6977,37.18675],[13.69736,37.18755],[13.69889,37.18983],[13.69956,37.18932],[13.7006,37.18954],[13.70021,37.18852],[13.69984,37.18835],[13.69973,37.18874],[13.69894,37.18874],[13.69938,37.18799]]]},"properties":{"firedate":"2026-09-10","area_ha":10.0,"country":"IT"}},{"type":"Feature","geometry":{"type":"Polygon","coordinates":[[[24.73875,45.7745],[24.743,45.77409],[24.74327,45.77381],[24.74205,45.77165],[24.73883,45.77202],[24.73718,45.77411],[24.73875,45.7745]]]},"properties":{"firedate":"2026-09-10","area_ha":11.0,"country":"RO"}},{"type":"Feature","geometry":{"type":"Polygon","coordinates":[[[16.43076,38.66931],[16.43046,38.67054],[16.43075,38.67078],[16.43159,38.67012],[16.43413,38.67039],[16.43476,38.66926],[16.434,38.66596],[16.43326,38.66586],[16.43194,38.66677],[16.43114,38.66691],[16.4311,38.66726],[16.43218,38.66808],[16.43076,38.66931]]]},"properties":{"firedate":"2026-09-10","area_ha":12.0,"country":"IT"}},{"type":"Feature","geometry":{"type":"Polygon","coordinates":[[[13.4754,41.25027],[13.47382,41.24874],[13.4748,41.24774],[13.47409,41.24639],[13.47423,41.24547],[13.47363,41.24543],[13.47309,41.24603],[13.47174,41.2457],[13.47118,41.2464],[13.47117,41.24708],[13.47152,41.24824],[13.47268,41.24989],[13.47438,41.2506],[13.4754,41.25027]]]},"properties":{"firedate":"2026-09-10","area_ha":12.0,"country":"IT"}},{"type":"Feature","geometry":{"type":"Polygon","coordinates":[[[16.10772,39.07454],[16.11079,39.07499],[16.11179,39.07679],[16.11242,39.07634],[16.11337,39.07666],[16.11648,39.07613],[16.11603,39.07522],[16.11266,39.07414],[16.10881,39.07375],[16.10744,39.07417],[16.10772,39.07454]]]},"properties":{"firedate":"2026-09-10","area_ha":13.0,"country":"IT"}},{"type":"Feature","geometry":{"type":"Polygon","coordinates":[[[21.57129,39.84503],[21.5716,39.84476],[21.57199,39.84523],[21.57113,39.84592],[21.57071,39.84749],[21.5697,39.84879],[21.56983,39.84914],[21.57158,39.8479],[21.57379,39.84535],[21.57442,39.84338],[21.57387,39.84231],[21.57245,39.84217],[21.57076,39.84414],[21.56986,39.84422],[21.56991,39.84454],[21.57129,39.84503]]]},"properties":{"firedate":"2026-09-10","area_ha":13.0,"country":"EL"}},{"type":"Feature","geometry":{"type":"Polygon","coordinates":[[[19.43396,43.03173],[19.43363,43.03111],[19.43113,43.03033],[19.42693,43.03178],[19.42653,43.0323],[19.4267,43.03268],[19.42914,43.03385],[19.43045,43.03308],[19.43077,43.03251],[19.43294,43.03236],[19.43396,43.03173]]]},"properties":{"firedate":"2026-09-10","area_ha":13.0,"country":"ME"}},{"type":"Feature","geometry":{"type":"Polygon","coordinates":[[[20.03706,43.17519],[20.03762,43.17385],[20.03573,43.17344],[20.03379,43.17238],[20.03392,43.17197],[20.0355,43.17113],[20.03422,43.17088],[20.03314,43.17141],[20.03149,43.17388],[20.03057,43.17462],[20.03104,43.17531],[20.0317,43.17558],[20.03362,43.17519],[20.03706,43.17519]]]},"properties":{"firedate":"2026-09-10","area_ha":15.0,"country":"RS"}},{"type":"Feature","geometry":{"type":"Polygon","coordinates":[[[19.89057,43.34571],[19.89004,43.3451],[19.88914,43.34525],[19.88949,43.3437],[19.89063,43.34322],[19.88938,43.3426],[19.89272,43.34101],[19.89212,43.33996],[19.89323,43.3396],[19.89198,43.33883],[19.89058,43.33902],[19.88918,43.33968],[19.88968,43.33981],[19.88816,43.34167],[19.88838,43.34219],[19.8875,43.34231],[19.88716,43.34285],[19.88767,43.34397],[19.88872,43.34406],[19.88837,43.34481],[19.88937,43.34598],[19.89019,43.3461],[19.89057,43.34571]]]},"properties":{"firedate":"2026-09-10","area_ha":15.0,"country":"RS"}},{"type":"Feature","geometry":{"type":"Polygon","coordinates":[[[13.34943,37.40385],[13.35095,37.40289],[13.35225,37.40097],[13.35158,37.40019],[13.3504,37.40008],[13.3491,37.39944],[13.34789,37.40013],[13.34614,37.40205],[13.34811,37.40304],[13.34819,37.40371],[13.34943,37.40385]]]},"properties":{"firedate":"2026-09-10","area_ha":16.0,"country":"IT"}},{"type":"Feature","geometry":{"type":"Polygon","coordinates":[[[14.73714,40.74465],[14.73655,40.74259],[14.73597,40.74224],[14.73416,40.74236],[14.73383,40.74317],[14.73119,40.74419],[14.73168,40.7456],[14.73635,40.74615],[14.7378,40.74573],[14.73781,40.74515],[14.73714,40.74465]]]},"properties":{"firedate":"2026-09-10","area_ha":16.0,"country":"IT"}},{"type":"Feature","geometry":{"type":"Polygon","coordinates":[[[20.66051,42.73053],[20.66076,42.73204],[20.66175,42.73404],[20.66523,42.73462],[20.66627,42.73428],[20.66586,42.73393],[20.66428,42.73411],[20.66267,42.73354],[20.66256,42.73277],[20.66286,42.7325],[20.66421,42.73312],[20.6658,42.733],[20.666,42.73266],[20.66574,42.73218],[20.66476,42.73183],[20.66448,42.73037],[20.66308,42.7293],[20.66103,42.72946],[20.66051,42.73053]]]},"properties":{"firedate":"2026-09-10","area_ha":16.0,"country":"KS"}},{"type":"Feature","geometry":{"type":"Polygon","coordinates":[[[23.27776,44.6854],[23.27612,44.68813],[23.27623,44.69054],[23.27956,44.69033],[23.28086,44.69065],[23.28132,44.69021],[23.28066,44.68932],[23.28072,44.68811],[23.27913,44.68648],[23.27866,44.68536],[23.27776,44.6854]]]},"properties":{"firedate":"2026-09-10","area_ha":16.0,"country":"RO"}},{"type":"Feature","geometry":{"type":"Polygon","coordinates":[[[13.46942,41.4355],[13.46764,41.4358],[13.46466,41.43492],[13.46424,41.43542],[13.4645,41.43605],[13.46585,41.43609],[13.46807,41.43799],[13.46854,41.43709],[13.46993,41.43676],[13.46961,41.43575],[13.47007,41.43517],[13.47077,41.43536],[13.47379,41.43387],[13.47534,41.4336],[13.47519,41.43273],[13.47389,41.43189],[13.47209,41.43145],[13.47159,41.43163],[13.47093,41.43402],[13.46942,41.4355]]]},"properties":{"firedate":"2026-09-10","area_ha":17.0,"country":"IT"}},{"type":"Feature","geometry":{"type":"Polygon","coordinates":[[[35.67486,47.7627],[35.67548,47.76034],[35.67451,47.75982],[35.66939,47.75977],[35.66817,47.76016],[35.66762,47.762],[35.66859,47.76252],[35.67364,47.76309],[35.67486,47.7627]]]},"properties":{"firedate":"2026-09-10","area_ha":18.0,"country":"UA"}},{"type":"Feature","geometry":{"type":"Polygon","coordinates":[[[37.97245,49.50925],[37.97354,49.50816],[37.97165,49.50797],[37.96846,49.50934],[37.96275,49.51053],[37.96078,49.51362],[37.96044,49.51484],[37.96091,49.51544],[37.96141,49.51535],[37.96372,49.51403],[37.96417,49.51253],[37.96467,49.51221],[37.97245,49.50925]]]},"properties":{"firedate":"2026-09-10","area_ha":21.0,"country":"UA"}},{"type":"Feature","geometry":{"type":"Polygon","coordinates":[[[37.50967,48.82371],[37.5047,48.82141],[37.50318,48.82112],[37.50116,48.82188],[37.49757,48.82203],[37.49796,48.82295],[37.5015,48.8231],[37.50322,48.82435],[37.50761,48.82555],[37.50941,48.82504],[37.50967,48.82371]]]},"properties":{"firedate":"2026-09-10","area_ha":21.0,"country":"UA"}},{"type":"Feature","geometry":{"type":"Polygon","coordinates":[[[16.44682,38.6699],[16.44703,38.66796],[16.44753,38.66743],[16.44663,38.6669],[16.44553,38.66709],[16.44455,38.66599],[16.43978,38.66633],[16.43831,38.66717],[16.43841,38.66741],[16.4397,38.66729],[16.4396,38.66949],[16.44062,38.67004],[16.44188,38.67001],[16.44303,38.66931],[16.44215,38.66848],[16.44238,38.66713],[16.44402,38.66885],[16.44503,38.66911],[16.44598,38.66992],[16.44682,38.6699]]]},"properties":{"firedate":"2026-09-10","area_ha":22.0,"country":"IT"}},{"type":"Feature","geometry":{"type":"Polygon","coordinates":[[[15.80025,39.93399],[15.80045,39.93347],[15.80341,39.9328],[15.80379,39.93187],[15.8089,39.92933],[15.80997,39.92817],[15.80765,39.92864],[15.8069,39.92944],[15.80605,39.92975],[15.80377,39.92936],[15.80209,39.93107],[15.7999,39.93155],[15.79802,39.93263],[15.79622,39.93497],[15.79902,39.93483],[15.80025,39.93399]]]},"properties":{"firedate":"2026-09-10","area_ha":22.0,"country":"IT"}},{"type":"Feature","geometry":{"type":"Polygon","coordinates":[[[34.21778,51.2971],[34.21923,51.29691],[34.21828,51.29613],[34.21546,51.2949],[34.21008,51.29327],[34.20856,51.29373],[34.20687,51.29601],[34.20701,51.2966],[34.20952,51.29816],[34.21062,51.29668],[34.21778,51.2971]]]},"properties":{"firedate":"2026-09-10","area_ha":24.0,"country":"UA"}},{"type":"Feature","geometry":{"type":"Polygon","coordinates":[[[16.17929,40.02813],[16.17831,40.02855],[16.17839,40.02931],[16.17911,40.03011],[16.18142,40.03033],[16.18213,40.03112],[16.18338,40.03155],[16.18353,40.0319],[16.18292,40.03204],[16.18279,40.03245],[16.18341,40.03325],[16.18544,40.03325],[16.18545,40.03251],[16.18589,40.03248],[16.18627,40.03156],[16.18532,40.03173],[16.18483,40.03125],[16.18288,40.03072],[16.18461,40.02965],[16.18523,40.03036],[16.18674,40.03021],[16.18632,40.02979],[16.18688,40.02923],[16.18573,40.02926],[16.1845,40.02874],[16.18313,40.02913],[16.18252,40.02778],[16.18303,40.02621],[16.18256,40.02525],[16.18176,40.02558],[16.17929,40.02813]]]},"properties":{"firedate":"2026-09-10","area_ha":25.0,"country":"IT"}},{"type":"Feature","geometry":{"type":"Polygon","coordinates":[[[13.43035,41.39884],[13.42969,41.39953],[13.4299,41.40048],[13.4306,41.40092],[13.43,41.40158],[13.42999,41.40207],[13.43143,41.40256],[13.43204,41.40338],[13.43289,41.40346],[13.43434,41.40205],[13.43397,41.39969],[13.43299,41.39861],[13.43284,41.39787],[13.43405,41.39783],[13.43604,41.39691],[13.43498,41.3961],[13.4327,41.39564],[13.43068,41.39727],[13.4302,41.39832],[13.43035,41.39884]]]},"properties":{"firedate":"2026-09-10","area_ha":25.0,"country":"IT"}},{"type":"Feature","geometry":{"type":"Polygon","coordinates":[[[16.02408,43.50671],[16.02887,43.50682],[16.03108,43.50589],[16.03436,43.50585],[16.03738,43.50437],[16.03797,43.50352],[16.02742,43.50374],[16.02435,43.50527],[16.02408,43.50671]]]},"properties":{"firedate":"2026-09-10","area_ha":28.0,"country":"HR"}},{"type":"Feature","geometry":{"type":"Polygon","coordinates":[[[34.45405,45.13874],[34.45415,45.13814],[34.45381,45.13781],[34.45069,45.13638],[34.44886,45.13601],[34.4458,45.13595],[34.44199,45.13655],[34.4416,45.13678],[34.44119,45.13804],[34.44278,45.13883],[34.44632,45.13939],[34.44984,45.13933],[34.45405,45.13874]]]},"properties":{"firedate":"2026-09-10","area_ha":30.0,"country":"UA"}},{"type":"Feature","geometry":{"type":"Polygon","coordinates":[[[38.04711,49.09374],[38.04803,49.09301],[38.04741,49.09265],[38.04629,49.09266],[38.04565,49.09185],[38.04123,49.09147],[38.03904,49.09301],[38.0385,49.09458],[38.03623,49.09603],[38.03653,49.09698],[38.03773,49.09686],[38.0384,49.0976],[38.03973,49.09684],[38.03855,49.09953],[38.03921,49.0999],[38.041,49.09731],[38.04312,49.09557],[38.04356,49.09427],[38.04711,49.09374]]]},"properties":{"firedate":"2026-09-10","area_ha":31.0,"country":"UA"}},{"type":"Feature","geometry":{"type":"Polygon","coordinates":[[[19.44744,42.03024],[19.44644,42.03258],[19.44507,42.03288],[19.44479,42.03523],[19.44608,42.03497],[19.44584,42.03606],[19.44613,42.03627],[19.4469,42.03522],[19.44742,42.03517],[19.44808,42.03575],[19.44806,42.03671],[19.44964,42.03751],[19.45049,42.03655],[19.45012,42.03598],[19.4503,42.0351],[19.45137,42.03461],[19.4504,42.03137],[19.45197,42.03076],[19.45225,42.02993],[19.45135,42.02907],[19.45018,42.02892],[19.44945,42.0296],[19.44744,42.03024]]]},"properties":{"firedate":"2026-09-10","area_ha":31.0,"country":"AL"}},{"type":"Feature","geometry":{"type":"Polygon","coordinates":[[[21.38128,42.81911],[21.38204,42.81876],[21.3816,42.81983],[21.38208,42.8212],[21.38193,42.82222],[21.38092,42.82364],[21.382,42.82478],[21.38088,42.8248],[21.37979,42.82572],[21.38073,42.82659],[21.38063,42.8276],[21.38139,42.82796],[21.38134,42.82865],[21.38056,42.82942],[21.38131,42.83078],[21.38108,42.83109],[21.38008,42.83119],[21.38087,42.83304],[21.38199,42.83314],[21.38272,42.83384],[21.3832,42.83243],[21.38259,42.83222],[21.38203,42.83138],[21.38213,42.82978],[21.38183,42.8288],[21.38235,42.82788],[21.38344,42.82803],[21.38224,42.82725],[21.38403,42.82685],[21.38344,42.82621],[21.38208,42.82682],[21.38254,42.82458],[21.38212,42.82375],[21.38347,42.8232],[21.38381,42.82383],[21.38429,42.8238],[21.38451,42.82211],[21.38506,42.82158],[21.38564,42.82151],[21.38591,42.82214],[21.38667,42.82174],[21.38628,42.82048],[21.3846,42.82078],[21.38526,42.81974],[21.38532,42.81879],[21.38487,42.81816],[21.3839,42.81819],[21.38396,42.81921],[21.38361,42.81982],[21.38266,42.81932],[21.38239,42.81801],[21.38081,42.81777],[21.38078,42.819],[21.38128,42.81911]]]},"properties":{"firedate":"2026-09-10","area_ha":31.0,"country":"KS"}},{"type":"Feature","geometry":{"type":"Polygon","coordinates":[[[4.53736,36.02674],[4.54486,36.02939],[4.54591,36.02888],[4.54397,36.02735],[4.54153,36.02614],[4.53602,36.02538],[4.53285,36.02625],[4.53177,36.02566],[4.53008,36.026],[4.52945,36.02702],[4.53095,36.02779],[4.52949,36.02916],[4.52999,36.02969],[4.53169,36.03009],[4.53522,36.02969],[4.53573,36.02906],[4.5356,36.02835],[4.53443,36.02876],[4.53181,36.0287],[4.53129,36.0285],[4.53116,36.02807],[4.53148,36.02769],[4.53288,36.02764],[4.5348,36.02692],[4.53736,36.02674]]]},"properties":{"firedate":"2026-09-10","area_ha":34.0,"country":"DZ"}},{"type":"Feature","geometry":{"type":"Polygon","coordinates":[[[37.9569,49.52755],[37.95749,49.52209],[37.95608,49.52093],[37.95522,49.521],[37.95239,49.52233],[37.9519,49.52465],[37.94997,49.52557],[37.94946,49.5269],[37.95001,49.5277],[37.95297,49.52861],[37.95462,49.52997],[37.95553,49.52912],[37.95471,49.52832],[37.9569,49.52755]]]},"properties":{"firedate":"2026-09-10","area_ha":35.0,"country":"UA"}},{"type":"Feature","geometry":{"type":"Polygon","coordinates":[[[38.46894,48.43014],[38.469,48.42908],[38.46825,48.42793],[38.46466,48.42781],[38.46427,48.42723],[38.46175,48.42875],[38.46139,48.42977],[38.46175,48.43082],[38.46069,48.43061],[38.45951,48.4311],[38.45852,48.43164],[38.45783,48.43274],[38.45805,48.43301],[38.45905,48.43276],[38.45891,48.43397],[38.45959,48.43428],[38.45995,48.43324],[38.46019,48.43381],[38.46113,48.43356],[38.46174,48.43261],[38.46179,48.43188],[38.46284,48.43126],[38.46308,48.43188],[38.46241,48.43342],[38.46439,48.43409],[38.46644,48.43255],[38.46645,48.43178],[38.46818,48.4311],[38.46894,48.43014]]]},"properties":{"firedate":"2026-09-10","area_ha":35.0,"country":"UA"}},{"type":"Feature","geometry":{"type":"Polygon","coordinates":[[[20.48888,42.94035],[20.48871,42.93907],[20.48934,42.93918],[20.48965,42.93886],[20.48851,42.93846],[20.48808,42.93667],[20.48858,42.93596],[20.48796,42.93552],[20.48731,42.93592],[20.48676,42.93495],[20.48618,42.93492],[20.48616,42.93446],[20.48501,42.93386],[20.48465,42.93387],[20.48443,42.93457],[20.48352,42.93449],[20.48173,42.93543],[20.4804,42.93565],[20.47888,42.93738],[20.48029,42.93848],[20.48124,42.93729],[20.48159,42.93744],[20.48199,42.93776],[20.48167,42.9381],[20.48275,42.94009],[20.48379,42.9407],[20.48535,42.93954],[20.48509,42.93936],[20.48508,42.93813],[20.4855,42.93789],[20.48534,42.93764],[20.48588,42.93748],[20.48624,42.93864],[20.48694,42.93874],[20.48712,42.93996],[20.48665,42.94043],[20.48764,42.94033],[20.48831,42.94075],[20.48888,42.94035]]]},"properties":{"firedate":"2026-09-10","area_ha":35.0,"country":"RS"}},{"type":"Feature","geometry":{"type":"Polygon","coordinates":[[[37.40878,47.99529],[37.40842,47.99405],[37.40721,47.99397],[37.40412,47.99434],[37.39911,47.9956],[37.39511,47.99706],[37.3937,47.9972],[37.39276,47.99666],[37.38817,47.99901],[37.38765,47.99988],[37.38945,48.00138],[37.39008,48.00136],[37.39379,47.99976],[37.39655,47.99927],[37.39852,47.99724],[37.40084,47.9966],[37.40357,47.99638],[37.40403,47.99571],[37.40473,47.99541],[37.40596,47.99585],[37.40878,47.99529]]]},"properties":{"firedate":"2026-09-10","area_ha":37.0,"country":"UA"}},{"type":"Feature","geometry":{"type":"Polygon","coordinates":[[[13.21081,38.06186],[13.20854,38.05866],[13.2084,38.05946],[13.20763,38.06006],[13.20711,38.06002],[13.20695,38.05876],[13.20578,38.05842],[13.20521,38.05787],[13.20371,38.05865],[13.20305,38.06045],[13.20442,38.06138],[13.20397,38.06246],[13.20511,38.06282],[13.20513,38.06383],[13.20646,38.06475],[13.2068,38.06457],[13.20685,38.06496],[13.20789,38.0657],[13.20853,38.06746],[13.2088,38.06711],[13.2084,38.06602],[13.21034,38.06595],[13.21051,38.06541],[13.21131,38.06526],[13.21163,38.06472],[13.21139,38.06201],[13.21081,38.06186]],[[13.20944,38.06463],[13.20817,38.06429],[13.20852,38.06382],[13.20806,38.06344],[13.20806,38.06297],[13.20869,38.06306],[13.20917,38.06269],[13.20929,38.06356],[13.21028,38.06423],[13.20978,38.06484],[13.2106,38.06528],[13.21006,38.06529],[13.20944,38.06463]],[[13.20743,38.06338],[13.2067,38.06217],[13.20755,38.06188],[13.20868,38.06246],[13.20856,38.06274],[13.20774,38.06271],[13.20743,38.06338]]]},"properties":{"firedate":"2026-09-10","area_ha":38.0,"country":"IT"}},{"type":"Feature","geometry":{"type":"Polygon","coordinates":[[[33.67409,52.27561],[33.67625,52.27344],[33.67592,52.27187],[33.67191,52.27172],[33.67125,52.27047],[33.66754,52.26879],[33.66665,52.26758],[33.66331,52.26978],[33.66424,52.27031],[33.66363,52.27104],[33.66335,52.27214],[33.66485,52.27287],[33.66487,52.27413],[33.67303,52.27469],[33.67409,52.27561]]]},"properties":{"firedate":"2026-09-10","area_ha":41.0,"country":"UA"}},{"type":"Feature","geometry":{"type":"Polygon","coordinates":[[[16.24627,43.54116],[16.24228,43.54407],[16.2406,43.54569],[16.23777,43.5473],[16.23761,43.54815],[16.23901,43.54842],[16.24068,43.54745],[16.24386,43.54744],[16.24591,43.54648],[16.25144,43.5417],[16.25176,43.54123],[16.25168,43.54044],[16.24977,43.53981],[16.24839,43.54004],[16.24627,43.54116]]]},"properties":{"firedate":"2026-09-10","area_ha":41.0,"country":"HR"}},{"type":"Feature","geometry":{"type":"Polygon","coordinates":[[[19.30236,43.25111],[19.30318,43.25199],[19.30414,43.25142],[19.30588,43.2521],[19.30585,43.25097],[19.30637,43.25117],[19.30705,43.24991],[19.30735,43.25053],[19.30787,43.25067],[19.30923,43.25018],[19.30937,43.24977],[19.31041,43.25],[19.3105,43.24944],[19.31011,43.24904],[19.31091,43.24871],[19.30903,43.24748],[19.31076,43.24696],[19.30857,43.24646],[19.30748,43.24505],[19.3055,43.24641],[19.30389,43.24625],[19.30279,43.24543],[19.30339,43.24636],[19.30455,43.24688],[19.30478,43.24738],[19.30425,43.24768],[19.30342,43.24658],[19.30103,43.24575],[19.30212,43.24532],[19.30192,43.24486],[19.30091,43.24547],[19.30075,43.24609],[19.30243,43.24746],[19.30207,43.24785],[19.30052,43.24727],[19.29912,43.24758],[19.29835,43.24716],[19.29848,43.24672],[19.29807,43.2465],[19.29617,43.24721],[19.29628,43.24814],[19.29568,43.24959],[19.29572,43.25032],[19.29645,43.25018],[19.29883,43.24829],[19.29958,43.24827],[19.30053,43.24887],[19.30258,43.24831],[19.30323,43.24872],[19.30394,43.24997],[19.30366,43.25025],[19.3039,43.25097],[19.30236,43.25111]]]},"properties":{"firedate":"2026-09-10","area_ha":42.0,"country":"ME"}},{"type":"Feature","geometry":{"type":"Polygon","coordinates":[[[36.93176,48.46104],[36.93488,48.45913],[36.93383,48.4584],[36.934,48.45751],[36.92967,48.45431],[36.92848,48.45303],[36.92826,48.45228],[36.92639,48.45208],[36.92495,48.45146],[36.92408,48.45171],[36.92387,48.45243],[36.92532,48.45369],[36.92478,48.45507],[36.92491,48.45588],[36.92592,48.45826],[36.92734,48.45944],[36.92719,48.45994],[36.92851,48.4599],[36.92996,48.46086],[36.93176,48.46104]]]},"properties":{"firedate":"2026-09-10","area_ha":44.0,"country":"UA"}},{"type":"Feature","geometry":{"type":"Polygon","coordinates":[[[37.90528,49.54603],[37.91204,49.5455],[37.91296,49.54538],[37.91293,49.54506],[37.91166,49.54431],[37.91031,49.54407],[37.91003,49.54327],[37.89908,49.54215],[37.89467,49.54253],[37.89028,49.54337],[37.89021,49.54424],[37.88941,49.54472],[37.88879,49.54579],[37.8969,49.54474],[37.90233,49.54458],[37.90331,49.54473],[37.90528,49.54603]]]},"properties":{"firedate":"2026-09-10","area_ha":44.0,"country":"UA"}},{"type":"Feature","geometry":{"type":"Polygon","coordinates":[[[37.8627,49.58638],[37.86271,49.58576],[37.86203,49.58494],[37.8627,49.58456],[37.86106,49.58424],[37.85865,49.5821],[37.85941,49.58138],[37.86092,49.58114],[37.86149,49.57941],[37.86491,49.57838],[37.8678,49.57804],[37.86662,49.57586],[37.86466,49.57615],[37.86496,49.57721],[37.86421,49.57777],[37.8637,49.57677],[37.863,49.57663],[37.86275,49.57692],[37.86339,49.57765],[37.86136,49.57876],[37.85786,49.57785],[37.85696,49.57684],[37.85498,49.57633],[37.85359,49.5754],[37.85178,49.57503],[37.8509,49.57585],[37.85017,49.57742],[37.84885,49.5785],[37.84872,49.57874],[37.85273,49.5786],[37.85354,49.57902],[37.86041,49.58534],[37.8627,49.58638]]]},"properties":{"firedate":"2026-09-10","area_ha":47.0,"country":"UA"}},{"type":"Feature","geometry":{"type":"Polygon","coordinates":[[[34.09659,46.16798],[34.09461,46.16804],[34.08119,46.17511],[34.08023,46.17582],[34.08078,46.1765],[34.07989,46.17716],[34.07152,46.18171],[34.07246,46.18175],[34.08039,46.17774],[34.08573,46.17338],[34.09328,46.17227],[34.09623,46.17219],[34.09876,46.17254],[34.1003,46.17162],[34.09986,46.17084],[34.09659,46.16798]]]},"properties":{"firedate":"2026-09-10","area_ha":47.0,"country":"UA"}},{"type":"Feature","geometry":{"type":"Polygon","coordinates":[[[37.82857,49.56687],[37.82435,49.5665],[37.82129,49.56574],[37.82064,49.56537],[37.81948,49.56378],[37.81838,49.56337],[37.81565,49.56372],[37.81512,49.56417],[37.81671,49.56546],[37.81688,49.56605],[37.81529,49.56642],[37.81918,49.56699],[37.81935,49.56789],[37.81875,49.56925],[37.8198,49.56949],[37.8201,49.57072],[37.82315,49.5715],[37.824,49.57204],[37.8252,49.57222],[37.82528,49.57113],[37.82561,49.57096],[37.82949,49.57109],[37.828,49.57008],[37.83033,49.56999],[37.83098,49.56946],[37.82599,49.568],[37.82611,49.56763],[37.82803,49.56754],[37.82857,49.56687]]]},"properties":{"firedate":"2026-09-10","area_ha":48.0,"country":"UA"}},{"type":"Feature","geometry":{"type":"Polygon","coordinates":[[[13.39193,38.06651],[13.39022,38.06689],[13.38978,38.0673],[13.39156,38.07148],[13.39537,38.07338],[13.39764,38.07387],[13.39848,38.07433],[13.39898,38.07515],[13.39952,38.07504],[13.39804,38.07306],[13.39951,38.07052],[13.39882,38.06862],[13.39974,38.06765],[13.39939,38.06673],[13.39634,38.06619],[13.39423,38.06679],[13.39289,38.06664],[13.39328,38.06864],[13.39289,38.06902],[13.39197,38.06775],[13.39193,38.06651]]]},"properties":{"firedate":"2026-09-10","area_ha":51.0,"country":"IT"}},{"type":"Feature","geometry":{"type":"Polygon","coordinates":[[[9.3933,36.9385],[9.39076,36.93595],[9.38971,36.93546],[9.38838,36.93549],[9.38847,36.93513],[9.39124,36.93402],[9.39213,36.93421],[9.39239,36.9349],[9.39373,36.93495],[9.39462,36.93575],[9.39538,36.93532],[9.3965,36.93611],[9.39714,36.93557],[9.39759,36.93405],[9.39737,36.93302],[9.39682,36.93242],[9.39546,36.93175],[9.39425,36.93161],[9.39225,36.93231],[9.38825,36.93283],[9.38621,36.93347],[9.38628,36.93393],[9.38795,36.93543],[9.38874,36.9368],[9.3893,36.93884],[9.39032,36.93986],[9.39207,36.94094],[9.39669,36.94271],[9.39644,36.94064],[9.39597,36.9397],[9.39533,36.93915],[9.3933,36.9385]]]},"properties":{"firedate":"2026-09-10","area_ha":55.0,"country":"TN"}},{"type":"Feature","geometry":{"type":"Polygon","coordinates":[[[14.07108,37.38216],[14.07401,37.38258],[14.07404,37.38284],[14.07448,37.3827],[14.07641,37.37953],[14.07551,37.37825],[14.07627,37.37635],[14.07593,37.37568],[14.07449,37.37544],[14.07309,37.37401],[14.07747,37.37103],[14.07824,37.3693],[14.08045,37.36909],[14.08295,37.36788],[14.08222,37.36789],[14.08211,37.36702],[14.08158,37.36685],[14.08111,37.36739],[14.07991,37.36755],[14.07977,37.36622],[14.0792,37.36699],[14.07854,37.36699],[14.07848,37.36734],[14.07906,37.36794],[14.07886,37.36819],[14.07565,37.36743],[14.07478,37.36653],[14.07178,37.36682],[14.06998,37.3664],[14.06952,37.36679],[14.06852,37.36609],[14.06816,37.36628],[14.07039,37.36736],[14.07047,37.36772],[14.07123,37.36758],[14.07174,37.36791],[14.07508,37.37091],[14.0738,37.373],[14.07122,37.37113],[14.06982,37.37043],[14.0696,37.3707],[14.0697,37.37162],[14.07053,37.37235],[14.06965,37.3724],[14.0697,37.37311],[14.07093,37.37359],[14.07111,37.37411],[14.07265,37.37428],[14.07387,37.37536],[14.07338,37.37924],[14.07097,37.38031],[14.0714,37.38053],[14.07153,37.38124],[14.07224,37.38147],[14.07127,37.38165],[14.07108,37.38216]]]},"properties":{"firedate":"2026-09-10","area_ha":61.0,"country":"IT"}},{"type":"Feature","geometry":{"type":"Polygon","coordinates":[[[31.0812,51.89593],[31.08467,51.89519],[31.08552,51.89349],[31.08402,51.8918],[31.08465,51.89161],[31.08535,51.89206],[31.08596,51.89153],[31.0861,51.88972],[31.08518,51.88847],[31.08556,51.88737],[31.08504,51.88666],[31.08291,51.88518],[31.0805,51.88491],[31.07895,51.88523],[31.07723,51.88628],[31.07558,51.88664],[31.07406,51.88747],[31.07309,51.88941],[31.07333,51.88984],[31.0748,51.8897],[31.07564,51.89022],[31.07751,51.89026],[31.0776,51.89099],[31.0763,51.89127],[31.0762,51.89211],[31.07787,51.89229],[31.0794,51.89345],[31.08032,51.8936],[31.0803,51.89492],[31.0812,51.89593]]]},"properties":{"firedate":"2026-09-10","area_ha":66.0,"country":"UA"}},{"type":"Feature","geometry":{"type":"Polygon","coordinates":[[[40.39531,39.71276],[40.39515,39.71311],[40.39713,39.71533],[40.3994,39.71601],[40.40321,39.71507],[40.40398,39.71439],[40.40373,39.71213],[40.40299,39.71129],[40.40307,39.71027],[40.40043,39.70665],[40.39848,39.70697],[40.39695,39.70676],[40.39429,39.70763],[40.39288,39.70852],[40.3933,39.70981],[40.39484,39.71037],[40.39415,39.71207],[40.39438,39.71248],[40.39531,39.71276]]]},"properties":{"firedate":"2026-09-10","area_ha":67.0,"country":"TR"}},{"type":"Feature","geometry":{"type":"Polygon","coordinates":[[[36.12677,48.03267],[36.1288,48.02719],[36.12895,48.02597],[36.12199,48.0246],[36.12087,48.0247],[36.11816,48.03073],[36.11614,48.03216],[36.11561,48.03384],[36.11624,48.03497],[36.11735,48.03537],[36.11789,48.03466],[36.11745,48.03419],[36.11874,48.03378],[36.11882,48.03328],[36.12,48.03321],[36.12023,48.03279],[36.12543,48.03367],[36.12677,48.03267]]]},"properties":{"firedate":"2026-09-10","area_ha":67.0,"country":"UA"}},{"type":"Feature","geometry":{"type":"Polygon","coordinates":[[[38.85447,48.66062],[38.85468,48.66001],[38.8532,48.65734],[38.85294,48.657],[38.85176,48.65696],[38.85206,48.65434],[38.85132,48.65379],[38.85036,48.65399],[38.85009,48.65525],[38.84973,48.65515],[38.8495,48.65334],[38.84861,48.65354],[38.84296,48.65693],[38.83936,48.65927],[38.83879,48.66025],[38.83969,48.66248],[38.84022,48.66289],[38.84216,48.66231],[38.84237,48.66132],[38.84383,48.66131],[38.84407,48.66215],[38.85447,48.66062]]]},"properties":{"firedate":"2026-09-10","area_ha":70.0,"country":"UA"}},{"type":"Feature","geometry":{"type":"Polygon","coordinates":[[[37.93517,49.08082],[37.93359,49.08017],[37.93155,49.08035],[37.93055,49.08081],[37.92984,49.08192],[37.92901,49.08604],[37.92732,49.0869],[37.92648,49.08613],[37.92559,49.08832],[37.92456,49.08947],[37.92608,49.09014],[37.92683,49.08968],[37.92795,49.08971],[37.92751,49.08858],[37.92837,49.08773],[37.92943,49.08754],[37.93113,49.08998],[37.93324,49.09196],[37.93333,49.09219],[37.93216,49.09292],[37.93218,49.09372],[37.93528,49.0936],[37.93708,49.09468],[37.93638,49.09507],[37.93684,49.09545],[37.93807,49.09517],[37.94001,49.09573],[37.93834,49.0973],[37.94169,49.09675],[37.94282,49.09728],[37.94442,49.09677],[37.944,49.09617],[37.94481,49.09538],[37.9461,49.09499],[37.94705,49.09512],[37.94709,49.0944],[37.94647,49.09366],[37.94475,49.09316],[37.94373,49.09328],[37.94349,49.09363],[37.94384,49.09456],[37.94362,49.09507],[37.94215,49.09534],[37.94054,49.09506],[37.93813,49.09304],[37.9373,49.09074],[37.9331,49.08774],[37.93261,49.08656],[37.93254,49.08384],[37.93322,49.08273],[37.93471,49.08179],[37.93517,49.08082]]]},"properties":{"firedate":"2026-09-10","area_ha":71.0,"country":"UA"}},{"type":"Feature","geometry":{"type":"MultiPolygon","coordinates":[[[[35.13231,47.66714],[35.13145,47.66679],[35.13227,47.66557],[35.13226,47.66446],[35.13113,47.66357],[35.13003,47.65993],[35.13097,47.65915],[35.13078,47.65716],[35.12986,47.65522],[35.12944,47.65499],[35.12828,47.65533],[35.12535,47.65662],[35.12187,47.65914],[35.12236,47.66307],[35.12442,47.66605],[35.12517,47.66638],[35.12751,47.66554],[35.12653,47.66674],[35.127,47.6673],[35.12835,47.66725],[35.12806,47.66821],[35.13124,47.66819],[35.13257,47.66693],[35.13231,47.66714]]],[[[35.13115,47.65967],[35.13092,47.66018],[35.13089,47.66029],[35.13134,47.66028],[35.13115,47.65967]]]]},"properties":{"firedate":"2026-09-10","area_ha":75.0,"country":"UA"}},{"type":"Feature","geometry":{"type":"Polygon","coordinates":[[[14.69373,37.48815],[14.68887,37.48839],[14.68735,37.48911],[14.68728,37.49],[14.6815,37.49006],[14.67988,37.49112],[14.67952,37.49087],[14.67916,37.48958],[14.67868,37.49124],[14.67713,37.49237],[14.67755,37.493],[14.68385,37.49307],[14.68357,37.49353],[14.68198,37.49435],[14.68297,37.49529],[14.68368,37.49516],[14.68405,37.49435],[14.686,37.49354],[14.68765,37.49494],[14.68816,37.49497],[14.68865,37.49474],[14.68886,37.49412],[14.68828,37.49216],[14.6892,37.49133],[14.68998,37.49116],[14.6906,37.49163],[14.69113,37.49059],[14.69473,37.49042],[14.69533,37.4899],[14.69839,37.49035],[14.6996,37.48948],[14.70195,37.48901],[14.70243,37.488],[14.70176,37.48748],[14.69826,37.48751],[14.69778,37.48586],[14.69736,37.48561],[14.69508,37.48617],[14.69455,37.4874],[14.69373,37.48815]]]},"properties":{"firedate":"2026-09-10","area_ha":77.0,"country":"IT"}},{"type":"Feature","geometry":{"type":"Polygon","coordinates":[[[20.77971,42.42426],[20.78135,42.42181],[20.78068,42.42164],[20.77751,42.4226],[20.77616,42.42265],[20.77592,42.42216],[20.77718,42.41997],[20.77561,42.41935],[20.7713,42.41871],[20.76808,42.41901],[20.76697,42.41966],[20.76509,42.42161],[20.76547,42.42272],[20.76529,42.42387],[20.76676,42.42497],[20.76716,42.42591],[20.77129,42.42566],[20.77477,42.42753],[20.77529,42.42738],[20.77476,42.42691],[20.77488,42.42657],[20.77597,42.42682],[20.77644,42.42591],[20.77747,42.42695],[20.77897,42.42715],[20.77971,42.42426]]]},"properties":{"firedate":"2026-09-10","area_ha":83.0,"country":"KS"}},{"type":"Feature","geometry":{"type":"Polygon","coordinates":[[[32.26976,46.1834],[32.27075,46.18225],[32.27317,46.18172],[32.27421,46.18095],[32.27406,46.18003],[32.27287,46.17831],[32.27135,46.17843],[32.27172,46.18026],[32.2688,46.18054],[32.26445,46.18035],[32.26413,46.18016],[32.26371,46.1777],[32.26255,46.17652],[32.26147,46.17627],[32.25356,46.17803],[32.25047,46.17809],[32.24873,46.17902],[32.25282,46.18022],[32.25444,46.18165],[32.26083,46.18178],[32.26328,46.18243],[32.26387,46.18281],[32.26479,46.18519],[32.26744,46.1864],[32.26819,46.18636],[32.2688,46.18508],[32.27024,46.18458],[32.26976,46.1834]]]},"properties":{"firedate":"2026-09-10","area_ha":84.0,"country":"UA"}},{"type":"Feature","geometry":{"type":"Polygon","coordinates":[[[37.92008,49.8266],[37.92214,49.82599],[37.9182,49.82611],[37.9132,49.82771],[37.90805,49.82991],[37.90028,49.83163],[37.88795,49.83223],[37.88754,49.83334],[37.88755,49.83561],[37.88824,49.83665],[37.88897,49.83677],[37.90036,49.8358],[37.90307,49.83406],[37.90345,49.83407],[37.90376,49.83514],[37.90438,49.83516],[37.90697,49.83421],[37.90746,49.83373],[37.9072,49.83214],[37.91147,49.83085],[37.92008,49.8266]]]},"properties":{"firedate":"2026-09-10","area_ha":87.0,"country":"UA"}},{"type":"Feature","geometry":{"type":"Polygon","coordinates":[[[14.40523,37.10479],[14.40548,37.10348],[14.40387,37.10188],[14.40241,37.10171],[14.39707,37.09956],[14.39611,37.09965],[14.39559,37.09828],[14.39538,37.0959],[14.3949,37.09529],[14.39333,37.09482],[14.39218,37.09522],[14.39208,37.0956],[14.39322,37.09643],[14.39238,37.09677],[14.39157,37.09621],[14.39134,37.09525],[14.39069,37.09503],[14.38951,37.09538],[14.38816,37.09465],[14.38803,37.09273],[14.38752,37.0928],[14.38699,37.09348],[14.38651,37.09356],[14.38644,37.09329],[14.38567,37.09386],[14.38526,37.09525],[14.3859,37.09535],[14.38672,37.09468],[14.38716,37.0949],[14.38729,37.09545],[14.38596,37.09711],[14.38583,37.09835],[14.38524,37.09894],[14.38691,37.10036],[14.38869,37.09964],[14.38953,37.0998],[14.39109,37.09943],[14.39197,37.10039],[14.39211,37.10155],[14.39337,37.1022],[14.39478,37.10364],[14.39586,37.10377],[14.39611,37.10292],[14.39692,37.10282],[14.39829,37.10452],[14.39949,37.10428],[14.3998,37.10562],[14.40177,37.10572],[14.40281,37.10612],[14.40389,37.10557],[14.40523,37.10726],[14.40572,37.10732],[14.4045,37.1051],[14.40453,37.10482],[14.40523,37.10479]]]},"properties":{"firedate":"2026-09-10","area_ha":96.0,"country":"IT"}},{"type":"Feature","geometry":{"type":"Polygon","coordinates":[[[35.6809,47.64281],[35.68326,47.64073],[35.68938,47.63674],[35.69264,47.63372],[35.69457,47.63091],[35.69374,47.63054],[35.6878,47.63253],[35.68405,47.63297],[35.6826,47.63348],[35.68094,47.63476],[35.67864,47.63368],[35.67767,47.6342],[35.67679,47.63636],[35.67507,47.6371],[35.67499,47.63753],[35.67769,47.64023],[35.67744,47.64058],[35.67487,47.64131],[35.67422,47.64033],[35.67246,47.63954],[35.67094,47.64018],[35.67061,47.641],[35.67276,47.644],[35.67558,47.64395],[35.67735,47.64498],[35.6809,47.64281]]]},"properties":{"firedate":"2026-09-10","area_ha":112.0,"country":"UA"}},{"type":"Feature","geometry":{"type":"Polygon","coordinates":[[[13.878,41.13976],[13.87949,41.14029],[13.87948,41.14125],[13.88019,41.14163],[13.88114,41.14149],[13.88194,41.14178],[13.88377,41.1434],[13.88657,41.14413],[13.88843,41.14509],[13.88859,41.14575],[13.88787,41.14684],[13.88823,41.14708],[13.89152,41.14669],[13.89192,41.146],[13.89313,41.14569],[13.89413,41.14417],[13.8951,41.14405],[13.89739,41.14287],[13.89778,41.14155],[13.89735,41.14048],[13.89458,41.13998],[13.89203,41.13891],[13.88985,41.13872],[13.88903,41.13924],[13.88535,41.13804],[13.8853,41.13772],[13.88697,41.13759],[13.88523,41.13604],[13.88478,41.13328],[13.88373,41.13273],[13.88278,41.13311],[13.88102,41.13561],[13.8815,41.13613],[13.88302,41.13647],[13.88384,41.1374],[13.88269,41.13746],[13.8806,41.13648],[13.87896,41.13681],[13.8779,41.13758],[13.87813,41.13824],[13.87761,41.13914],[13.878,41.13976]]]},"properties":{"firedate":"2026-09-10","area_ha":114.0,"country":"IT"}},{"type":"Feature","geometry":{"type":"Polygon","coordinates":[[[14.10301,37.34691],[14.10078,37.3464],[14.0963,37.34882],[14.09611,37.34962],[14.09725,37.35125],[14.09475,37.35205],[14.09508,37.35298],[14.09405,37.35425],[14.09417,37.35491],[14.09536,37.35558],[14.09765,37.35584],[14.09857,37.35486],[14.09877,37.35402],[14.10009,37.35295],[14.1014,37.35251],[14.10363,37.35312],[14.10389,37.3528],[14.10355,37.35217],[14.10413,37.3517],[14.10631,37.35416],[14.10589,37.35535],[14.10629,37.35577],[14.10889,37.35659],[14.11231,37.35545],[14.1143,37.35624],[14.1148,37.35609],[14.11493,37.35583],[14.11413,37.35518],[14.11365,37.35317],[14.11074,37.3528],[14.11123,37.35232],[14.11221,37.35239],[14.11239,37.35207],[14.11043,37.35148],[14.10993,37.351],[14.11013,37.35031],[14.10914,37.34925],[14.10992,37.34827],[14.10755,37.34837],[14.10826,37.35001],[14.10798,37.35087],[14.10675,37.35084],[14.10425,37.34933],[14.10437,37.34894],[14.10589,37.34948],[14.10689,37.34926],[14.10723,37.3488],[14.10721,37.34783],[14.10757,37.34758],[14.10969,37.34779],[14.11024,37.34677],[14.11161,37.34595],[14.11228,37.34486],[14.10586,37.34476],[14.10553,37.34605],[14.10353,37.34602],[14.10301,37.34691]]]},"properties":{"firedate":"2026-09-10","area_ha":125.0,"country":"IT"}},{"type":"Feature","geometry":{"type":"Polygon","coordinates":[[[36.64221,48.43089],[36.64516,48.43006],[36.64447,48.42968],[36.64327,48.43002],[36.64019,48.42897],[36.64076,48.42821],[36.64021,48.42299],[36.63849,48.42336],[36.63,48.42237],[36.62816,48.42394],[36.62465,48.42463],[36.62402,48.42413],[36.62325,48.42081],[36.62166,48.42207],[36.61825,48.42179],[36.6168,48.42198],[36.61611,48.42245],[36.61423,48.42243],[36.61562,48.42438],[36.61476,48.42609],[36.61917,48.42555],[36.62098,48.42638],[36.62384,48.42522],[36.6249,48.43044],[36.62998,48.43095],[36.6311,48.43141],[36.63169,48.43131],[36.63204,48.4303],[36.6332,48.43093],[36.63373,48.43053],[36.63658,48.43047],[36.63799,48.42957],[36.64221,48.43089]]]},"properties":{"firedate":"2026-09-10","area_ha":129.0,"country":"UA"}},{"type":"Feature","geometry":{"type":"Polygon","coordinates":[[[36.5509,47.73146],[36.54934,47.73314],[36.54553,47.73461],[36.54568,47.73585],[36.54938,47.73537],[36.54963,47.73668],[36.55077,47.7373],[36.55213,47.73879],[36.55341,47.73886],[36.55504,47.73815],[36.55793,47.73951],[36.56069,47.73925],[36.56108,47.74043],[36.56224,47.74104],[36.56496,47.73997],[36.56565,47.74087],[36.56542,47.74213],[36.56827,47.74214],[36.56928,47.74127],[36.57157,47.73738],[36.5719,47.73648],[36.57092,47.73601],[36.57082,47.73544],[36.57173,47.73479],[36.57524,47.73375],[36.58082,47.72932],[36.57974,47.72911],[36.57595,47.73047],[36.57433,47.73042],[36.57102,47.73238],[36.56714,47.7324],[36.5662,47.73299],[36.56515,47.73475],[36.56358,47.73429],[36.56095,47.73207],[36.55868,47.73108],[36.55555,47.73076],[36.552,47.73104],[36.5509,47.73146]]]},"properties":{"firedate":"2026-09-10","area_ha":165.0,"country":"UA"}},{"type":"Feature","geometry":{"type":"Polygon","coordinates":[[[34.56771,46.3034],[34.56913,46.30244],[34.56798,46.3024],[34.56687,46.30282],[34.56573,46.30252],[34.56147,46.30277],[34.56057,46.30187],[34.56001,46.30045],[34.56128,46.30008],[34.56653,46.3005],[34.5673,46.3002],[34.56679,46.29977],[34.56966,46.29982],[34.5696,46.29898],[34.57088,46.29949],[34.57422,46.29914],[34.57359,46.30009],[34.5737,46.30063],[34.57505,46.30072],[34.57602,46.30247],[34.57766,46.30286],[34.57923,46.30207],[34.58161,46.30383],[34.58211,46.30593],[34.58162,46.30636],[34.57971,46.30655],[34.57761,46.3056],[34.57622,46.3056],[34.57747,46.30664],[34.5777,46.30726],[34.57562,46.30864],[34.5759,46.30947],[34.57404,46.31063],[34.57415,46.31248],[34.57444,46.31277],[34.5769,46.31376],[34.58001,46.31441],[34.58216,46.31446],[34.58325,46.31484],[34.58366,46.3135],[34.58446,46.31308],[34.58637,46.31287],[34.58659,46.31243],[34.58633,46.31179],[34.58473,46.31161],[34.58503,46.3099],[34.58591,46.3099],[34.58755,46.30913],[34.58857,46.31065],[34.5892,46.31066],[34.58946,46.30971],[34.5908,46.30795],[34.58689,46.30692],[34.58671,46.30654],[34.58716,46.30532],[34.58482,46.3042],[34.5845,46.3025],[34.58153,46.30135],[34.58107,46.30082],[34.5824,46.29537],[34.5819,46.29482],[34.57714,46.2957],[34.57691,46.29615],[34.57713,46.2976],[34.57686,46.29839],[34.57639,46.29853],[34.56482,46.2978],[34.55819,46.3007],[34.55773,46.30133],[34.56029,46.30388],[34.56071,46.3049],[34.56052,46.30868],[34.56086,46.3113],[34.56224,46.30814],[34.56196,46.30704],[34.56236,46.30579],[34.56166,46.30578],[34.56154,46.30544],[34.56353,46.30434],[34.56771,46.3034]]]},"properties":{"firedate":"2026-09-10","area_ha":172.0,"country":"UA"}},{"type":"Feature","geometry":{"type":"Polygon","coordinates":[[[36.73515,48.77322],[36.73444,48.77013],[36.73306,48.76688],[36.73323,48.76637],[36.73948,48.76464],[36.74102,48.7633],[36.74185,48.76143],[36.74087,48.76119],[36.73988,48.76145],[36.73853,48.76213],[36.7381,48.7635],[36.73281,48.76481],[36.72169,48.76682],[36.71624,48.76679],[36.71642,48.766],[36.71959,48.76239],[36.72011,48.76102],[36.72236,48.75927],[36.72067,48.7576],[36.71805,48.75653],[36.71815,48.75399],[36.72155,48.7514],[36.72026,48.75026],[36.71921,48.75058],[36.71736,48.75023],[36.71603,48.75071],[36.71437,48.75057],[36.71235,48.75297],[36.71245,48.75341],[36.71388,48.75467],[36.71358,48.75664],[36.71417,48.75803],[36.71093,48.7622],[36.71251,48.76579],[36.71146,48.76714],[36.71007,48.76752],[36.70672,48.76703],[36.70353,48.76701],[36.70068,48.76598],[36.69803,48.76776],[36.69589,48.76814],[36.69559,48.76884],[36.70298,48.76807],[36.70456,48.76845],[36.70575,48.76794],[36.7093,48.76829],[36.7113,48.76782],[36.712,48.76932],[36.71357,48.7691],[36.71399,48.76945],[36.71395,48.77025],[36.71446,48.77103],[36.71625,48.7718],[36.71651,48.77317],[36.71725,48.77346],[36.71631,48.77549],[36.71812,48.77486],[36.7186,48.77359],[36.7196,48.77364],[36.71967,48.77315],[36.71857,48.77139],[36.71868,48.76858],[36.72521,48.76741],[36.72901,48.76721],[36.72959,48.76744],[36.72993,48.7721],[36.73037,48.77317],[36.73331,48.77439],[36.73492,48.77385],[36.73515,48.77322]]]},"properties":{"firedate":"2026-09-10","area_ha":189.0,"country":"UA"}},{"type":"Feature","geometry":{"type":"Polygon","coordinates":[[[38.07343,49.66874],[38.07642,49.66683],[38.07629,49.66735],[38.0766,49.66759],[38.07761,49.66757],[38.07835,49.66667],[38.07755,49.66611],[38.07912,49.66656],[38.07965,49.66565],[38.08046,49.66593],[38.08146,49.66577],[38.07858,49.66469],[38.07797,49.66414],[38.07919,49.66233],[38.07913,49.66143],[38.08228,49.66326],[38.08252,49.66405],[38.08419,49.66365],[38.08403,49.66284],[38.08297,49.66188],[38.08423,49.66137],[38.08206,49.65986],[38.08214,49.65589],[38.08384,49.65639],[38.08386,49.65692],[38.08448,49.65745],[38.08539,49.65687],[38.08535,49.65826],[38.08596,49.65868],[38.0879,49.65933],[38.08985,49.65865],[38.08955,49.65973],[38.08773,49.66012],[38.08677,49.6609],[38.08654,49.66215],[38.08709,49.66256],[38.08767,49.66257],[38.09125,49.65964],[38.09168,49.65891],[38.09139,49.65857],[38.08962,49.65767],[38.08928,49.65742],[38.08945,49.65712],[38.08788,49.65623],[38.08886,49.65556],[38.08997,49.65577],[38.09056,49.65544],[38.08926,49.65512],[38.08991,49.65369],[38.08665,49.65291],[38.0856,49.65418],[38.08423,49.65444],[38.08229,49.65351],[38.08138,49.65402],[38.08112,49.65346],[38.08069,49.65342],[38.07833,49.65527],[38.07817,49.65439],[38.0773,49.65426],[38.07633,49.65493],[38.07533,49.65425],[38.07203,49.65566],[38.0653,49.65461],[38.06495,49.65533],[38.06534,49.6564],[38.06431,49.65641],[38.06376,49.65771],[38.06244,49.6576],[38.06234,49.65797],[38.06408,49.65939],[38.06487,49.66083],[38.06641,49.66189],[38.06796,49.66366],[38.06779,49.66543],[38.06892,49.66587],[38.06866,49.66693],[38.06993,49.66696],[38.07028,49.66752],[38.07033,49.66797],[38.06975,49.66848],[38.07062,49.66878],[38.07343,49.66874]]]},"properties":{"firedate":"2026-09-10","area_ha":192.0,"country":"UA"}},{"type":"Feature","geometry":{"type":"Polygon","coordinates":[[[31.00382,51.94421],[31.00575,51.94241],[31.00242,51.9426],[31.00225,51.94192],[31.00309,51.93857],[31.00297,51.93795],[31.00122,51.93858],[31.00083,51.94021],[30.99757,51.94005],[30.99671,51.94149],[30.99594,51.9413],[30.99587,51.93991],[30.997,51.93598],[30.99519,51.93488],[30.99476,51.93278],[30.9938,51.9317],[30.99172,51.93056],[30.9942,51.9306],[31.00057,51.92794],[30.99892,51.92748],[30.99682,51.92838],[30.99622,51.92805],[30.99038,51.92779],[30.9902,51.92763],[30.99102,51.92686],[30.9956,51.92619],[30.99659,51.92504],[30.99258,51.92407],[30.98901,51.92377],[30.98814,51.92315],[30.98161,51.92336],[30.97889,51.92473],[30.97825,51.9262],[30.97871,51.92907],[30.97826,51.9304],[30.97917,51.93102],[30.9799,51.93264],[30.98559,51.93455],[30.98597,51.93501],[30.98924,51.93655],[30.98893,51.93916],[30.98997,51.94102],[30.99409,51.94388],[30.99685,51.94473],[31.00143,51.94489],[31.00382,51.94421]]]},"properties":{"firedate":"2026-09-10","area_ha":204.0,"country":"UA"}},{"type":"Feature","geometry":{"type":"Polygon","coordinates":[[[39.62895,48.55595],[39.62977,48.55341],[39.62909,48.55324],[39.62511,48.55388],[39.62595,48.55285],[39.62554,48.55238],[39.62454,48.55301],[39.62428,48.55168],[39.61639,48.55368],[39.61582,48.55308],[39.61387,48.5528],[39.61636,48.55156],[39.61815,48.5498],[39.62158,48.54884],[39.62396,48.54947],[39.62446,48.54922],[39.62519,48.54672],[39.62508,48.54473],[39.62352,48.54401],[39.62244,48.54394],[39.62112,48.54441],[39.62097,48.54418],[39.62357,48.54267],[39.62518,48.5413],[39.62451,48.54104],[39.614,48.54342],[39.6074,48.54665],[39.60705,48.54716],[39.60698,48.54864],[39.60454,48.55052],[39.6048,48.55134],[39.60343,48.55252],[39.60419,48.55277],[39.60324,48.55356],[39.60365,48.55407],[39.60273,48.5545],[39.60236,48.55622],[39.60128,48.55737],[39.60211,48.55784],[39.60379,48.55701],[39.60396,48.5575],[39.60552,48.55702],[39.60645,48.55732],[39.60768,48.55697],[39.60788,48.55731],[39.60728,48.55854],[39.60747,48.55908],[39.60821,48.55914],[39.60936,48.55831],[39.60887,48.55752],[39.61004,48.55562],[39.611,48.55512],[39.61505,48.5579],[39.61837,48.55876],[39.61919,48.55796],[39.62264,48.55823],[39.62384,48.55745],[39.62388,48.55688],[39.62496,48.55549],[39.62653,48.55514],[39.62895,48.55595]]]},"properties":{"firedate":"2026-09-10","area_ha":213.0,"country":"UA"}},{"type":"Feature","geometry":{"type":"Polygon","coordinates":[[[37.49725,48.82117],[37.50213,48.81626],[37.50207,48.81407],[37.50258,48.81209],[37.50585,48.80689],[37.50678,48.8034],[37.50639,48.80264],[37.50451,48.80265],[37.49628,48.80426],[37.49492,48.8049],[37.49396,48.80688],[37.489,48.80658],[37.48785,48.80711],[37.48644,48.80872],[37.4863,48.8095],[37.48717,48.81462],[37.48888,48.81809],[37.48882,48.81891],[37.48532,48.82129],[37.4851,48.82164],[37.48537,48.82262],[37.49051,48.82176],[37.49553,48.82179],[37.49725,48.82117]]]},"properties":{"firedate":"2026-09-10","area_ha":214.0,"country":"UA"}},{"type":"Feature","geometry":{"type":"Polygon","coordinates":[[[38.1353,48.88293],[38.13706,48.88588],[38.13699,48.88817],[38.1364,48.8902],[38.13652,48.89188],[38.13743,48.89301],[38.1381,48.89316],[38.14303,48.89319],[38.14625,48.89402],[38.15565,48.89488],[38.15774,48.8942],[38.15979,48.89262],[38.16103,48.88899],[38.1614,48.88878],[38.16363,48.88849],[38.1692,48.88958],[38.1697,48.88953],[38.17026,48.88895],[38.17006,48.8884],[38.16682,48.88785],[38.16555,48.88714],[38.16623,48.88633],[38.16843,48.8856],[38.16882,48.88517],[38.16764,48.8846],[38.1658,48.88447],[38.16384,48.88374],[38.16394,48.88261],[38.16329,48.88209],[38.16264,48.88217],[38.16205,48.88298],[38.1583,48.88299],[38.15704,48.88261],[38.15505,48.88308],[38.14697,48.88271],[38.1353,48.88293]]]},"properties":{"firedate":"2026-09-10","area_ha":246.0,"country":"UA"}},{"type":"Feature","geometry":{"type":"Polygon","coordinates":[[[37.18562,47.67534],[37.17244,47.66562],[37.17158,47.66712],[37.16891,47.668],[37.16825,47.66795],[37.16814,47.66747],[37.16927,47.66625],[37.16885,47.66585],[37.16745,47.66564],[37.15933,47.6673],[37.15583,47.667],[37.1534,47.66827],[37.15199,47.66947],[37.15107,47.67212],[37.14946,47.67261],[37.14912,47.67305],[37.14189,47.67485],[37.14217,47.67561],[37.14282,47.67576],[37.14621,47.67577],[37.14765,47.67721],[37.15106,47.67442],[37.15396,47.67914],[37.15509,47.67933],[37.16038,47.67773],[37.16513,47.67753],[37.16675,47.67636],[37.16948,47.67559],[37.17446,47.67609],[37.17404,47.67678],[37.17717,47.6788],[37.17793,47.67888],[37.18099,47.67804],[37.18727,47.67719],[37.18562,47.67534]]]},"properties":{"firedate":"2026-09-10","area_ha":280.0,"country":"UA"}},{"type":"Feature","geometry":{"type":"Polygon","coordinates":[[[21.66129,41.11731],[21.66049,41.11958],[21.66278,41.12439],[21.66171,41.1252],[21.66099,41.12513],[21.66096,41.12399],[21.66065,41.12371],[21.66024,41.12396],[21.65933,41.12595],[21.65548,41.12428],[21.65412,41.12492],[21.65151,41.12525],[21.65105,41.12501],[21.65113,41.12389],[21.65083,41.12353],[21.64985,41.12409],[21.64801,41.12344],[21.64764,41.12374],[21.64772,41.12436],[21.64663,41.12523],[21.6456,41.12493],[21.64494,41.12528],[21.64488,41.12652],[21.64549,41.1281],[21.64489,41.12931],[21.64826,41.13105],[21.65053,41.13171],[21.65189,41.13265],[21.65626,41.1333],[21.65703,41.13301],[21.65744,41.13224],[21.65991,41.13269],[21.66361,41.13135],[21.66352,41.1308],[21.66279,41.13046],[21.6627,41.13009],[21.66358,41.12954],[21.66473,41.12962],[21.66498,41.12825],[21.6662,41.12883],[21.66629,41.12996],[21.66719,41.13042],[21.66763,41.13029],[21.66768,41.12946],[21.66986,41.12773],[21.6727,41.12699],[21.67724,41.12717],[21.67827,41.12686],[21.67611,41.126],[21.67771,41.12407],[21.67638,41.12298],[21.67667,41.12213],[21.67663,41.11917],[21.67552,41.11436],[21.67294,41.11396],[21.67183,41.11497],[21.66881,41.11492],[21.6675,41.11571],[21.66459,41.11643],[21.66408,41.11719],[21.66129,41.11731]]]},"properties":{"firedate":"2026-09-10","area_ha":298.0,"country":"MK"}},{"type":"Feature","geometry":{"type":"Polygon","coordinates":[[[32.3939,46.16631],[32.39696,46.15128],[32.39656,46.14977],[32.39469,46.14991],[32.39435,46.15023],[32.39225,46.15909],[32.39149,46.16034],[32.38952,46.16013],[32.38892,46.15957],[32.38967,46.1573],[32.39099,46.15499],[32.39185,46.15197],[32.39217,46.1513],[32.39279,46.15119],[32.39319,46.15021],[32.39443,46.14574],[32.39435,46.14479],[32.38691,46.14467],[32.38639,46.14501],[32.38567,46.14696],[32.38432,46.14702],[32.38229,46.14769],[32.37975,46.14957],[32.37977,46.14995],[32.38167,46.15029],[32.38202,46.15065],[32.38185,46.15229],[32.38308,46.15244],[32.38404,46.15085],[32.38549,46.15063],[32.38447,46.15806],[32.38357,46.15934],[32.38037,46.1592],[32.37789,46.15841],[32.37767,46.15766],[32.37821,46.15407],[32.37767,46.15387],[32.37634,46.15445],[32.37527,46.15586],[32.37316,46.15573],[32.36848,46.15767],[32.36807,46.15929],[32.36652,46.16059],[32.36554,46.16316],[32.36314,46.16495],[32.36348,46.16535],[32.36697,46.16588],[32.37518,46.16658],[32.37658,46.1664],[32.37697,46.16509],[32.37677,46.16478],[32.37378,46.16452],[32.37143,46.16311],[32.37159,46.16173],[32.37384,46.16032],[32.37456,46.15885],[32.37509,46.15869],[32.37777,46.15926],[32.37755,46.16133],[32.37937,46.16185],[32.38165,46.16307],[32.38223,46.16659],[32.38422,46.16788],[32.39204,46.16881],[32.3939,46.16631]]]},"properties":{"firedate":"2026-09-10","area_ha":301.0,"country":"UA"}},{"type":"Feature","geometry":{"type":"Polygon","coordinates":[[[18.463,43.2698],[18.46268,43.27031],[18.46157,43.26982],[18.4612,43.27001],[18.46116,43.27065],[18.46061,43.26955],[18.46125,43.26912],[18.46084,43.26899],[18.46109,43.26834],[18.4585,43.26877],[18.46108,43.26614],[18.45998,43.2655],[18.45963,43.26489],[18.45876,43.26487],[18.45814,43.26444],[18.45773,43.26253],[18.45616,43.2619],[18.45433,43.26189],[18.45402,43.26211],[18.45537,43.26336],[18.45525,43.26369],[18.45431,43.2632],[18.45334,43.26369],[18.45308,43.26343],[18.45366,43.26293],[18.45275,43.26237],[18.45185,43.26241],[18.45153,43.26263],[18.45162,43.26326],[18.45121,43.26342],[18.44884,43.26263],[18.44667,43.2624],[18.44599,43.26156],[18.44726,43.26133],[18.44739,43.26071],[18.44686,43.25974],[18.44615,43.25964],[18.44666,43.2587],[18.44497,43.25665],[18.44326,43.25679],[18.44186,43.25764],[18.44151,43.25824],[18.43865,43.25889],[18.43782,43.26001],[18.43811,43.26024],[18.43885,43.25993],[18.43863,43.26115],[18.43897,43.26138],[18.4386,43.26157],[18.43442,43.26058],[18.43251,43.25965],[18.4314,43.26013],[18.43123,43.25951],[18.43081,43.25935],[18.42961,43.25948],[18.42912,43.26],[18.43081,43.26113],[18.43023,43.26226],[18.43111,43.26445],[18.4331,43.26467],[18.43359,43.26415],[18.4327,43.26311],[18.43394,43.26326],[18.43453,43.26372],[18.43437,43.26501],[18.43501,43.26648],[18.4362,43.2675],[18.43754,43.26771],[18.43944,43.26914],[18.4387,43.26943],[18.43948,43.26971],[18.44214,43.26952],[18.44372,43.26993],[18.44455,43.26964],[18.44573,43.26999],[18.44321,43.27122],[18.44211,43.27262],[18.44267,43.27343],[18.44235,43.27365],[18.44248,43.27395],[18.44336,43.27401],[18.44282,43.27453],[18.44304,43.27483],[18.44427,43.27463],[18.44463,43.27413],[18.44548,43.27396],[18.44578,43.27336],[18.44657,43.27311],[18.44649,43.27375],[18.44693,43.27375],[18.44554,43.27498],[18.44579,43.27524],[18.44709,43.2752],[18.44817,43.27425],[18.44906,43.27437],[18.4497,43.27402],[18.44988,43.27433],[18.45019,43.27408],[18.45223,43.27439],[18.45224,43.27534],[18.45293,43.27557],[18.45253,43.27615],[18.45335,43.2764],[18.44979,43.27825],[18.44984,43.27857],[18.45075,43.27852],[18.45396,43.2767],[18.45433,43.27689],[18.4536,43.27721],[18.45347,43.27843],[18.45449,43.27792],[18.4549,43.27812],[18.45422,43.27878],[18.45478,43.27908],[18.45654,43.27894],[18.45755,43.2778],[18.45714,43.27736],[18.45619,43.27798],[18.45552,43.27756],[18.45731,43.27674],[18.45605,43.27643],[18.45688,43.27617],[18.4571,43.2759],[18.45676,43.27567],[18.4578,43.27501],[18.45926,43.27475],[18.45943,43.2743],[18.4598,43.27455],[18.46159,43.27419],[18.4619,43.27394],[18.46135,43.27344],[18.4622,43.27331],[18.46303,43.27365],[18.46346,43.27358],[18.46315,43.27297],[18.46431,43.27316],[18.46401,43.27258],[18.46445,43.27261],[18.46453,43.27197],[18.46538,43.27186],[18.46603,43.27095],[18.46474,43.27013],[18.463,43.2698]],[[18.45609,43.27369],[18.45442,43.27478],[18.45316,43.27476],[18.45381,43.27445],[18.45389,43.27412],[18.45348,43.274],[18.4553,43.27308],[18.45609,43.27369]],[[18.44935,43.27189],[18.44906,43.27166],[18.44973,43.27122],[18.45044,43.27158],[18.44935,43.27189]],[[18.45581,43.276],[18.45486,43.27573],[18.4558,43.27505],[18.45581,43.276]],[[18.44299,43.27267],[18.44307,43.27203],[18.44341,43.27136],[18.44363,43.27227],[18.44299,43.27267]]]},"properties":{"firedate":"2026-09-10","area_ha":310.0,"country":"BA"}},{"type":"Feature","geometry":{"type":"Polygon","coordinates":[[[36.84073,47.19736],[36.83864,47.19418],[36.8383,47.1926],[36.83614,47.19261],[36.83334,47.18874],[36.83033,47.18807],[36.82112,47.18883],[36.81979,47.18849],[36.81665,47.18663],[36.81601,47.18577],[36.81614,47.18306],[36.81554,47.18265],[36.81471,47.1828],[36.81377,47.18404],[36.81091,47.18395],[36.80858,47.18451],[36.81036,47.18569],[36.81016,47.18654],[36.80922,47.18704],[36.80498,47.18683],[36.80296,47.18766],[36.79978,47.18969],[36.79689,47.19032],[36.79565,47.19138],[36.79108,47.19189],[36.78953,47.19279],[36.79122,47.19394],[36.78929,47.19449],[36.79058,47.19561],[36.79327,47.19925],[36.7935,47.19997],[36.79311,47.20146],[36.79826,47.19842],[36.80009,47.19608],[36.80097,47.19569],[36.80489,47.19515],[36.80613,47.19584],[36.80887,47.19494],[36.8142,47.19562],[36.81617,47.19342],[36.82534,47.19398],[36.82693,47.19468],[36.82575,47.19623],[36.82577,47.19767],[36.82976,47.19832],[36.83062,47.20001],[36.83048,47.20121],[36.83148,47.20325],[36.83463,47.20373],[36.83512,47.20291],[36.83495,47.19805],[36.83931,47.19789],[36.84073,47.19736]]]},"properties":{"firedate":"2026-09-10","area_ha":348.0,"country":"UA"}},{"type":"Feature","geometry":{"type":"Polygon","coordinates":[[[37.83079,48.14521],[37.83093,48.1434],[37.83022,48.14296],[37.83014,48.14212],[37.82954,48.14122],[37.82824,48.14135],[37.82341,48.14401],[37.82013,48.14395],[37.81526,48.14514],[37.81214,48.14695],[37.81034,48.14939],[37.80954,48.14989],[37.80971,48.15089],[37.81055,48.15152],[37.80939,48.1529],[37.80612,48.15283],[37.80033,48.15364],[37.79986,48.15342],[37.79984,48.15231],[37.80066,48.15024],[37.79857,48.14962],[37.79713,48.15014],[37.79651,48.15172],[37.79658,48.15351],[37.79582,48.15684],[37.79399,48.15959],[37.79145,48.16549],[37.79096,48.16583],[37.7891,48.16508],[37.78728,48.16593],[37.78732,48.1669],[37.79001,48.16813],[37.79015,48.16872],[37.78881,48.17402],[37.78949,48.1749],[37.795,48.17458],[37.79956,48.17219],[37.804,48.17061],[37.80983,48.164],[37.81728,48.15809],[37.8177,48.15735],[37.81748,48.15561],[37.81849,48.15424],[37.81769,48.15309],[37.8175,48.15215],[37.821,48.1503],[37.82252,48.14804],[37.82647,48.14837],[37.82768,48.14802],[37.83079,48.14521]]]},"properties":{"firedate":"2026-09-10","area_ha":428.0,"country":"UA"}},{"type":"Feature","geometry":{"type":"Polygon","coordinates":[[[31.63284,37.79548],[31.63289,37.80006],[31.63531,37.80119],[31.6376,37.80297],[31.63759,37.80361],[31.64153,37.80365],[31.64222,37.80517],[31.64084,37.80577],[31.64141,37.80654],[31.64299,37.80549],[31.64545,37.80543],[31.64545,37.80415],[31.64722,37.80329],[31.65065,37.80693],[31.65097,37.81032],[31.64821,37.81123],[31.64513,37.80876],[31.64327,37.8092],[31.63841,37.80564],[31.63657,37.80665],[31.63486,37.80586],[31.63313,37.80707],[31.63224,37.80688],[31.63139,37.80802],[31.62938,37.80853],[31.62494,37.80506],[31.62341,37.8052],[31.62159,37.80636],[31.61908,37.80633],[31.61687,37.8024],[31.61548,37.80181],[31.61515,37.7996],[31.61306,37.79609],[31.61071,37.79552],[31.60987,37.79728],[31.60999,37.79828],[31.61079,37.79857],[31.61069,37.8],[31.60688,37.80234],[31.60727,37.80353],[31.60662,37.80471],[31.60813,37.80829],[31.60654,37.80966],[31.60792,37.81187],[31.61134,37.8137],[31.61391,37.81703],[31.61851,37.81918],[31.62189,37.81936],[31.62299,37.81768],[31.62894,37.81494],[31.63337,37.81456],[31.63465,37.81297],[31.63429,37.81237],[31.63493,37.81023],[31.64204,37.81524],[31.64778,37.81421],[31.64962,37.81737],[31.65237,37.81366],[31.65247,37.81497],[31.65375,37.81622],[31.65881,37.81812],[31.65997,37.81808],[31.66181,37.81607],[31.66355,37.81598],[31.66307,37.81758],[31.66501,37.81771],[31.66444,37.81843],[31.66475,37.81971],[31.66712,37.81982],[31.66617,37.81824],[31.66767,37.81817],[31.66862,37.81676],[31.66752,37.8139],[31.66507,37.81063],[31.66617,37.81014],[31.66521,37.81013],[31.66472,37.8093],[31.66619,37.80906],[31.66625,37.80842],[31.66255,37.806],[31.66045,37.80545],[31.66175,37.80413],[31.66069,37.80255],[31.66116,37.80133],[31.66086,37.79846],[31.66018,37.79803],[31.66024,37.79663],[31.65967,37.79614],[31.65997,37.79545],[31.65829,37.79578],[31.65924,37.79304],[31.65852,37.79178],[31.65511,37.79195],[31.65598,37.79321],[31.65788,37.79387],[31.65719,37.79472],[31.65774,37.79525],[31.65456,37.79621],[31.65405,37.79689],[31.65404,37.79902],[31.65486,37.79922],[31.65527,37.80027],[31.65402,37.80046],[31.65372,37.80188],[31.65071,37.80191],[31.65007,37.80087],[31.64833,37.8009],[31.6472,37.7982],[31.64998,37.79684],[31.64717,37.79416],[31.64593,37.79477],[31.6469,37.79531],[31.64766,37.79751],[31.64638,37.79736],[31.64515,37.79932],[31.64445,37.79921],[31.64494,37.79868],[31.64399,37.7977],[31.64541,37.79715],[31.64537,37.79624],[31.64312,37.79566],[31.63886,37.79585],[31.6386,37.79455],[31.63714,37.79373],[31.63546,37.79365],[31.63502,37.79521],[31.63284,37.79548]]]},"properties":{"firedate":"2026-09-10","area_ha":804.0,"country":"TR"}},{"type":"Feature","geometry":{"type":"Polygon","coordinates":[[[15.82086,38.20605],[15.82045,38.20585],[15.82032,38.20516],[15.81885,38.20518],[15.82058,38.20646],[15.82086,38.20605]]]},"properties":{"firedate":"2026-09-11","area_ha":1.0,"country":"IT"}},{"type":"Feature","geometry":{"type":"Polygon","coordinates":[[[26.54373,42.72082],[26.54338,42.72059],[26.54276,42.72105],[26.54168,42.72093],[26.54146,42.72131],[26.5428,42.72169],[26.54373,42.72082]]]},"properties":{"firedate":"2026-09-11","area_ha":1.0,"country":"BG"}},{"type":"Feature","geometry":{"type":"Polygon","coordinates":[[[15.46486,38.08511],[15.46446,38.0846],[15.46385,38.08454],[15.46382,38.08492],[15.46447,38.08522],[15.46353,38.08524],[15.46345,38.08567],[15.46367,38.08592],[15.46474,38.08562],[15.46486,38.08511]]]},"properties":{"firedate":"2026-09-11","area_ha":1.0,"country":"IT"}},{"type":"Feature","geometry":{"type":"Polygon","coordinates":[[[14.53934,40.62154],[14.53947,40.62089],[14.53883,40.6207],[14.53766,40.62149],[14.53808,40.62176],[14.5385,40.62126],[14.53934,40.62154]]]},"properties":{"firedate":"2026-09-11","area_ha":1.0,"country":"IT"}},{"type":"Feature","geometry":{"type":"Polygon","coordinates":[[[22.47125,45.57359],[22.4711,45.57314],[22.47014,45.57301],[22.47006,45.57361],[22.46929,45.57418],[22.47034,45.57436],[22.47125,45.57359]]]},"properties":{"firedate":"2026-09-11","area_ha":1.0,"country":"RO"}},{"type":"Feature","geometry":{"type":"Polygon","coordinates":[[[-9.24007,39.3144],[-9.23943,39.31353],[-9.23984,39.31313],[-9.23966,39.31277],[-9.2402,39.31245],[-9.24023,39.31318],[-9.24085,39.31339],[-9.24053,39.31395],[-9.24076,39.31442],[-9.24007,39.3144]]]},"properties":{"firedate":"2026-09-11","area_ha":2.0,"country":"PT"}},{"type":"Feature","geometry":{"type":"Polygon","coordinates":[[[15.46966,38.08677],[15.47169,38.08533],[15.47156,38.08474],[15.4698,38.08607],[15.46844,38.08585],[15.46855,38.08622],[15.46942,38.08629],[15.46966,38.08677]]]},"properties":{"firedate":"2026-09-11","area_ha":2.0,"country":"IT"}},{"type":"Feature","geometry":{"type":"Polygon","coordinates":[[[23.31387,42.07692],[23.31278,42.07432],[23.3123,42.07518],[23.3122,42.07676],[23.31238,42.07741],[23.31343,42.07762],[23.31387,42.07692]]]},"properties":{"firedate":"2026-09-11","area_ha":3.0,"country":"BG"}},{"type":"Feature","geometry":{"type":"Polygon","coordinates":[[[18.08809,43.42192],[18.08718,43.42164],[18.08757,43.42136],[18.08715,43.42075],[18.0875,43.42048],[18.08845,43.42072],[18.08865,43.42003],[18.08786,43.4196],[18.08587,43.41954],[18.08567,43.41988],[18.08689,43.42031],[18.08606,43.42126],[18.08694,43.42204],[18.08818,43.42226],[18.08809,43.42192]]]},"properties":{"firedate":"2026-09-11","area_ha":3.0,"country":"BA"}},{"type":"Feature","geometry":{"type":"Polygon","coordinates":[[[15.48371,38.09123],[15.48143,38.0897],[15.48034,38.08959],[15.48087,38.09179],[15.4836,38.09161],[15.48371,38.09123]]]},"properties":{"firedate":"2026-09-11","area_ha":4.0,"country":"IT"}},{"type":"Feature","geometry":{"type":"Polygon","coordinates":[[[-1.413,42.37117],[-1.41192,42.37039],[-1.41149,42.36933],[-1.41244,42.36921],[-1.41287,42.36963],[-1.41356,42.36928],[-1.41453,42.36999],[-1.41462,42.37078],[-1.413,42.37117]]]},"properties":{"firedate":"2026-09-11","area_ha":4.0,"country":"ES"}},{"type":"Feature","geometry":{"type":"Polygon","coordinates":[[[9.51338,36.97035],[9.51432,36.96971],[9.51419,36.96873],[9.51248,36.96796],[9.51157,36.96825],[9.51155,36.96874],[9.51265,36.96909],[9.51226,36.9698],[9.51338,36.97035]]]},"properties":{"firedate":"2026-09-11","area_ha":4.0,"country":"TN"}},{"type":"Feature","geometry":{"type":"Polygon","coordinates":[[[22.66271,44.22327],[22.66278,44.22269],[22.6624,44.22221],[22.66168,44.22221],[22.65929,44.22373],[22.65836,44.22497],[22.65923,44.22504],[22.65929,44.22416],[22.66083,44.22345],[22.6617,44.22354],[22.66103,44.22407],[22.66167,44.22427],[22.66271,44.22327]]]},"properties":{"firedate":"2026-09-11","area_ha":4.0,"country":"RS"}},{"type":"Feature","geometry":{"type":"Polygon","coordinates":[[[9.50531,36.97152],[9.50668,36.9699],[9.50597,36.96946],[9.50668,36.9687],[9.50676,36.96767],[9.50636,36.96737],[9.506,36.96741],[9.50626,36.96799],[9.50576,36.96852],[9.50392,36.96855],[9.50352,36.96907],[9.50491,36.97014],[9.50434,36.97117],[9.50464,36.97172],[9.50531,36.97152]]]},"properties":{"firedate":"2026-09-11","area_ha":6.0,"country":"TN"}},{"type":"Feature","geometry":{"type":"Polygon","coordinates":[[[-0.48449,42.86725],[-0.48373,42.86694],[-0.48413,42.8668],[-0.48349,42.86659],[-0.48327,42.86613],[-0.48157,42.86612],[-0.48074,42.86552],[-0.48039,42.86456],[-0.4815,42.86394],[-0.4822,42.86404],[-0.48222,42.86454],[-0.48339,42.86466],[-0.48497,42.86655],[-0.48676,42.86721],[-0.48673,42.86755],[-0.48573,42.86729],[-0.48573,42.86762],[-0.4853,42.86723],[-0.48506,42.8678],[-0.48429,42.86754],[-0.48449,42.86725]]]},"properties":{"firedate":"2026-09-11","area_ha":7.0,"country":"FR"}},{"type":"Feature","geometry":{"type":"Polygon","coordinates":[[[20.02988,43.14509],[20.03054,43.14355],[20.02997,43.14333],[20.02793,43.14401],[20.02742,43.145],[20.02591,43.14469],[20.02527,43.1452],[20.02613,43.14602],[20.02704,43.14613],[20.02988,43.14509]]]},"properties":{"firedate":"2026-09-11","area_ha":7.0,"country":"RS"}},{"type":"Feature","geometry":{"type":"Polygon","coordinates":[[[23.98937,38.47922],[23.98919,38.47831],[23.98666,38.47625],[23.98682,38.47691],[23.98648,38.47707],[23.98688,38.4775],[23.98644,38.47775],[23.98662,38.47801],[23.98546,38.47794],[23.98442,38.47698],[23.98346,38.47748],[23.98595,38.47828],[23.98662,38.47925],[23.98937,38.47922]]]},"properties":{"firedate":"2026-09-11","area_ha":7.0,"country":"EL"}},{"type":"Feature","geometry":{"type":"Polygon","coordinates":[[[25.87877,45.41285],[25.87753,45.41111],[25.87593,45.41054],[25.87471,45.41194],[25.874,45.41354],[25.87482,45.41379],[25.87586,45.41301],[25.87817,45.41326],[25.87877,45.41285]]]},"properties":{"firedate":"2026-09-11","area_ha":7.0,"country":"RO"}},{"type":"Feature","geometry":{"type":"Polygon","coordinates":[[[18.77072,42.96153],[18.77018,42.96089],[18.7686,42.96068],[18.76798,42.96086],[18.76753,42.96173],[18.76636,42.96187],[18.76453,42.96126],[18.76397,42.96185],[18.76585,42.96288],[18.76792,42.96228],[18.76826,42.96294],[18.76959,42.96323],[18.76997,42.96314],[18.77072,42.96153]]]},"properties":{"firedate":"2026-09-11","area_ha":8.0,"country":"ME"}},{"type":"Feature","geometry":{"type":"Polygon","coordinates":[[[18.81034,42.40526],[18.81365,42.40448],[18.81276,42.40421],[18.81194,42.40326],[18.81088,42.40362],[18.81085,42.40297],[18.80915,42.40263],[18.80901,42.40232],[18.80871,42.4026],[18.80823,42.4023],[18.80697,42.40266],[18.80818,42.40312],[18.80806,42.40363],[18.80901,42.40366],[18.80915,42.4044],[18.80983,42.40458],[18.81034,42.40526]]]},"properties":{"firedate":"2026-09-11","area_ha":8.0,"country":"ME"}},{"type":"Feature","geometry":{"type":"Polygon","coordinates":[[[4.77472,36.59669],[4.77496,36.59615],[4.77407,36.59482],[4.77204,36.59435],[4.77148,36.59468],[4.77142,36.59667],[4.77216,36.59764],[4.77323,36.59763],[4.77472,36.59669]]]},"properties":{"firedate":"2026-09-11","area_ha":9.0,"country":"DZ"}},{"type":"Feature","geometry":{"type":"Polygon","coordinates":[[[21.11364,42.80466],[21.11041,42.80321],[21.11006,42.80255],[21.11012,42.80041],[21.10912,42.80028],[21.1079,42.80238],[21.10823,42.80465],[21.10863,42.80454],[21.10874,42.80376],[21.10922,42.80348],[21.11055,42.80535],[21.11229,42.80586],[21.11348,42.80556],[21.11364,42.80466]]]},"properties":{"firedate":"2026-09-11","area_ha":12.0,"country":"KS"}},{"type":"Feature","geometry":{"type":"Polygon","coordinates":[[[36.89941,48.61069],[36.89847,48.60923],[36.89875,48.60764],[36.8984,48.60727],[36.89324,48.60701],[36.8904,48.60791],[36.89192,48.60858],[36.89197,48.60914],[36.89511,48.6094],[36.89941,48.61069]]]},"properties":{"firedate":"2026-09-11","area_ha":15.0,"country":"UA"}},{"type":"Feature","geometry":{"type":"Polygon","coordinates":[[[35.99652,47.42433],[35.9959,47.42347],[35.99091,47.42558],[35.98847,47.42379],[35.98563,47.42462],[35.9878,47.42767],[35.98854,47.42808],[35.99328,47.42625],[35.99652,47.42433]]]},"properties":{"firedate":"2026-09-11","area_ha":19.0,"country":"UA"}},{"type":"Feature","geometry":{"type":"Polygon","coordinates":[[[24.11216,43.65657],[24.11611,43.65663],[24.11712,43.65565],[24.11739,43.65481],[24.11692,43.65452],[24.1149,43.65499],[24.10939,43.6528],[24.1085,43.65302],[24.10768,43.65391],[24.10809,43.65519],[24.10726,43.65597],[24.10745,43.65625],[24.10918,43.65613],[24.11216,43.65657]]]},"properties":{"firedate":"2026-09-11","area_ha":22.0,"country":"BG"}},{"type":"Feature","geometry":{"type":"Polygon","coordinates":[[[19.15581,43.30141],[19.15597,43.30113],[19.15558,43.30101],[19.15516,43.30014],[19.1563,43.30004],[19.15587,43.29917],[19.15694,43.29865],[19.15821,43.29854],[19.159,43.29783],[19.15884,43.29754],[19.15692,43.29717],[19.15658,43.29735],[19.15643,43.29827],[19.15525,43.29811],[19.15472,43.29737],[19.15595,43.29732],[19.15724,43.29608],[19.15496,43.29602],[19.15447,43.29552],[19.1548,43.29473],[19.15384,43.29518],[19.15438,43.29601],[19.15422,43.2963],[19.15264,43.29728],[19.1519,43.29705],[19.1535,43.29799],[19.15377,43.29918],[19.15412,43.29936],[19.15297,43.29961],[19.14959,43.29886],[19.14828,43.29973],[19.14854,43.30061],[19.14926,43.30097],[19.15123,43.30068],[19.15276,43.30172],[19.15433,43.30224],[19.15625,43.30213],[19.15581,43.30141]]]},"properties":{"firedate":"2026-09-11","area_ha":25.0,"country":"ME"}},{"type":"Feature","geometry":{"type":"Polygon","coordinates":[[[22.39565,42.60147],[22.39557,42.60106],[22.39431,42.60071],[22.39468,42.60021],[22.39407,42.59985],[22.39464,42.59919],[22.39606,42.59937],[22.39533,42.59777],[22.39458,42.59811],[22.39361,42.59776],[22.39338,42.59816],[22.39283,42.59823],[22.39258,42.59863],[22.39333,42.59885],[22.39082,42.60073],[22.3904,42.60024],[22.38959,42.60025],[22.38935,42.59966],[22.38799,42.59947],[22.38808,42.59883],[22.38869,42.5984],[22.38835,42.59809],[22.38826,42.59687],[22.38727,42.59714],[22.38663,42.59676],[22.38657,42.59595],[22.38606,42.59577],[22.38529,42.59601],[22.38462,42.59672],[22.38568,42.59817],[22.38479,42.59888],[22.38618,42.60053],[22.38881,42.6015],[22.38996,42.6015],[22.39008,42.60057],[22.39034,42.60114],[22.39169,42.60112],[22.39176,42.60174],[22.39235,42.60214],[22.39195,42.60263],[22.39247,42.60311],[22.39288,42.60235],[22.39369,42.60248],[22.3942,42.60181],[22.39565,42.60147]]]},"properties":{"firedate":"2026-09-11","area_ha":27.0,"country":"RS"}},{"type":"Feature","geometry":{"type":"Polygon","coordinates":[[[22.64187,44.23328],[22.64285,44.23183],[22.64424,44.23179],[22.6443,44.23081],[22.64464,44.23061],[22.64708,44.23151],[22.6474,44.23078],[22.64863,44.22967],[22.64781,44.22931],[22.64644,44.23039],[22.6419,44.22997],[22.64018,44.23065],[22.63615,44.23088],[22.63594,44.23131],[22.63671,44.23244],[22.63624,44.23313],[22.63645,44.23445],[22.63604,44.23558],[22.63649,44.23589],[22.63737,44.23531],[22.63902,44.23512],[22.63972,44.23385],[22.64187,44.23328]]]},"properties":{"firedate":"2026-09-11","area_ha":28.0,"country":"RS"}},{"type":"Feature","geometry":{"type":"Polygon","coordinates":[[[4.75199,36.60374],[4.75199,36.60291],[4.75101,36.60198],[4.75055,36.60072],[4.74928,36.60033],[4.74737,36.59887],[4.74458,36.59947],[4.74349,36.60092],[4.74183,36.60082],[4.7414,36.60168],[4.74446,36.60284],[4.74628,36.60268],[4.74679,36.60396],[4.74927,36.60431],[4.75199,36.60374]]]},"properties":{"firedate":"2026-09-11","area_ha":32.0,"country":"DZ"}},{"type":"Feature","geometry":{"type":"Polygon","coordinates":[[[9.56925,36.91129],[9.56773,36.91365],[9.56729,36.91611],[9.56601,36.91773],[9.56337,36.9183],[9.56248,36.91948],[9.55926,36.91917],[9.55749,36.92041],[9.55727,36.92092],[9.56073,36.92163],[9.56608,36.9203],[9.56837,36.91805],[9.56847,36.91682],[9.56956,36.91546],[9.56978,36.91425],[9.56919,36.91303],[9.56969,36.91116],[9.56925,36.91129]]]},"properties":{"firedate":"2026-09-11","area_ha":32.0,"country":"TN"}},{"type":"Feature","geometry":{"type":"Polygon","coordinates":[[[20.35139,42.47343],[20.3529,42.47324],[20.353,42.47381],[20.35355,42.47419],[20.35845,42.47567],[20.35875,42.47584],[20.35876,42.47696],[20.3591,42.47745],[20.36084,42.47637],[20.36071,42.47509],[20.35715,42.47275],[20.35721,42.47216],[20.3563,42.47133],[20.35657,42.47031],[20.35622,42.47007],[20.3545,42.46978],[20.35351,42.47051],[20.35168,42.46971],[20.35062,42.47007],[20.34921,42.47222],[20.35139,42.47343]]]},"properties":{"firedate":"2026-09-11","area_ha":33.0,"country":"KS"}},{"type":"Feature","geometry":{"type":"Polygon","coordinates":[[[9.38105,41.3043],[9.38049,41.30443],[9.38032,41.30386],[9.38112,41.30374],[9.38064,41.30348],[9.38112,41.30324],[9.38155,41.30393],[9.38209,41.30344],[9.38252,41.30265],[9.3823,41.30139],[9.38437,41.29931],[9.38418,41.29823],[9.38229,41.29701],[9.38127,41.29713],[9.38097,41.29577],[9.37939,41.29496],[9.37917,41.29371],[9.3773,41.29363],[9.37701,41.29456],[9.37748,41.29527],[9.37619,41.29639],[9.37699,41.29654],[9.37734,41.29801],[9.37859,41.29783],[9.37949,41.29857],[9.38072,41.29771],[9.38083,41.29814],[9.38023,41.29825],[9.37954,41.29922],[9.38055,41.30054],[9.37935,41.30172],[9.37962,41.30254],[9.37922,41.30286],[9.37958,41.30373],[9.37904,41.30392],[9.37975,41.30457],[9.37985,41.30522],[9.38071,41.30512],[9.38105,41.3043]]]},"properties":{"firedate":"2026-09-11","area_ha":35.0,"country":"IT"}},{"type":"Feature","geometry":{"type":"Polygon","coordinates":[[[36.4627,47.75931],[36.46111,47.76071],[36.46294,47.76175],[36.46113,47.76292],[36.46008,47.7651],[36.46258,47.76471],[36.46347,47.7636],[36.47055,47.76384],[36.47105,47.76318],[36.47078,47.76284],[36.46784,47.76248],[36.46949,47.76164],[36.47142,47.76189],[36.4723,47.76126],[36.47275,47.76021],[36.47192,47.75881],[36.4708,47.75852],[36.4627,47.75931]]]},"properties":{"firedate":"2026-09-11","area_ha":41.0,"country":"UA"}},{"type":"Feature","geometry":{"type":"Polygon","coordinates":[[[22.39349,42.5966],[22.3938,42.59427],[22.39234,42.59259],[22.39097,42.59231],[22.38873,42.59287],[22.38686,42.59229],[22.3844,42.59416],[22.38295,42.59481],[22.38218,42.59595],[22.38264,42.59772],[22.38412,42.59813],[22.38497,42.59782],[22.38443,42.59642],[22.38469,42.5957],[22.38546,42.59524],[22.38643,42.59533],[22.38864,42.59687],[22.3887,42.59929],[22.38998,42.59961],[22.39143,42.599],[22.39193,42.59756],[22.39349,42.5966]]]},"properties":{"firedate":"2026-09-11","area_ha":45.0,"country":"RS"}},{"type":"Feature","geometry":{"type":"Polygon","coordinates":[[[38.35545,48.27807],[38.35601,48.27437],[38.35536,48.27362],[38.35357,48.27301],[38.35175,48.27173],[38.34981,48.27174],[38.34805,48.27321],[38.34714,48.27448],[38.34757,48.27575],[38.34964,48.27806],[38.35,48.27984],[38.35187,48.28169],[38.35311,48.28169],[38.35415,48.28114],[38.35545,48.27807]]]},"properties":{"firedate":"2026-09-11","area_ha":49.0,"country":"UA"}},{"type":"Feature","geometry":{"type":"Polygon","coordinates":[[[38.4813,48.20452],[38.48119,48.20404],[38.48081,48.20396],[38.46882,48.20508],[38.45991,48.2079],[38.45951,48.20917],[38.46076,48.21022],[38.46314,48.20963],[38.46318,48.21053],[38.46662,48.21138],[38.47057,48.20955],[38.4746,48.20835],[38.47486,48.20772],[38.47656,48.20649],[38.4813,48.20452]]]},"properties":{"firedate":"2026-09-11","area_ha":61.0,"country":"UA"}},{"type":"Feature","geometry":{"type":"Polygon","coordinates":[[[26.7429,39.91502],[26.74256,39.91545],[26.74366,39.91705],[26.74718,39.91798],[26.74831,39.92027],[26.75198,39.92091],[26.75365,39.92041],[26.75303,39.91822],[26.75164,39.91798],[26.75031,39.91703],[26.74961,39.91551],[26.7484,39.91403],[26.7471,39.91301],[26.74589,39.91302],[26.74502,39.9126],[26.74384,39.91153],[26.74245,39.91197],[26.7416,39.9117],[26.74057,39.90924],[26.73955,39.90913],[26.73965,39.91036],[26.73923,39.91098],[26.7374,39.91088],[26.7366,39.91129],[26.7383,39.91325],[26.74215,39.91438],[26.7429,39.91502]]]},"properties":{"firedate":"2026-09-11","area_ha":62.0,"country":"TR"}},{"type":"Feature","geometry":{"type":"Polygon","coordinates":[[[38.92929,48.29979],[38.93068,48.29327],[38.93058,48.29144],[38.92619,48.29131],[38.92461,48.29051],[38.92033,48.29213],[38.91834,48.29383],[38.91908,48.29524],[38.92519,48.29906],[38.92836,48.30056],[38.92929,48.29979]]]},"properties":{"firedate":"2026-09-11","area_ha":65.0,"country":"UA"}},{"type":"Feature","geometry":{"type":"Polygon","coordinates":[[[14.0759,37.60054],[14.07526,37.60074],[14.07338,37.60045],[14.07332,37.6015],[14.07245,37.6022],[14.07332,37.60381],[14.07418,37.60452],[14.07429,37.60547],[14.07481,37.60581],[14.07598,37.60578],[14.07668,37.60523],[14.07703,37.6036],[14.07865,37.60415],[14.0795,37.60296],[14.07979,37.60055],[14.08044,37.60025],[14.08086,37.6004],[14.08108,37.6028],[14.08014,37.60396],[14.07996,37.60552],[14.08028,37.6061],[14.08237,37.60648],[14.08372,37.60576],[14.0845,37.6044],[14.08526,37.60417],[14.08599,37.60448],[14.08626,37.60422],[14.08618,37.60337],[14.08447,37.60074],[14.08471,37.59944],[14.08384,37.59892],[14.08034,37.59884],[14.07952,37.59789],[14.07723,37.59789],[14.07664,37.59831],[14.0759,37.60054]]]},"properties":{"firedate":"2026-09-11","area_ha":68.0,"country":"IT"}},{"type":"Feature","geometry":{"type":"Polygon","coordinates":[[[22.16853,43.48533],[22.17032,43.48538],[22.17082,43.48605],[22.17338,43.48586],[22.17353,43.48663],[22.1699,43.48724],[22.16959,43.48769],[22.17057,43.48843],[22.17215,43.48745],[22.17324,43.48754],[22.17215,43.48858],[22.17119,43.48825],[22.1709,43.48855],[22.17388,43.48946],[22.17387,43.49011],[22.17293,43.49041],[22.17397,43.49065],[22.17465,43.49175],[22.1754,43.49165],[22.17539,43.49079],[22.17597,43.49057],[22.1764,43.48975],[22.17867,43.49045],[22.18061,43.48987],[22.17966,43.4883],[22.18092,43.48858],[22.18095,43.48811],[22.18042,43.48781],[22.18152,43.48728],[22.18058,43.48509],[22.17832,43.48357],[22.17566,43.48306],[22.17476,43.48182],[22.17238,43.48025],[22.17122,43.4805],[22.16934,43.48174],[22.16886,43.48257],[22.16787,43.48303],[22.16758,43.48458],[22.16853,43.48533]]]},"properties":{"firedate":"2026-09-11","area_ha":75.0,"country":"RS"}},{"type":"Feature","geometry":{"type":"Polygon","coordinates":[[[21.1282,42.76816],[21.12824,42.76874],[21.13016,42.77028],[21.13172,42.77019],[21.13205,42.77003],[21.13188,42.76975],[21.13031,42.76936],[21.12936,42.76771],[21.13174,42.76687],[21.1343,42.76702],[21.13568,42.76666],[21.13591,42.7655],[21.13674,42.76461],[21.13523,42.76474],[21.1341,42.76422],[21.1339,42.76377],[21.13446,42.76269],[21.13334,42.76189],[21.13281,42.76202],[21.13292,42.76268],[21.13265,42.76283],[21.13105,42.76232],[21.13025,42.7614],[21.12727,42.76223],[21.12618,42.76197],[21.12606,42.76134],[21.12492,42.76083],[21.12335,42.76118],[21.12197,42.76064],[21.11889,42.76072],[21.119,42.76271],[21.11961,42.7647],[21.12399,42.76833],[21.12537,42.76863],[21.1282,42.76816]]]},"properties":{"firedate":"2026-09-11","area_ha":86.0,"country":"KS"}},{"type":"Feature","geometry":{"type":"Polygon","coordinates":[[[16.69786,40.33639],[16.69559,40.33605],[16.69525,40.33427],[16.6963,40.33224],[16.69804,40.33072],[16.69792,40.32938],[16.69846,40.32828],[16.69734,40.32685],[16.6968,40.32692],[16.69383,40.33044],[16.69201,40.33088],[16.69037,40.32988],[16.68865,40.33053],[16.68729,40.33236],[16.68724,40.3331],[16.68781,40.33334],[16.68847,40.33313],[16.6901,40.33124],[16.69105,40.33154],[16.69142,40.33496],[16.69205,40.33642],[16.69169,40.33713],[16.69298,40.33951],[16.69181,40.34039],[16.69277,40.34193],[16.69445,40.34232],[16.69151,40.34371],[16.68864,40.34431],[16.68872,40.34478],[16.69173,40.34579],[16.69225,40.34502],[16.69527,40.34348],[16.69634,40.34461],[16.69703,40.34636],[16.6994,40.34515],[16.69955,40.3446],[16.69859,40.34337],[16.69661,40.34285],[16.6977,40.34184],[16.69706,40.34093],[16.69805,40.3399],[16.69737,40.33816],[16.69743,40.33696],[16.6981,40.33681],[16.69861,40.33598],[16.69786,40.33639]]]},"properties":{"firedate":"2026-09-11","area_ha":90.0,"country":"IT"}},{"type":"Feature","geometry":{"type":"Polygon","coordinates":[[[36.96162,47.75287],[36.96169,47.75004],[36.96351,47.74964],[36.96624,47.75008],[36.96662,47.74936],[36.96457,47.74689],[36.96274,47.74344],[36.96271,47.74256],[36.96399,47.73843],[36.96305,47.73865],[36.96073,47.74245],[36.95751,47.74345],[36.95675,47.74403],[36.95671,47.74575],[36.95576,47.74683],[36.95218,47.74617],[36.95058,47.74531],[36.94898,47.74578],[36.95025,47.74894],[36.95211,47.75054],[36.95397,47.75125],[36.95559,47.75361],[36.95839,47.7539],[36.95942,47.75329],[36.96162,47.75287]]]},"properties":{"firedate":"2026-09-11","area_ha":96.0,"country":"UA"}},{"type":"Feature","geometry":{"type":"Polygon","coordinates":[[[22.62678,44.41425],[22.62679,44.41482],[22.62628,44.41524],[22.62142,44.41673],[22.62066,44.4175],[22.6207,44.41812],[22.6217,44.41869],[22.62389,44.41849],[22.62705,44.41722],[22.62923,44.41684],[22.6409,44.41309],[22.642,44.41173],[22.64127,44.4111],[22.63665,44.41114],[22.63603,44.41077],[22.6364,44.41017],[22.63917,44.40838],[22.6387,44.40697],[22.63778,44.40684],[22.63358,44.40813],[22.62911,44.41022],[22.62415,44.41149],[22.62366,44.41242],[22.6238,44.41288],[22.62573,44.4131],[22.62678,44.41425]]]},"properties":{"firedate":"2026-09-11","area_ha":96.0,"country":"RO"}},{"type":"Feature","geometry":{"type":"Polygon","coordinates":[[[36.87206,48.53224],[36.86892,48.52981],[36.86842,48.52909],[36.86876,48.52759],[36.87007,48.52631],[36.87215,48.52614],[36.87346,48.52658],[36.87359,48.52897],[36.87479,48.52877],[36.87574,48.52715],[36.87776,48.5268],[36.87941,48.52709],[36.88044,48.52672],[36.87876,48.52548],[36.87426,48.52349],[36.8716,48.5239],[36.86461,48.52386],[36.86202,48.52324],[36.85895,48.52172],[36.854,48.52258],[36.8503,48.52269],[36.84911,48.52235],[36.84855,48.52162],[36.84723,48.52087],[36.84359,48.52031],[36.84069,48.52053],[36.83308,48.51991],[36.83206,48.52061],[36.83332,48.52137],[36.83491,48.5214],[36.83596,48.52303],[36.83677,48.52333],[36.84105,48.52327],[36.84488,48.52243],[36.85049,48.524],[36.85184,48.52544],[36.85254,48.5257],[36.86515,48.52675],[36.86608,48.52707],[36.86611,48.53039],[36.86795,48.53036],[36.86934,48.53224],[36.87091,48.53297],[36.87139,48.53297],[36.87206,48.53224]]]},"properties":{"firedate":"2026-09-11","area_ha":120.0,"country":"UA"}},{"type":"Feature","geometry":{"type":"Polygon","coordinates":[[[34.59098,46.30932],[34.59011,46.31033],[34.58942,46.31254],[34.58811,46.31318],[34.58747,46.31411],[34.5884,46.316],[34.58708,46.31913],[34.58799,46.3206],[34.58812,46.32494],[34.58747,46.3266],[34.59363,46.32715],[34.59488,46.32647],[34.59674,46.31762],[34.59776,46.31045],[34.5969,46.30931],[34.59098,46.30932]]]},"properties":{"firedate":"2026-09-11","area_ha":124.0,"country":"UA"}},{"type":"Feature","geometry":{"type":"Polygon","coordinates":[[[39.33418,48.37682],[39.33465,48.3758],[39.33411,48.37471],[39.33113,48.37236],[39.31853,48.37229],[39.31119,48.37006],[39.30935,48.37235],[39.30683,48.37373],[39.30632,48.37339],[39.30592,48.37192],[39.30539,48.37204],[39.30371,48.37331],[39.30396,48.3739],[39.30327,48.37472],[39.30337,48.37586],[39.3038,48.37607],[39.30462,48.37537],[39.30502,48.37571],[39.30486,48.37661],[39.30568,48.37701],[39.30769,48.37539],[39.30976,48.37627],[39.31544,48.37778],[39.31664,48.37875],[39.31759,48.37856],[39.32041,48.37971],[39.32465,48.38011],[39.32711,48.37826],[39.32759,48.37747],[39.32761,48.37546],[39.32856,48.3753],[39.32894,48.3761],[39.33026,48.37662],[39.33418,48.37682]]]},"properties":{"firedate":"2026-09-11","area_ha":136.0,"country":"UA"}},{"type":"Feature","geometry":{"type":"Polygon","coordinates":[[[37.26193,47.91838],[37.25794,47.91416],[37.25522,47.91229],[37.25222,47.91185],[37.24803,47.9099],[37.2467,47.91021],[37.245,47.91146],[37.24421,47.91118],[37.24176,47.9121],[37.24144,47.91246],[37.2418,47.91336],[37.24155,47.91362],[37.23958,47.9142],[37.24061,47.91608],[37.23869,47.91674],[37.23879,47.91751],[37.23966,47.91886],[37.24128,47.92048],[37.24407,47.92046],[37.24572,47.92209],[37.24955,47.92041],[37.25219,47.91976],[37.25383,47.91987],[37.256,47.92083],[37.25648,47.92078],[37.25754,47.9195],[37.25877,47.91918],[37.26015,47.91992],[37.26063,47.91984],[37.26221,47.91921],[37.26193,47.91838]]]},"properties":{"firedate":"2026-09-11","area_ha":143.0,"country":"UA"}},{"type":"Feature","geometry":{"type":"Polygon","coordinates":[[[38.01822,49.70395],[38.02863,49.70456],[38.02988,49.7041],[38.03095,49.7015],[38.03139,49.70114],[38.03458,49.70038],[38.03491,49.70046],[38.03488,49.70085],[38.03424,49.70316],[38.03388,49.7042],[38.0327,49.70529],[38.03203,49.70716],[38.03212,49.70784],[38.03453,49.70829],[38.03585,49.70784],[38.03679,49.70818],[38.03704,49.70769],[38.03633,49.70618],[38.03501,49.70493],[38.03643,49.70374],[38.03799,49.70066],[38.03766,49.69941],[38.03684,49.69881],[38.03667,49.69747],[38.03758,49.69638],[38.0427,49.69535],[38.04453,49.69466],[38.04568,49.69336],[38.04658,49.69146],[38.04491,49.69187],[38.04423,49.693],[38.04301,49.69355],[38.03923,49.69365],[38.03941,49.69467],[38.03652,49.69631],[38.03609,49.69626],[38.03668,49.69526],[38.03607,49.69544],[38.03521,49.69618],[38.03499,49.69703],[38.03406,49.69759],[38.03152,49.69779],[38.02419,49.69959],[38.01654,49.69956],[38.01502,49.69855],[38.01297,49.69828],[38.0134,49.69763],[38.00843,49.69757],[38.00681,49.69703],[38.00436,49.69921],[38.00532,49.69983],[38.00282,49.70018],[38.00343,49.70072],[38.00742,49.70191],[38.01028,49.70326],[38.01084,49.70338],[38.01165,49.70298],[38.01361,49.70376],[38.01504,49.70335],[38.01822,49.70395]]]},"properties":{"firedate":"2026-09-11","area_ha":153.0,"country":"UA"}},{"type":"Feature","geometry":{"type":"Polygon","coordinates":[[[34.66405,45.38655],[34.66188,45.36719],[34.66012,45.36581],[34.65252,45.36599],[34.65094,45.36698],[34.65147,45.37479],[34.65245,45.37527],[34.65685,45.37546],[34.6578,45.37748],[34.6578,45.3867],[34.65877,45.38865],[34.66332,45.38856],[34.66405,45.38655]]]},"properties":{"firedate":"2026-09-11","area_ha":154.0,"country":"UA"}},{"type":"Feature","geometry":{"type":"Polygon","coordinates":[[[-7.86333,37.4488],[-7.86005,37.44656],[-7.86134,37.4459],[-7.86205,37.44596],[-7.8628,37.44495],[-7.86232,37.44385],[-7.86065,37.44483],[-7.85999,37.44457],[-7.86188,37.44301],[-7.86073,37.44232],[-7.86115,37.44112],[-7.86183,37.44087],[-7.86234,37.44195],[-7.86271,37.442],[-7.86297,37.44186],[-7.86279,37.4414],[-7.86381,37.4411],[-7.86421,37.43984],[-7.86476,37.43934],[-7.86435,37.43833],[-7.86566,37.43879],[-7.86653,37.43991],[-7.86908,37.44025],[-7.86998,37.44107],[-7.86969,37.44155],[-7.86997,37.44265],[-7.87116,37.44297],[-7.87027,37.44349],[-7.8715,37.44338],[-7.87175,37.44401],[-7.87144,37.44432],[-7.87199,37.44453],[-7.87214,37.44407],[-7.87603,37.4479],[-7.87655,37.44883],[-7.87556,37.44944],[-7.8756,37.44882],[-7.87474,37.44806],[-7.87359,37.44879],[-7.87595,37.45123],[-7.87706,37.45208],[-7.87755,37.45204],[-7.87736,37.45249],[-7.87664,37.4523],[-7.87596,37.45261],[-7.87593,37.45296],[-7.87637,37.4531],[-7.87628,37.45374],[-7.87728,37.45376],[-7.87786,37.45309],[-7.87869,37.45316],[-7.88136,37.4553],[-7.88176,37.45619],[-7.87966,37.45589],[-7.87872,37.45525],[-7.87875,37.45594],[-7.8776,37.45484],[-7.87695,37.45547],[-7.8766,37.45532],[-7.87724,37.45659],[-7.87681,37.45626],[-7.87692,37.4567],[-7.87575,37.45635],[-7.87423,37.45526],[-7.87387,37.45616],[-7.87136,37.45464],[-7.86994,37.45417],[-7.8696,37.45343],[-7.86978,37.45295],[-7.86929,37.45242],[-7.86899,37.45277],[-7.86729,37.45212],[-7.86583,37.45237],[-7.8653,37.45146],[-7.86516,37.452],[-7.86467,37.45191],[-7.8643,37.4508],[-7.86299,37.44959],[-7.86333,37.4488]],[[-7.86305,37.44737],[-7.86473,37.44773],[-7.86527,37.44706],[-7.86345,37.44608],[-7.86326,37.44562],[-7.86288,37.44595],[-7.86305,37.44737]],[[-7.86528,37.4467],[-7.8661,37.4458],[-7.86549,37.44498],[-7.86439,37.44573],[-7.86528,37.4467]]]},"properties":{"firedate":"2026-09-11","area_ha":157.0,"country":"PT"}},{"type":"Feature","geometry":{"type":"Polygon","coordinates":[[[31.6711,37.73707],[31.6746,37.73873],[31.67407,37.7392],[31.67502,37.74019],[31.67462,37.74078],[31.67386,37.74108],[31.67306,37.74091],[31.67249,37.73951],[31.67153,37.73896],[31.67109,37.73797],[31.67005,37.73806],[31.66995,37.73848],[31.66947,37.73865],[31.66878,37.73798],[31.66795,37.73837],[31.66824,37.73897],[31.66958,37.73957],[31.66831,37.74123],[31.66883,37.74272],[31.66797,37.745],[31.66784,37.74755],[31.66934,37.74776],[31.6698,37.74818],[31.66773,37.74842],[31.66769,37.74966],[31.66979,37.74987],[31.67537,37.75266],[31.67541,37.75226],[31.67388,37.75141],[31.67386,37.75112],[31.67445,37.75097],[31.67558,37.75215],[31.67757,37.75249],[31.67868,37.7537],[31.68329,37.7528],[31.68473,37.75347],[31.68655,37.75298],[31.68717,37.7522],[31.68683,37.75147],[31.68354,37.7515],[31.68181,37.75036],[31.68312,37.7497],[31.68326,37.74917],[31.6816,37.74857],[31.68018,37.74855],[31.67817,37.74638],[31.67783,37.74556],[31.67787,37.74431],[31.67751,37.74448],[31.67755,37.74522],[31.67658,37.74517],[31.67663,37.74415],[31.67728,37.74378],[31.67628,37.74212],[31.67685,37.7402],[31.67572,37.73926],[31.67616,37.7382],[31.67551,37.73688],[31.67412,37.73541],[31.67378,37.73336],[31.67047,37.73326],[31.66895,37.73426],[31.6683,37.73525],[31.66849,37.7359],[31.66909,37.73615],[31.66946,37.73547],[31.67031,37.73559],[31.6711,37.73707]]]},"properties":{"firedate":"2026-09-11","area_ha":161.0,"country":"TR"}},{"type":"Feature","geometry":{"type":"Polygon","coordinates":[[[34.34145,46.16955],[34.34138,46.16657],[34.34056,46.16325],[34.34077,46.16263],[34.33943,46.15971],[34.33892,46.15931],[34.32976,46.16207],[34.32733,46.16233],[34.3233,46.16345],[34.32146,46.16291],[34.32025,46.16309],[34.31806,46.16416],[34.31651,46.16437],[34.31627,46.16566],[34.31558,46.16651],[34.31347,46.16611],[34.31276,46.16639],[34.31164,46.16734],[34.31135,46.16828],[34.31215,46.17019],[34.31309,46.17055],[34.31369,46.17013],[34.31511,46.16782],[34.3162,46.16727],[34.31987,46.16697],[34.32167,46.16648],[34.32286,46.16664],[34.32386,46.16779],[34.32558,46.16884],[34.32667,46.17124],[34.32824,46.17288],[34.32958,46.17378],[34.33165,46.17396],[34.33116,46.17554],[34.33184,46.17621],[34.33246,46.17598],[34.33356,46.17335],[34.33582,46.17171],[34.33983,46.17084],[34.34116,46.17018],[34.34145,46.16955]]]},"properties":{"firedate":"2026-09-11","area_ha":191.0,"country":"UA"}},{"type":"Feature","geometry":{"type":"Polygon","coordinates":[[[15.1438,36.9455],[15.14474,36.9462],[15.14578,36.94637],[15.14587,36.9459],[15.14529,36.94544],[15.14573,36.94486],[15.14697,36.94529],[15.14819,36.94498],[15.14815,36.9443],[15.14873,36.94381],[15.1476,36.94334],[15.14773,36.94252],[15.14741,36.94209],[15.14654,36.94226],[15.14536,36.94151],[15.14457,36.94209],[15.14337,36.94166],[15.14181,36.94004],[15.14225,36.93902],[15.142,36.93827],[15.14128,36.9382],[15.13856,36.9401],[15.13738,36.93958],[15.13694,36.94014],[15.13601,36.93933],[15.13419,36.93879],[15.13303,36.93969],[15.13125,36.94026],[15.12973,36.94013],[15.12938,36.9406],[15.13029,36.94145],[15.13005,36.94225],[15.13147,36.9436],[15.13094,36.94455],[15.13096,36.94561],[15.13026,36.94642],[15.13124,36.94643],[15.13253,36.94535],[15.1332,36.94459],[15.13307,36.94395],[15.13273,36.94403],[15.1331,36.94365],[15.13371,36.94454],[15.13352,36.9474],[15.1314,36.94942],[15.13192,36.94946],[15.13162,36.94986],[15.1324,36.95001],[15.13129,36.95145],[15.13061,36.95158],[15.13077,36.94999],[15.12938,36.95148],[15.12838,36.95123],[15.12785,36.95173],[15.12789,36.95247],[15.13068,36.95282],[15.133,36.95459],[15.13417,36.95438],[15.13805,36.95564],[15.1408,36.95526],[15.14289,36.95377],[15.14287,36.95112],[15.14221,36.94968],[15.14367,36.94853],[15.14353,36.94706],[15.1438,36.9455]]]},"properties":{"firedate":"2026-09-11","area_ha":198.0,"country":"IT"}},{"type":"Feature","geometry":{"type":"Polygon","coordinates":[[[25.73347,42.68697],[25.73513,42.68599],[25.7358,42.68332],[25.7363,42.68258],[25.73963,42.68199],[25.7392,42.68058],[25.73947,42.68045],[25.7396,42.6785],[25.74131,42.6767],[25.74257,42.67468],[25.74357,42.67145],[25.7448,42.67009],[25.74517,42.66844],[25.74834,42.66609],[25.74888,42.66479],[25.74832,42.66459],[25.74656,42.665],[25.74476,42.66458],[25.74262,42.66555],[25.742,42.66633],[25.74229,42.6672],[25.74249,42.66762],[25.74376,42.66796],[25.74322,42.66896],[25.74327,42.67007],[25.74033,42.67071],[25.73865,42.67061],[25.73803,42.67097],[25.73612,42.67265],[25.73489,42.67466],[25.7345,42.67636],[25.73387,42.67664],[25.73312,42.67663],[25.7325,42.67615],[25.73219,42.67638],[25.73162,42.67551],[25.73096,42.6752],[25.72874,42.67494],[25.72762,42.67422],[25.72618,42.67444],[25.72487,42.67397],[25.72411,42.67408],[25.72363,42.67511],[25.72439,42.67899],[25.7236,42.68059],[25.72427,42.68168],[25.72214,42.68285],[25.72511,42.68443],[25.727,42.68432],[25.72748,42.68461],[25.72772,42.68549],[25.72721,42.68631],[25.72514,42.6854],[25.72225,42.68607],[25.72084,42.68683],[25.71981,42.68475],[25.71748,42.68456],[25.71552,42.68353],[25.71406,42.68499],[25.71301,42.6855],[25.71299,42.68597],[25.71353,42.68616],[25.71523,42.68591],[25.71547,42.68677],[25.71722,42.68718],[25.71993,42.6897],[25.72211,42.68949],[25.72387,42.6907],[25.72692,42.69073],[25.72802,42.69109],[25.73246,42.68952],[25.73489,42.68956],[25.73371,42.68805],[25.73347,42.68697]]]},"properties":{"firedate":"2026-09-11","area_ha":261.0,"country":"BG"}},{"type":"Feature","geometry":{"type":"Polygon","coordinates":[[[38.65566,49.01677],[38.6652,49.01287],[38.66984,49.01217],[38.67494,49.00655],[38.67287,49.00534],[38.66848,49.00478],[38.66537,49.00519],[38.66438,49.00477],[38.66592,49.00348],[38.66556,49.00248],[38.66508,49.00227],[38.66246,49.00234],[38.65743,49.00356],[38.65548,49.00345],[38.65361,49.00239],[38.6524,49.0026],[38.65135,49.00314],[38.65065,49.00442],[38.65022,49.00462],[38.64621,49.00465],[38.64056,49.00745],[38.63924,49.00934],[38.6374,49.01048],[38.63641,49.01458],[38.63683,49.01596],[38.63784,49.0162],[38.64336,49.01594],[38.64571,49.01691],[38.65158,49.01743],[38.65566,49.01677]]]},"properties":{"firedate":"2026-09-11","area_ha":309.0,"country":"UA"}},{"type":"Feature","geometry":{"type":"Polygon","coordinates":[[[21.3025,41.3782],[21.29927,41.3798],[21.29656,41.38188],[21.29841,41.38276],[21.29904,41.38343],[21.29912,41.38418],[21.29809,41.38495],[21.29764,41.38628],[21.29628,41.38796],[21.29487,41.38781],[21.29385,41.38632],[21.29151,41.38484],[21.28943,41.38409],[21.28852,41.38429],[21.28926,41.38819],[21.29095,41.38971],[21.29165,41.39098],[21.2904,41.39121],[21.28983,41.39279],[21.2877,41.3926],[21.28712,41.39294],[21.2865,41.39483],[21.28683,41.39601],[21.28998,41.39733],[21.29535,41.39368],[21.29613,41.39267],[21.29859,41.39095],[21.30213,41.38999],[21.30374,41.38876],[21.30607,41.38766],[21.30715,41.38759],[21.30848,41.3885],[21.31,41.38863],[21.31012,41.38738],[21.31061,41.38696],[21.31585,41.38701],[21.31798,41.38581],[21.31723,41.38465],[21.31723,41.38409],[21.31862,41.38198],[21.32098,41.38262],[21.32126,41.38223],[21.3208,41.3817],[21.32125,41.38132],[21.32327,41.38129],[21.32425,41.38058],[21.3261,41.38057],[21.32622,41.38009],[21.32292,41.37888],[21.32291,41.37838],[21.32475,41.37744],[21.32858,41.37652],[21.33131,41.37381],[21.33187,41.37123],[21.33078,41.37039],[21.32756,41.36981],[21.3251,41.36885],[21.32394,41.36925],[21.32228,41.37095],[21.31921,41.37113],[21.31735,41.37231],[21.31673,41.37207],[21.31616,41.37032],[21.31486,41.36966],[21.31093,41.3711],[21.31025,41.37085],[21.31068,41.36977],[21.31016,41.36913],[21.30944,41.36936],[21.30811,41.37054],[21.30548,41.37116],[21.30278,41.37056],[21.30195,41.37117],[21.30211,41.37397],[21.30151,41.3751],[21.30234,41.37636],[21.3025,41.3782]]]},"properties":{"firedate":"2026-09-11","area_ha":475.0,"country":"MK"}},{"type":"Feature","geometry":{"type":"Polygon","coordinates":[[[38.69071,48.75897],[38.69239,48.7581],[38.69105,48.75504],[38.69757,48.7518],[38.71757,48.74601],[38.71787,48.74483],[38.71981,48.74525],[38.72165,48.74435],[38.72881,48.74308],[38.72573,48.73413],[38.73063,48.73224],[38.73218,48.73104],[38.73416,48.73128],[38.73368,48.73007],[38.73261,48.72926],[38.72468,48.73107],[38.72161,48.73104],[38.7184,48.7327],[38.71664,48.73501],[38.71618,48.73484],[38.71634,48.73266],[38.71495,48.73311],[38.71182,48.73717],[38.71178,48.73915],[38.70998,48.74034],[38.7105,48.74366],[38.70828,48.74378],[38.70724,48.74164],[38.70627,48.74111],[38.70431,48.74142],[38.70292,48.74297],[38.70076,48.74242],[38.70038,48.74368],[38.69724,48.74471],[38.69771,48.74551],[38.69659,48.7464],[38.69523,48.74646],[38.69504,48.74738],[38.69616,48.74776],[38.69681,48.74661],[38.69891,48.74598],[38.70466,48.74642],[38.69637,48.75045],[38.69536,48.75013],[38.69437,48.74862],[38.69373,48.74593],[38.69661,48.74349],[38.6953,48.74104],[38.69809,48.74017],[38.70072,48.73807],[38.703,48.73746],[38.70303,48.73669],[38.70756,48.73553],[38.70515,48.73371],[38.70247,48.73398],[38.70137,48.73447],[38.70295,48.73568],[38.6983,48.73548],[38.69719,48.73597],[38.69701,48.73788],[38.69586,48.73789],[38.69534,48.737],[38.69561,48.73439],[38.69944,48.72988],[38.69844,48.72915],[38.69739,48.73016],[38.69671,48.72998],[38.69714,48.72877],[38.69566,48.72716],[38.69583,48.72588],[38.69387,48.72428],[38.69285,48.72501],[38.69255,48.72659],[38.69117,48.72839],[38.6914,48.72977],[38.69033,48.72955],[38.68979,48.73017],[38.68555,48.73808],[38.6836,48.73776],[38.68284,48.73671],[38.68179,48.7366],[38.68012,48.73965],[38.68036,48.74615],[38.68257,48.74622],[38.68416,48.74794],[38.68397,48.74905],[38.68116,48.74695],[38.67963,48.74747],[38.6808,48.75178],[38.68041,48.75237],[38.68411,48.75284],[38.68508,48.75489],[38.68671,48.75554],[38.68425,48.75678],[38.68477,48.75781],[38.6844,48.75882],[38.69071,48.75897]]]},"properties":{"firedate":"2026-09-11","area_ha":570.0,"country":"UA"}},{"type":"Feature","geometry":{"type":"Polygon","coordinates":[[[38.31744,48.32744],[38.31851,48.32872],[38.31904,48.33099],[38.32189,48.33195],[38.32235,48.33333],[38.32477,48.33566],[38.32896,48.33633],[38.33463,48.33439],[38.33332,48.33312],[38.3331,48.33172],[38.33504,48.32979],[38.34182,48.32854],[38.34299,48.33033],[38.34433,48.33065],[38.35044,48.32632],[38.35359,48.3269],[38.35739,48.32584],[38.35976,48.3268],[38.36179,48.32682],[38.37385,48.32301],[38.37454,48.32337],[38.37514,48.32552],[38.37704,48.32455],[38.37812,48.32236],[38.38155,48.32002],[38.37783,48.31568],[38.37365,48.31362],[38.37149,48.31393],[38.36667,48.31703],[38.36425,48.3172],[38.36978,48.31219],[38.36984,48.31134],[38.36821,48.31048],[38.3651,48.31259],[38.35969,48.31874],[38.35878,48.31904],[38.35476,48.31776],[38.35138,48.31371],[38.35089,48.31101],[38.34905,48.31051],[38.34351,48.31103],[38.33904,48.30614],[38.33144,48.30718],[38.32468,48.30975],[38.31558,48.31204],[38.3145,48.3127],[38.31423,48.31509],[38.30819,48.31466],[38.30743,48.31543],[38.30858,48.31718],[38.30805,48.318],[38.29993,48.31573],[38.29513,48.3171],[38.2933,48.31871],[38.29346,48.31956],[38.29793,48.32023],[38.30553,48.32251],[38.31088,48.32543],[38.31744,48.32744]]]},"properties":{"firedate":"2026-09-11","area_ha":1001.0,"country":"UA"}},{"type":"Feature","geometry":{"type":"Polygon","coordinates":[[[16.45398,43.30272],[16.45573,43.30504],[16.4591,43.30718],[16.4568,43.3077],[16.45736,43.30928],[16.45638,43.31002],[16.45684,43.31047],[16.45446,43.31061],[16.45435,43.30949],[16.45358,43.30947],[16.4533,43.30759],[16.45242,43.30707],[16.45301,43.30865],[16.45226,43.30931],[16.45215,43.31157],[16.45082,43.31127],[16.44939,43.30917],[16.44801,43.31042],[16.44757,43.31287],[16.44486,43.31109],[16.44416,43.31122],[16.44443,43.3122],[16.44335,43.31283],[16.44286,43.31141],[16.44364,43.30982],[16.44673,43.30693],[16.44643,43.30414],[16.44391,43.30437],[16.44161,43.3075],[16.43964,43.30591],[16.4377,43.30526],[16.43525,43.3062],[16.4346,43.30696],[16.43461,43.30911],[16.43493,43.31011],[16.43619,43.31086],[16.43735,43.31391],[16.4359,43.31515],[16.44079,43.31658],[16.44331,43.31425],[16.44402,43.31571],[16.44602,43.31632],[16.44921,43.31498],[16.45027,43.31513],[16.45046,43.31589],[16.44929,43.31667],[16.4486,43.31879],[16.45004,43.31941],[16.44822,43.32063],[16.44665,43.32065],[16.45122,43.32211],[16.45094,43.32319],[16.45138,43.32348],[16.45664,43.3232],[16.46887,43.3252],[16.47269,43.32494],[16.47233,43.32426],[16.47331,43.32386],[16.47864,43.32423],[16.48306,43.3226],[16.48588,43.3223],[16.48679,43.3246],[16.48505,43.3294],[16.48597,43.33055],[16.4875,43.33108],[16.48597,43.33326],[16.48431,43.33387],[16.48514,43.33373],[16.48537,43.33458],[16.48354,43.33515],[16.48298,43.3346],[16.48301,43.33637],[16.48027,43.33746],[16.47987,43.33713],[16.48084,43.33494],[16.47977,43.33499],[16.4786,43.33624],[16.47715,43.33663],[16.47605,43.33898],[16.47455,43.33876],[16.47428,43.3394],[16.47602,43.33983],[16.47544,43.3417],[16.4762,43.34244],[16.47631,43.34483],[16.47709,43.34534],[16.47761,43.34398],[16.47857,43.34649],[16.48201,43.34624],[16.48368,43.34422],[16.48322,43.34587],[16.4865,43.3478],[16.4845,43.34916],[16.48889,43.34969],[16.48917,43.34813],[16.48979,43.34923],[16.4912,43.34921],[16.48988,43.3482],[16.49107,43.34721],[16.49198,43.34804],[16.49175,43.35049],[16.49342,43.35066],[16.49394,43.35036],[16.49287,43.34854],[16.49569,43.34751],[16.49439,43.34623],[16.49872,43.34504],[16.49869,43.34427],[16.49982,43.3439],[16.503,43.34474],[16.50441,43.34429],[16.5051,43.34534],[16.5063,43.34529],[16.50432,43.34636],[16.50438,43.34725],[16.50506,43.34759],[16.50587,43.34753],[16.50586,43.34674],[16.5087,43.34659],[16.50954,43.34718],[16.5079,43.34808],[16.50972,43.34815],[16.50984,43.34894],[16.51161,43.34916],[16.51323,43.34833],[16.51528,43.34665],[16.51572,43.34531],[16.51807,43.34427],[16.51616,43.34407],[16.51356,43.34232],[16.51862,43.34007],[16.52061,43.33655],[16.52031,43.3341],[16.51839,43.3322],[16.51758,43.33213],[16.51631,43.32966],[16.51651,43.3284],[16.51802,43.32796],[16.51868,43.3261],[16.52004,43.32547],[16.52201,43.32639],[16.52238,43.32585],[16.52169,43.3246],[16.52412,43.32253],[16.52599,43.32194],[16.52674,43.31997],[16.52839,43.32028],[16.52997,43.31964],[16.53002,43.32029],[16.53798,43.32108],[16.53829,43.32033],[16.53775,43.31931],[16.53899,43.31794],[16.54131,43.31782],[16.54435,43.3153],[16.54771,43.31422],[16.54974,43.31265],[16.54902,43.31167],[16.55,43.31097],[16.5517,43.31104],[16.55297,43.31019],[16.55398,43.31076],[16.55446,43.31003],[16.55399,43.30885],[16.5562,43.30595],[16.55687,43.30367],[16.56358,43.30108],[16.56406,43.30021],[16.56212,43.30005],[16.56347,43.29933],[16.5643,43.29792],[16.5633,43.29745],[16.55749,43.29804],[16.55098,43.29992],[16.5455,43.29959],[16.54598,43.29855],[16.54818,43.29819],[16.54868,43.29732],[16.54982,43.29775],[16.55193,43.2973],[16.55231,43.29443],[16.55909,43.29361],[16.55375,43.29304],[16.55215,43.29074],[16.54588,43.28932],[16.54569,43.288],[16.54753,43.28788],[16.54589,43.28621],[16.54498,43.28556],[16.54391,43.28594],[16.54095,43.28236],[16.53967,43.28292],[16.53876,43.28246],[16.53794,43.27502],[16.53566,43.26955],[16.53497,43.26983],[16.53516,43.27165],[16.53123,43.26998],[16.52764,43.27095],[16.52567,43.27244],[16.52676,43.27448],[16.52617,43.27474],[16.52252,43.2735],[16.52061,43.27368],[16.51732,43.27593],[16.51683,43.27806],[16.51541,43.27759],[16.5153,43.27372],[16.5145,43.2738],[16.50916,43.27686],[16.50864,43.27834],[16.50731,43.2783],[16.50656,43.27904],[16.50664,43.28001],[16.50948,43.28272],[16.50895,43.2833],[16.50396,43.28189],[16.50173,43.27809],[16.5004,43.27806],[16.50039,43.27997],[16.49906,43.28161],[16.50127,43.28307],[16.50171,43.2862],[16.50037,43.28652],[16.49805,43.28513],[16.49499,43.2881],[16.49721,43.29292],[16.49471,43.29201],[16.49328,43.29247],[16.4935,43.2913],[16.49188,43.28832],[16.49154,43.28525],[16.48939,43.28501],[16.4886,43.28559],[16.48867,43.28869],[16.48666,43.29003],[16.48728,43.29229],[16.48375,43.2921],[16.48573,43.29334],[16.48579,43.29602],[16.48322,43.29677],[16.48062,43.2933],[16.47883,43.29391],[16.47854,43.29467],[16.47614,43.29364],[16.475,43.29384],[16.47371,43.29501],[16.4733,43.29669],[16.47161,43.29597],[16.47257,43.29763],[16.47181,43.29795],[16.4695,43.29693],[16.469,43.29868],[16.47027,43.30035],[16.47149,43.30395],[16.46662,43.30261],[16.46564,43.3032],[16.46658,43.30715],[16.4658,43.30866],[16.46445,43.30683],[16.46292,43.30634],[16.46263,43.3052],[16.46161,43.3047],[16.46159,43.30381],[16.46095,43.30373],[16.45999,43.30207],[16.45775,43.30187],[16.45749,43.3013],[16.4589,43.29952],[16.45677,43.2988],[16.45394,43.29904],[16.45354,43.30019],[16.45398,43.30272]],[[16.51026,43.32914],[16.50831,43.32867],[16.50754,43.33008],[16.50528,43.32821],[16.50627,43.32738],[16.50775,43.32723],[16.50839,43.32648],[16.50829,43.32527],[16.51037,43.32541],[16.50811,43.32469],[16.50905,43.32266],[16.51579,43.31945],[16.51647,43.32014],[16.51586,43.32187],[16.51692,43.32458],[16.51346,43.32642],[16.51103,43.32667],[16.50975,43.32822],[16.51026,43.32914]],[[16.51519,43.33255],[16.51636,43.3322],[16.5168,43.33253],[16.51547,43.33324],[16.51519,43.33255]],[[16.49282,43.33837],[16.49272,43.33708],[16.49344,43.33703],[16.49282,43.33837]],[[16.48956,43.32785],[16.49037,43.32647],[16.49172,43.32594],[16.49102,43.32797],[16.48956,43.32785]],[[16.50246,43.34133],[16.50007,43.34193],[16.49903,43.34167],[16.50152,43.3408],[16.50246,43.34133]],[[16.49933,43.32347],[16.4968,43.32355],[16.49742,43.32322],[16.49727,43.32234],[16.4953,43.32165],[16.49611,43.32174],[16.49768,43.32022],[16.49994,43.31988],[16.50082,43.31838],[16.50175,43.31915],[16.5015,43.32105],[16.49891,43.32203],[16.49933,43.32347]],[[16.51103,43.31819],[16.5105,43.31794],[16.51039,43.31749],[16.51112,43.31749],[16.51103,43.31819]],[[16.54677,43.30895],[16.54557,43.30962],[16.54341,43.30883],[16.54217,43.30948],[16.54381,43.3101],[16.54192,43.31086],[16.5398,43.30972],[16.53963,43.30889],[16.54213,43.30802],[16.54345,43.30844],[16.54553,43.30797],[16.54677,43.30895]],[[16.53507,43.3058],[16.53417,43.30547],[16.53387,43.30465],[16.5352,43.30483],[16.53507,43.3058]],[[16.53108,43.30707],[16.52965,43.30757],[16.52824,43.30692],[16.52755,43.30553],[16.52866,43.30469],[16.52969,43.30238],[16.53361,43.30269],[16.53474,43.30173],[16.53108,43.30707]],[[16.52718,43.29716],[16.52757,43.29941],[16.52663,43.30043],[16.52177,43.3007],[16.52201,43.29981],[16.52075,43.29985],[16.52104,43.29921],[16.51781,43.29913],[16.5184,43.29791],[16.51762,43.296],[16.51838,43.29528],[16.51898,43.29754],[16.52152,43.2983],[16.52195,43.29798],[16.52045,43.29536],[16.52233,43.29489],[16.52552,43.29944],[16.52676,43.29936],[16.52609,43.29919],[16.52671,43.2989],[16.52599,43.29669],[16.52718,43.29716]],[[16.47748,43.32009],[16.47622,43.32023],[16.47465,43.31925],[16.47549,43.31884],[16.47512,43.3183],[16.47678,43.3183],[16.4774,43.31887],[16.4764,43.3193],[16.47748,43.32009]],[[16.47333,43.31851],[16.46946,43.31902],[16.46794,43.31697],[16.46594,43.31652],[16.46773,43.31574],[16.47055,43.31777],[16.47208,43.31754],[16.47333,43.31851]],[[16.46671,43.3202],[16.46638,43.32088],[16.46421,43.32059],[16.4624,43.31917],[16.46385,43.31875],[16.46475,43.31946],[16.46416,43.31991],[16.46616,43.31943],[16.46671,43.3202]],[[16.46042,43.32129],[16.45957,43.32087],[16.45827,43.32168],[16.45644,43.32099],[16.45827,43.32038],[16.4602,43.32073],[16.46042,43.32129]],[[16.45941,43.31577],[16.45915,43.31491],[16.45773,43.31496],[16.45785,43.31407],[16.45697,43.31396],[16.45816,43.31267],[16.46013,43.31242],[16.46086,43.31308],[16.45941,43.31577]],[[16.45626,43.31551],[16.45507,43.31554],[16.45518,43.31431],[16.45596,43.31411],[16.45626,43.31551]],[[16.45632,43.32063],[16.45422,43.32004],[16.45367,43.31926],[16.4547,43.31877],[16.45462,43.31965],[16.45564,43.31939],[16.45632,43.32063]]]},"properties":{"firedate":"2026-09-11","area_ha":3992.0,"country":"HR"}},{"type":"Feature","geometry":{"type":"Polygon","coordinates":[[[22.50949,44.89248],[22.50875,44.89191],[22.50848,44.89193],[22.5089,44.8927],[22.50949,44.89248]]]},"properties":{"firedate":"2026-09-12","area_ha":0.0,"country":"RO"}},{"type":"Feature","geometry":{"type":"Polygon","coordinates":[[[-9.04426,38.59907],[-9.04383,38.59829],[-9.04431,38.59815],[-9.04486,38.59878],[-9.04426,38.59907]]]},"properties":{"firedate":"2026-09-12","area_ha":1.0,"country":"PT"}},{"type":"Feature","geometry":{"type":"Polygon","coordinates":[[[19.39965,43.1143],[19.39946,43.11272],[19.39858,43.11257],[19.398,43.11373],[19.39873,43.11425],[19.39965,43.1143]]]},"properties":{"firedate":"2026-09-12","area_ha":2.0,"country":"ME"}},{"type":"Feature","geometry":{"type":"Polygon","coordinates":[[[14.9858,38.03104],[14.98499,38.03033],[14.98438,38.02887],[14.98314,38.03033],[14.98331,38.03064],[14.9858,38.03104]]]},"properties":{"firedate":"2026-09-12","area_ha":2.0,"country":"IT"}},{"type":"Feature","geometry":{"type":"Polygon","coordinates":[[[-3.79343,43.20591],[-3.79368,43.20692],[-3.7916,43.20813],[-3.79012,43.20742],[-3.79044,43.20658],[-3.79173,43.20658],[-3.79148,43.20695],[-3.79227,43.20706],[-3.79291,43.2069],[-3.79245,43.20614],[-3.79281,43.20631],[-3.79343,43.20591]]]},"properties":{"firedate":"2026-09-12","area_ha":3.0,"country":"ES"}},{"type":"Feature","geometry":{"type":"Polygon","coordinates":[[[2.54087,42.72057],[2.53916,42.72077],[2.53974,42.72014],[2.53847,42.72032],[2.53831,42.7207],[2.53723,42.7204],[2.53793,42.7212],[2.53853,42.72132],[2.53804,42.72173],[2.53875,42.7223],[2.5396,42.7221],[2.53945,42.72186],[2.53982,42.72195],[2.53971,42.72168],[2.541,42.721],[2.54087,42.72057]]]},"properties":{"firedate":"2026-09-12","area_ha":4.0,"country":"FR"}},{"type":"Feature","geometry":{"type":"Polygon","coordinates":[[[18.15416,39.87024],[18.15303,39.86815],[18.1525,39.86804],[18.15129,39.87044],[18.15165,39.87074],[18.15294,39.87031],[18.15394,39.87044],[18.15416,39.87024]]]},"properties":{"firedate":"2026-09-12","area_ha":4.0,"country":"IT"}},{"type":"Feature","geometry":{"type":"Polygon","coordinates":[[[22.50632,44.89512],[22.50462,44.89454],[22.50378,44.89471],[22.50387,44.89497],[22.50468,44.89499],[22.5047,44.896],[22.50366,44.89669],[22.50364,44.89706],[22.5044,44.89712],[22.50531,44.89665],[22.50753,44.89704],[22.50759,44.89643],[22.50632,44.89512]]]},"properties":{"firedate":"2026-09-12","area_ha":5.0,"country":"RO"}},{"type":"Feature","geometry":{"type":"Polygon","coordinates":[[[-8.5484,38.29845],[-8.54771,38.29816],[-8.54797,38.2974],[-8.54757,38.29696],[-8.5481,38.29646],[-8.5479,38.29601],[-8.54901,38.29525],[-8.55022,38.29624],[-8.54995,38.29691],[-8.5484,38.29845]]]},"properties":{"firedate":"2026-09-12","area_ha":5.0,"country":"PT"}},{"type":"Feature","geometry":{"type":"Polygon","coordinates":[[[25.18983,37.04024],[25.1911,37.03821],[25.19045,37.03741],[25.19079,37.03684],[25.19038,37.0368],[25.19057,37.03652],[25.1899,37.03603],[25.18911,37.03657],[25.18854,37.03808],[25.18907,37.03854],[25.18922,37.03976],[25.18983,37.04024]]]},"properties":{"firedate":"2026-09-12","area_ha":6.0,"country":"EL"}},{"type":"Feature","geometry":{"type":"Polygon","coordinates":[[[16.01563,38.70072],[16.0152,38.69724],[16.01418,38.69618],[16.01328,38.69626],[16.01421,38.7007],[16.01505,38.70108],[16.01563,38.70072]]]},"properties":{"firedate":"2026-09-12","area_ha":7.0,"country":"IT"}},{"type":"Feature","geometry":{"type":"Polygon","coordinates":[[[15.51238,38.14678],[15.51367,38.14648],[15.51359,38.14593],[15.51418,38.14573],[15.51417,38.14516],[15.51492,38.14472],[15.51468,38.14415],[15.51532,38.14361],[15.51439,38.14307],[15.51291,38.14309],[15.51219,38.14376],[15.51126,38.14398],[15.51196,38.14523],[15.51185,38.14645],[15.51238,38.14678]]]},"properties":{"firedate":"2026-09-12","area_ha":9.0,"country":"IT"}},{"type":"Feature","geometry":{"type":"Polygon","coordinates":[[[29.75186,38.55858],[29.75357,38.55712],[29.75333,38.55685],[29.75224,38.55657],[29.75152,38.55694],[29.74751,38.5572],[29.74697,38.55792],[29.75104,38.55881],[29.75186,38.55858]]]},"properties":{"firedate":"2026-09-12","area_ha":9.0,"country":"TR"}},{"type":"Feature","geometry":{"type":"Polygon","coordinates":[[[35.83153,48.35734],[35.8343,48.35585],[35.8345,48.35522],[35.83415,48.35466],[35.83627,48.35318],[35.8358,48.35264],[35.83467,48.35279],[35.8313,48.35557],[35.82897,48.3568],[35.82918,48.35747],[35.8297,48.35771],[35.83153,48.35734]]]},"properties":{"firedate":"2026-09-12","area_ha":10.0,"country":"UA"}},{"type":"Feature","geometry":{"type":"Polygon","coordinates":[[[35.96834,48.14543],[35.96797,48.14387],[35.96876,48.14396],[35.96911,48.14546],[35.96961,48.14502],[35.96903,48.14258],[35.96526,48.14252],[35.96256,48.14322],[35.9627,48.14406],[35.96512,48.14457],[35.96698,48.1442],[35.96798,48.1457],[35.96834,48.14543]]]},"properties":{"firedate":"2026-09-12","area_ha":10.0,"country":"UA"}},{"type":"Feature","geometry":{"type":"Polygon","coordinates":[[[14.78851,37.25788],[14.78783,37.25717],[14.78475,37.25685],[14.78355,37.25573],[14.7822,37.25567],[14.78348,37.25682],[14.78298,37.25785],[14.78597,37.25959],[14.78658,37.25945],[14.78678,37.25848],[14.78777,37.25845],[14.78851,37.25788]]]},"properties":{"firedate":"2026-09-12","area_ha":11.0,"country":"IT"}},{"type":"Feature","geometry":{"type":"Polygon","coordinates":[[[13.45571,41.28911],[13.45591,41.28649],[13.45545,41.28587],[13.45437,41.28548],[13.45249,41.28574],[13.45254,41.28845],[13.45314,41.28958],[13.45415,41.29009],[13.45481,41.28999],[13.45571,41.28911]]]},"properties":{"firedate":"2026-09-12","area_ha":13.0,"country":"IT"}},{"type":"Feature","geometry":{"type":"Polygon","coordinates":[[[36.95856,48.4876],[36.95827,48.48486],[36.95688,48.48376],[36.95683,48.48123],[36.95614,48.48106],[36.95544,48.48036],[36.95415,48.48023],[36.95391,48.48048],[36.9542,48.48096],[36.95342,48.48185],[36.95341,48.48405],[36.95762,48.48563],[36.95809,48.48749],[36.95856,48.4876]]]},"properties":{"firedate":"2026-09-12","area_ha":14.0,"country":"UA"}},{"type":"Feature","geometry":{"type":"Polygon","coordinates":[[[39.98473,49.24021],[39.98523,49.23957],[39.98499,49.23891],[39.98141,49.23594],[39.98075,49.23637],[39.97897,49.23614],[39.97926,49.23782],[39.97683,49.23899],[39.97515,49.23915],[39.97622,49.23978],[39.97991,49.23833],[39.98062,49.2388],[39.97988,49.23976],[39.98294,49.24069],[39.98473,49.24021]]]},"properties":{"firedate":"2026-09-12","area_ha":16.0,"country":"UA"}},{"type":"Feature","geometry":{"type":"Polygon","coordinates":[[[25.42903,42.9162],[25.4279,42.91726],[25.4297,42.91838],[25.43413,42.91921],[25.43979,42.91968],[25.4416,42.91934],[25.44057,42.91817],[25.43669,42.91769],[25.43566,42.91664],[25.43264,42.91584],[25.43023,42.91612],[25.42984,42.9158],[25.43022,42.91535],[25.43008,42.91504],[25.42778,42.91485],[25.42726,42.91544],[25.4273,42.91587],[25.42903,42.9162]]]},"properties":{"firedate":"2026-09-12","area_ha":28.0,"country":"BG"}},{"type":"Feature","geometry":{"type":"Polygon","coordinates":[[[34.43765,47.40099],[34.43645,47.40015],[34.43488,47.40003],[34.43084,47.40124],[34.42655,47.40196],[34.42513,47.40267],[34.42495,47.4033],[34.42604,47.40439],[34.42894,47.40512],[34.42992,47.40506],[34.43131,47.40384],[34.43293,47.40371],[34.43505,47.40252],[34.43692,47.40198],[34.43765,47.40099]]]},"properties":{"firedate":"2026-09-12","area_ha":29.0,"country":"UA"}},{"type":"Feature","geometry":{"type":"Polygon","coordinates":[[[38.39126,48.31853],[38.39171,48.31792],[38.3906,48.31506],[38.38843,48.31296],[38.38633,48.31396],[38.38387,48.31419],[38.3819,48.31506],[38.38329,48.3173],[38.38257,48.31919],[38.38349,48.31968],[38.38603,48.31915],[38.38823,48.31931],[38.39126,48.31853]]]},"properties":{"firedate":"2026-09-12","area_ha":37.0,"country":"UA"}},{"type":"Feature","geometry":{"type":"Polygon","coordinates":[[[37.92142,49.32999],[37.9214,49.32908],[37.92033,49.32761],[37.9227,49.32629],[37.92192,49.32611],[37.92204,49.32538],[37.92138,49.32523],[37.92,49.32555],[37.91877,49.3265],[37.91701,49.3267],[37.91507,49.32591],[37.91317,49.32661],[37.9127,49.32746],[37.91399,49.32809],[37.91351,49.32839],[37.90756,49.3268],[37.90706,49.32737],[37.90747,49.32769],[37.90538,49.32927],[37.906,49.32962],[37.90952,49.32994],[37.91314,49.33112],[37.91552,49.32993],[37.92003,49.33048],[37.92142,49.32999]]]},"properties":{"firedate":"2026-09-12","area_ha":43.0,"country":"UA"}},{"type":"Feature","geometry":{"type":"Polygon","coordinates":[[[22.66935,44.21648],[22.67081,44.21624],[22.67119,44.21575],[22.67012,44.21502],[22.6699,44.21403],[22.66835,44.21304],[22.66734,44.21416],[22.6666,44.21421],[22.66526,44.21504],[22.66397,44.21488],[22.66227,44.21524],[22.65963,44.21683],[22.65913,44.21756],[22.6642,44.22139],[22.66519,44.22148],[22.666,44.22104],[22.66694,44.21917],[22.66935,44.21648]]]},"properties":{"firedate":"2026-09-12","area_ha":43.0,"country":"RS"}},{"type":"Feature","geometry":{"type":"Polygon","coordinates":[[[35.64758,47.6677],[35.64369,47.66904],[35.64362,47.6699],[35.64446,47.6704],[35.64692,47.66992],[35.64867,47.67056],[35.65574,47.66759],[35.65685,47.66761],[35.65895,47.66831],[35.66019,47.66778],[35.66046,47.66676],[35.66217,47.66641],[35.66109,47.66559],[35.65929,47.66518],[35.6606,47.66328],[35.6607,47.66246],[35.65793,47.66212],[35.65331,47.66498],[35.65218,47.66675],[35.65074,47.66695],[35.64937,47.66671],[35.64758,47.6677]]]},"properties":{"firedate":"2026-09-12","area_ha":49.0,"country":"UA"}},{"type":"Feature","geometry":{"type":"Polygon","coordinates":[[[38.16623,49.43619],[38.16414,49.43575],[38.1623,49.43654],[38.15931,49.43615],[38.15733,49.43704],[38.15694,49.43736],[38.15714,49.43792],[38.15947,49.43871],[38.15922,49.44009],[38.15773,49.44007],[38.15728,49.44093],[38.15745,49.44132],[38.1592,49.44282],[38.16258,49.44361],[38.16672,49.44406],[38.16767,49.44398],[38.16771,49.44329],[38.16951,49.44141],[38.1719,49.44135],[38.17351,49.44075],[38.17081,49.44012],[38.17,49.43949],[38.16877,49.43971],[38.16684,49.44079],[38.16336,49.43972],[38.16273,49.43875],[38.16286,49.43827],[38.16476,49.43775],[38.16563,49.43687],[38.16632,49.43681],[38.16623,49.43619]]]},"properties":{"firedate":"2026-09-12","area_ha":52.0,"country":"UA"}},{"type":"Feature","geometry":{"type":"Polygon","coordinates":[[[33.47652,45.37662],[33.47593,45.37423],[33.47591,45.3737],[33.47643,45.37363],[33.4756,45.36814],[33.47448,45.36717],[33.47001,45.36714],[33.4691,45.36763],[33.46936,45.36995],[33.46904,45.37044],[33.4673,45.37043],[33.46687,45.36993],[33.46658,45.36761],[33.46618,45.36712],[33.46463,45.36713],[33.46438,45.36761],[33.46477,45.36983],[33.4647,45.3703],[33.464,45.37032],[33.46387,45.37079],[33.46397,45.373],[33.46372,45.37349],[33.46244,45.37356],[33.46227,45.37413],[33.46274,45.3767],[33.46333,45.37722],[33.46561,45.37709],[33.46602,45.37654],[33.46565,45.37413],[33.46636,45.37361],[33.47003,45.3736],[33.47078,45.37316],[33.47061,45.37111],[33.47072,45.37064],[33.47141,45.37051],[33.47196,45.37322],[33.47222,45.37368],[33.47312,45.37354],[33.47339,45.37409],[33.47378,45.37678],[33.47428,45.37732],[33.47623,45.37717],[33.47652,45.37662]]]},"properties":{"firedate":"2026-09-12","area_ha":74.0,"country":"UA"}},{"type":"Feature","geometry":{"type":"Polygon","coordinates":[[[22.64375,44.35259],[22.64089,44.35337],[22.63666,44.35533],[22.63793,44.35606],[22.6424,44.35686],[22.64532,44.3579],[22.64742,44.35734],[22.64915,44.35811],[22.64999,44.35813],[22.65132,44.35677],[22.65536,44.35547],[22.65541,44.35488],[22.6541,44.35294],[22.65403,44.35233],[22.65629,44.35149],[22.65607,44.35039],[22.6573,44.3493],[22.65602,44.34938],[22.6452,44.35312],[22.64375,44.35259]]]},"properties":{"firedate":"2026-09-12","area_ha":75.0,"country":"RO"}},{"type":"Feature","geometry":{"type":"Polygon","coordinates":[[[37.40028,49.1668],[37.39672,49.16236],[37.39579,49.16032],[37.39372,49.15971],[37.3918,49.16181],[37.38846,49.16166],[37.38504,49.16044],[37.38384,49.16044],[37.38218,49.16117],[37.38033,49.16698],[37.38113,49.16899],[37.38295,49.1706],[37.38363,49.17056],[37.38495,49.16877],[37.38579,49.1658],[37.38799,49.16467],[37.39222,49.16471],[37.39287,49.16833],[37.39331,49.1688],[37.40007,49.16766],[37.40028,49.1668]]]},"properties":{"firedate":"2026-09-12","area_ha":88.0,"country":"UA"}},{"type":"Feature","geometry":{"type":"Polygon","coordinates":[[[33.85844,47.10759],[33.85876,47.10744],[33.8591,47.106],[33.8585,47.10411],[33.85966,47.10369],[33.86076,47.10424],[33.86154,47.104],[33.86301,47.10179],[33.86174,47.10165],[33.86191,47.10144],[33.86452,47.1007],[33.86494,47.1005],[33.86478,47.10017],[33.8618,47.09736],[33.85992,47.09792],[33.85814,47.0965],[33.8553,47.09726],[33.85338,47.09683],[33.85022,47.09726],[33.85094,47.09849],[33.85064,47.10007],[33.84888,47.10172],[33.84846,47.10262],[33.8494,47.1048],[33.85085,47.1054],[33.85439,47.10561],[33.85676,47.10613],[33.85844,47.10759]]]},"properties":{"firedate":"2026-09-12","area_ha":91.0,"country":"UA"}},{"type":"Feature","geometry":{"type":"Polygon","coordinates":[[[33.96419,46.37806],[33.96436,46.37238],[33.96289,46.37099],[33.94415,46.36908],[33.94233,46.36996],[33.94222,46.3748],[33.94382,46.376],[33.95324,46.37704],[33.95496,46.37831],[33.95776,46.37885],[33.96302,46.37921],[33.96419,46.37806]]]},"properties":{"firedate":"2026-09-12","area_ha":140.0,"country":"UA"}},{"type":"Feature","geometry":{"type":"Polygon","coordinates":[[[38.41232,48.49799],[38.41266,48.49747],[38.41416,48.49737],[38.41501,48.49681],[38.41352,48.4948],[38.41393,48.49399],[38.41381,48.49331],[38.41045,48.49134],[38.41031,48.49069],[38.41115,48.48986],[38.4111,48.48926],[38.40667,48.48548],[38.40414,48.48407],[38.40392,48.48374],[38.40474,48.4832],[38.40467,48.48279],[38.39969,48.47808],[38.39903,48.47768],[38.3976,48.47794],[38.3967,48.47891],[38.39797,48.48075],[38.39834,48.48155],[38.39812,48.48183],[38.39522,48.48261],[38.3925,48.48181],[38.3895,48.48343],[38.38928,48.48379],[38.38964,48.48502],[38.39145,48.48625],[38.39753,48.48888],[38.4006,48.49108],[38.40118,48.49161],[38.40081,48.49189],[38.40152,48.49267],[38.40665,48.49708],[38.41062,48.4985],[38.41232,48.49799]]]},"properties":{"firedate":"2026-09-12","area_ha":174.0,"country":"UA"}},{"type":"Feature","geometry":{"type":"Polygon","coordinates":[[[36.24028,48.38268],[36.23721,48.38471],[36.23545,48.38667],[36.23537,48.38734],[36.23796,48.38791],[36.24002,48.38742],[36.24196,48.38761],[36.24535,48.38708],[36.2467,48.38618],[36.24803,48.38582],[36.25471,48.38541],[36.25568,48.38458],[36.25754,48.38391],[36.25768,48.38322],[36.2568,48.38281],[36.25414,48.38268],[36.2529,48.38193],[36.25271,48.38145],[36.25446,48.38025],[36.25584,48.38174],[36.25684,48.38166],[36.25695,48.3812],[36.25573,48.3805],[36.25582,48.37973],[36.25739,48.37957],[36.25778,48.37901],[36.25531,48.37644],[36.25547,48.37437],[36.25503,48.37342],[36.25072,48.37152],[36.2481,48.37158],[36.24614,48.37254],[36.24448,48.37397],[36.2425,48.37451],[36.24036,48.37562],[36.23853,48.3774],[36.23601,48.37877],[36.23587,48.37944],[36.23624,48.38006],[36.23934,48.38151],[36.24028,48.38268]]]},"properties":{"firedate":"2026-09-12","area_ha":196.0,"country":"UA"}},{"type":"Feature","geometry":{"type":"Polygon","coordinates":[[[39.03738,48.76065],[39.03655,48.75372],[39.03588,48.75221],[39.03171,48.74954],[39.03428,48.74885],[39.03416,48.74768],[39.03377,48.74692],[39.03066,48.74556],[39.02574,48.7451],[39.01695,48.74533],[39.0124,48.74587],[39.0112,48.74627],[39.00916,48.74794],[39.00843,48.74932],[39.02097,48.74852],[39.01966,48.75007],[39.01976,48.75033],[39.02292,48.75174],[39.02783,48.75221],[39.02779,48.75323],[39.02259,48.75307],[39.0199,48.75449],[39.01758,48.75494],[39.01536,48.75454],[39.01271,48.75472],[39.01244,48.75499],[39.01621,48.75573],[39.01558,48.75637],[39.01398,48.75655],[39.01438,48.75712],[39.01537,48.75676],[39.01631,48.7619],[39.01714,48.7628],[39.03606,48.76169],[39.03738,48.76065]]]},"properties":{"firedate":"2026-09-12","area_ha":257.0,"country":"UA"}},{"type":"Feature","geometry":{"type":"Polygon","coordinates":[[[13.94902,37.62519],[13.94837,37.62577],[13.94565,37.62451],[13.94313,37.62414],[13.94053,37.62281],[13.94069,37.62216],[13.94115,37.62206],[13.94448,37.62331],[13.94521,37.62337],[13.94549,37.62283],[13.94529,37.62107],[13.94564,37.61868],[13.9446,37.61611],[13.94167,37.61621],[13.94091,37.61672],[13.93983,37.61885],[13.93919,37.62371],[13.93961,37.62451],[13.94166,37.62525],[13.94212,37.62578],[13.94227,37.62738],[13.94185,37.62889],[13.94058,37.6294],[13.93664,37.62824],[13.93582,37.62843],[13.93553,37.62889],[13.93318,37.62886],[13.92939,37.62808],[13.92599,37.62791],[13.92532,37.6287],[13.92325,37.62959],[13.92359,37.63089],[13.92576,37.63157],[13.92572,37.63208],[13.92309,37.63148],[13.92174,37.63153],[13.91905,37.63073],[13.91749,37.63125],[13.91676,37.63327],[13.91861,37.634],[13.91879,37.63548],[13.92004,37.63652],[13.92064,37.63798],[13.92273,37.63944],[13.92224,37.64127],[13.92117,37.64189],[13.92184,37.64228],[13.92159,37.6427],[13.92202,37.64298],[13.92196,37.64378],[13.91983,37.64603],[13.91974,37.64671],[13.92094,37.64588],[13.92426,37.64493],[13.92418,37.64402],[13.92355,37.64295],[13.9262,37.64259],[13.92672,37.64339],[13.92695,37.64299],[13.92668,37.64233],[13.92873,37.64129],[13.9305,37.63993],[13.93091,37.63901],[13.93173,37.6388],[13.9355,37.63986],[13.9364,37.64054],[13.93639,37.64177],[13.93586,37.64285],[13.9343,37.6439],[13.93249,37.64489],[13.93039,37.64549],[13.92942,37.64652],[13.92951,37.64722],[13.93037,37.64715],[13.93095,37.64595],[13.93704,37.64358],[13.93835,37.64579],[13.93951,37.64435],[13.94037,37.64442],[13.94257,37.64319],[13.94381,37.64311],[13.94564,37.64209],[13.94656,37.64352],[13.94817,37.64777],[13.94852,37.64765],[13.94944,37.64458],[13.94819,37.64292],[13.94616,37.64132],[13.94617,37.64049],[13.94803,37.6406],[13.95053,37.64221],[13.95391,37.64216],[13.95216,37.64058],[13.95246,37.63999],[13.95358,37.63972],[13.95308,37.63845],[13.95185,37.63889],[13.95043,37.6386],[13.9493,37.63905],[13.94834,37.63868],[13.94593,37.63901],[13.94559,37.63831],[13.9466,37.63644],[13.94659,37.63572],[13.94368,37.63384],[13.94587,37.63213],[13.94712,37.63174],[13.94719,37.63052],[13.94614,37.63003],[13.94976,37.6292],[13.94975,37.62677],[13.95078,37.62547],[13.95051,37.62514],[13.95075,37.62392],[13.95027,37.62346],[13.9496,37.62324],[13.9482,37.62355],[13.94902,37.62519]]]},"properties":{"firedate":"2026-09-12","area_ha":455.0,"country":"IT"}},{"type":"Feature","geometry":{"type":"Polygon","coordinates":[[[14.37772,37.22156],[14.37798,37.22066],[14.3774,37.22063],[14.37729,37.221],[14.37691,37.2206],[14.37644,37.22043],[14.37705,37.22087],[14.37696,37.22136],[14.37772,37.22156]]]},"properties":{"firedate":"2026-09-13","area_ha":1.0,"country":"IT"}},{"type":"Feature","geometry":{"type":"Polygon","coordinates":[[[-8.75246,37.19389],[-8.75235,37.19229],[-8.75254,37.19222],[-8.75316,37.19309],[-8.75246,37.19389]]]},"properties":{"firedate":"2026-09-13","area_ha":1.0,"country":"PT"}},{"type":"Feature","geometry":{"type":"Polygon","coordinates":[[[14.91008,40.7405],[14.90958,40.73972],[14.91033,40.73893],[14.90944,40.73806],[14.9084,40.73803],[14.90841,40.73899],[14.90892,40.73994],[14.90974,40.7406],[14.91008,40.7405]]]},"properties":{"firedate":"2026-09-13","area_ha":3.0,"country":"IT"}},{"type":"Feature","geometry":{"type":"Polygon","coordinates":[[[-8.73376,39.78862],[-8.73378,39.78755],[-8.73343,39.78685],[-8.7349,39.78699],[-8.73557,39.78754],[-8.73567,39.7879],[-8.73412,39.78885],[-8.73376,39.78862]]]},"properties":{"firedate":"2026-09-13","area_ha":3.0,"country":"PT"}},{"type":"Feature","geometry":{"type":"Polygon","coordinates":[[[-6.82239,37.14662],[-6.82259,37.14534],[-6.82346,37.14438],[-6.8232,37.14393],[-6.82486,37.14371],[-6.82477,37.14463],[-6.82538,37.14492],[-6.82525,37.14551],[-6.82239,37.14662]]]},"properties":{"firedate":"2026-09-13","area_ha":5.0,"country":"ES"}},{"type":"Feature","geometry":{"type":"Polygon","coordinates":[[[19.55713,42.1608],[19.55558,42.16093],[19.5549,42.16191],[19.5557,42.16325],[19.55622,42.16349],[19.55746,42.16302],[19.55819,42.16177],[19.55713,42.1608]]]},"properties":{"firedate":"2026-09-13","area_ha":5.0,"country":"AL"}},{"type":"Feature","geometry":{"type":"Polygon","coordinates":[[[36.83269,48.34904],[36.83263,48.34873],[36.83295,48.3489],[36.83363,48.34845],[36.83383,48.34729],[36.83317,48.34713],[36.83296,48.34733],[36.83324,48.34779],[36.83274,48.34829],[36.83195,48.3484],[36.83178,48.34812],[36.83064,48.34821],[36.8298,48.34762],[36.82963,48.34694],[36.82869,48.34694],[36.82959,48.34756],[36.82915,48.34777],[36.82969,48.34862],[36.82889,48.34923],[36.82921,48.34981],[36.83145,48.34993],[36.83269,48.34904]]]},"properties":{"firedate":"2026-09-13","area_ha":6.0,"country":"UA"}},{"type":"Feature","geometry":{"type":"Polygon","coordinates":[[[21.6808,44.52969],[21.68062,44.53056],[21.68092,44.53121],[21.68211,44.53086],[21.6819,44.53004],[21.68216,44.52822],[21.68359,44.52766],[21.68406,44.52694],[21.68288,44.52669],[21.68074,44.52801],[21.68047,44.52945],[21.6808,44.52969]]]},"properties":{"firedate":"2026-09-13","area_ha":6.0,"country":"RS"}},{"type":"Feature","geometry":{"type":"Polygon","coordinates":[[[14.50134,40.62627],[14.504,40.62822],[14.50477,40.6281],[14.50425,40.62734],[14.50483,40.62694],[14.50433,40.62623],[14.50319,40.62612],[14.50351,40.62518],[14.50256,40.62391],[14.50203,40.62388],[14.50053,40.62496],[14.50134,40.62627]]]},"properties":{"firedate":"2026-09-13","area_ha":8.0,"country":"IT"}},{"type":"Feature","geometry":{"type":"Polygon","coordinates":[[[15.36937,40.57431],[15.3678,40.57297],[15.36666,40.57309],[15.36586,40.57401],[15.36542,40.57625],[15.36456,40.57679],[15.36488,40.57766],[15.36517,40.57785],[15.36681,40.57705],[15.36722,40.57614],[15.36937,40.57431]]]},"properties":{"firedate":"2026-09-13","area_ha":11.0,"country":"IT"}},{"type":"Feature","geometry":{"type":"Polygon","coordinates":[[[36.83368,48.34115],[36.83301,48.34033],[36.83155,48.3401],[36.83126,48.33922],[36.82993,48.33894],[36.82973,48.33847],[36.82903,48.33849],[36.82781,48.34083],[36.82882,48.34183],[36.82827,48.34253],[36.82876,48.34347],[36.83016,48.34289],[36.83016,48.34246],[36.83128,48.34252],[36.83149,48.3418],[36.83258,48.34198],[36.83368,48.34115]]]},"properties":{"firedate":"2026-09-13","area_ha":13.0,"country":"UA"}},{"type":"Feature","geometry":{"type":"Polygon","coordinates":[[[36.85707,48.37341],[36.86243,48.37261],[36.86237,48.37132],[36.85793,48.37009],[36.85684,48.37052],[36.85691,48.37104],[36.85658,48.37132],[36.85348,48.37177],[36.85265,48.37245],[36.85389,48.37254],[36.8573,48.37185],[36.85755,48.37213],[36.85621,48.37273],[36.85707,48.37341]]]},"properties":{"firedate":"2026-09-13","area_ha":14.0,"country":"UA"}},{"type":"Feature","geometry":{"type":"Polygon","coordinates":[[[37.12646,38.34249],[37.12423,38.34077],[37.12344,38.3406],[37.12252,38.34165],[37.1217,38.34166],[37.12052,38.34224],[37.11949,38.34204],[37.11915,38.34255],[37.12009,38.34401],[37.12211,38.3451],[37.12373,38.3471],[37.12439,38.34738],[37.12566,38.34667],[37.12544,38.34635],[37.12435,38.34624],[37.12444,38.34541],[37.12633,38.34443],[37.12602,38.34332],[37.12646,38.34249]]]},"properties":{"firedate":"2026-09-13","area_ha":25.0,"country":"TR"}},{"type":"Feature","geometry":{"type":"Polygon","coordinates":[[[14.15892,40.8758],[14.15761,40.87569],[14.1573,40.87623],[14.15851,40.87655],[14.15916,40.87814],[14.16034,40.87836],[14.16159,40.87729],[14.16359,40.87681],[14.16456,40.87618],[14.16538,40.87682],[14.16733,40.87623],[14.16868,40.87676],[14.16936,40.8762],[14.16914,40.87578],[14.16779,40.87534],[14.16635,40.8743],[14.16444,40.87419],[14.16332,40.87362],[14.15897,40.87456],[14.15869,40.87526],[14.15892,40.8758]]]},"properties":{"firedate":"2026-09-13","area_ha":26.0,"country":"IT"}},{"type":"Feature","geometry":{"type":"Polygon","coordinates":[[[16.42524,43.31109],[16.4238,43.31159],[16.42286,43.3128],[16.4216,43.31297],[16.42165,43.31425],[16.42214,43.31527],[16.4233,43.31525],[16.42441,43.3147],[16.42525,43.31504],[16.42657,43.31492],[16.42731,43.3141],[16.42923,43.31344],[16.42913,43.31172],[16.42972,43.31023],[16.43035,43.31019],[16.43019,43.31125],[16.4309,43.31062],[16.43059,43.30971],[16.42959,43.30926],[16.4286,43.3104],[16.42779,43.31041],[16.42671,43.30977],[16.42524,43.31109]]]},"properties":{"firedate":"2026-09-13","area_ha":26.0,"country":"HR"}},{"type":"Feature","geometry":{"type":"Polygon","coordinates":[[[37.3013,50.28468],[37.29977,50.2835],[37.29838,50.28113],[37.29845,50.28059],[37.30069,50.27747],[37.30075,50.27668],[37.2977,50.27786],[37.29591,50.27931],[37.29385,50.27941],[37.2925,50.28062],[37.29236,50.28094],[37.29494,50.28201],[37.29665,50.28431],[37.29847,50.28508],[37.29914,50.28589],[37.3012,50.28503],[37.3013,50.28468]]]},"properties":{"firedate":"2026-09-13","area_ha":26.0,"country":"UA"}},{"type":"Feature","geometry":{"type":"Polygon","coordinates":[[[34.70314,45.04186],[34.70506,45.04013],[34.70521,45.03946],[34.70446,45.0384],[34.70291,45.03822],[34.70174,45.03875],[34.69913,45.03902],[34.69875,45.03924],[34.69898,45.03997],[34.70026,45.03993],[34.69717,45.04098],[34.69451,45.04358],[34.69509,45.04399],[34.6965,45.04412],[34.69695,45.04479],[34.69778,45.04482],[34.70068,45.04233],[34.70314,45.04186]]]},"properties":{"firedate":"2026-09-13","area_ha":29.0,"country":"UA"}},{"type":"Feature","geometry":{"type":"Polygon","coordinates":[[[22.50346,44.88658],[22.50161,44.88681],[22.50107,44.88717],[22.50001,44.89073],[22.50028,44.89132],[22.50122,44.8918],[22.50242,44.89171],[22.50457,44.89103],[22.5053,44.89022],[22.50759,44.89055],[22.50896,44.88951],[22.5076,44.88793],[22.50788,44.8873],[22.50916,44.8868],[22.50893,44.88571],[22.50849,44.88561],[22.50795,44.88615],[22.50679,44.88604],[22.50563,44.88586],[22.50423,44.88486],[22.50198,44.88504],[22.50212,44.88549],[22.50327,44.88603],[22.50346,44.88658]]]},"properties":{"firedate":"2026-09-13","area_ha":36.0,"country":"RO"}},{"type":"Feature","geometry":{"type":"Polygon","coordinates":[[[15.36215,40.5638],[15.36061,40.56557],[15.35912,40.56812],[15.36023,40.56956],[15.36161,40.57011],[15.36259,40.56978],[15.36467,40.56994],[15.36695,40.56913],[15.36959,40.56708],[15.36929,40.5664],[15.36792,40.5659],[15.36478,40.56565],[15.3627,40.56377],[15.36215,40.5638]]]},"properties":{"firedate":"2026-09-13","area_ha":37.0,"country":"IT"}},{"type":"Feature","geometry":{"type":"Polygon","coordinates":[[[8.7295,42.00959],[8.72953,42.0078],[8.73056,42.00701],[8.73041,42.00641],[8.72538,42.0049],[8.72334,42.00452],[8.72096,42.00461],[8.71849,42.00683],[8.71911,42.0073],[8.72107,42.00667],[8.72237,42.00689],[8.72251,42.00722],[8.72167,42.00862],[8.72178,42.00915],[8.72504,42.01068],[8.72691,42.00998],[8.72896,42.00977],[8.7295,42.00959]]]},"properties":{"firedate":"2026-09-13","area_ha":39.0,"country":"FR"}},{"type":"Feature","geometry":{"type":"Polygon","coordinates":[[[16.37265,40.5943],[16.37333,40.59194],[16.37465,40.59126],[16.37327,40.59138],[16.37245,40.59098],[16.37282,40.59037],[16.37378,40.59009],[16.37361,40.58975],[16.37019,40.58936],[16.36925,40.59039],[16.36792,40.59112],[16.3679,40.59239],[16.36669,40.59312],[16.36646,40.59741],[16.36705,40.59848],[16.36784,40.5987],[16.36862,40.59784],[16.37008,40.59841],[16.37006,40.59729],[16.3706,40.59661],[16.37175,40.596],[16.37316,40.5964],[16.37347,40.59489],[16.37265,40.5943]]]},"properties":{"firedate":"2026-09-13","area_ha":43.0,"country":"IT"}},{"type":"Feature","geometry":{"type":"Polygon","coordinates":[[[37.04982,47.72798],[37.0449,47.72577],[37.04438,47.72524],[37.04522,47.72367],[37.04407,47.72258],[37.04282,47.72315],[37.04078,47.72593],[37.03865,47.72502],[37.03622,47.72607],[37.03488,47.72732],[37.03538,47.72855],[37.03705,47.73013],[37.03916,47.73111],[37.04101,47.72976],[37.04261,47.72999],[37.04373,47.7289],[37.04423,47.7288],[37.04574,47.72951],[37.04617,47.72838],[37.04701,47.72783],[37.04982,47.72798]]]},"properties":{"firedate":"2026-09-13","area_ha":47.0,"country":"UA"}},{"type":"Feature","geometry":{"type":"Polygon","coordinates":[[[13.34785,37.41163],[13.34793,37.41132],[13.34906,37.41142],[13.34944,37.41064],[13.34796,37.41044],[13.34666,37.40979],[13.34678,37.40937],[13.3478,37.40903],[13.34785,37.40809],[13.34576,37.40734],[13.34588,37.40622],[13.34677,37.40635],[13.34577,37.40523],[13.34445,37.40449],[13.34371,37.40454],[13.34356,37.40493],[13.34441,37.40553],[13.3438,37.40623],[13.34468,37.4066],[13.34415,37.40722],[13.34443,37.40757],[13.34245,37.40813],[13.34325,37.40936],[13.34252,37.41242],[13.34386,37.41452],[13.3457,37.41627],[13.34651,37.41661],[13.34704,37.41658],[13.34638,37.41498],[13.34785,37.41491],[13.34823,37.41433],[13.35171,37.41185],[13.35127,37.41138],[13.34785,37.41163]]]},"properties":{"firedate":"2026-09-13","area_ha":49.0,"country":"IT"}},{"type":"Feature","geometry":{"type":"Polygon","coordinates":[[[13.29363,37.4409],[13.29461,37.4398],[13.29686,37.43987],[13.29879,37.44184],[13.30015,37.44248],[13.30045,37.44202],[13.29951,37.44131],[13.29991,37.44066],[13.29983,37.44001],[13.30207,37.44019],[13.30349,37.43731],[13.30285,37.43692],[13.30286,37.43633],[13.30121,37.43635],[13.29996,37.43805],[13.29812,37.43802],[13.29791,37.43842],[13.29818,37.43924],[13.29612,37.43897],[13.29452,37.43769],[13.2939,37.43794],[13.29364,37.4391],[13.29314,37.43949],[13.29236,37.43911],[13.29132,37.43936],[13.29009,37.43916],[13.28869,37.44006],[13.28581,37.43891],[13.28552,37.43922],[13.28574,37.4405],[13.28476,37.4407],[13.2842,37.44164],[13.28468,37.44221],[13.28614,37.44218],[13.28701,37.44163],[13.28754,37.44071],[13.2884,37.44065],[13.28885,37.44188],[13.29064,37.4438],[13.2919,37.44303],[13.29547,37.44222],[13.29475,37.44106],[13.29363,37.4409]]]},"properties":{"firedate":"2026-09-13","area_ha":50.0,"country":"IT"}},{"type":"Feature","geometry":{"type":"Polygon","coordinates":[[[35.88278,48.3765],[35.88016,48.37606],[35.87786,48.37647],[35.87661,48.37707],[35.87511,48.37663],[35.8742,48.37691],[35.86924,48.38324],[35.8723,48.38377],[35.87388,48.38518],[35.87442,48.38359],[35.8761,48.38364],[35.87856,48.38136],[35.88074,48.38],[35.88061,48.37917],[35.88261,48.37749],[35.88278,48.3765]]]},"properties":{"firedate":"2026-09-13","area_ha":50.0,"country":"UA"}},{"type":"Feature","geometry":{"type":"Polygon","coordinates":[[[38.38633,48.28911],[38.38736,48.28392],[38.38427,48.28211],[38.38224,48.28177],[38.38022,48.28258],[38.37194,48.28351],[38.37098,48.28422],[38.37108,48.28515],[38.37174,48.28617],[38.37587,48.28525],[38.37684,48.28655],[38.3781,48.28752],[38.38511,48.2897],[38.38633,48.28911]]]},"properties":{"firedate":"2026-09-13","area_ha":62.0,"country":"UA"}},{"type":"Feature","geometry":{"type":"Polygon","coordinates":[[[16.60484,40.60141],[16.60065,40.60366],[16.60023,40.60433],[16.60286,40.60717],[16.60588,40.60814],[16.60655,40.60955],[16.60864,40.6103],[16.60983,40.61021],[16.61157,40.60804],[16.61109,40.60669],[16.61149,40.60602],[16.60614,40.60394],[16.60785,40.60245],[16.60844,40.60137],[16.60787,40.60118],[16.60689,40.60268],[16.6062,40.60295],[16.60557,40.60125],[16.60566,40.60066],[16.60843,40.60078],[16.60893,40.60007],[16.60814,40.59974],[16.60595,40.59986],[16.60533,40.5995],[16.60492,40.59882],[16.60491,40.59571],[16.60361,40.59569],[16.60228,40.59658],[16.60123,40.5968],[16.60109,40.59702],[16.60205,40.59746],[16.60187,40.59785],[16.59882,40.59905],[16.59756,40.59999],[16.59812,40.60036],[16.60331,40.5984],[16.60409,40.59946],[16.60354,40.60029],[16.60442,40.6002],[16.60484,40.60141]]]},"properties":{"firedate":"2026-09-13","area_ha":67.0,"country":"IT"}},{"type":"Feature","geometry":{"type":"Polygon","coordinates":[[[13.94154,37.16154],[13.94011,37.16109],[13.93692,37.15861],[13.93556,37.15831],[13.9349,37.15879],[13.93149,37.16356],[13.93139,37.16425],[13.93261,37.16462],[13.93311,37.16546],[13.93474,37.16643],[13.94055,37.1668],[13.94123,37.16643],[13.94143,37.16557],[13.94306,37.16514],[13.94336,37.16634],[13.94459,37.16675],[13.9461,37.16454],[13.94495,37.16355],[13.94479,37.16215],[13.94595,37.16011],[13.9452,37.15963],[13.94378,37.16],[13.94339,37.16033],[13.94359,37.16108],[13.94201,37.161],[13.94154,37.16154]]]},"properties":{"firedate":"2026-09-13","area_ha":79.0,"country":"IT"}},{"type":"Feature","geometry":{"type":"Polygon","coordinates":[[[33.7454,45.0903],[33.74727,45.08988],[33.74751,45.08913],[33.74803,45.08897],[33.75097,45.08878],[33.7537,45.08935],[33.75396,45.08915],[33.75366,45.08879],[33.75597,45.08809],[33.7566,45.0871],[33.76063,45.08465],[33.76607,45.0851],[33.76672,45.08456],[33.766,45.08409],[33.7602,45.08275],[33.75702,45.08357],[33.74023,45.08525],[33.7401,45.08592],[33.74049,45.08652],[33.74294,45.0884],[33.74346,45.08958],[33.74431,45.08959],[33.7454,45.0903]]]},"properties":{"firedate":"2026-09-13","area_ha":82.0,"country":"UA"}},{"type":"Feature","geometry":{"type":"Polygon","coordinates":[[[8.74852,42.00811],[8.74913,42.00717],[8.7534,42.00608],[8.75358,42.00557],[8.7521,42.00523],[8.74941,42.00539],[8.73791,42.00462],[8.73717,42.00506],[8.73693,42.00689],[8.73629,42.0073],[8.73517,42.00714],[8.73483,42.00672],[8.73484,42.00612],[8.73552,42.00526],[8.73452,42.00571],[8.73315,42.00568],[8.73275,42.00687],[8.73369,42.00786],[8.73394,42.00895],[8.73292,42.01062],[8.73342,42.01147],[8.73401,42.01172],[8.73596,42.01078],[8.73674,42.01133],[8.73807,42.01141],[8.74023,42.01027],[8.74244,42.01065],[8.74673,42.01069],[8.74921,42.00945],[8.74933,42.00874],[8.74852,42.00811]]]},"properties":{"firedate":"2026-09-13","area_ha":85.0,"country":"FR"}},{"type":"Feature","geometry":{"type":"Polygon","coordinates":[[[13.95095,37.1584],[13.94895,37.15884],[13.94875,37.1595],[13.94795,37.15946],[13.94581,37.15795],[13.94531,37.15601],[13.94192,37.15429],[13.94211,37.15373],[13.94305,37.15339],[13.9428,37.15177],[13.94222,37.15198],[13.94212,37.1528],[13.94178,37.15295],[13.93971,37.152],[13.93743,37.15208],[13.93574,37.15156],[13.93421,37.15208],[13.93506,37.15362],[13.93445,37.15493],[13.93712,37.1558],[13.93658,37.15727],[13.93676,37.15767],[13.93919,37.15934],[13.94068,37.15974],[13.94215,37.16104],[13.94359,37.16108],[13.9435,37.16016],[13.9452,37.15963],[13.9485,37.16039],[13.94994,37.16108],[13.95077,37.161],[13.95294,37.16032],[13.95427,37.15904],[13.9566,37.15788],[13.95517,37.15667],[13.95342,37.15722],[13.95169,37.15701],[13.95088,37.15745],[13.95095,37.1584]]]},"properties":{"firedate":"2026-09-13","area_ha":86.0,"country":"IT"}},{"type":"Feature","geometry":{"type":"Polygon","coordinates":[[[38.71134,48.38795],[38.7098,48.3856],[38.70994,48.38432],[38.71208,48.38429],[38.71325,48.38502],[38.71556,48.38345],[38.71667,48.38204],[38.71372,48.37887],[38.71375,48.377],[38.71177,48.37359],[38.71083,48.3726],[38.70942,48.37242],[38.70849,48.3726],[38.70872,48.37352],[38.7077,48.37523],[38.70404,48.37855],[38.70217,48.37979],[38.70116,48.38174],[38.702,48.38318],[38.7035,48.38374],[38.70542,48.38399],[38.70879,48.38362],[38.70921,48.38405],[38.70912,48.38453],[38.70787,48.38497],[38.70725,48.38566],[38.70917,48.38668],[38.70755,48.38705],[38.71134,48.38795]]]},"properties":{"firedate":"2026-09-13","area_ha":95.0,"country":"UA"}},{"type":"Feature","geometry":{"type":"Polygon","coordinates":[[[13.07891,37.76545],[13.0812,37.76558],[13.08091,37.7681],[13.08112,37.76864],[13.08311,37.76936],[13.08412,37.77013],[13.08664,37.76883],[13.08654,37.767],[13.08567,37.76703],[13.08507,37.76776],[13.08378,37.76845],[13.08209,37.76734],[13.08183,37.76501],[13.07886,37.76475],[13.07959,37.76419],[13.08027,37.76453],[13.08138,37.76434],[13.083,37.76471],[13.08444,37.76337],[13.08456,37.7623],[13.08608,37.76209],[13.08642,37.76165],[13.08606,37.76066],[13.08319,37.76041],[13.08563,37.75767],[13.0868,37.75724],[13.08671,37.75636],[13.08527,37.75601],[13.08409,37.75503],[13.0822,37.75562],[13.08211,37.7553],[13.0827,37.75488],[13.08247,37.75434],[13.08141,37.75469],[13.08169,37.75565],[13.08134,37.75571],[13.08036,37.75505],[13.08057,37.75416],[13.08025,37.75397],[13.07868,37.75446],[13.07768,37.75567],[13.07773,37.75619],[13.07667,37.75728],[13.07464,37.75763],[13.07296,37.75702],[13.07116,37.75897],[13.07382,37.76117],[13.07622,37.76251],[13.07891,37.76545]]]},"properties":{"firedate":"2026-09-13","area_ha":108.0,"country":"IT"}},{"type":"Feature","geometry":{"type":"Polygon","coordinates":[[[38.48079,48.42057],[38.48158,48.42035],[38.48267,48.41923],[38.48126,48.41761],[38.48142,48.4171],[38.48356,48.41533],[38.48412,48.41218],[38.48683,48.4131],[38.48753,48.41261],[38.48303,48.40861],[38.48257,48.408],[38.48298,48.40708],[38.4815,48.40603],[38.48065,48.40586],[38.47961,48.40483],[38.47904,48.40491],[38.47926,48.40584],[38.47638,48.40631],[38.47468,48.40843],[38.47287,48.40806],[38.47023,48.40845],[38.46733,48.40766],[38.46708,48.4091],[38.46769,48.40941],[38.46797,48.41018],[38.47065,48.41003],[38.47093,48.41011],[38.47083,48.41059],[38.47139,48.41057],[38.47255,48.40956],[38.47363,48.41039],[38.4737,48.41189],[38.4745,48.41474],[38.47409,48.41607],[38.47707,48.41747],[38.47804,48.4193],[38.48079,48.42057]]]},"properties":{"firedate":"2026-09-13","area_ha":109.0,"country":"UA"}},{"type":"Feature","geometry":{"type":"Polygon","coordinates":[[[37.96859,49.8817],[37.968,49.88102],[37.96629,49.88055],[37.97166,49.8772],[37.96837,49.87834],[37.96644,49.87991],[37.96422,49.88041],[37.96235,49.87957],[37.96129,49.87852],[37.96081,49.87489],[37.95892,49.87459],[37.95874,49.87575],[37.95825,49.87595],[37.95841,49.87531],[37.95734,49.87453],[37.95589,49.87496],[37.9579,49.87719],[37.95814,49.8777],[37.95742,49.87833],[37.95753,49.87877],[37.95876,49.88022],[37.9581,49.88102],[37.9515,49.88429],[37.95062,49.88504],[37.95177,49.88654],[37.95114,49.88727],[37.94653,49.8902],[37.94754,49.89103],[37.94711,49.89199],[37.94786,49.89293],[37.94496,49.89519],[37.94724,49.89551],[37.94733,49.89592],[37.95,49.8952],[37.95047,49.89492],[37.95088,49.89125],[37.95149,49.89102],[37.95413,49.89156],[37.95542,49.89123],[37.95881,49.88914],[37.95963,49.88841],[37.96009,49.8871],[37.96102,49.88641],[37.96617,49.88376],[37.96859,49.8817]],[[37.95499,49.88782],[37.95097,49.89051],[37.95034,49.89058],[37.95043,49.89002],[37.95488,49.88726],[37.95499,49.88782]],[[37.95847,49.88652],[37.95543,49.88691],[37.95568,49.88618],[37.95517,49.88607],[37.95883,49.88446],[37.96118,49.88267],[37.96157,49.88278],[37.95919,49.88489],[37.95939,49.88549],[37.95847,49.88652]],[[37.95536,49.88512],[37.95438,49.88509],[37.95421,49.88469],[37.95855,49.88213],[37.96062,49.8821],[37.9603,49.8829],[37.95536,49.88512]]]},"properties":{"firedate":"2026-09-13","area_ha":115.0,"country":"UA"}},{"type":"Feature","geometry":{"type":"Polygon","coordinates":[[[33.60235,52.30579],[33.6033,52.30517],[33.60265,52.30419],[33.6008,52.30358],[33.59798,52.30361],[33.59601,52.30287],[33.59467,52.30346],[33.59407,52.30285],[33.59553,52.30224],[33.59943,52.30161],[33.60615,52.29912],[33.60877,52.29772],[33.61097,52.29797],[33.61123,52.29729],[33.61282,52.29751],[33.61322,52.29696],[33.61479,52.29648],[33.61557,52.29743],[33.62018,52.29755],[33.62098,52.29663],[33.61934,52.29509],[33.61691,52.29369],[33.61827,52.29265],[33.61542,52.29203],[33.61527,52.29152],[33.61587,52.29043],[33.61487,52.28978],[33.61339,52.28971],[33.61126,52.29024],[33.61143,52.29099],[33.61018,52.29249],[33.61025,52.29321],[33.60696,52.29322],[33.60619,52.29385],[33.60455,52.29291],[33.60245,52.29304],[33.60074,52.29261],[33.59943,52.29268],[33.59758,52.29334],[33.59669,52.29419],[33.59268,52.29641],[33.58965,52.29761],[33.58807,52.29882],[33.58675,52.29889],[33.58339,52.30161],[33.58271,52.30095],[33.58194,52.30106],[33.58099,52.30217],[33.58075,52.30302],[33.58229,52.30326],[33.58272,52.30421],[33.58671,52.30533],[33.58909,52.30537],[33.59044,52.30589],[33.59328,52.30606],[33.59599,52.30428],[33.59845,52.30582],[33.60042,52.30604],[33.60235,52.30579]]]},"properties":{"firedate":"2026-09-13","area_ha":202.0,"country":"UA"}},{"type":"Feature","geometry":{"type":"Polygon","coordinates":[[[32.90995,46.14114],[32.91029,46.14025],[32.91119,46.13988],[32.91143,46.13937],[32.91287,46.14045],[32.91322,46.14143],[32.91356,46.1415],[32.91526,46.14096],[32.91547,46.13978],[32.91481,46.13866],[32.91368,46.138],[32.91359,46.13756],[32.91171,46.13689],[32.91032,46.13789],[32.90689,46.13744],[32.91062,46.13581],[32.90532,46.13149],[32.90211,46.13134],[32.90154,46.13101],[32.90375,46.12966],[32.90153,46.1277],[32.89592,46.12959],[32.89538,46.13074],[32.89557,46.13109],[32.89837,46.13217],[32.898,46.13284],[32.89499,46.13228],[32.8936,46.13274],[32.89357,46.1336],[32.893,46.13373],[32.89541,46.13617],[32.89822,46.13647],[32.90003,46.1384],[32.8961,46.13906],[32.89402,46.1388],[32.89206,46.13764],[32.88665,46.13768],[32.88527,46.13721],[32.88454,46.13794],[32.88443,46.13927],[32.88352,46.1417],[32.88409,46.14316],[32.88686,46.14552],[32.88944,46.1454],[32.88957,46.14593],[32.89056,46.14631],[32.89146,46.14495],[32.88972,46.14465],[32.88956,46.14377],[32.89119,46.14314],[32.89219,46.1448],[32.89684,46.14444],[32.89793,46.14595],[32.90087,46.14673],[32.90351,46.14587],[32.90429,46.14527],[32.90351,46.1451],[32.90341,46.14478],[32.90405,46.14481],[32.90444,46.14423],[32.90666,46.1442],[32.90606,46.14288],[32.90544,46.14239],[32.90815,46.14019],[32.90856,46.1403],[32.90878,46.1412],[32.90855,46.14168],[32.91016,46.14174],[32.90995,46.14114]]]},"properties":{"firedate":"2026-09-13","area_ha":245.0,"country":"UA"}},{"type":"Feature","geometry":{"type":"Polygon","coordinates":[[[39.82587,39.09303],[39.82333,39.09324],[39.82207,39.09392],[39.82024,39.09357],[39.81849,39.09404],[39.81614,39.09353],[39.8136,39.09564],[39.81177,39.09523],[39.80968,39.09582],[39.80847,39.09723],[39.80651,39.09855],[39.79877,39.09907],[39.79654,39.09955],[39.7954,39.10055],[39.79552,39.10307],[39.79375,39.10369],[39.79346,39.10457],[39.79267,39.105],[39.7926,39.10537],[39.79353,39.10667],[39.79414,39.10696],[39.79482,39.10694],[39.79561,39.10603],[39.79793,39.10696],[39.79857,39.10461],[39.80007,39.10458],[39.80228,39.10538],[39.80344,39.10463],[39.80513,39.10269],[39.807,39.10156],[39.80846,39.10125],[39.80827,39.10344],[39.80646,39.10431],[39.80631,39.10515],[39.80402,39.10587],[39.80326,39.10769],[39.80369,39.10822],[39.80784,39.10634],[39.80824,39.10509],[39.80909,39.10525],[39.81039,39.10614],[39.81153,39.10585],[39.81268,39.10383],[39.81414,39.1038],[39.81508,39.10313],[39.81539,39.10242],[39.81502,39.10129],[39.81556,39.10084],[39.81703,39.10145],[39.81719,39.1026],[39.81839,39.10361],[39.81889,39.10463],[39.81975,39.10461],[39.82132,39.10337],[39.82183,39.10185],[39.82398,39.10156],[39.8243,39.1016],[39.8235,39.10329],[39.82405,39.10437],[39.82632,39.10416],[39.82788,39.1026],[39.82804,39.10145],[39.82755,39.10095],[39.82823,39.0999],[39.82866,39.09765],[39.82823,39.09517],[39.8291,39.09288],[39.82818,39.09197],[39.82629,39.0923],[39.82587,39.09303]]]},"properties":{"firedate":"2026-09-13","area_ha":270.0,"country":"TR"}},{"type":"Feature","geometry":{"type":"Polygon","coordinates":[[[-5.04983,36.51353],[-5.051,36.51334],[-5.05318,36.51385],[-5.05408,36.51491],[-5.05596,36.51427],[-5.058,36.51423],[-5.05857,36.51343],[-5.06011,36.51294],[-5.0604,36.51294],[-5.06021,36.5134],[-5.05899,36.51402],[-5.05899,36.5147],[-5.06196,36.51388],[-5.06184,36.51358],[-5.06233,36.51333],[-5.06279,36.51399],[-5.06332,36.51376],[-5.0638,36.51399],[-5.06238,36.51476],[-5.06333,36.51489],[-5.06251,36.51535],[-5.06269,36.51553],[-5.06398,36.51523],[-5.06369,36.51563],[-5.06411,36.51594],[-5.06362,36.51674],[-5.06441,36.5164],[-5.06499,36.51694],[-5.06541,36.51676],[-5.06497,36.51725],[-5.06543,36.51779],[-5.06512,36.51835],[-5.06595,36.51836],[-5.06687,36.51779],[-5.06848,36.51788],[-5.06623,36.51885],[-5.06757,36.51918],[-5.06884,36.51902],[-5.0677,36.52003],[-5.06817,36.52019],[-5.06761,36.52119],[-5.06831,36.52141],[-5.0685,36.52053],[-5.06875,36.52063],[-5.06884,36.52278],[-5.0691,36.52212],[-5.07029,36.52266],[-5.0704,36.52332],[-5.07066,36.52279],[-5.07155,36.52264],[-5.07248,36.52348],[-5.07259,36.52278],[-5.07342,36.52274],[-5.07349,36.52228],[-5.07456,36.52133],[-5.0738,36.52103],[-5.074,36.52086],[-5.07479,36.52054],[-5.07639,36.52139],[-5.07631,36.52236],[-5.07547,36.52299],[-5.07664,36.52323],[-5.07677,36.5237],[-5.07599,36.52434],[-5.07528,36.52615],[-5.07576,36.52623],[-5.07631,36.52452],[-5.07817,36.52403],[-5.07821,36.52473],[-5.07894,36.52466],[-5.07922,36.52581],[-5.07899,36.52651],[-5.07957,36.52663],[-5.07977,36.52704],[-5.07873,36.52902],[-5.07804,36.52943],[-5.07891,36.52908],[-5.08035,36.52706],[-5.08072,36.5274],[-5.07938,36.53002],[-5.07965,36.53115],[-5.07935,36.53202],[-5.07895,36.5314],[-5.07895,36.53248],[-5.07802,36.53336],[-5.07828,36.53402],[-5.07989,36.53536],[-5.07715,36.53374],[-5.07544,36.53357],[-5.07235,36.53207],[-5.07199,36.53122],[-5.07215,36.53077],[-5.07168,36.53127],[-5.07222,36.53245],[-5.07138,36.53256],[-5.07156,36.53164],[-5.07079,36.53129],[-5.07005,36.5316],[-5.07082,36.53183],[-5.07021,36.53233],[-5.0688,36.5318],[-5.06905,36.53139],[-5.0679,36.53071],[-5.06843,36.5305],[-5.06786,36.52829],[-5.06519,36.52779],[-5.06476,36.52673],[-5.06381,36.52662],[-5.06243,36.52584],[-5.06235,36.52397],[-5.0615,36.5234],[-5.06175,36.52308],[-5.06135,36.52282],[-5.0613,36.52166],[-5.06063,36.52176],[-5.06032,36.52115],[-5.06065,36.52077],[-5.0608,36.52136],[-5.06136,36.52138],[-5.06331,36.52053],[-5.06135,36.52028],[-5.0612,36.5198],[-5.06076,36.51995],[-5.06043,36.51935],[-5.06014,36.51977],[-5.05976,36.51918],[-5.0603,36.51904],[-5.06012,36.51886],[-5.05869,36.51879],[-5.05802,36.51915],[-5.05761,36.51887],[-5.05801,36.51831],[-5.05724,36.5182],[-5.05572,36.51878],[-5.05565,36.51822],[-5.0541,36.51864],[-5.05387,36.51879],[-5.0544,36.51897],[-5.05294,36.51913],[-5.05309,36.51958],[-5.05277,36.52022],[-5.05322,36.52073],[-5.05297,36.52011],[-5.0535,36.52029],[-5.05344,36.521],[-5.05397,36.52087],[-5.05448,36.52001],[-5.05606,36.52011],[-5.0564,36.51956],[-5.05653,36.52043],[-5.05764,36.52102],[-5.05851,36.52088],[-5.05855,36.52135],[-5.05688,36.52138],[-5.05622,36.52179],[-5.05574,36.52115],[-5.05435,36.52196],[-5.05283,36.52173],[-5.05291,36.52128],[-5.05195,36.52218],[-5.05141,36.5221],[-5.05091,36.52296],[-5.04862,36.52333],[-5.04995,36.52241],[-5.05009,36.52171],[-5.04919,36.52117],[-5.04886,36.52003],[-5.04881,36.52048],[-5.04854,36.52041],[-5.04751,36.51926],[-5.04721,36.51663],[-5.04541,36.51608],[-5.04499,36.51638],[-5.04438,36.51568],[-5.04286,36.51614],[-5.04205,36.51531],[-5.04143,36.51607],[-5.0411,36.51602],[-5.04012,36.51494],[-5.03824,36.51437],[-5.03805,36.51375],[-5.03765,36.51407],[-5.03661,36.51299],[-5.03667,36.51204],[-5.03633,36.51142],[-5.03659,36.51098],[-5.03609,36.51071],[-5.03575,36.50935],[-5.03669,36.50796],[-5.03701,36.50877],[-5.03774,36.50898],[-5.03724,36.50744],[-5.03786,36.50671],[-5.04015,36.50664],[-5.04211,36.50795],[-5.04378,36.5077],[-5.04492,36.51003],[-5.04383,36.50898],[-5.04325,36.50898],[-5.04336,36.5092],[-5.04393,36.50934],[-5.04651,36.51285],[-5.04855,36.51294],[-5.04983,36.51353]],[[-5.05116,36.51676],[-5.05175,36.51642],[-5.05203,36.51673],[-5.05164,36.51699],[-5.05191,36.5175],[-5.05257,36.5169],[-5.05112,36.51472],[-5.0507,36.5155],[-5.04986,36.5159],[-5.05116,36.51676]]]},"properties":{"firedate":"2026-09-13","area_ha":343.0,"country":"ES"}},{"type":"Feature","geometry":{"type":"Polygon","coordinates":[[[38.21517,48.38325],[38.21556,48.38442],[38.21734,48.38574],[38.2173,48.38689],[38.21639,48.38797],[38.21624,48.38873],[38.21274,48.39038],[38.2123,48.39226],[38.21011,48.39262],[38.20914,48.39643],[38.21025,48.39735],[38.21198,48.39699],[38.21459,48.39495],[38.21764,48.39093],[38.21919,48.39014],[38.22054,48.39032],[38.22205,48.39157],[38.22495,48.39266],[38.22535,48.39321],[38.22512,48.39635],[38.22303,48.39933],[38.21851,48.40379],[38.21785,48.40504],[38.21761,48.40684],[38.21793,48.4079],[38.21923,48.4085],[38.22319,48.40816],[38.22619,48.40486],[38.22914,48.40423],[38.23001,48.40363],[38.22906,48.40236],[38.22584,48.40072],[38.22509,48.39992],[38.22564,48.3996],[38.23172,48.39916],[38.23207,48.39849],[38.23206,48.39686],[38.23135,48.39505],[38.23144,48.39267],[38.22945,48.3893],[38.23028,48.3868],[38.22811,48.38468],[38.22974,48.38181],[38.22955,48.37827],[38.22917,48.37698],[38.22775,48.37561],[38.22208,48.37432],[38.22102,48.37385],[38.21966,48.37239],[38.21785,48.37233],[38.21697,48.37295],[38.21622,48.37457],[38.21333,48.37556],[38.20808,48.37816],[38.20733,48.37932],[38.20765,48.38059],[38.21042,48.3825],[38.21517,48.38325]]]},"properties":{"firedate":"2026-09-13","area_ha":356.0,"country":"UA"}},{"type":"Feature","geometry":{"type":"Polygon","coordinates":[[[19.14614,42.79704],[19.14776,42.79729],[19.14967,42.79693],[19.15022,42.79582],[19.15013,42.79526],[19.151,42.79505],[19.15091,42.79448],[19.14974,42.79372],[19.1494,42.79276],[19.14704,42.79019],[19.14483,42.78884],[19.14487,42.7885],[19.14429,42.78818],[19.14393,42.78682],[19.14228,42.78574],[19.13769,42.78456],[19.13539,42.78354],[19.13362,42.78339],[19.12887,42.78024],[19.12674,42.77943],[19.1254,42.77843],[19.12445,42.77845],[19.1239,42.77901],[19.12309,42.77843],[19.12231,42.77908],[19.12241,42.77941],[19.12166,42.77942],[19.12102,42.77996],[19.11885,42.78005],[19.11837,42.78068],[19.11728,42.78115],[19.11555,42.78083],[19.11519,42.78143],[19.11599,42.78203],[19.11561,42.78231],[19.11483,42.78198],[19.11428,42.78257],[19.1146,42.78318],[19.11571,42.78264],[19.1158,42.78286],[19.11358,42.78453],[19.11572,42.78671],[19.1154,42.78722],[19.1143,42.78738],[19.11428,42.78823],[19.11788,42.79143],[19.11851,42.79253],[19.11742,42.79259],[19.11863,42.79363],[19.1192,42.79354],[19.12001,42.79397],[19.11929,42.79411],[19.11917,42.79445],[19.12009,42.79515],[19.12043,42.79613],[19.12208,42.79678],[19.12368,42.79886],[19.12502,42.79898],[19.12539,42.79962],[19.12625,42.79991],[19.12711,42.80165],[19.12964,42.80237],[19.13058,42.80225],[19.13268,42.80139],[19.13533,42.80084],[19.13641,42.79984],[19.13758,42.80003],[19.13721,42.7989],[19.13776,42.79803],[19.13847,42.79774],[19.1408,42.79748],[19.14231,42.79779],[19.14614,42.79704]]]},"properties":{"firedate":"2026-09-13","area_ha":466.0,"country":"ME"}},{"type":"Feature","geometry":{"type":"Polygon","coordinates":[[[-4.51986,43.21176],[-4.52078,43.21077],[-4.52133,43.21142],[-4.52091,43.21136],[-4.52106,43.21187],[-4.52027,43.21186],[-4.51986,43.21176]]]},"properties":{"firedate":"2026-09-14","area_ha":1.0,"country":"ES"}},{"type":"Feature","geometry":{"type":"Polygon","coordinates":[[[-7.86026,39.76314],[-7.85904,39.76436],[-7.85847,39.7636],[-7.85902,39.76266],[-7.85818,39.76241],[-7.8584,39.76177],[-7.85901,39.76194],[-7.85943,39.76294],[-7.86026,39.76314]]]},"properties":{"firedate":"2026-09-14","area_ha":2.0,"country":"PT"}},{"type":"Feature","geometry":{"type":"Polygon","coordinates":[[[13.84557,41.31871],[13.84708,41.31768],[13.84851,41.31775],[13.84805,41.3174],[13.846,41.31759],[13.84498,41.31851],[13.84557,41.31871]]]},"properties":{"firedate":"2026-09-14","area_ha":2.0,"country":"IT"}},{"type":"Feature","geometry":{"type":"Polygon","coordinates":[[[22.37266,44.75268],[22.37163,44.75212],[22.37122,44.75119],[22.37058,44.75184],[22.37134,44.75297],[22.37235,44.75327],[22.37271,44.75308],[22.37266,44.75268]]]},"properties":{"firedate":"2026-09-14","area_ha":2.0,"country":"RO"}},{"type":"Feature","geometry":{"type":"Polygon","coordinates":[[[14.45729,40.62209],[14.45729,40.62391],[14.45796,40.62437],[14.45832,40.62397],[14.4587,40.62413],[14.45824,40.62379],[14.45811,40.62305],[14.45835,40.62264],[14.45897,40.62251],[14.45905,40.6219],[14.45845,40.62118],[14.45763,40.62153],[14.45764,40.62219],[14.45729,40.62209]]]},"properties":{"firedate":"2026-09-14","area_ha":3.0,"country":"IT"}},{"type":"Feature","geometry":{"type":"Polygon","coordinates":[[[22.68432,39.75283],[22.68572,39.75252],[22.68642,39.75191],[22.68592,39.75076],[22.6834,39.75122],[22.68317,39.75198],[22.68432,39.75283]]]},"properties":{"firedate":"2026-09-14","area_ha":5.0,"country":"EL"}},{"type":"Feature","geometry":{"type":"Polygon","coordinates":[[[13.85595,41.32117],[13.85439,41.31907],[13.85251,41.31779],[13.85178,41.31753],[13.85106,41.31774],[13.85193,41.31815],[13.85357,41.31982],[13.85393,41.32105],[13.85462,41.32175],[13.85595,41.32117]]]},"properties":{"firedate":"2026-09-14","area_ha":6.0,"country":"IT"}},{"type":"Feature","geometry":{"type":"Polygon","coordinates":[[[4.46714,45.00938],[4.46733,45.00903],[4.46862,45.009],[4.46856,45.00836],[4.46891,45.00815],[4.46796,45.00802],[4.46672,45.00715],[4.46517,45.00663],[4.46507,45.00691],[4.46565,45.00736],[4.46532,45.00824],[4.46474,45.0077],[4.46488,45.00746],[4.46428,45.00721],[4.46288,45.00763],[4.46295,45.00791],[4.46367,45.00797],[4.46364,45.00859],[4.46497,45.00886],[4.46566,45.00847],[4.46591,45.00734],[4.46581,45.00865],[4.4661,45.00913],[4.46574,45.00945],[4.46714,45.00938]]]},"properties":{"firedate":"2026-09-14","area_ha":7.0,"country":"FR"}},{"type":"Feature","geometry":{"type":"Polygon","coordinates":[[[4.4637,45.01372],[4.46316,45.01338],[4.46355,45.01322],[4.4636,45.01277],[4.46505,45.0123],[4.46483,45.01192],[4.46585,45.01222],[4.46668,45.0118],[4.46643,45.01158],[4.46663,45.011],[4.46717,45.01068],[4.46683,45.01017],[4.46578,45.01185],[4.46569,45.01144],[4.46498,45.01155],[4.46625,45.01084],[4.46647,45.00975],[4.46629,45.00998],[4.46586,45.0096],[4.46527,45.00966],[4.46535,45.0105],[4.46483,45.01042],[4.46486,45.00989],[4.46404,45.0105],[4.4631,45.01045],[4.46356,45.01102],[4.46431,45.01089],[4.46419,45.01057],[4.46497,45.01085],[4.4641,45.01162],[4.46304,45.0115],[4.46202,45.01207],[4.46197,45.01304],[4.46274,45.01321],[4.46322,45.01385],[4.4637,45.01372]]]},"properties":{"firedate":"2026-09-14","area_ha":7.0,"country":"FR"}},{"type":"Feature","geometry":{"type":"Polygon","coordinates":[[[22.40312,44.31189],[22.40293,44.31087],[22.40352,44.31036],[22.40301,44.30943],[22.40331,44.30912],[22.40315,44.30873],[22.40245,44.30883],[22.40127,44.30982],[22.40094,44.31105],[22.39951,44.31056],[22.39897,44.31093],[22.39995,44.31222],[22.39982,44.31258],[22.40312,44.31189]]]},"properties":{"firedate":"2026-09-14","area_ha":8.0,"country":"RS"}},{"type":"Feature","geometry":{"type":"Polygon","coordinates":[[[31.16297,50.42162],[31.16732,50.42044],[31.16773,50.4194],[31.16675,50.41884],[31.16325,50.41835],[31.1624,50.41901],[31.16269,50.41991],[31.16197,50.42045],[31.16297,50.42162]]]},"properties":{"firedate":"2026-09-14","area_ha":10.0,"country":"UA"}},{"type":"Feature","geometry":{"type":"Polygon","coordinates":[[[-5.48702,43.0445],[-5.48625,43.04413],[-5.4872,43.04391],[-5.48629,43.0437],[-5.48607,43.04427],[-5.48562,43.04425],[-5.48489,43.04358],[-5.48585,43.04367],[-5.48621,43.04266],[-5.48731,43.04235],[-5.48984,43.04249],[-5.49012,43.04287],[-5.4907,43.04264],[-5.49041,43.04207],[-5.49087,43.04242],[-5.49193,43.04245],[-5.49213,43.04214],[-5.49114,43.04157],[-5.4916,43.04125],[-5.49261,43.04188],[-5.49316,43.04282],[-5.49059,43.04404],[-5.48702,43.0445]]]},"properties":{"firedate":"2026-09-14","area_ha":11.0,"country":"ES"}},{"type":"Feature","geometry":{"type":"Polygon","coordinates":[[[38.54348,48.5001],[38.54792,48.50258],[38.54799,48.50073],[38.54947,48.49901],[38.54903,48.49882],[38.54899,48.4982],[38.5486,48.49819],[38.54826,48.49904],[38.54707,48.49833],[38.54467,48.49812],[38.54433,48.49841],[38.54348,48.5001]]]},"properties":{"firedate":"2026-09-14","area_ha":12.0,"country":"UA"}},{"type":"Feature","geometry":{"type":"Polygon","coordinates":[[[18.6542,42.60009],[18.65552,42.59905],[18.65507,42.59699],[18.65337,42.59655],[18.64982,42.59958],[18.65023,42.60023],[18.65121,42.60066],[18.6542,42.60009]]]},"properties":{"firedate":"2026-09-14","area_ha":13.0,"country":"ME"}},{"type":"Feature","geometry":{"type":"Polygon","coordinates":[[[38.52703,48.5255],[38.52905,48.52546],[38.53018,48.52411],[38.52938,48.52274],[38.52951,48.52179],[38.52609,48.5218],[38.52457,48.52228],[38.525,48.5239],[38.52561,48.52398],[38.52703,48.5255]]]},"properties":{"firedate":"2026-09-14","area_ha":13.0,"country":"UA"}},{"type":"Feature","geometry":{"type":"Polygon","coordinates":[[[17.08328,44.47286],[17.08284,44.47142],[17.08113,44.46931],[17.08019,44.46865],[17.07912,44.46696],[17.07837,44.46685],[17.07574,44.46754],[17.07607,44.46863],[17.07863,44.46916],[17.07901,44.4699],[17.08229,44.47283],[17.08328,44.47286]]]},"properties":{"firedate":"2026-09-14","area_ha":13.0,"country":"BA"}},{"type":"Feature","geometry":{"type":"Polygon","coordinates":[[[17.09216,44.4702],[17.09193,44.46977],[17.0883,44.46908],[17.08713,44.46808],[17.08512,44.46759],[17.0835,44.46661],[17.08226,44.46669],[17.08169,44.46752],[17.08166,44.46911],[17.08297,44.46873],[17.08538,44.4691],[17.08714,44.47018],[17.08918,44.4706],[17.09216,44.4702]]]},"properties":{"firedate":"2026-09-14","area_ha":15.0,"country":"BA"}},{"type":"Feature","geometry":{"type":"Polygon","coordinates":[[[22.36715,44.75522],[22.36687,44.75593],[22.36727,44.75682],[22.36554,44.75745],[22.36672,44.7579],[22.36693,44.75864],[22.36796,44.75882],[22.36734,44.76001],[22.36789,44.76022],[22.37018,44.75826],[22.36997,44.7574],[22.37065,44.75681],[22.37047,44.75633],[22.36929,44.75577],[22.36896,44.75454],[22.36751,44.75261],[22.36602,44.75266],[22.36587,44.75297],[22.36715,44.75522]]]},"properties":{"firedate":"2026-09-14","area_ha":16.0,"country":"RO"}},{"type":"Feature","geometry":{"type":"Polygon","coordinates":[[[22.48933,44.82999],[22.48505,44.8331],[22.48434,44.83435],[22.48235,44.83481],[22.48123,44.83452],[22.47871,44.8346],[22.4793,44.83589],[22.48304,44.836],[22.48525,44.8353],[22.4889,44.83204],[22.48912,44.83127],[22.48988,44.83052],[22.48933,44.82999]]]},"properties":{"firedate":"2026-09-14","area_ha":16.0,"country":"RO"}},{"type":"Feature","geometry":{"type":"Polygon","coordinates":[[[9.94928,37.10558],[9.94885,37.10208],[9.94742,37.10184],[9.94698,37.10211],[9.94659,37.1035],[9.9457,37.10371],[9.94386,37.10554],[9.94609,37.10713],[9.94709,37.10718],[9.94928,37.10558]]]},"properties":{"firedate":"2026-09-14","area_ha":18.0,"country":"TN"}},{"type":"Feature","geometry":{"type":"Polygon","coordinates":[[[9.94309,37.11187],[9.94224,37.10978],[9.94051,37.11002],[9.93896,37.11098],[9.93787,37.11022],[9.937,37.11008],[9.93559,37.11233],[9.93565,37.11268],[9.93598,37.11269],[9.9377,37.11146],[9.93783,37.11193],[9.93689,37.11285],[9.93719,37.11407],[9.93963,37.11478],[9.94014,37.11354],[9.93996,37.11217],[9.94072,37.11185],[9.94235,37.11226],[9.94309,37.11187]]]},"properties":{"firedate":"2026-09-14","area_ha":19.0,"country":"TN"}},{"type":"Feature","geometry":{"type":"Polygon","coordinates":[[[21.00711,42.91465],[21.00666,42.91627],[21.00743,42.91807],[21.00852,42.91794],[21.0092,42.91729],[21.01098,42.91724],[21.0119,42.91779],[21.01284,42.9174],[21.01304,42.91564],[21.01162,42.91306],[21.01206,42.91183],[21.01154,42.91028],[21.01071,42.91055],[21.01075,42.91252],[21.01041,42.91295],[21.0085,42.91456],[21.00711,42.91465]]]},"properties":{"firedate":"2026-09-14","area_ha":23.0,"country":"KS"}},{"type":"Feature","geometry":{"type":"Polygon","coordinates":[[[1.93194,42.64217],[1.93095,42.64214],[1.93058,42.64274],[1.92925,42.6424],[1.92885,42.64305],[1.928,42.64337],[1.92746,42.64334],[1.92792,42.6429],[1.92825,42.64301],[1.9283,42.64267],[1.92771,42.64232],[1.92513,42.64325],[1.92377,42.64256],[1.92332,42.64282],[1.9233,42.64325],[1.92231,42.64348],[1.92307,42.64343],[1.92286,42.64365],[1.92223,42.6436],[1.92206,42.64402],[1.92158,42.64363],[1.92114,42.64387],[1.9217,42.64435],[1.92139,42.64465],[1.92079,42.64403],[1.92014,42.64413],[1.92019,42.64447],[1.92091,42.64465],[1.92019,42.64508],[1.9216,42.64524],[1.9224,42.6458],[1.92369,42.64551],[1.92333,42.64666],[1.92417,42.64654],[1.92436,42.64704],[1.92519,42.64718],[1.9274,42.64608],[1.92761,42.64546],[1.92934,42.64485],[1.92841,42.64467],[1.92897,42.64403],[1.92919,42.6445],[1.92974,42.6446],[1.93226,42.64302],[1.93328,42.6428],[1.93223,42.64268],[1.93194,42.64217]]]},"properties":{"firedate":"2026-09-14","area_ha":27.0,"country":"FR"}},{"type":"Feature","geometry":{"type":"Polygon","coordinates":[[[26.16283,50.72954],[26.16207,50.72956],[26.16249,50.73087],[26.16195,50.73184],[26.1627,50.73392],[26.16402,50.73318],[26.16406,50.73268],[26.16578,50.73095],[26.1658,50.7304],[26.16487,50.72909],[26.16575,50.72782],[26.16684,50.72774],[26.16753,50.72629],[26.16727,50.72506],[26.16825,50.72429],[26.16802,50.72351],[26.16715,50.72333],[26.16541,50.72438],[26.16222,50.72539],[26.16108,50.72638],[26.16166,50.7274],[26.15896,50.72692],[26.1616,50.72921],[26.16283,50.72954]]]},"properties":{"firedate":"2026-09-14","area_ha":31.0,"country":"UA"}},{"type":"Feature","geometry":{"type":"Polygon","coordinates":[[[1.76916,42.6963],[1.76965,42.6958],[1.77008,42.69594],[1.77,42.69642],[1.76924,42.6965],[1.77016,42.69716],[1.77,42.69765],[1.76908,42.69812],[1.76863,42.69749],[1.76805,42.69766],[1.7679,42.69805],[1.76848,42.69881],[1.76808,42.69973],[1.76857,42.70017],[1.76853,42.70102],[1.7682,42.70133],[1.76938,42.7015],[1.76989,42.70204],[1.76922,42.70035],[1.76995,42.69955],[1.77267,42.69904],[1.77333,42.69845],[1.77379,42.69858],[1.77403,42.69915],[1.77462,42.69917],[1.77614,42.69822],[1.7761,42.69775],[1.77545,42.69786],[1.77572,42.69755],[1.77367,42.69645],[1.77207,42.69643],[1.77218,42.69558],[1.77261,42.69546],[1.77237,42.69518],[1.77103,42.69498],[1.77122,42.69536],[1.77052,42.6955],[1.77021,42.69493],[1.77096,42.69441],[1.76984,42.69415],[1.77049,42.69382],[1.77032,42.69322],[1.76947,42.69355],[1.76872,42.69332],[1.76871,42.69293],[1.76811,42.69313],[1.76787,42.69406],[1.76775,42.69315],[1.76679,42.69312],[1.76722,42.69361],[1.76628,42.69409],[1.76618,42.69469],[1.76696,42.69535],[1.76626,42.69566],[1.76609,42.69668],[1.76669,42.69658],[1.767,42.69714],[1.76916,42.6963]]]},"properties":{"firedate":"2026-09-14","area_ha":32.0,"country":"FR"}},{"type":"Feature","geometry":{"type":"Polygon","coordinates":[[[9.44215,36.9264],[9.444,36.92581],[9.44403,36.9244],[9.44455,36.92343],[9.44418,36.92289],[9.44155,36.92259],[9.44024,36.92187],[9.43833,36.92204],[9.43601,36.92142],[9.43416,36.92331],[9.43451,36.92383],[9.43681,36.9244],[9.43823,36.92574],[9.44022,36.92635],[9.44215,36.9264]]]},"properties":{"firedate":"2026-09-14","area_ha":32.0,"country":"TN"}},{"type":"Feature","geometry":{"type":"Polygon","coordinates":[[[22.37092,44.75904],[22.3697,44.75941],[22.36873,44.76046],[22.36764,44.7608],[22.36711,44.76158],[22.36612,44.76204],[22.36651,44.76282],[22.36774,44.76351],[22.36777,44.76418],[22.37061,44.76427],[22.37135,44.76348],[22.3724,44.76412],[22.3734,44.76321],[22.37352,44.76218],[22.37429,44.76168],[22.37589,44.7616],[22.37649,44.76121],[22.37606,44.76036],[22.37511,44.75991],[22.37473,44.75868],[22.37499,44.75839],[22.37593,44.75893],[22.37622,44.7582],[22.37455,44.75693],[22.37332,44.75697],[22.37092,44.75904]]]},"properties":{"firedate":"2026-09-14","area_ha":36.0,"country":"RO"}},{"type":"Feature","geometry":{"type":"Polygon","coordinates":[[[13.79635,41.31015],[13.79844,41.311],[13.80014,41.3108],[13.80086,41.31042],[13.80169,41.30928],[13.80272,41.30903],[13.80427,41.30791],[13.80337,41.30739],[13.80304,41.30591],[13.80193,41.30513],[13.80205,41.30453],[13.80179,41.3043],[13.80041,41.3047],[13.80006,41.30523],[13.79887,41.30535],[13.79871,41.3064],[13.79683,41.30601],[13.79421,41.30698],[13.79359,41.30813],[13.79345,41.30944],[13.79438,41.30994],[13.79635,41.31015]]]},"properties":{"firedate":"2026-09-14","area_ha":40.0,"country":"IT"}},{"type":"Feature","geometry":{"type":"Polygon","coordinates":[[[15.80574,39.92314],[15.80421,39.92346],[15.80368,39.92414],[15.80211,39.92287],[15.80137,39.92276],[15.80094,39.92194],[15.8001,39.92154],[15.79929,39.92166],[15.79884,39.92238],[15.79899,39.92327],[15.79819,39.92426],[15.79883,39.92451],[15.79911,39.9254],[15.79874,39.92649],[15.79806,39.92707],[15.79806,39.92772],[15.79932,39.92796],[15.79983,39.92938],[15.80052,39.9297],[15.80108,39.92968],[15.80228,39.92883],[15.80347,39.92867],[15.80426,39.92784],[15.80497,39.92608],[15.80739,39.92333],[15.80719,39.92201],[15.80537,39.92225],[15.80574,39.92314]]]},"properties":{"firedate":"2026-09-14","area_ha":41.0,"country":"IT"}},{"type":"Feature","geometry":{"type":"Polygon","coordinates":[[[40.01183,49.26962],[40.01102,49.26737],[40.00991,49.26709],[40.00859,49.26742],[40.00707,49.26891],[40.00547,49.27156],[40.00436,49.27466],[40.00639,49.27521],[40.00672,49.27664],[40.00745,49.27763],[40.00806,49.28011],[40.00696,49.28193],[40.00905,49.28319],[40.01136,49.28272],[40.01113,49.28034],[40.01202,49.27927],[40.01127,49.27752],[40.00991,49.27694],[40.00861,49.2757],[40.00898,49.27445],[40.00786,49.27342],[40.0088,49.27183],[40.00974,49.27129],[40.01087,49.27119],[40.01183,49.26962]]]},"properties":{"firedate":"2026-09-14","area_ha":47.0,"country":"UA"}},{"type":"Feature","geometry":{"type":"Polygon","coordinates":[[[2.83819,42.84624],[2.83897,42.84608],[2.84057,42.84486],[2.84129,42.84384],[2.84127,42.84258],[2.84079,42.84253],[2.83986,42.84323],[2.83772,42.8428],[2.83632,42.84306],[2.83597,42.84281],[2.83657,42.84216],[2.83622,42.84154],[2.83466,42.84139],[2.83355,42.84238],[2.83305,42.84357],[2.83171,42.84431],[2.83129,42.84574],[2.83005,42.84687],[2.82988,42.84747],[2.83013,42.84851],[2.83066,42.84898],[2.83372,42.85025],[2.83575,42.85035],[2.83634,42.84955],[2.83797,42.84932],[2.83878,42.84872],[2.83881,42.84813],[2.8375,42.84703],[2.83819,42.84624]]]},"properties":{"firedate":"2026-09-14","area_ha":55.0,"country":"FR"}},{"type":"Feature","geometry":{"type":"Polygon","coordinates":[[[-2.88952,43.32526],[-2.88461,43.32443],[-2.88367,43.32346],[-2.88305,43.3221],[-2.88338,43.32091],[-2.88394,43.32054],[-2.88467,43.32072],[-2.88441,43.31998],[-2.88589,43.3191],[-2.88598,43.31866],[-2.88778,43.31814],[-2.88831,43.31922],[-2.88892,43.31936],[-2.88926,43.31986],[-2.88979,43.3196],[-2.88989,43.32046],[-2.89091,43.32088],[-2.89112,43.31999],[-2.89315,43.31993],[-2.89235,43.31845],[-2.89315,43.3187],[-2.89307,43.31919],[-2.89441,43.31894],[-2.89587,43.31947],[-2.89592,43.32015],[-2.89677,43.32063],[-2.89529,43.32164],[-2.89526,43.32213],[-2.89639,43.32307],[-2.89514,43.32335],[-2.89426,43.32411],[-2.88952,43.32526]],[[-2.88877,43.32472],[-2.88955,43.32468],[-2.89053,43.3243],[-2.88937,43.32394],[-2.88877,43.32472]],[[-2.88626,43.32203],[-2.8866,43.32168],[-2.88645,43.32144],[-2.88606,43.32172],[-2.88626,43.32203]]]},"properties":{"firedate":"2026-09-14","area_ha":56.0,"country":"ES"}},{"type":"Feature","geometry":{"type":"Polygon","coordinates":[[[22.91502,43.80123],[22.91391,43.80057],[22.91246,43.80064],[22.90766,43.79936],[22.90556,43.79981],[22.90437,43.79919],[22.90427,43.79824],[22.90297,43.79791],[22.8942,43.79716],[22.89338,43.79649],[22.89014,43.79558],[22.88954,43.79601],[22.89061,43.79685],[22.90154,43.80185],[22.90433,43.80184],[22.90573,43.80253],[22.90717,43.80276],[22.90836,43.80271],[22.90957,43.80216],[22.91377,43.80299],[22.91581,43.80245],[22.91713,43.80291],[22.91895,43.80302],[22.91976,43.80387],[22.92165,43.80344],[22.92085,43.80204],[22.91932,43.80136],[22.91502,43.80123]]]},"properties":{"firedate":"2026-09-14","area_ha":64.0,"country":"BG"}},{"type":"Feature","geometry":{"type":"Polygon","coordinates":[[[36.99368,49.20281],[36.99416,49.20167],[36.99346,49.19986],[36.99241,49.19996],[36.99106,49.20067],[36.98959,49.20057],[36.98901,49.19985],[36.98955,49.19798],[36.98672,49.19736],[36.98641,49.19693],[36.98702,49.19489],[36.98628,49.19372],[36.98255,49.19284],[36.9817,49.193],[36.97963,49.19469],[36.9798,49.19651],[36.98132,49.1989],[36.98317,49.20111],[36.98564,49.20283],[36.99054,49.20424],[36.99145,49.20415],[36.99368,49.20281]]]},"properties":{"firedate":"2026-09-14","area_ha":67.0,"country":"UA"}},{"type":"Feature","geometry":{"type":"Polygon","coordinates":[[[14.57576,40.62082],[14.57421,40.62022],[14.57383,40.61966],[14.5724,40.61953],[14.57221,40.61996],[14.57249,40.62058],[14.57443,40.62122],[14.57496,40.62227],[14.57358,40.62275],[14.5726,40.62261],[14.57229,40.62314],[14.57095,40.6222],[14.56926,40.62184],[14.56831,40.62199],[14.56474,40.62141],[14.56418,40.62165],[14.56866,40.62252],[14.57145,40.62513],[14.57322,40.62558],[14.57546,40.62678],[14.57647,40.62792],[14.57577,40.62991],[14.57444,40.63012],[14.57316,40.63085],[14.57289,40.63165],[14.57368,40.63198],[14.57488,40.63185],[14.57569,40.6326],[14.57565,40.63332],[14.57656,40.63396],[14.57815,40.63478],[14.57977,40.63432],[14.57971,40.63487],[14.58055,40.6354],[14.58098,40.6342],[14.58188,40.63359],[14.58195,40.63209],[14.58132,40.63052],[14.57962,40.63007],[14.57966,40.6297],[14.58042,40.62934],[14.5804,40.6286],[14.57883,40.62794],[14.57843,40.62661],[14.57685,40.62627],[14.57694,40.62596],[14.57787,40.62584],[14.57709,40.62515],[14.57702,40.62413],[14.57594,40.62359],[14.5765,40.62219],[14.57635,40.62144],[14.57558,40.62106],[14.57576,40.62082]]]},"properties":{"firedate":"2026-09-14","area_ha":69.0,"country":"IT"}},{"type":"Feature","geometry":{"type":"Polygon","coordinates":[[[-7.86403,39.77604],[-7.86191,39.77604],[-7.86278,39.77539],[-7.86115,39.77475],[-7.86245,39.77437],[-7.8621,39.77421],[-7.86211,39.7736],[-7.86134,39.7739],[-7.86116,39.77331],[-7.86006,39.77252],[-7.86002,39.77054],[-7.85914,39.77082],[-7.85971,39.76893],[-7.85912,39.76816],[-7.8601,39.76713],[-7.85995,39.76653],[-7.86067,39.7663],[-7.8611,39.76717],[-7.86089,39.76774],[-7.86128,39.76773],[-7.86153,39.76816],[-7.86089,39.77003],[-7.86152,39.76961],[-7.86165,39.76881],[-7.86294,39.76888],[-7.86359,39.76826],[-7.86326,39.76746],[-7.86417,39.76713],[-7.86429,39.76666],[-7.86681,39.76771],[-7.86674,39.76681],[-7.86737,39.76626],[-7.86663,39.76627],[-7.8669,39.76569],[-7.86847,39.76567],[-7.86914,39.76641],[-7.86879,39.76656],[-7.86916,39.76708],[-7.8685,39.76746],[-7.86863,39.76792],[-7.86897,39.76758],[-7.86977,39.76767],[-7.86753,39.76895],[-7.86772,39.76954],[-7.86728,39.77004],[-7.86815,39.77055],[-7.86837,39.77147],[-7.86893,39.77177],[-7.86832,39.77291],[-7.86926,39.77272],[-7.86901,39.77219],[-7.86922,39.77155],[-7.86975,39.77195],[-7.87099,39.77193],[-7.87332,39.77273],[-7.87406,39.77354],[-7.87394,39.77385],[-7.8754,39.7751],[-7.87512,39.77581],[-7.87656,39.77745],[-7.87643,39.77843],[-7.87718,39.77889],[-7.87631,39.77993],[-7.87634,39.78079],[-7.87823,39.78178],[-7.87777,39.78209],[-7.87764,39.78162],[-7.8752,39.78095],[-7.87426,39.77983],[-7.87267,39.77935],[-7.87146,39.77713],[-7.86939,39.77545],[-7.8683,39.77559],[-7.86799,39.7752],[-7.86728,39.7755],[-7.86739,39.77661],[-7.8666,39.77648],[-7.86596,39.77575],[-7.86504,39.77566],[-7.86427,39.77645],[-7.86403,39.77604]]]},"properties":{"firedate":"2026-09-14","area_ha":107.0,"country":"PT"}},{"type":"Feature","geometry":{"type":"Polygon","coordinates":[[[13.42371,37.40195],[13.42066,37.40388],[13.41938,37.40381],[13.41946,37.40314],[13.42056,37.40172],[13.4208,37.40036],[13.41895,37.40119],[13.41786,37.40127],[13.41689,37.40068],[13.41502,37.40068],[13.41448,37.40026],[13.41365,37.401],[13.41329,37.40218],[13.41318,37.40556],[13.41142,37.40617],[13.41169,37.40699],[13.41139,37.40807],[13.40997,37.40837],[13.40922,37.40737],[13.40798,37.40753],[13.40755,37.40902],[13.40828,37.41174],[13.41072,37.41203],[13.41256,37.41144],[13.41333,37.4117],[13.41387,37.41235],[13.41497,37.41184],[13.41522,37.41254],[13.4157,37.41266],[13.41608,37.41231],[13.41593,37.41166],[13.41914,37.40986],[13.41974,37.4074],[13.42014,37.40751],[13.42058,37.40847],[13.4216,37.40804],[13.4215,37.4073],[13.42176,37.40719],[13.42287,37.40723],[13.42431,37.40827],[13.42377,37.4074],[13.42397,37.40708],[13.42358,37.40678],[13.42324,37.40521],[13.42369,37.4046],[13.42429,37.40486],[13.42419,37.40633],[13.425,37.40693],[13.4251,37.40766],[13.42549,37.40771],[13.42542,37.40627],[13.42651,37.40549],[13.42653,37.40478],[13.42774,37.40339],[13.42869,37.40036],[13.42841,37.39976],[13.42673,37.3987],[13.4266,37.3996],[13.42578,37.40026],[13.42422,37.40072],[13.42371,37.40195]]]},"properties":{"firedate":"2026-09-14","area_ha":133.0,"country":"IT"}},{"type":"Feature","geometry":{"type":"Polygon","coordinates":[[[-8.14581,41.59056],[-8.14425,41.58918],[-8.14446,41.58816],[-8.14421,41.58801],[-8.14141,41.58839],[-8.14096,41.58771],[-8.13999,41.58791],[-8.13879,41.58667],[-8.13905,41.58593],[-8.13957,41.58563],[-8.13969,41.58465],[-8.14085,41.5837],[-8.14217,41.58353],[-8.14285,41.58407],[-8.14232,41.58176],[-8.14332,41.58065],[-8.14625,41.57988],[-8.14698,41.58095],[-8.14752,41.58067],[-8.14697,41.57966],[-8.14805,41.579],[-8.14883,41.57945],[-8.15084,41.57926],[-8.15175,41.57955],[-8.15259,41.58132],[-8.15452,41.58043],[-8.15492,41.58074],[-8.15641,41.5801],[-8.15669,41.58057],[-8.15801,41.58027],[-8.15788,41.58076],[-8.15839,41.58131],[-8.15934,41.58162],[-8.16052,41.58279],[-8.1606,41.58406],[-8.16117,41.58426],[-8.16114,41.58506],[-8.16025,41.5853],[-8.16014,41.58607],[-8.15955,41.58592],[-8.15988,41.58521],[-8.1592,41.58478],[-8.15852,41.58536],[-8.1583,41.58497],[-8.15642,41.58557],[-8.15567,41.58525],[-8.15472,41.58553],[-8.15393,41.58631],[-8.15411,41.58723],[-8.15507,41.58736],[-8.15538,41.58782],[-8.15482,41.58923],[-8.15415,41.58907],[-8.15335,41.58801],[-8.15075,41.58783],[-8.14984,41.58889],[-8.14866,41.58852],[-8.14794,41.58909],[-8.14784,41.58934],[-8.14841,41.58952],[-8.14684,41.59091],[-8.14691,41.59138],[-8.14577,41.59167],[-8.14555,41.5912],[-8.14581,41.59056]]]},"properties":{"firedate":"2026-09-14","area_ha":136.0,"country":"PT"}},{"type":"Feature","geometry":{"type":"Polygon","coordinates":[[[-5.65935,40.21773],[-5.65889,40.21834],[-5.65899,40.21874],[-5.65943,40.21872],[-5.65975,40.21923],[-5.66115,40.21945],[-5.66125,40.21984],[-5.66286,40.21999],[-5.66393,40.21956],[-5.66486,40.21993],[-5.66421,40.21893],[-5.66321,40.2188],[-5.66286,40.21837],[-5.66415,40.21801],[-5.66592,40.21837],[-5.66544,40.21793],[-5.66582,40.21784],[-5.66835,40.21815],[-5.66895,40.21949],[-5.6699,40.21911],[-5.67018,40.21863],[-5.67164,40.21896],[-5.67485,40.21869],[-5.67637,40.2191],[-5.67713,40.21974],[-5.67776,40.21929],[-5.67689,40.21833],[-5.67708,40.21759],[-5.67476,40.21812],[-5.67534,40.2174],[-5.67485,40.21746],[-5.67448,40.21693],[-5.67521,40.21655],[-5.67477,40.21612],[-5.6774,40.21591],[-5.67822,40.2164],[-5.67934,40.21603],[-5.68126,40.21835],[-5.68126,40.21912],[-5.68061,40.21908],[-5.68062,40.21953],[-5.68149,40.2197],[-5.6805,40.21966],[-5.67968,40.22048],[-5.67918,40.22005],[-5.6788,40.22024],[-5.67995,40.22148],[-5.68432,40.22191],[-5.68547,40.22231],[-5.68649,40.22292],[-5.68648,40.22331],[-5.6876,40.22334],[-5.68762,40.22369],[-5.68675,40.22383],[-5.68763,40.22428],[-5.68776,40.22493],[-5.68616,40.22537],[-5.68562,40.22606],[-5.68306,40.22518],[-5.67871,40.22686],[-5.67567,40.22653],[-5.67448,40.22713],[-5.67418,40.22607],[-5.67442,40.22567],[-5.67264,40.22529],[-5.66727,40.22569],[-5.66673,40.22542],[-5.66664,40.22495],[-5.66538,40.22525],[-5.66553,40.22484],[-5.66277,40.22433],[-5.66363,40.22399],[-5.66052,40.22367],[-5.65889,40.22398],[-5.65683,40.22218],[-5.65697,40.22179],[-5.65836,40.22103],[-5.65682,40.21982],[-5.65741,40.21869],[-5.65691,40.21734],[-5.65722,40.21698],[-5.65686,40.21647],[-5.6573,40.21632],[-5.65778,40.21691],[-5.65853,40.21679],[-5.6585,40.21721],[-5.65935,40.21773]]]},"properties":{"firedate":"2026-09-14","area_ha":177.0,"country":"ES"}},{"type":"Feature","geometry":{"type":"Polygon","coordinates":[[[39.86834,49.47883],[39.86614,49.47908],[39.86616,49.47966],[39.86825,49.48129],[39.86842,49.48228],[39.87076,49.48373],[39.87388,49.48249],[39.8734,49.48202],[39.87398,49.48142],[39.87454,49.4816],[39.87477,49.4812],[39.87699,49.4815],[39.88252,49.47648],[39.88431,49.4769],[39.88624,49.47662],[39.8897,49.47518],[39.88992,49.47472],[39.89605,49.47641],[39.89796,49.47535],[39.8965,49.47556],[39.89535,49.47454],[39.89631,49.47389],[39.89503,49.47258],[39.89359,49.47365],[39.89105,49.47386],[39.89136,49.47291],[39.89051,49.47245],[39.89196,49.47092],[39.8912,49.47012],[39.88932,49.46996],[39.88915,49.46849],[39.88816,49.46771],[39.88587,49.46748],[39.88462,49.46671],[39.88571,49.46564],[39.8836,49.46418],[39.88307,49.46436],[39.88285,49.46504],[39.88105,49.46469],[39.88114,49.46392],[39.87892,49.46459],[39.87726,49.46579],[39.87546,49.46755],[39.87503,49.46909],[39.87274,49.46863],[39.87202,49.46922],[39.8723,49.47099],[39.87292,49.47186],[39.87218,49.47434],[39.87287,49.47452],[39.87045,49.47598],[39.86859,49.4764],[39.86546,49.47588],[39.86407,49.47613],[39.86391,49.47771],[39.86564,49.4784],[39.86834,49.47883]]]},"properties":{"firedate":"2026-09-14","area_ha":220.0,"country":"UA"}},{"type":"Feature","geometry":{"type":"Polygon","coordinates":[[[14.45959,40.62379],[14.45832,40.62397],[14.45796,40.62437],[14.45729,40.62391],[14.45722,40.62223],[14.45669,40.62099],[14.4528,40.62178],[14.45175,40.62105],[14.44961,40.62038],[14.44826,40.61932],[14.44528,40.61845],[14.44453,40.61835],[14.44331,40.61885],[14.44219,40.61871],[14.44094,40.61975],[14.44151,40.62092],[14.44364,40.62181],[14.44492,40.62265],[14.44503,40.62357],[14.44718,40.62454],[14.44676,40.62577],[14.44617,40.62611],[14.44704,40.62756],[14.44578,40.63046],[14.4463,40.63257],[14.44577,40.63311],[14.44607,40.6343],[14.44557,40.63531],[14.4462,40.63696],[14.44732,40.63753],[14.44868,40.63742],[14.45056,40.6359],[14.45275,40.63294],[14.45535,40.63245],[14.45547,40.63189],[14.45415,40.62996],[14.45586,40.62877],[14.45677,40.63012],[14.45794,40.63002],[14.45837,40.62927],[14.46359,40.62927],[14.46556,40.63081],[14.46501,40.6321],[14.46564,40.63234],[14.46688,40.6315],[14.46771,40.63182],[14.46868,40.63163],[14.4682,40.63016],[14.46846,40.62943],[14.47052,40.62946],[14.47164,40.63047],[14.47231,40.6302],[14.47165,40.6275],[14.47115,40.62678],[14.46875,40.62576],[14.46669,40.6255],[14.46604,40.6243],[14.46567,40.6243],[14.46515,40.62358],[14.46286,40.62253],[14.46294,40.62202],[14.46418,40.62143],[14.46389,40.62103],[14.46211,40.6212],[14.461,40.62274],[14.45955,40.62345],[14.45959,40.62379]]]},"properties":{"firedate":"2026-09-14","area_ha":235.0,"country":"IT"}},{"type":"Feature","geometry":{"type":"Polygon","coordinates":[[[-8.06837,41.63032],[-8.06895,41.62967],[-8.06908,41.62857],[-8.0706,41.62694],[-8.07164,41.62609],[-8.07313,41.62554],[-8.0762,41.62544],[-8.07705,41.62637],[-8.07874,41.62733],[-8.07904,41.628],[-8.08067,41.62825],[-8.08138,41.62893],[-8.0835,41.62785],[-8.08042,41.63189],[-8.0808,41.63657],[-8.08001,41.63702],[-8.08018,41.63776],[-8.07839,41.64022],[-8.07665,41.64096],[-8.07407,41.64286],[-8.07381,41.64322],[-8.0758,41.64297],[-8.07476,41.64432],[-8.07455,41.64583],[-8.07283,41.64664],[-8.07075,41.64934],[-8.07025,41.64924],[-8.06872,41.64775],[-8.06938,41.6467],[-8.06916,41.64597],[-8.06817,41.64626],[-8.06723,41.64489],[-8.0658,41.64373],[-8.06579,41.64334],[-8.06384,41.64339],[-8.06294,41.64247],[-8.06358,41.64031],[-8.06396,41.64005],[-8.06358,41.63981],[-8.06307,41.64004],[-8.063,41.63972],[-8.06246,41.64002],[-8.06159,41.6399],[-8.06096,41.63932],[-8.0621,41.63865],[-8.06344,41.63899],[-8.06338,41.63861],[-8.0646,41.63788],[-8.06507,41.63807],[-8.06633,41.63745],[-8.06648,41.63708],[-8.06614,41.63679],[-8.06516,41.63697],[-8.06463,41.63591],[-8.06592,41.63486],[-8.0642,41.63414],[-8.06417,41.63373],[-8.06467,41.63335],[-8.06528,41.63176],[-8.06582,41.63156],[-8.06516,41.63092],[-8.06538,41.63057],[-8.06763,41.62994],[-8.06837,41.63032]]]},"properties":{"firedate":"2026-09-14","area_ha":252.0,"country":"PT"}},{"type":"Feature","geometry":{"type":"Polygon","coordinates":[[[22.36915,44.77919],[22.36877,44.77694],[22.37117,44.7739],[22.37588,44.7736],[22.37629,44.77036],[22.37791,44.76883],[22.37724,44.7665],[22.3761,44.76601],[22.37423,44.76719],[22.36931,44.76569],[22.36781,44.76677],[22.36697,44.76924],[22.36617,44.76952],[22.36427,44.76882],[22.36281,44.76682],[22.3605,44.76608],[22.36125,44.76418],[22.35846,44.7627],[22.35741,44.76009],[22.35829,44.75847],[22.35658,44.75781],[22.35411,44.75783],[22.35095,44.75973],[22.35134,44.76088],[22.35436,44.76121],[22.35541,44.76214],[22.35307,44.7642],[22.34596,44.76453],[22.34462,44.76678],[22.3436,44.76722],[22.34108,44.76558],[22.34037,44.76314],[22.33947,44.76301],[22.33842,44.76573],[22.33682,44.76719],[22.32814,44.77033],[22.32424,44.77052],[22.32193,44.77432],[22.32648,44.77778],[22.32811,44.78008],[22.32806,44.78166],[22.3289,44.78237],[22.33241,44.78248],[22.34076,44.78019],[22.34409,44.78249],[22.34391,44.78321],[22.34554,44.78517],[22.34688,44.78563],[22.34685,44.78476],[22.34998,44.78473],[22.35087,44.78707],[22.35053,44.78916],[22.35564,44.78901],[22.35792,44.7925],[22.35874,44.7923],[22.35888,44.79145],[22.35711,44.78676],[22.35847,44.78503],[22.36019,44.78501],[22.36314,44.78656],[22.36479,44.78624],[22.36358,44.78686],[22.3653,44.78761],[22.36574,44.78638],[22.36668,44.78606],[22.36658,44.78691],[22.3679,44.78762],[22.36676,44.78838],[22.3682,44.78884],[22.36785,44.78997],[22.36993,44.79113],[22.37071,44.7902],[22.36879,44.78787],[22.36968,44.78628],[22.36936,44.78523],[22.3724,44.785],[22.37475,44.78637],[22.37453,44.78565],[22.37594,44.78483],[22.37957,44.78475],[22.37751,44.78333],[22.37754,44.78221],[22.37568,44.78457],[22.37222,44.78452],[22.37166,44.78365],[22.37217,44.78275],[22.37181,44.78191],[22.37296,44.78122],[22.37337,44.77967],[22.37157,44.77814],[22.37063,44.77833],[22.37025,44.77919],[22.36915,44.77919]]]},"properties":{"firedate":"2026-09-14","area_ha":819.0,"country":"RO"}},{"type":"Feature","geometry":{"type":"Polygon","coordinates":[[[-7.79202,39.83384],[-7.79204,39.8346],[-7.78897,39.83617],[-7.78592,39.8405],[-7.786,39.84123],[-7.78528,39.84168],[-7.78589,39.84263],[-7.78563,39.84415],[-7.78471,39.84411],[-7.78405,39.84333],[-7.7844,39.84303],[-7.78358,39.84265],[-7.78372,39.84383],[-7.78211,39.84447],[-7.78036,39.84293],[-7.77898,39.8426],[-7.77822,39.84137],[-7.77432,39.8402],[-7.77183,39.84046],[-7.77271,39.83967],[-7.77244,39.83842],[-7.77337,39.83878],[-7.77275,39.83725],[-7.77323,39.83628],[-7.77237,39.83664],[-7.77204,39.83842],[-7.77092,39.83814],[-7.77048,39.8393],[-7.76989,39.83795],[-7.76807,39.83723],[-7.7669,39.83757],[-7.76476,39.83643],[-7.76352,39.83503],[-7.76417,39.83454],[-7.76249,39.83389],[-7.76146,39.83193],[-7.75981,39.8327],[-7.75798,39.83147],[-7.7585,39.83206],[-7.75768,39.83268],[-7.75656,39.83226],[-7.75593,39.83157],[-7.75745,39.83089],[-7.75759,39.8299],[-7.75601,39.82999],[-7.75577,39.82797],[-7.7546,39.82764],[-7.75521,39.82694],[-7.75324,39.82621],[-7.75392,39.82604],[-7.75327,39.82491],[-7.75456,39.82448],[-7.75485,39.82353],[-7.75748,39.82328],[-7.75731,39.82184],[-7.75855,39.82076],[-7.76068,39.81984],[-7.7615,39.82054],[-7.76082,39.81961],[-7.7572,39.81886],[-7.75617,39.81742],[-7.75751,39.81722],[-7.75906,39.8149],[-7.75891,39.81347],[-7.75937,39.81347],[-7.75864,39.81287],[-7.75917,39.81261],[-7.75796,39.81208],[-7.7585,39.81121],[-7.75666,39.81011],[-7.75656,39.8091],[-7.75739,39.80874],[-7.75576,39.80758],[-7.75618,39.8068],[-7.75562,39.80633],[-7.75676,39.80612],[-7.75576,39.80486],[-7.75657,39.80543],[-7.75642,39.80452],[-7.75744,39.80402],[-7.75616,39.80376],[-7.75822,39.80295],[-7.75893,39.8045],[-7.76048,39.80389],[-7.76035,39.80315],[-7.7614,39.80235],[-7.76443,39.80217],[-7.76702,39.80435],[-7.76699,39.80489],[-7.76627,39.80491],[-7.76665,39.80567],[-7.76737,39.80512],[-7.76893,39.80542],[-7.7703,39.80664],[-7.76925,39.8053],[-7.768,39.80505],[-7.76753,39.80403],[-7.76675,39.80387],[-7.76841,39.80228],[-7.76652,39.80238],[-7.76613,39.80099],[-7.76528,39.80145],[-7.76551,39.79796],[-7.76852,39.79573],[-7.76809,39.79509],[-7.7693,39.79513],[-7.7692,39.79624],[-7.77016,39.79708],[-7.77145,39.79734],[-7.771,39.79695],[-7.77143,39.7966],[-7.77348,39.79784],[-7.77408,39.80222],[-7.77322,39.80308],[-7.77265,39.80203],[-7.77168,39.80238],[-7.7717,39.80416],[-7.77445,39.80455],[-7.7751,39.80628],[-7.77544,39.80475],[-7.77733,39.80602],[-7.77672,39.80776],[-7.7776,39.80932],[-7.77708,39.81058],[-7.77794,39.81097],[-7.77765,39.81172],[-7.77629,39.81109],[-7.77584,39.81164],[-7.77938,39.81277],[-7.78227,39.81617],[-7.78171,39.81698],[-7.78085,39.81661],[-7.7818,39.81813],[-7.78066,39.81853],[-7.78187,39.82001],[-7.78269,39.81995],[-7.78314,39.8212],[-7.7844,39.82116],[-7.78404,39.82083],[-7.78451,39.82051],[-7.78534,39.82139],[-7.78467,39.82175],[-7.78544,39.82278],[-7.78545,39.82216],[-7.78659,39.82229],[-7.78807,39.82069],[-7.78811,39.82155],[-7.7888,39.82187],[-7.78978,39.82192],[-7.79052,39.82088],[-7.79274,39.82181],[-7.79375,39.82129],[-7.79538,39.82331],[-7.79706,39.82269],[-7.79664,39.82343],[-7.79958,39.82154],[-7.79841,39.82328],[-7.79422,39.82545],[-7.79445,39.82774],[-7.7919,39.82953],[-7.79452,39.82798],[-7.79452,39.82658],[-7.79575,39.82593],[-7.79774,39.82747],[-7.79675,39.82882],[-7.79688,39.83181],[-7.79457,39.83288],[-7.79328,39.83231],[-7.79315,39.83383],[-7.79202,39.83384]],[[-7.77924,39.82211],[-7.77938,39.82113],[-7.77862,39.82136],[-7.77924,39.82211]],[[-7.78074,39.82123],[-7.78095,39.82048],[-7.78021,39.82081],[-7.78074,39.82123]]]},"properties":{"firedate":"2026-09-14","area_ha":1031.0,"country":"PT"}},{"type":"Feature","geometry":{"type":"Polygon","coordinates":[[[14.51097,41.04295],[14.51081,41.04262],[14.50993,41.04284],[14.51027,41.04308],[14.51097,41.04295]]]},"properties":{"firedate":"2026-09-15","area_ha":0.0,"country":"IT"}},{"type":"Feature","geometry":{"type":"Polygon","coordinates":[[[11.59361,52.45377],[11.59349,52.45322],[11.59274,52.45332],[11.59299,52.4537],[11.59361,52.45377]]]},"properties":{"firedate":"2026-09-15","area_ha":0.0,"country":"DE"}},{"type":"Feature","geometry":{"type":"Polygon","coordinates":[[[9.73232,52.80231],[9.73198,52.80271],[9.73266,52.80253],[9.73232,52.80231]]]},"properties":{"firedate":"2026-09-15","area_ha":0.0,"country":"DE"}},{"type":"Feature","geometry":{"type":"Polygon","coordinates":[[[9.72568,52.80311],[9.72587,52.80291],[9.72553,52.80298],[9.72568,52.80311]]]},"properties":{"firedate":"2026-09-15","area_ha":0.0,"country":"DE"}},{"type":"Feature","geometry":{"type":"Polygon","coordinates":[[[9.72278,52.80387],[9.72326,52.80367],[9.72256,52.80375],[9.72278,52.80387]]]},"properties":{"firedate":"2026-09-15","area_ha":0.0,"country":"DE"}},{"type":"Feature","geometry":{"type":"Polygon","coordinates":[[[9.73592,52.80091],[9.73737,52.8005],[9.73628,52.80046],[9.73592,52.80091]]]},"properties":{"firedate":"2026-09-15","area_ha":0.0,"country":"DE"}},{"type":"Feature","geometry":{"type":"Polygon","coordinates":[[[9.75815,52.80448],[9.75756,52.80427],[9.7569,52.80446],[9.75719,52.80456],[9.75815,52.80448]]]},"properties":{"firedate":"2026-09-15","area_ha":0.0,"country":"DE"}},{"type":"Feature","geometry":{"type":"Polygon","coordinates":[[[11.60399,52.45715],[11.60262,52.45649],[11.60116,52.4575],[11.6017,52.45779],[11.60265,52.45719],[11.60399,52.45715]]]},"properties":{"firedate":"2026-09-15","area_ha":1.0,"country":"DE"}},{"type":"Feature","geometry":{"type":"Polygon","coordinates":[[[11.61758,52.45429],[11.6173,52.45344],[11.61643,52.45341],[11.6168,52.45446],[11.61758,52.45429]]]},"properties":{"firedate":"2026-09-15","area_ha":1.0,"country":"DE"}},{"type":"Feature","geometry":{"type":"Polygon","coordinates":[[[14.89106,40.76292],[14.8915,40.76265],[14.89014,40.76227],[14.88948,40.76277],[14.89106,40.76292]]]},"properties":{"firedate":"2026-09-15","area_ha":1.0,"country":"IT"}},{"type":"Feature","geometry":{"type":"Polygon","coordinates":[[[9.74537,52.80657],[9.74495,52.80662],[9.7449,52.80707],[9.74421,52.80751],[9.74602,52.80814],[9.74631,52.80744],[9.74564,52.80714],[9.74537,52.80657]]]},"properties":{"firedate":"2026-09-15","area_ha":1.0,"country":"DE"}},{"type":"Feature","geometry":{"type":"Polygon","coordinates":[[[9.73244,52.80326],[9.73106,52.80279],[9.73044,52.80294],[9.73147,52.80364],[9.73244,52.80326]]]},"properties":{"firedate":"2026-09-15","area_ha":1.0,"country":"DE"}},{"type":"Feature","geometry":{"type":"Polygon","coordinates":[[[9.75613,52.8063],[9.75759,52.80599],[9.75774,52.80578],[9.75719,52.8055],[9.75611,52.80593],[9.75613,52.8063]]]},"properties":{"firedate":"2026-09-15","area_ha":1.0,"country":"DE"}},{"type":"Feature","geometry":{"type":"Polygon","coordinates":[[[15.49393,38.09021],[15.49377,38.08967],[15.49207,38.08878],[15.49079,38.08928],[15.49113,38.08967],[15.49393,38.09021]]]},"properties":{"firedate":"2026-09-15","area_ha":2.0,"country":"IT"}},{"type":"Feature","geometry":{"type":"Polygon","coordinates":[[[9.7342,52.80545],[9.73429,52.80602],[9.73583,52.80612],[9.73692,52.80523],[9.73452,52.80373],[9.73423,52.80401],[9.73485,52.80478],[9.7342,52.80545]]]},"properties":{"firedate":"2026-09-15","area_ha":3.0,"country":"DE"}},{"type":"Feature","geometry":{"type":"Polygon","coordinates":[[[24.05055,43.27235],[24.05076,43.27017],[24.05003,43.26995],[24.04877,43.27159],[24.05055,43.27235]]]},"properties":{"firedate":"2026-09-15","area_ha":3.0,"country":"BG"}},{"type":"Feature","geometry":{"type":"Polygon","coordinates":[[[-5.23935,43.32723],[-5.23969,43.32759],[-5.23905,43.32905],[-5.2396,43.33],[-5.23829,43.33089],[-5.23745,43.33011],[-5.23779,43.32954],[-5.23719,43.3295],[-5.23745,43.32908],[-5.2371,43.32907],[-5.23935,43.32723]]]},"properties":{"firedate":"2026-09-15","area_ha":4.0,"country":"ES"}},{"type":"Feature","geometry":{"type":"Polygon","coordinates":[[[-6.97259,37.46798],[-6.97307,37.46932],[-6.9725,37.4707],[-6.97123,37.47155],[-6.96993,37.47095],[-6.9717,37.46968],[-6.97089,37.46928],[-6.97143,37.46859],[-6.9723,37.46821],[-6.97201,37.46767],[-6.97259,37.46798]]]},"properties":{"firedate":"2026-09-15","area_ha":5.0,"country":"ES"}},{"type":"Feature","geometry":{"type":"Polygon","coordinates":[[[-4.95004,43.42181],[-4.94941,43.42124],[-4.9505,43.42037],[-4.95327,43.41987],[-4.95385,43.41918],[-4.95559,43.41901],[-4.95537,43.41967],[-4.95571,43.41982],[-4.95666,43.41966],[-4.95679,43.4191],[-4.95741,43.41928],[-4.95645,43.42014],[-4.95508,43.42003],[-4.95182,43.42088],[-4.95004,43.42181]]]},"properties":{"firedate":"2026-09-15","area_ha":6.0,"country":"ES"}},{"type":"Feature","geometry":{"type":"Polygon","coordinates":[[[16.06818,39.18534],[16.06861,39.18576],[16.07327,39.18571],[16.07355,39.18701],[16.07373,39.18625],[16.0745,39.18653],[16.07458,39.18697],[16.07671,39.1864],[16.07587,39.18564],[16.06948,39.18472],[16.06825,39.18488],[16.06818,39.18534]]]},"properties":{"firedate":"2026-09-15","area_ha":7.0,"country":"IT"}},{"type":"Feature","geometry":{"type":"Polygon","coordinates":[[[-8.07197,41.61265],[-8.07185,41.61212],[-8.07124,41.61162],[-8.07085,41.60999],[-8.06984,41.61018],[-8.06946,41.60952],[-8.06989,41.60977],[-8.07055,41.60936],[-8.07171,41.61023],[-8.07266,41.60943],[-8.0741,41.60928],[-8.07415,41.61034],[-8.07316,41.61113],[-8.07368,41.6124],[-8.07261,41.61233],[-8.07197,41.61265]]]},"properties":{"firedate":"2026-09-15","area_ha":7.0,"country":"PT"}},{"type":"Feature","geometry":{"type":"Polygon","coordinates":[[[19.08448,42.59766],[19.08277,42.59687],[19.08186,42.59803],[19.0812,42.59825],[19.08025,42.59792],[19.07784,42.59999],[19.07852,42.60026],[19.08058,42.59989],[19.08242,42.59846],[19.08448,42.59766]]]},"properties":{"firedate":"2026-09-15","area_ha":7.0,"country":"ME"}},{"type":"Feature","geometry":{"type":"Polygon","coordinates":[[[13.45021,37.30471],[13.45,37.30388],[13.45061,37.30365],[13.45083,37.30281],[13.45155,37.30237],[13.4485,37.30146],[13.44746,37.30182],[13.44736,37.30213],[13.44793,37.30277],[13.44919,37.30309],[13.4484,37.30325],[13.44861,37.3049],[13.45021,37.30471]]]},"properties":{"firedate":"2026-09-15","area_ha":8.0,"country":"IT"}},{"type":"Feature","geometry":{"type":"Polygon","coordinates":[[[9.74148,52.80507],[9.73827,52.80509],[9.73792,52.80637],[9.73731,52.80654],[9.73759,52.80778],[9.73838,52.80784],[9.73858,52.80736],[9.74005,52.80633],[9.74304,52.8067],[9.74297,52.80749],[9.74432,52.80686],[9.74426,52.80658],[9.74299,52.80625],[9.74386,52.8059],[9.74286,52.80519],[9.74316,52.80416],[9.74202,52.80408],[9.74148,52.80507]]]},"properties":{"firedate":"2026-09-15","area_ha":9.0,"country":"DE"}},{"type":"Feature","geometry":{"type":"Polygon","coordinates":[[[13.90215,37.64204],[13.9005,37.64354],[13.90033,37.64478],[13.90076,37.6453],[13.90229,37.64319],[13.90299,37.64329],[13.90397,37.64002],[13.90361,37.63943],[13.901,37.63913],[13.90178,37.64007],[13.90221,37.64119],[13.90215,37.64204]]]},"properties":{"firedate":"2026-09-15","area_ha":10.0,"country":"IT"}},{"type":"Feature","geometry":{"type":"Polygon","coordinates":[[[13.42266,37.57185],[13.42269,37.57153],[13.42092,37.57144],[13.419,37.5702],[13.41783,37.56993],[13.4161,37.57121],[13.41559,37.57237],[13.4168,37.5729],[13.41796,37.57194],[13.41855,37.57186],[13.42064,37.57305],[13.4209,37.57238],[13.42266,37.57185]]]},"properties":{"firedate":"2026-09-15","area_ha":11.0,"country":"IT"}},{"type":"Feature","geometry":{"type":"Polygon","coordinates":[[[14.78433,40.78937],[14.78458,40.78861],[14.78374,40.78648],[14.7834,40.78635],[14.78156,40.78759],[14.7795,40.78837],[14.77928,40.78942],[14.78046,40.78999],[14.78261,40.79017],[14.78433,40.78937]]]},"properties":{"firedate":"2026-09-15","area_ha":12.0,"country":"IT"}},{"type":"Feature","geometry":{"type":"Polygon","coordinates":[[[30.96553,51.12293],[30.96644,51.12181],[30.96482,51.12078],[30.95996,51.12143],[30.95871,51.12195],[30.95904,51.12317],[30.96051,51.12375],[30.96344,51.12363],[30.96387,51.12286],[30.96553,51.12293]]]},"properties":{"firedate":"2026-09-15","area_ha":12.0,"country":"UA"}},{"type":"Feature","geometry":{"type":"Polygon","coordinates":[[[2.86751,44.87928],[2.86679,44.87934],[2.86697,44.88015],[2.86628,44.88108],[2.86723,44.88179],[2.86823,44.88163],[2.86847,44.88093],[2.86936,44.88076],[2.86922,44.88032],[2.8698,44.88003],[2.87409,44.88105],[2.87457,44.88062],[2.87442,44.88022],[2.87351,44.88015],[2.87313,44.87927],[2.87137,44.87966],[2.87157,44.87841],[2.87034,44.8777],[2.86932,44.87779],[2.86773,44.87876],[2.86751,44.87928]]]},"properties":{"firedate":"2026-09-15","area_ha":13.0,"country":"FR"}},{"type":"Feature","geometry":{"type":"Polygon","coordinates":[[[33.66081,52.24089],[33.66029,52.24065],[33.66062,52.24027],[33.66219,52.23917],[33.66314,52.23904],[33.66173,52.23775],[33.66038,52.23753],[33.65921,52.238],[33.65816,52.23733],[33.65689,52.23707],[33.65637,52.23722],[33.65611,52.23845],[33.65544,52.23862],[33.65712,52.23864],[33.65762,52.23813],[33.65784,52.23873],[33.65732,52.23918],[33.65885,52.23985],[33.65745,52.24044],[33.65751,52.24107],[33.65551,52.24153],[33.6586,52.24176],[33.65927,52.24106],[33.66031,52.24124],[33.66081,52.24089]]]},"properties":{"firedate":"2026-09-15","area_ha":13.0,"country":"UA"}},{"type":"Feature","geometry":{"type":"Polygon","coordinates":[[[9.75268,52.80475],[9.75127,52.80416],[9.752,52.80354],[9.74845,52.80334],[9.74784,52.8039],[9.74921,52.80473],[9.74873,52.80563],[9.7491,52.80625],[9.74554,52.80668],[9.74623,52.80701],[9.74991,52.80697],[9.75153,52.80769],[9.75397,52.80713],[9.75156,52.80695],[9.75125,52.80667],[9.75193,52.80595],[9.75102,52.80585],[9.75041,52.80618],[9.75033,52.80566],[9.75184,52.80528],[9.75419,52.8054],[9.75446,52.80567],[9.75268,52.80602],[9.75526,52.80648],[9.75609,52.80578],[9.75607,52.80534],[9.75536,52.80501],[9.75374,52.80494],[9.75308,52.80451],[9.75268,52.80475]]]},"properties":{"firedate":"2026-09-15","area_ha":13.0,"country":"DE"}},{"type":"Feature","geometry":{"type":"Polygon","coordinates":[[[15.85686,39.80329],[15.8572,39.8023],[15.85814,39.80197],[15.85829,39.80148],[15.85787,39.80062],[15.85667,39.79971],[15.85513,39.79911],[15.85483,39.79935],[15.85485,39.8003],[15.85422,39.80102],[15.856,39.80313],[15.85641,39.80583],[15.8575,39.80658],[15.85796,39.80607],[15.85913,39.80648],[15.85903,39.80576],[15.85743,39.80494],[15.85686,39.80329]]]},"properties":{"firedate":"2026-09-15","area_ha":14.0,"country":"IT"}},{"type":"Feature","geometry":{"type":"Polygon","coordinates":[[[13.43907,37.30757],[13.44227,37.30795],[13.44377,37.30739],[13.44384,37.30597],[13.44452,37.30561],[13.44518,37.30566],[13.44576,37.30654],[13.44632,37.3066],[13.44618,37.30513],[13.44495,37.30468],[13.4454,37.30409],[13.44515,37.30379],[13.44254,37.30356],[13.44172,37.30435],[13.44135,37.30563],[13.44011,37.30657],[13.43969,37.30638],[13.43923,37.30669],[13.43907,37.30757]]]},"properties":{"firedate":"2026-09-15","area_ha":17.0,"country":"IT"}},{"type":"Feature","geometry":{"type":"Polygon","coordinates":[[[15.47053,38.13005],[15.4744,38.1285],[15.47448,38.12786],[15.47407,38.12747],[15.47429,38.12698],[15.47316,38.1267],[15.47302,38.12735],[15.47266,38.12746],[15.46965,38.12654],[15.46879,38.12846],[15.46806,38.12811],[15.46561,38.1286],[15.46709,38.12934],[15.46703,38.13005],[15.4664,38.13043],[15.46658,38.13066],[15.46949,38.12996],[15.47053,38.13005]]]},"properties":{"firedate":"2026-09-15","area_ha":18.0,"country":"IT"}},{"type":"Feature","geometry":{"type":"Polygon","coordinates":[[[-5.67019,36.197],[-5.6698,36.19603],[-5.67001,36.19544],[-5.67158,36.19428],[-5.67245,36.19425],[-5.67388,36.19281],[-5.67671,36.19186],[-5.67716,36.19306],[-5.67752,36.19304],[-5.67769,36.19362],[-5.67726,36.19356],[-5.67642,36.19453],[-5.67602,36.19435],[-5.67594,36.19475],[-5.6765,36.19483],[-5.67606,36.19543],[-5.67097,36.19703],[-5.67019,36.197]]]},"properties":{"firedate":"2026-09-15","area_ha":19.0,"country":"ES"}},{"type":"Feature","geometry":{"type":"Polygon","coordinates":[[[33.30116,46.09026],[33.30411,46.09245],[33.30889,46.09431],[33.31043,46.09586],[33.31077,46.09565],[33.30764,46.09057],[33.30627,46.09031],[33.30525,46.08938],[33.30278,46.08957],[33.30116,46.09026]]]},"properties":{"firedate":"2026-09-15","area_ha":19.0,"country":"UA"}},{"type":"Feature","geometry":{"type":"Polygon","coordinates":[[[9.3405,37.00819],[9.33957,37.00657],[9.34028,37.00603],[9.34332,37.00515],[9.34484,37.00418],[9.34488,37.00355],[9.34429,37.00288],[9.34276,37.00302],[9.342,37.00266],[9.34089,37.00296],[9.33968,37.00228],[9.3388,37.00241],[9.33894,37.0029],[9.33983,37.00315],[9.33988,37.00364],[9.33874,37.00435],[9.33839,37.00538],[9.33742,37.0061],[9.33673,37.00788],[9.33729,37.00853],[9.34014,37.00971],[9.34059,37.00921],[9.3405,37.00819]]]},"properties":{"firedate":"2026-09-15","area_ha":25.0,"country":"TN"}},{"type":"Feature","geometry":{"type":"Polygon","coordinates":[[[13.89972,37.63255],[13.89823,37.63975],[13.89839,37.64129],[13.89805,37.64337],[13.8999,37.64431],[13.90038,37.64319],[13.90221,37.64119],[13.90178,37.64007],[13.90058,37.63874],[13.90029,37.63759],[13.89935,37.6374],[13.8997,37.63668],[13.90059,37.6364],[13.90199,37.63522],[13.90211,37.63491],[13.90133,37.63447],[13.90135,37.63406],[13.90285,37.63357],[13.90158,37.6334],[13.90025,37.63392],[13.90045,37.63006],[13.9002,37.62918],[13.8999,37.62937],[13.89999,37.63054],[13.89942,37.63113],[13.89972,37.63255]]]},"properties":{"firedate":"2026-09-15","area_ha":27.0,"country":"IT"}},{"type":"Feature","geometry":{"type":"Polygon","coordinates":[[[33.29169,46.09137],[33.29813,46.09135],[33.29933,46.09033],[33.29965,46.08969],[33.29951,46.08879],[33.29152,46.08675],[33.28764,46.08669],[33.28753,46.08779],[33.28833,46.08852],[33.28901,46.08847],[33.28913,46.08931],[33.28998,46.08944],[33.28984,46.08997],[33.29169,46.09137]]]},"properties":{"firedate":"2026-09-15","area_ha":35.0,"country":"UA"}},{"type":"Feature","geometry":{"type":"Polygon","coordinates":[[[17.53244,43.63651],[17.53177,43.63435],[17.52848,43.63173],[17.52733,43.63127],[17.52711,43.63008],[17.52644,43.62919],[17.52493,43.62869],[17.52312,43.62699],[17.52216,43.62684],[17.52168,43.62721],[17.5212,43.62816],[17.52157,43.62932],[17.5225,43.62939],[17.52322,43.62989],[17.5244,43.62963],[17.52478,43.62993],[17.52391,43.63115],[17.52579,43.63212],[17.52557,43.63409],[17.52672,43.63591],[17.53073,43.63675],[17.53244,43.63651]]]},"properties":{"firedate":"2026-09-15","area_ha":35.0,"country":"BA"}},{"type":"Feature","geometry":{"type":"Polygon","coordinates":[[[16.94526,40.50682],[16.93617,40.51299],[16.93367,40.51523],[16.93327,40.5163],[16.93218,40.51715],[16.93292,40.51871],[16.93411,40.52009],[16.93419,40.52078],[16.93726,40.52324],[16.93744,40.52291],[16.93657,40.52184],[16.9375,40.52182],[16.93849,40.5228],[16.93911,40.52278],[16.93851,40.52214],[16.93858,40.52138],[16.93758,40.52084],[16.93739,40.52004],[16.93928,40.51647],[16.93914,40.51464],[16.93717,40.51416],[16.93459,40.51682],[16.93347,40.51662],[16.9381,40.5121],[16.94139,40.51181],[16.94146,40.51054],[16.94226,40.50944],[16.94532,40.50759],[16.94582,40.50684],[16.94526,40.50682]]]},"properties":{"firedate":"2026-09-15","area_ha":44.0,"country":"IT"}},{"type":"Feature","geometry":{"type":"Polygon","coordinates":[[[40.2976,39.68978],[40.29927,39.69048],[40.29956,39.69026],[40.29921,39.68958],[40.29757,39.68911],[40.2972,39.68862],[40.29734,39.6872],[40.29811,39.68617],[40.29639,39.68526],[40.2963,39.68485],[40.29696,39.68429],[40.29687,39.68395],[40.29466,39.6834],[40.29357,39.68383],[40.29322,39.68494],[40.29216,39.68457],[40.29114,39.6847],[40.29067,39.68518],[40.29042,39.68693],[40.28733,39.68756],[40.28591,39.68911],[40.28613,39.68945],[40.28687,39.68946],[40.28934,39.68854],[40.28953,39.68904],[40.28891,39.69004],[40.29003,39.69079],[40.2903,39.69212],[40.29106,39.69263],[40.29171,39.69245],[40.29195,39.69127],[40.29281,39.69029],[40.29433,39.69036],[40.2976,39.68978]]]},"properties":{"firedate":"2026-09-15","area_ha":52.0,"country":"TR"}},{"type":"Feature","geometry":{"type":"Polygon","coordinates":[[[13.68186,37.19192],[13.67897,37.19039],[13.67609,37.19069],[13.67576,37.191],[13.67606,37.19269],[13.67854,37.19485],[13.67768,37.19643],[13.6781,37.19782],[13.67769,37.19947],[13.67851,37.20028],[13.67791,37.20087],[13.67871,37.20138],[13.67857,37.20157],[13.67971,37.2018],[13.67996,37.20149],[13.68255,37.20316],[13.68461,37.20139],[13.68505,37.20017],[13.68431,37.19974],[13.68392,37.20065],[13.68317,37.20097],[13.68198,37.20021],[13.68159,37.20047],[13.68097,37.19936],[13.68121,37.19747],[13.68236,37.19619],[13.68185,37.19434],[13.68289,37.19368],[13.68328,37.19209],[13.68278,37.19175],[13.68186,37.19192]]]},"properties":{"firedate":"2026-09-15","area_ha":53.0,"country":"IT"}},{"type":"Feature","geometry":{"type":"Polygon","coordinates":[[[-6.12268,40.04623],[-6.12189,40.0458],[-6.12272,40.04554],[-6.12325,40.04461],[-6.12209,40.04458],[-6.12212,40.04416],[-6.12098,40.04423],[-6.1206,40.04363],[-6.11911,40.04405],[-6.11768,40.0437],[-6.11733,40.04319],[-6.1169,40.04351],[-6.11573,40.04257],[-6.11607,40.04217],[-6.11564,40.0416],[-6.11828,40.04155],[-6.11867,40.04132],[-6.11821,40.0409],[-6.11836,40.04058],[-6.11898,40.04114],[-6.11987,40.04114],[-6.11958,40.04001],[-6.12357,40.03885],[-6.12492,40.03939],[-6.12591,40.039],[-6.12592,40.03942],[-6.12544,40.03955],[-6.12568,40.03995],[-6.12504,40.03999],[-6.12521,40.04025],[-6.12789,40.04035],[-6.12975,40.04225],[-6.12997,40.04388],[-6.12952,40.04438],[-6.12899,40.04429],[-6.12922,40.04381],[-6.12848,40.04394],[-6.12873,40.04441],[-6.12749,40.04454],[-6.12673,40.04521],[-6.12659,40.04592],[-6.12268,40.04623]]]},"properties":{"firedate":"2026-09-15","area_ha":56.0,"country":"ES"}},{"type":"Feature","geometry":{"type":"Polygon","coordinates":[[[14.43348,41.06933],[14.43148,41.06845],[14.42997,41.06887],[14.42967,41.06975],[14.43016,41.07081],[14.43143,41.07158],[14.43205,41.07277],[14.43451,41.07416],[14.43757,41.07449],[14.4387,41.07426],[14.44125,41.07558],[14.44431,41.07577],[14.4465,41.07542],[14.4478,41.07467],[14.44728,41.07391],[14.4452,41.07385],[14.4438,41.07331],[14.44323,41.0725],[14.44145,41.07205],[14.44,41.07069],[14.43839,41.06993],[14.43348,41.06933]]]},"properties":{"firedate":"2026-09-15","area_ha":58.0,"country":"IT"}},{"type":"Feature","geometry":{"type":"Polygon","coordinates":[[[-6.97368,37.46773],[-6.97323,37.46702],[-6.97243,37.46659],[-6.97585,37.46682],[-6.97584,37.46738],[-6.97533,37.46753],[-6.9758,37.46762],[-6.97606,37.46816],[-6.97875,37.46845],[-6.97889,37.46901],[-6.97999,37.46968],[-6.98025,37.4706],[-6.98131,37.47108],[-6.98261,37.47106],[-6.98303,37.47176],[-6.98273,37.47333],[-6.98183,37.47365],[-6.97997,37.47334],[-6.97976,37.47385],[-6.97927,37.47376],[-6.9793,37.47488],[-6.97745,37.47547],[-6.97136,37.47504],[-6.971,37.47447],[-6.9711,37.47349],[-6.97224,37.47333],[-6.97272,37.47248],[-6.97359,37.47227],[-6.97333,37.47136],[-6.97365,37.4705],[-6.97321,37.47046],[-6.97348,37.46852],[-6.97311,37.46761],[-6.97368,37.46773]]]},"properties":{"firedate":"2026-09-15","area_ha":60.0,"country":"ES"}},{"type":"Feature","geometry":{"type":"Polygon","coordinates":[[[13.16481,37.8144],[13.16541,37.8101],[13.16687,37.80912],[13.16726,37.80811],[13.16663,37.80778],[13.16627,37.80672],[13.1667,37.80656],[13.16797,37.80705],[13.16754,37.80639],[13.16775,37.80606],[13.16937,37.80669],[13.16853,37.80493],[13.16605,37.80573],[13.16111,37.80628],[13.16065,37.80691],[13.15852,37.80776],[13.15873,37.8095],[13.15741,37.80962],[13.15672,37.81007],[13.15712,37.81109],[13.15874,37.81164],[13.15957,37.81136],[13.16041,37.81223],[13.16056,37.81258],[13.16005,37.8132],[13.16065,37.81457],[13.16024,37.81523],[13.16339,37.81537],[13.16422,37.81503],[13.16481,37.8144]]]},"properties":{"firedate":"2026-09-15","area_ha":61.0,"country":"IT"}},{"type":"Feature","geometry":{"type":"Polygon","coordinates":[[[21.96389,42.15211],[21.96567,42.15305],[21.96642,42.15509],[21.96516,42.15568],[21.96496,42.15677],[21.96632,42.15746],[21.97116,42.15774],[21.97428,42.15679],[21.98061,42.1583],[21.98257,42.15783],[21.98354,42.15709],[21.98383,42.15623],[21.9833,42.15482],[21.98118,42.1538],[21.98069,42.15323],[21.98141,42.15256],[21.98153,42.15096],[21.98232,42.14957],[21.9805,42.14801],[21.97875,42.14753],[21.97188,42.14941],[21.97011,42.15064],[21.9685,42.15018],[21.96802,42.14928],[21.96475,42.14971],[21.96386,42.15055],[21.96389,42.15211]]]},"properties":{"firedate":"2026-09-15","area_ha":136.0,"country":"MK"}},{"type":"Feature","geometry":{"type":"Polygon","coordinates":[[[13.13379,37.99385],[13.13352,37.99415],[13.13374,37.99521],[13.13273,37.99471],[13.13154,37.9953],[13.13053,37.9947],[13.12948,37.99457],[13.13007,37.99322],[13.12966,37.99247],[13.12856,37.99252],[13.12755,37.99205],[13.12589,37.9923],[13.12515,37.99303],[13.12621,37.99353],[13.12542,37.99412],[13.12548,37.99501],[13.1291,37.99492],[13.12897,37.99523],[13.12798,37.99522],[13.12824,37.99605],[13.12774,37.9966],[13.12664,37.99655],[13.12332,37.99755],[13.12043,37.99944],[13.11848,37.99888],[13.11596,38.00029],[13.11398,38.00042],[13.11495,38.00084],[13.115,38.00177],[13.11417,38.00194],[13.11264,38.00318],[13.11028,38.00394],[13.10944,38.00512],[13.10951,38.00678],[13.10991,38.00686],[13.10733,38.00709],[13.10715,38.00849],[13.11092,38.00921],[13.11225,38.01033],[13.11344,38.01063],[13.115,38.00897],[13.11447,38.00779],[13.11465,38.00732],[13.11521,38.00703],[13.11645,38.00731],[13.11695,38.00699],[13.11708,38.00651],[13.11633,38.00569],[13.11739,38.00473],[13.1179,38.00358],[13.11984,38.00447],[13.12271,38.00376],[13.12439,38.00375],[13.1268,38.00299],[13.12789,38.00213],[13.12756,38.00068],[13.12929,38.00056],[13.12932,37.99906],[13.13268,37.99908],[13.13609,37.9982],[13.14056,37.99805],[13.14205,37.99782],[13.14263,37.99726],[13.14225,37.99663],[13.1409,37.99605],[13.13968,37.9962],[13.13893,37.99574],[13.14076,37.99475],[13.14001,37.99427],[13.1404,37.99344],[13.13983,37.9921],[13.13781,37.99408],[13.1363,37.9946],[13.13557,37.9943],[13.13617,37.99357],[13.13525,37.99352],[13.13455,37.99429],[13.13379,37.99385]]]},"properties":{"firedate":"2026-09-15","area_ha":180.0,"country":"IT"}},{"type":"Feature","geometry":{"type":"Polygon","coordinates":[[[-7.24514,37.79416],[-7.24354,37.79389],[-7.24583,37.79185],[-7.2463,37.7918],[-7.24682,37.79363],[-7.24575,37.79437],[-7.24693,37.795],[-7.24743,37.79705],[-7.24702,37.79838],[-7.24762,37.79901],[-7.24742,37.79935],[-7.2477,37.80007],[-7.2485,37.80083],[-7.24748,37.80063],[-7.24242,37.80216],[-7.2409,37.80209],[-7.23908,37.80121],[-7.23645,37.80136],[-7.23492,37.80107],[-7.23478,37.80071],[-7.2329,37.80039],[-7.23068,37.79949],[-7.23045,37.79878],[-7.22886,37.79786],[-7.2286,37.79694],[-7.22759,37.79643],[-7.22413,37.79681],[-7.22334,37.79572],[-7.22284,37.796],[-7.22258,37.79557],[-7.22137,37.79545],[-7.22037,37.79424],[-7.22032,37.79313],[-7.21958,37.79269],[-7.21935,37.79196],[-7.21888,37.79185],[-7.21782,37.79243],[-7.21622,37.79053],[-7.21699,37.79015],[-7.21755,37.79055],[-7.21957,37.79028],[-7.21899,37.78925],[-7.21676,37.78869],[-7.21674,37.78799],[-7.21736,37.7881],[-7.21712,37.78689],[-7.21568,37.78638],[-7.21446,37.78534],[-7.21585,37.78554],[-7.21641,37.78486],[-7.21725,37.78455],[-7.21856,37.78493],[-7.21918,37.78397],[-7.22051,37.78349],[-7.22096,37.78279],[-7.22189,37.78262],[-7.22304,37.78372],[-7.2223,37.78517],[-7.22098,37.78568],[-7.22143,37.78764],[-7.22213,37.78771],[-7.22377,37.78656],[-7.22512,37.78623],[-7.22501,37.78666],[-7.22676,37.78686],[-7.22813,37.78766],[-7.22769,37.78842],[-7.22816,37.78892],[-7.22693,37.78961],[-7.22701,37.79009],[-7.22871,37.78936],[-7.22921,37.79],[-7.23137,37.79128],[-7.23204,37.79103],[-7.23119,37.79054],[-7.23208,37.78995],[-7.23457,37.79106],[-7.23489,37.79077],[-7.2347,37.78965],[-7.23328,37.78867],[-7.2315,37.78985],[-7.23074,37.78933],[-7.22935,37.78939],[-7.22903,37.7891],[-7.22923,37.78876],[-7.23083,37.78835],[-7.22914,37.78858],[-7.22961,37.78732],[-7.22864,37.78702],[-7.22846,37.7852],[-7.22901,37.78413],[-7.2295,37.78412],[-7.23042,37.78507],[-7.23112,37.78648],[-7.23252,37.78646],[-7.2316,37.78516],[-7.2316,37.78439],[-7.23068,37.78344],[-7.23324,37.78417],[-7.23481,37.78272],[-7.23615,37.78324],[-7.23648,37.78357],[-7.23616,37.78386],[-7.23656,37.7841],[-7.23712,37.78342],[-7.2393,37.78494],[-7.24109,37.78512],[-7.24112,37.78571],[-7.24054,37.78607],[-7.24105,37.78619],[-7.24018,37.78683],[-7.23994,37.78799],[-7.24179,37.78916],[-7.24198,37.78989],[-7.24119,37.79019],[-7.24114,37.79059],[-7.242,37.79186],[-7.24111,37.7916],[-7.24057,37.791],[-7.24069,37.79204],[-7.24006,37.79241],[-7.24076,37.79344],[-7.24381,37.79473],[-7.24514,37.79416]],[[-7.22162,37.79137],[-7.22241,37.79088],[-7.22248,37.79125],[-7.22312,37.79129],[-7.2235,37.7918],[-7.22407,37.7916],[-7.22296,37.79085],[-7.22318,37.79039],[-7.22247,37.7894],[-7.22168,37.79028],[-7.22191,37.79082],[-7.22162,37.79137]],[[-7.22582,37.78989],[-7.22547,37.78939],[-7.22566,37.7888],[-7.22658,37.78813],[-7.22621,37.78765],[-7.22505,37.78852],[-7.22483,37.78908],[-7.22493,37.78982],[-7.22554,37.79013],[-7.22582,37.78989]],[[-7.22764,37.79274],[-7.22855,37.79299],[-7.23016,37.79133],[-7.22932,37.79042],[-7.22907,37.79039],[-7.22942,37.79108],[-7.22918,37.79137],[-7.22837,37.7904],[-7.22811,37.79072],[-7.22787,37.79127],[-7.22835,37.79126],[-7.22851,37.79161],[-7.22828,37.79258],[-7.22764,37.79235],[-7.22764,37.79274]]]},"properties":{"firedate":"2026-09-15","area_ha":334.0,"country":"ES"}},{"type":"Feature","geometry":{"type":"Polygon","coordinates":[[[18.85551,42.80818],[18.85563,42.80773],[18.85522,42.80726],[18.85568,42.80735],[18.85577,42.80689],[18.85484,42.80632],[18.85566,42.80534],[18.85543,42.80468],[18.85629,42.805],[18.85892,42.80419],[18.85921,42.80463],[18.85974,42.80438],[18.86024,42.80473],[18.86074,42.80439],[18.86049,42.80379],[18.86226,42.80266],[18.86222,42.80216],[18.86306,42.80179],[18.86219,42.801],[18.86266,42.80021],[18.86196,42.79904],[18.86349,42.79806],[18.86376,42.79743],[18.86351,42.79704],[18.86414,42.79646],[18.86376,42.79592],[18.86484,42.79565],[18.86482,42.79507],[18.86387,42.79488],[18.86061,42.79654],[18.86067,42.7972],[18.86172,42.79741],[18.86117,42.7986],[18.85605,42.79923],[18.85533,42.79891],[18.85572,42.79856],[18.85487,42.7985],[18.85212,42.79982],[18.85172,42.8014],[18.85265,42.80199],[18.85107,42.80337],[18.85073,42.80447],[18.84977,42.80467],[18.84959,42.80517],[18.85033,42.80589],[18.84969,42.8059],[18.84875,42.80651],[18.84849,42.80729],[18.84866,42.80835],[18.84942,42.80963],[18.85131,42.80983],[18.85136,42.81008],[18.84957,42.81021],[18.84863,42.81119],[18.84917,42.81181],[18.8479,42.81167],[18.84583,42.81268],[18.84543,42.81439],[18.84423,42.81531],[18.84248,42.81595],[18.8429,42.81674],[18.8449,42.81784],[18.84628,42.81813],[18.84808,42.82088],[18.84878,42.82108],[18.84916,42.82179],[18.8485,42.82284],[18.84688,42.82364],[18.84566,42.82353],[18.84447,42.82245],[18.84287,42.8223],[18.83802,42.82364],[18.83812,42.82425],[18.83914,42.82478],[18.83964,42.8255],[18.83813,42.8261],[18.83856,42.82737],[18.83836,42.82773],[18.83668,42.82875],[18.83571,42.83002],[18.83316,42.83137],[18.83326,42.83292],[18.83517,42.83481],[18.83648,42.83524],[18.84136,42.83521],[18.84221,42.83431],[18.84524,42.83399],[18.84503,42.83294],[18.84427,42.83231],[18.84468,42.83219],[18.84479,42.83063],[18.84587,42.83083],[18.84622,42.83031],[18.84673,42.83074],[18.85177,42.83017],[18.85328,42.83034],[18.8541,42.82994],[18.85393,42.8292],[18.85007,42.82711],[18.85151,42.82668],[18.85266,42.82689],[18.85333,42.82625],[18.85305,42.82509],[18.85328,42.82473],[18.85389,42.8249],[18.85445,42.82585],[18.85565,42.82538],[18.85541,42.82465],[18.85417,42.82375],[18.85354,42.82369],[18.85336,42.82284],[18.85192,42.82213],[18.8526,42.82111],[18.85227,42.82069],[18.85438,42.82042],[18.85501,42.81979],[18.85669,42.81915],[18.85847,42.81926],[18.8594,42.81891],[18.85995,42.81717],[18.8607,42.81667],[18.86015,42.81639],[18.85827,42.81684],[18.85787,42.81652],[18.85777,42.81536],[18.85567,42.81511],[18.85542,42.81486],[18.85647,42.81341],[18.8556,42.81299],[18.85673,42.81256],[18.85751,42.81272],[18.85714,42.81226],[18.85974,42.81157],[18.86145,42.81181],[18.86229,42.81084],[18.86318,42.81109],[18.86359,42.81019],[18.86313,42.80985],[18.86378,42.80935],[18.8634,42.80903],[18.86428,42.80897],[18.8645,42.80836],[18.86329,42.80721],[18.86197,42.80725],[18.86085,42.80659],[18.85659,42.80728],[18.85551,42.80818]]]},"properties":{"firedate":"2026-09-15","area_ha":388.0,"country":"ME"}},{"type":"Feature","geometry":{"type":"Polygon","coordinates":[[[-7.0883,41.42417],[-7.08959,41.42379],[-7.09031,41.42426],[-7.09177,41.42451],[-7.09217,41.4253],[-7.09146,41.42625],[-7.09188,41.42697],[-7.0926,41.427],[-7.09333,41.42657],[-7.09358,41.42689],[-7.09386,41.42668],[-7.09486,41.42708],[-7.09502,41.42762],[-7.09438,41.42792],[-7.0945,41.42847],[-7.09488,41.42863],[-7.09496,41.42817],[-7.09625,41.42798],[-7.09631,41.42908],[-7.09725,41.42958],[-7.09683,41.4306],[-7.09771,41.4306],[-7.09854,41.42995],[-7.0996,41.43056],[-7.10052,41.43053],[-7.1002,41.43103],[-7.09885,41.43088],[-7.09958,41.43139],[-7.10016,41.43135],[-7.10047,41.43171],[-7.10008,41.43212],[-7.10038,41.43242],[-7.10265,41.43285],[-7.10379,41.43373],[-7.10397,41.43452],[-7.10502,41.43452],[-7.10509,41.43505],[-7.10362,41.43553],[-7.10214,41.43449],[-7.10043,41.43513],[-7.10084,41.4363],[-7.10066,41.43699],[-7.10192,41.43801],[-7.10179,41.43829],[-7.1004,41.43846],[-7.10058,41.4391],[-7.10022,41.43944],[-7.10091,41.44011],[-7.10166,41.43979],[-7.1017,41.43871],[-7.10221,41.43903],[-7.10217,41.44024],[-7.10092,41.44059],[-7.10157,41.44155],[-7.10145,41.4423],[-7.1018,41.44288],[-7.10218,41.4416],[-7.10279,41.44197],[-7.1033,41.44157],[-7.10254,41.4411],[-7.10281,41.43982],[-7.10453,41.44129],[-7.1045,41.44294],[-7.10505,41.44281],[-7.10614,41.44354],[-7.10646,41.44482],[-7.10534,41.44609],[-7.10472,41.44597],[-7.10448,41.44871],[-7.10632,41.44804],[-7.10791,41.4489],[-7.10841,41.44939],[-7.10818,41.44999],[-7.10869,41.45032],[-7.10997,41.44975],[-7.10956,41.45039],[-7.10884,41.45054],[-7.11023,41.45141],[-7.10929,41.45227],[-7.10952,41.45248],[-7.11072,41.45285],[-7.11135,41.45226],[-7.11167,41.45113],[-7.11206,41.45103],[-7.11271,41.45212],[-7.11266,41.45286],[-7.11327,41.45338],[-7.11222,41.45338],[-7.11243,41.45397],[-7.11298,41.45369],[-7.11358,41.45387],[-7.11363,41.453],[-7.11487,41.45396],[-7.11452,41.45446],[-7.11586,41.45445],[-7.11534,41.45486],[-7.11644,41.45489],[-7.11759,41.4558],[-7.11871,41.45769],[-7.11971,41.45809],[-7.12038,41.45762],[-7.12096,41.45818],[-7.12125,41.46038],[-7.12051,41.46134],[-7.12051,41.46209],[-7.1196,41.46276],[-7.11792,41.46321],[-7.11607,41.46252],[-7.11643,41.46347],[-7.1152,41.46403],[-7.11573,41.46445],[-7.115,41.46454],[-7.11467,41.46517],[-7.11428,41.46438],[-7.11446,41.46324],[-7.11406,41.46242],[-7.11453,41.46212],[-7.11425,41.46144],[-7.11376,41.4609],[-7.11237,41.46076],[-7.11183,41.45974],[-7.11203,41.45942],[-7.11131,41.45971],[-7.11077,41.45945],[-7.11054,41.45892],[-7.11075,41.45863],[-7.1103,41.45852],[-7.10937,41.45716],[-7.10998,41.45665],[-7.11073,41.45705],[-7.11087,41.45668],[-7.11008,41.45612],[-7.11161,41.4563],[-7.11107,41.45573],[-7.10919,41.45549],[-7.109,41.45618],[-7.10858,41.45619],[-7.10805,41.45565],[-7.10664,41.4552],[-7.10429,41.45517],[-7.10328,41.45401],[-7.10231,41.45399],[-7.10206,41.4534],[-7.1008,41.45283],[-7.10032,41.45174],[-7.09878,41.45138],[-7.10001,41.45078],[-7.09974,41.45045],[-7.09795,41.45006],[-7.09754,41.4495],[-7.09583,41.44901],[-7.09539,41.44848],[-7.09482,41.44855],[-7.09524,41.44794],[-7.09495,41.44751],[-7.09302,41.44725],[-7.09119,41.44557],[-7.09267,41.44588],[-7.09299,41.44523],[-7.09212,41.44392],[-7.09286,41.44402],[-7.09311,41.44356],[-7.09242,41.44349],[-7.09218,41.44296],[-7.09139,41.44269],[-7.0918,41.44132],[-7.09128,41.4417],[-7.09062,41.44073],[-7.09135,41.43943],[-7.09094,41.43947],[-7.09041,41.44026],[-7.09064,41.4393],[-7.09023,41.43846],[-7.08861,41.43823],[-7.08641,41.43611],[-7.08555,41.43652],[-7.0849,41.436],[-7.08472,41.43565],[-7.0854,41.43449],[-7.08376,41.43376],[-7.08384,41.43314],[-7.08336,41.43278],[-7.08385,41.432],[-7.08268,41.43189],[-7.08162,41.4296],[-7.08207,41.42956],[-7.08224,41.42896],[-7.08289,41.42903],[-7.08266,41.42866],[-7.08303,41.42839],[-7.08281,41.428],[-7.082,41.42814],[-7.08187,41.42766],[-7.08249,41.42733],[-7.08218,41.42653],[-7.08121,41.42607],[-7.08172,41.42566],[-7.08124,41.42527],[-7.08151,41.4249],[-7.08262,41.42493],[-7.08396,41.42372],[-7.08367,41.42285],[-7.0823,41.42217],[-7.08379,41.42074],[-7.08256,41.41997],[-7.08277,41.41965],[-7.08396,41.4191],[-7.08458,41.4201],[-7.08801,41.42074],[-7.08849,41.42198],[-7.08823,41.42272],[-7.08781,41.42333],[-7.08696,41.42314],[-7.0868,41.42376],[-7.0883,41.42417]],[[-7.10253,41.45104],[-7.10222,41.45027],[-7.10293,41.44993],[-7.10227,41.44938],[-7.10325,41.44955],[-7.10298,41.4489],[-7.10033,41.44968],[-7.10207,41.4509],[-7.10253,41.45104]],[[-7.10298,41.44384],[-7.10355,41.44361],[-7.10428,41.44352],[-7.10298,41.44295],[-7.10247,41.44355],[-7.10298,41.44384]],[[-7.10251,41.45336],[-7.1039,41.45321],[-7.10342,41.4524],[-7.10363,41.4518],[-7.1034,41.45159],[-7.10244,41.45238],[-7.10275,41.45303],[-7.10251,41.45336]]]},"properties":{"firedate":"2026-09-15","area_ha":451.0,"country":"PT"}},{"type":"Feature","geometry":{"type":"Polygon","coordinates":[[[-7.19334,42.53666],[-7.19364,42.53213],[-7.1933,42.52891],[-7.19391,42.52798],[-7.19344,42.52782],[-7.19386,42.52686],[-7.19362,42.52622],[-7.19255,42.52637],[-7.19203,42.52806],[-7.19006,42.52957],[-7.18966,42.53059],[-7.18872,42.53072],[-7.18832,42.53202],[-7.18661,42.53142],[-7.18555,42.53209],[-7.18288,42.53248],[-7.18205,42.53327],[-7.18229,42.53425],[-7.18059,42.53462],[-7.17975,42.53428],[-7.18023,42.53372],[-7.17915,42.53052],[-7.17912,42.52916],[-7.17968,42.52869],[-7.17963,42.52805],[-7.18117,42.52727],[-7.18213,42.52611],[-7.18408,42.52516],[-7.18486,42.5239],[-7.18579,42.52374],[-7.18613,42.52395],[-7.18605,42.52431],[-7.18694,42.5245],[-7.18723,42.52421],[-7.18711,42.52286],[-7.1861,42.52129],[-7.18626,42.52058],[-7.18759,42.52039],[-7.1882,42.51994],[-7.18729,42.51982],[-7.18696,42.51885],[-7.18843,42.51911],[-7.18976,42.51892],[-7.18975,42.51824],[-7.19114,42.51683],[-7.19272,42.51605],[-7.19452,42.5157],[-7.19587,42.51602],[-7.19652,42.51731],[-7.19724,42.5177],[-7.19621,42.51514],[-7.19733,42.51358],[-7.19823,42.51346],[-7.19844,42.51277],[-7.1997,42.51375],[-7.20146,42.5142],[-7.20224,42.51386],[-7.20305,42.51423],[-7.20334,42.51398],[-7.2032,42.51332],[-7.20383,42.5128],[-7.20382,42.51212],[-7.20523,42.51218],[-7.20695,42.51172],[-7.20874,42.51213],[-7.21056,42.51185],[-7.2109,42.51206],[-7.21177,42.51567],[-7.21316,42.51581],[-7.21284,42.51644],[-7.21115,42.51766],[-7.20832,42.51767],[-7.20811,42.51866],[-7.20726,42.51864],[-7.20655,42.51951],[-7.20395,42.52109],[-7.20429,42.5213],[-7.20484,42.52083],[-7.20555,42.52119],[-7.20604,42.52032],[-7.20772,42.51972],[-7.20904,42.5198],[-7.20954,42.51896],[-7.21129,42.51845],[-7.21062,42.51932],[-7.21189,42.51968],[-7.21209,42.52102],[-7.21085,42.52311],[-7.21003,42.52346],[-7.20913,42.52327],[-7.20752,42.52615],[-7.20797,42.52624],[-7.20877,42.52425],[-7.2094,42.5237],[-7.21032,42.52447],[-7.20974,42.52501],[-7.20958,42.52606],[-7.20986,42.52636],[-7.21084,42.52482],[-7.21077,42.52347],[-7.21275,42.52152],[-7.21314,42.52172],[-7.21343,42.52147],[-7.2132,42.52082],[-7.21349,42.51944],[-7.21397,42.51809],[-7.21443,42.51808],[-7.21731,42.52172],[-7.21709,42.52412],[-7.21587,42.52518],[-7.21435,42.52729],[-7.21226,42.52885],[-7.20935,42.53017],[-7.20711,42.53076],[-7.20486,42.53211],[-7.20146,42.53317],[-7.19914,42.53333],[-7.19549,42.53574],[-7.1946,42.53586],[-7.19372,42.53666],[-7.19334,42.53666]]]},"properties":{"firedate":"2026-09-15","area_ha":462.0,"country":"ES"}},{"type":"Feature","geometry":{"type":"Polygon","coordinates":[[[-1.10591,39.76221],[-1.10697,39.76266],[-1.10674,39.76311],[-1.10555,39.76334],[-1.10558,39.76409],[-1.10397,39.76474],[-1.10523,39.76449],[-1.10637,39.76582],[-1.10905,39.76642],[-1.1054,39.76746],[-1.10228,39.76963],[-1.10079,39.76885],[-1.09537,39.7698],[-1.09314,39.77044],[-1.0933,39.77137],[-1.09238,39.77205],[-1.09051,39.77193],[-1.08597,39.77016],[-1.08511,39.77126],[-1.08458,39.77104],[-1.08567,39.76991],[-1.08579,39.76854],[-1.08504,39.76888],[-1.08412,39.76671],[-1.08371,39.76658],[-1.08346,39.7679],[-1.08308,39.7677],[-1.08242,39.76643],[-1.08171,39.76783],[-1.08098,39.7669],[-1.07964,39.76772],[-1.08009,39.76855],[-1.08024,39.76789],[-1.08143,39.76826],[-1.08034,39.76873],[-1.07981,39.76994],[-1.07782,39.77003],[-1.07754,39.77067],[-1.07812,39.77151],[-1.07688,39.77216],[-1.07304,39.77007],[-1.07317,39.76877],[-1.07603,39.76848],[-1.07611,39.76766],[-1.0738,39.76792],[-1.07268,39.76744],[-1.07201,39.76794],[-1.07115,39.76723],[-1.06825,39.76774],[-1.06732,39.76639],[-1.06491,39.76654],[-1.06172,39.76497],[-1.06043,39.76502],[-1.05777,39.76332],[-1.05712,39.76201],[-1.05051,39.76143],[-1.04978,39.76008],[-1.05027,39.75931],[-1.04395,39.75721],[-1.0426,39.75617],[-1.0423,39.75478],[-1.04339,39.7536],[-1.04526,39.75377],[-1.04461,39.75598],[-1.04778,39.75595],[-1.0476,39.7552],[-1.05051,39.7536],[-1.05085,39.75271],[-1.05894,39.75369],[-1.06055,39.75446],[-1.06399,39.75387],[-1.06593,39.7508],[-1.06386,39.75017],[-1.06299,39.74727],[-1.06504,39.7456],[-1.06648,39.74649],[-1.06904,39.74639],[-1.07075,39.747],[-1.07108,39.74787],[-1.07411,39.75015],[-1.07517,39.74989],[-1.07533,39.74901],[-1.07659,39.74925],[-1.0767,39.75019],[-1.07803,39.75054],[-1.0775,39.74895],[-1.07838,39.74827],[-1.08189,39.74828],[-1.08203,39.7491],[-1.08425,39.74985],[-1.08355,39.75112],[-1.08493,39.75201],[-1.09,39.75137],[-1.09292,39.75235],[-1.09299,39.75302],[-1.09571,39.75293],[-1.1002,39.75437],[-1.10064,39.75518],[-1.10009,39.7559],[-1.09804,39.75481],[-1.09551,39.75506],[-1.09737,39.75573],[-1.09619,39.75624],[-1.09725,39.75679],[-1.09684,39.75768],[-1.09785,39.75878],[-1.09758,39.75973],[-1.09847,39.75983],[-1.0977,39.76066],[-1.09798,39.7613],[-1.09918,39.7612],[-1.0996,39.76034],[-1.10098,39.76126],[-1.10055,39.76206],[-1.10188,39.76295],[-1.10591,39.76221]],[[-1.09636,39.7673],[-1.09523,39.76679],[-1.09545,39.76629],[-1.09324,39.76685],[-1.09487,39.767],[-1.09503,39.76765],[-1.09635,39.76801],[-1.09636,39.7673]],[[-1.06047,39.76373],[-1.06169,39.76325],[-1.0607,39.76232],[-1.06117,39.76176],[-1.0589,39.76097],[-1.05875,39.76159],[-1.05958,39.76187],[-1.06047,39.76373]],[[-1.06357,39.76459],[-1.06479,39.76232],[-1.06582,39.7617],[-1.06551,39.7612],[-1.06834,39.76148],[-1.06905,39.76079],[-1.0676,39.76092],[-1.06782,39.75995],[-1.06868,39.75914],[-1.0704,39.75902],[-1.06672,39.75886],[-1.06526,39.7595],[-1.06497,39.76159],[-1.06244,39.76131],[-1.0636,39.76249],[-1.06166,39.7641],[-1.06207,39.7647],[-1.06351,39.76372],[-1.06357,39.76459]],[[-1.05134,39.75895],[-1.05033,39.75864],[-1.05404,39.76027],[-1.05536,39.75958],[-1.05299,39.7582],[-1.05383,39.758],[-1.05298,39.75685],[-1.05159,39.75741],[-1.05194,39.75615],[-1.05014,39.75704],[-1.05218,39.75805],[-1.05134,39.75895]]]},"properties":{"firedate":"2026-09-15","area_ha":805.0,"country":"ES"}},{"type":"Feature","geometry":{"type":"Polygon","coordinates":[[[-7.69723,38.32525],[-7.70003,38.32573],[-7.70071,38.32668],[-7.70037,38.3271],[-7.7014,38.32768],[-7.70073,38.32783],[-7.70189,38.3287],[-7.70025,38.33253],[-7.7032,38.33346],[-7.70171,38.33365],[-7.70299,38.33487],[-7.70467,38.33518],[-7.70492,38.33608],[-7.70451,38.33696],[-7.70492,38.33786],[-7.70352,38.33903],[-7.70313,38.34302],[-7.70381,38.34327],[-7.70372,38.34262],[-7.70415,38.34336],[-7.70464,38.34311],[-7.70474,38.34389],[-7.7016,38.34411],[-7.70065,38.343],[-7.70061,38.34369],[-7.6998,38.34318],[-7.69933,38.34362],[-7.70329,38.34541],[-7.7056,38.34417],[-7.70597,38.34524],[-7.70522,38.34462],[-7.70393,38.34577],[-7.70516,38.3463],[-7.70857,38.34488],[-7.71044,38.34588],[-7.70973,38.34615],[-7.71098,38.34653],[-7.7105,38.34702],[-7.71139,38.34688],[-7.7107,38.34798],[-7.71204,38.34899],[-7.71567,38.34902],[-7.71656,38.35202],[-7.71437,38.35232],[-7.71563,38.35222],[-7.71564,38.35341],[-7.71664,38.35387],[-7.71774,38.35369],[-7.71823,38.3551],[-7.71781,38.35626],[-7.71924,38.35706],[-7.71823,38.35885],[-7.71866,38.35932],[-7.71745,38.35941],[-7.71816,38.36028],[-7.71742,38.36159],[-7.71857,38.36419],[-7.71838,38.36535],[-7.71692,38.36569],[-7.7173,38.3674],[-7.71465,38.36749],[-7.71452,38.3669],[-7.71163,38.36744],[-7.70568,38.36556],[-7.7042,38.36458],[-7.7046,38.36273],[-7.70286,38.36267],[-7.7044,38.36237],[-7.70408,38.36141],[-7.70353,38.36156],[-7.70381,38.36208],[-7.70146,38.36223],[-7.70189,38.36151],[-7.70128,38.36049],[-7.70052,38.35966],[-7.69942,38.35985],[-7.69904,38.35863],[-7.69914,38.35974],[-7.69832,38.36014],[-7.6975,38.35941],[-7.69512,38.35941],[-7.69401,38.35853],[-7.69263,38.3601],[-7.69064,38.35989],[-7.68923,38.35779],[-7.68582,38.35619],[-7.68365,38.35387],[-7.68396,38.35217],[-7.68557,38.35027],[-7.6846,38.35019],[-7.68527,38.34931],[-7.68446,38.34944],[-7.68311,38.35142],[-7.68017,38.35197],[-7.68005,38.35144],[-7.68082,38.35105],[-7.68015,38.35065],[-7.67817,38.35197],[-7.67627,38.35146],[-7.67598,38.35083],[-7.67771,38.35086],[-7.67888,38.34907],[-7.68012,38.34888],[-7.68173,38.34995],[-7.68054,38.34823],[-7.68124,38.34674],[-7.68075,38.34608],[-7.68013,38.3464],[-7.68031,38.34548],[-7.6797,38.34606],[-7.67775,38.34525],[-7.67659,38.34272],[-7.67487,38.34268],[-7.67751,38.34164],[-7.67759,38.34058],[-7.67695,38.34125],[-7.67594,38.3404],[-7.67749,38.33887],[-7.67384,38.3378],[-7.67603,38.3377],[-7.67722,38.33699],[-7.6803,38.33894],[-7.6815,38.33788],[-7.68087,38.33764],[-7.68071,38.33663],[-7.68244,38.33637],[-7.68316,38.33686],[-7.68325,38.33414],[-7.68071,38.33255],[-7.68023,38.33105],[-7.6769,38.32985],[-7.672,38.3257],[-7.66953,38.32509],[-7.66806,38.32304],[-7.6665,38.323],[-7.66465,38.32195],[-7.66429,38.32105],[-7.66342,38.32083],[-7.66344,38.32007],[-7.66786,38.31927],[-7.66697,38.3186],[-7.66659,38.31672],[-7.66578,38.31654],[-7.66731,38.31543],[-7.66871,38.3153],[-7.6705,38.31612],[-7.67045,38.31677],[-7.66955,38.31647],[-7.66974,38.31706],[-7.67203,38.31756],[-7.67119,38.31787],[-7.67102,38.3185],[-7.67164,38.31797],[-7.67289,38.31813],[-7.67273,38.31891],[-7.67373,38.31992],[-7.67557,38.31991],[-7.67623,38.32074],[-7.67547,38.32128],[-7.67595,38.32181],[-7.67448,38.32209],[-7.67656,38.32325],[-7.67738,38.32243],[-7.67879,38.32256],[-7.67783,38.32314],[-7.67871,38.3234],[-7.67691,38.32402],[-7.67681,38.32531],[-7.67927,38.32631],[-7.67888,38.32667],[-7.67945,38.32729],[-7.68144,38.32757],[-7.6807,38.32819],[-7.68144,38.32876],[-7.68132,38.32947],[-7.68227,38.32978],[-7.68142,38.33038],[-7.68262,38.33098],[-7.6833,38.33058],[-7.68396,38.33104],[-7.68512,38.32962],[-7.68703,38.32867],[-7.6878,38.32724],[-7.68741,38.32664],[-7.68807,38.32701],[-7.68997,38.32559],[-7.69185,38.3255],[-7.6911,38.32425],[-7.69164,38.32377],[-7.68965,38.32348],[-7.68499,38.3197],[-7.68292,38.31922],[-7.68256,38.31829],[-7.68109,38.31855],[-7.68115,38.31765],[-7.6804,38.3183],[-7.68042,38.31743],[-7.67493,38.31642],[-7.67399,38.31564],[-7.67454,38.31476],[-7.67378,38.31413],[-7.67502,38.3131],[-7.67402,38.31335],[-7.67262,38.312],[-7.67174,38.31196],[-7.67241,38.31058],[-7.67432,38.31004],[-7.67576,38.30798],[-7.67753,38.30749],[-7.6777,38.30695],[-7.67889,38.30783],[-7.68173,38.30735],[-7.68327,38.30868],[-7.6834,38.3075],[-7.6813,38.30574],[-7.68321,38.30616],[-7.68492,38.30748],[-7.68488,38.30967],[-7.68668,38.31103],[-7.68559,38.31137],[-7.68658,38.31388],[-7.68671,38.3124],[-7.68922,38.31368],[-7.68904,38.31461],[-7.69042,38.31578],[-7.69509,38.31758],[-7.69566,38.32063],[-7.69731,38.32308],[-7.69723,38.32525]]]},"properties":{"firedate":"2026-09-15","area_ha":1262.0,"country":"PT"}},{"type":"Feature","geometry":{"type":"Polygon","coordinates":[[[9.27446,42.27247],[9.27333,42.27145],[9.2719,42.27095],[9.27225,42.27159],[9.27446,42.27247]]]},"properties":{"firedate":"2026-09-16","area_ha":1.0,"country":"FR"}},{"type":"Feature","geometry":{"type":"Polygon","coordinates":[[[9.26567,42.27114],[9.26523,42.27007],[9.26463,42.2702],[9.26559,42.27188],[9.26567,42.27114]]]},"properties":{"firedate":"2026-09-16","area_ha":1.0,"country":"FR"}},{"type":"Feature","geometry":{"type":"Polygon","coordinates":[[[15.77898,39.92634],[15.77894,39.92516],[15.77776,39.92506],[15.77814,39.92636],[15.77898,39.92634]]]},"properties":{"firedate":"2026-09-16","area_ha":1.0,"country":"IT"}},{"type":"Feature","geometry":{"type":"Polygon","coordinates":[[[9.72421,52.80082],[9.72334,52.80152],[9.72398,52.80164],[9.72426,52.8012],[9.72494,52.80178],[9.72574,52.80188],[9.72421,52.80082]]]},"properties":{"firedate":"2026-09-16","area_ha":1.0,"country":"DE"}},{"type":"Feature","geometry":{"type":"Polygon","coordinates":[[[18.94141,43.25165],[18.94126,43.25117],[18.94058,43.25104],[18.94043,43.25065],[18.93995,43.25095],[18.93981,43.25057],[18.93938,43.25086],[18.9394,43.25046],[18.93877,43.25046],[18.93782,43.2509],[18.93823,43.25126],[18.93829,43.25094],[18.93931,43.25115],[18.9391,43.2515],[18.9398,43.25173],[18.93877,43.25245],[18.94018,43.25175],[18.93994,43.25154],[18.94093,43.2516],[18.94065,43.25197],[18.94141,43.25165]]]},"properties":{"firedate":"2026-09-16","area_ha":2.0,"country":"ME"}},{"type":"Feature","geometry":{"type":"Polygon","coordinates":[[[-8.18111,42.78272],[-8.18215,42.78225],[-8.18143,42.78194],[-8.18176,42.78158],[-8.18212,42.78161],[-8.18223,42.78206],[-8.18248,42.78174],[-8.18471,42.78148],[-8.18465,42.78205],[-8.18337,42.78274],[-8.18148,42.78316],[-8.18111,42.78272]]]},"properties":{"firedate":"2026-09-16","area_ha":3.0,"country":"ES"}},{"type":"Feature","geometry":{"type":"Polygon","coordinates":[[[-3.61605,40.2598],[-3.61489,40.26021],[-3.61504,40.25992],[-3.61396,40.25936],[-3.61346,40.25827],[-3.6127,40.25793],[-3.61228,40.25686],[-3.61268,40.25669],[-3.61323,40.2574],[-3.61435,40.2576],[-3.61479,40.25957],[-3.61605,40.2598]]]},"properties":{"firedate":"2026-09-16","area_ha":3.0,"country":"ES"}},{"type":"Feature","geometry":{"type":"Polygon","coordinates":[[[9.76805,52.79975],[9.76945,52.8002],[9.76808,52.80039],[9.7684,52.80093],[9.76765,52.80133],[9.76777,52.8018],[9.77001,52.80169],[9.77047,52.80022],[9.77154,52.80055],[9.77219,52.80173],[9.77283,52.80155],[9.77182,52.79997],[9.77263,52.79895],[9.77074,52.79979],[9.76815,52.79939],[9.76805,52.79975]]]},"properties":{"firedate":"2026-09-16","area_ha":5.0,"country":"DE"}},{"type":"Feature","geometry":{"type":"Polygon","coordinates":[[[19.95135,44.64944],[19.95114,44.64827],[19.94715,44.64808],[19.94648,44.64847],[19.94611,44.64946],[19.94788,44.65027],[19.94912,44.64987],[19.94933,44.64947],[19.95135,44.64944]]]},"properties":{"firedate":"2026-09-16","area_ha":7.0,"country":"RS"}},{"type":"Feature","geometry":{"type":"Polygon","coordinates":[[[19.6652,40.61492],[19.66522,40.61672],[19.66558,40.61693],[19.66787,40.61739],[19.66887,40.61684],[19.6684,40.61568],[19.66683,40.61396],[19.6652,40.61492]]]},"properties":{"firedate":"2026-09-16","area_ha":8.0,"country":"AL"}},{"type":"Feature","geometry":{"type":"Polygon","coordinates":[[[14.51906,41.01363],[14.51922,41.01324],[14.51884,41.01298],[14.51805,41.01353],[14.51589,41.01324],[14.51245,41.01445],[14.511,41.01417],[14.51059,41.01457],[14.51265,41.01536],[14.51467,41.01468],[14.51474,41.01532],[14.51432,41.01577],[14.51475,41.01603],[14.51627,41.01493],[14.51906,41.01363]]]},"properties":{"firedate":"2026-09-16","area_ha":9.0,"country":"IT"}},{"type":"Feature","geometry":{"type":"Polygon","coordinates":[[[35.26732,47.97635],[35.26688,47.97601],[35.26707,47.97532],[35.26633,47.97418],[35.26572,47.97394],[35.26496,47.97414],[35.26479,47.97472],[35.26371,47.9746],[35.26293,47.97553],[35.26152,47.97516],[35.26063,47.97542],[35.26241,47.97709],[35.26355,47.97719],[35.26429,47.97625],[35.26672,47.97646],[35.26668,47.97677],[35.26732,47.97635]]]},"properties":{"firedate":"2026-09-16","area_ha":9.0,"country":"UA"}},{"type":"Feature","geometry":{"type":"Polygon","coordinates":[[[4.42472,49.09664],[4.42551,49.09561],[4.42531,49.09532],[4.42274,49.09569],[4.42027,49.09669],[4.41733,49.09728],[4.41609,49.09808],[4.41672,49.0984],[4.41917,49.09787],[4.4208,49.09803],[4.42352,49.09743],[4.42472,49.09664]]]},"properties":{"firedate":"2026-09-16","area_ha":10.0,"country":"FR"}},{"type":"Feature","geometry":{"type":"Polygon","coordinates":[[[22.8538,45.12707],[22.85452,45.12404],[22.85366,45.1235],[22.85133,45.12506],[22.85065,45.12708],[22.8511,45.12814],[22.85174,45.12838],[22.85237,45.1277],[22.8538,45.12707]]]},"properties":{"firedate":"2026-09-16","area_ha":10.0,"country":"RO"}},{"type":"Feature","geometry":{"type":"Polygon","coordinates":[[[-8.06805,41.47485],[-8.06791,41.47411],[-8.06978,41.47369],[-8.06873,41.47338],[-8.06873,41.47278],[-8.06932,41.47225],[-8.07181,41.4716],[-8.07241,41.47196],[-8.07206,41.47237],[-8.07293,41.47377],[-8.0723,41.47401],[-8.07231,41.47463],[-8.07208,41.47437],[-8.07169,41.47476],[-8.07102,41.47459],[-8.07109,41.47499],[-8.06966,41.47551],[-8.06858,41.47532],[-8.06805,41.47485]]]},"properties":{"firedate":"2026-09-16","area_ha":11.0,"country":"PT"}},{"type":"Feature","geometry":{"type":"Polygon","coordinates":[[[15.30889,41.15782],[15.30813,41.15686],[15.30662,41.15605],[15.30596,41.1564],[15.30569,41.15728],[15.30457,41.15749],[15.30426,41.15826],[15.30268,41.1575],[15.30025,41.15779],[15.29904,41.15723],[15.29833,41.15756],[15.29931,41.15858],[15.3003,41.15879],[15.30097,41.15867],[15.30149,41.1579],[15.30278,41.15791],[15.303,41.15822],[15.30269,41.15898],[15.30358,41.15929],[15.30716,41.158],[15.30889,41.15782]]]},"properties":{"firedate":"2026-09-16","area_ha":11.0,"country":"IT"}},{"type":"Feature","geometry":{"type":"Polygon","coordinates":[[[-8.64922,41.64629],[-8.64819,41.64535],[-8.64782,41.64542],[-8.6476,41.64462],[-8.64609,41.64496],[-8.6458,41.64533],[-8.64455,41.64472],[-8.64594,41.64402],[-8.64646,41.64442],[-8.64669,41.64384],[-8.64636,41.64358],[-8.64676,41.64304],[-8.64735,41.64258],[-8.64838,41.64247],[-8.65018,41.64334],[-8.65086,41.64439],[-8.65271,41.64498],[-8.65194,41.64599],[-8.65068,41.64584],[-8.64922,41.64629]]]},"properties":{"firedate":"2026-09-16","area_ha":14.0,"country":"PT"}},{"type":"Feature","geometry":{"type":"Polygon","coordinates":[[[17.72849,43.7674],[17.72676,43.7672],[17.72658,43.76679],[17.72395,43.76692],[17.72238,43.76659],[17.72043,43.76907],[17.72094,43.76983],[17.72222,43.77007],[17.7214,43.7693],[17.72204,43.76831],[17.72308,43.76902],[17.72406,43.76918],[17.7255,43.76732],[17.72582,43.7677],[17.72548,43.76848],[17.72583,43.76931],[17.72661,43.76962],[17.72751,43.76906],[17.72774,43.7696],[17.72917,43.76962],[17.72858,43.76893],[17.7292,43.76863],[17.72888,43.76752],[17.72956,43.76609],[17.72852,43.76559],[17.7279,43.76652],[17.72849,43.7674]]]},"properties":{"firedate":"2026-09-16","area_ha":16.0,"country":"BA"}},{"type":"Feature","geometry":{"type":"Polygon","coordinates":[[[36.17859,35.17921],[36.17842,35.17863],[36.17536,35.17907],[36.17397,35.17809],[36.17245,35.17786],[36.17036,35.17842],[36.16954,35.17901],[36.1694,35.17951],[36.17006,35.17989],[36.17099,35.17933],[36.17154,35.17947],[36.1728,35.18107],[36.17446,35.18028],[36.1762,35.18063],[36.1782,35.17993],[36.17859,35.17921]]]},"properties":{"firedate":"2026-09-16","area_ha":16.0,"country":"SY"}},{"type":"Feature","geometry":{"type":"Polygon","coordinates":[[[36.2147,45.31186],[36.21632,45.31454],[36.21734,45.31412],[36.21858,45.31472],[36.21988,45.31261],[36.22033,45.31062],[36.21776,45.30932],[36.2155,45.31202],[36.21521,45.31169],[36.2147,45.31186]]]},"properties":{"firedate":"2026-09-16","area_ha":16.0,"country":"UA"}},{"type":"Feature","geometry":{"type":"Polygon","coordinates":[[[-7.78886,42.58744],[-7.78845,42.5869],[-7.78917,42.58619],[-7.78855,42.58584],[-7.78848,42.5854],[-7.7895,42.58483],[-7.7884,42.58474],[-7.78803,42.58406],[-7.78849,42.58337],[-7.78931,42.58371],[-7.78874,42.58332],[-7.78883,42.58276],[-7.78961,42.58262],[-7.78986,42.58225],[-7.78997,42.58269],[-7.79057,42.58236],[-7.79004,42.58191],[-7.78908,42.58203],[-7.78942,42.58039],[-7.79093,42.58035],[-7.79134,42.58062],[-7.79132,42.57987],[-7.79042,42.57807],[-7.79178,42.57832],[-7.79232,42.58149],[-7.7914,42.58263],[-7.7915,42.58389],[-7.79004,42.58412],[-7.79114,42.58452],[-7.79046,42.58657],[-7.7899,42.5872],[-7.79036,42.58731],[-7.7898,42.58768],[-7.78886,42.58744]]]},"properties":{"firedate":"2026-09-16","area_ha":17.0,"country":"ES"}},{"type":"Feature","geometry":{"type":"Polygon","coordinates":[[[15.7056,40.88289],[15.70716,40.88191],[15.70764,40.88232],[15.70878,40.88229],[15.70811,40.88155],[15.70854,40.88156],[15.70989,40.88246],[15.71194,40.88308],[15.71228,40.88273],[15.71191,40.8818],[15.71242,40.88145],[15.71012,40.8811],[15.70918,40.88034],[15.709,40.87949],[15.70803,40.87928],[15.70618,40.87976],[15.70518,40.88119],[15.70327,40.88104],[15.7017,40.88169],[15.70187,40.88209],[15.70268,40.882],[15.70243,40.88357],[15.70293,40.88379],[15.70505,40.88363],[15.7056,40.88289]]]},"properties":{"firedate":"2026-09-16","area_ha":21.0,"country":"IT"}},{"type":"Feature","geometry":{"type":"Polygon","coordinates":[[[23.15337,40.75334],[23.15174,40.75201],[23.15108,40.75187],[23.14925,40.75244],[23.14837,40.75375],[23.14973,40.75468],[23.15014,40.75565],[23.15115,40.75576],[23.15319,40.75738],[23.15497,40.75655],[23.15621,40.75449],[23.15498,40.75359],[23.15337,40.75334]]]},"properties":{"firedate":"2026-09-16","area_ha":22.0,"country":"EL"}},{"type":"Feature","geometry":{"type":"Polygon","coordinates":[[[-3.44956,40.86166],[-3.44806,40.86081],[-3.44826,40.86027],[-3.44785,40.85997],[-3.44796,40.85947],[-3.44908,40.85877],[-3.45084,40.85885],[-3.451,40.85815],[-3.45117,40.85872],[-3.45233,40.85915],[-3.45283,40.85887],[-3.45316,40.85806],[-3.45485,40.85814],[-3.45525,40.85775],[-3.45782,40.85739],[-3.45686,40.85874],[-3.458,40.85849],[-3.45883,40.85899],[-3.45639,40.85931],[-3.45536,40.8605],[-3.45449,40.86082],[-3.45511,40.8609],[-3.45498,40.86114],[-3.45307,40.86126],[-3.45224,40.86098],[-3.45089,40.86115],[-3.45052,40.86051],[-3.45079,40.85906],[-3.44969,40.86252],[-3.44956,40.86166]]]},"properties":{"firedate":"2026-09-16","area_ha":22.0,"country":"ES"}},{"type":"Feature","geometry":{"type":"Polygon","coordinates":[[[9.72842,37.32024],[9.7336,37.32224],[9.73493,37.32336],[9.73701,37.32335],[9.73764,37.32295],[9.73768,37.32246],[9.7359,37.32146],[9.73776,37.32106],[9.73784,37.3205],[9.73716,37.32001],[9.73609,37.32064],[9.7348,37.32062],[9.73086,37.31966],[9.73078,37.31891],[9.73282,37.31817],[9.73291,37.31755],[9.73227,37.3173],[9.73081,37.31761],[9.73003,37.31889],[9.72783,37.31932],[9.72842,37.32024]]]},"properties":{"firedate":"2026-09-16","area_ha":22.0,"country":"TN"}},{"type":"Feature","geometry":{"type":"Polygon","coordinates":[[[36.1821,35.16808],[36.18184,35.16579],[36.1804,35.16458],[36.17902,35.16476],[36.17744,35.1664],[36.17683,35.16639],[36.177,35.16291],[36.17643,35.16286],[36.17562,35.16435],[36.17592,35.1659],[36.17573,35.1671],[36.17652,35.16758],[36.17621,35.16855],[36.17651,35.16919],[36.17785,35.16926],[36.18101,35.16781],[36.1821,35.16808]]]},"properties":{"firedate":"2026-09-16","area_ha":23.0,"country":"SY"}},{"type":"Feature","geometry":{"type":"Polygon","coordinates":[[[-8.95424,42.68834],[-8.95356,42.6885],[-8.95352,42.68802],[-8.95169,42.68677],[-8.95267,42.68547],[-8.95182,42.68456],[-8.95318,42.68332],[-8.95423,42.68336],[-8.95537,42.68285],[-8.95743,42.6832],[-8.95687,42.68419],[-8.95748,42.68587],[-8.95734,42.68737],[-8.95565,42.68871],[-8.95529,42.68792],[-8.95497,42.68861],[-8.95418,42.68868],[-8.95424,42.68834]]]},"properties":{"firedate":"2026-09-16","area_ha":23.0,"country":"ES"}},{"type":"Feature","geometry":{"type":"Polygon","coordinates":[[[41.0697,38.39599],[41.06699,38.39396],[41.06485,38.39333],[41.06283,38.39475],[41.06229,38.39627],[41.06312,38.39795],[41.06559,38.39907],[41.06669,38.39851],[41.06639,38.39723],[41.06664,38.39673],[41.06923,38.39636],[41.0697,38.39599]]]},"properties":{"firedate":"2026-09-16","area_ha":24.0,"country":"TR"}},{"type":"Feature","geometry":{"type":"Polygon","coordinates":[[[-3.37773,37.88609],[-3.37624,37.8847],[-3.37567,37.88561],[-3.37515,37.88535],[-3.37493,37.88439],[-3.3755,37.88378],[-3.37456,37.88362],[-3.37397,37.88303],[-3.37372,37.88319],[-3.37404,37.88194],[-3.375,37.88096],[-3.3742,37.88072],[-3.37504,37.88038],[-3.3759,37.88063],[-3.3759,37.88138],[-3.37479,37.88229],[-3.37502,37.88278],[-3.38156,37.88095],[-3.38163,37.88144],[-3.38071,37.88155],[-3.38065,37.88203],[-3.37971,37.88201],[-3.37994,37.88273],[-3.3808,37.88281],[-3.38077,37.88376],[-3.3825,37.88396],[-3.38315,37.88537],[-3.38167,37.88608],[-3.38191,37.88542],[-3.38107,37.88512],[-3.38096,37.88536],[-3.38057,37.88494],[-3.37773,37.88609]]]},"properties":{"firedate":"2026-09-16","area_ha":26.0,"country":"ES"}},{"type":"Feature","geometry":{"type":"Polygon","coordinates":[[[32.27825,46.43834],[32.27784,46.43767],[32.28135,46.43638],[32.28141,46.43526],[32.27548,46.43357],[32.27356,46.43385],[32.27278,46.43505],[32.27279,46.43574],[32.27388,46.43744],[32.27248,46.43801],[32.27242,46.43869],[32.27549,46.43921],[32.27825,46.43834]]]},"properties":{"firedate":"2026-09-16","area_ha":29.0,"country":"UA"}},{"type":"Feature","geometry":{"type":"Polygon","coordinates":[[[19.24051,42.5306],[19.24405,42.53002],[19.245,42.52947],[19.24552,42.52806],[19.24676,42.5275],[19.24525,42.52657],[19.24379,42.5274],[19.24311,42.52685],[19.24201,42.52694],[19.24168,42.52643],[19.24264,42.52547],[19.24227,42.52452],[19.24084,42.52518],[19.23955,42.52699],[19.2387,42.52699],[19.23683,42.52612],[19.23565,42.52683],[19.23569,42.52726],[19.23715,42.52877],[19.24051,42.5306]]]},"properties":{"firedate":"2026-09-16","area_ha":30.0,"country":"ME"}},{"type":"Feature","geometry":{"type":"Polygon","coordinates":[[[40.58381,38.58616],[40.58198,38.58615],[40.57697,38.58721],[40.5765,38.58973],[40.57511,38.5907],[40.57519,38.59123],[40.57587,38.59178],[40.57729,38.59155],[40.57816,38.59177],[40.57857,38.5906],[40.57942,38.59035],[40.57976,38.59162],[40.58155,38.59124],[40.58161,38.59075],[40.58059,38.5903],[40.58042,38.58982],[40.58241,38.58937],[40.58471,38.58772],[40.58477,38.58699],[40.58381,38.58616]]]},"properties":{"firedate":"2026-09-16","area_ha":31.0,"country":"TR"}},{"type":"Feature","geometry":{"type":"Polygon","coordinates":[[[-4.53795,34.76057],[-4.54138,34.7607],[-4.54195,34.76152],[-4.54143,34.76195],[-4.53914,34.76126],[-4.5382,34.76242],[-4.5372,34.76236],[-4.53743,34.76344],[-4.53654,34.76448],[-4.53642,34.7654],[-4.5373,34.7658],[-4.53747,34.76629],[-4.53643,34.76679],[-4.53733,34.76719],[-4.53714,34.76834],[-4.53829,34.76872],[-4.53787,34.76923],[-4.53689,34.76887],[-4.53584,34.7693],[-4.53437,34.76679],[-4.53411,34.76462],[-4.53429,34.76338],[-4.53491,34.7624],[-4.53423,34.76058],[-4.53522,34.75971],[-4.53637,34.75969],[-4.5363,34.75844],[-4.53657,34.75823],[-4.53795,34.76057]]]},"properties":{"firedate":"2026-09-16","area_ha":31.0,"country":"MA"}},{"type":"Feature","geometry":{"type":"Polygon","coordinates":[[[34.61248,47.4162],[34.61195,47.41405],[34.61091,47.41441],[34.61007,47.41425],[34.60778,47.41175],[34.60681,47.41174],[34.60612,47.41104],[34.60474,47.41118],[34.59946,47.41355],[34.59956,47.41528],[34.60213,47.41451],[34.60263,47.41506],[34.6032,47.41494],[34.60563,47.4156],[34.6061,47.41611],[34.60625,47.41726],[34.60797,47.41667],[34.61031,47.41718],[34.61248,47.4162]]]},"properties":{"firedate":"2026-09-16","area_ha":37.0,"country":"UA"}},{"type":"Feature","geometry":{"type":"Polygon","coordinates":[[[22.53554,44.04513],[22.5375,44.04451],[22.53769,44.04409],[22.53782,44.04351],[22.53741,44.04247],[22.53473,44.04282],[22.53408,44.04384],[22.53424,44.04493],[22.53395,44.04548],[22.53322,44.04528],[22.53216,44.04373],[22.53138,44.04377],[22.53113,44.04454],[22.53206,44.04504],[22.53233,44.04568],[22.53035,44.04661],[22.52704,44.0466],[22.52614,44.04727],[22.52478,44.0464],[22.52507,44.04559],[22.52671,44.04606],[22.52862,44.04606],[22.52883,44.04572],[22.52494,44.04403],[22.52336,44.04532],[22.5227,44.04635],[22.52009,44.04638],[22.5197,44.04714],[22.52017,44.04792],[22.52121,44.04841],[22.5236,44.0482],[22.52817,44.04981],[22.52876,44.0495],[22.52868,44.04835],[22.53004,44.04808],[22.53039,44.05],[22.53101,44.05028],[22.53195,44.05006],[22.53061,44.04826],[22.53543,44.04564],[22.53519,44.04537],[22.53554,44.04513]]]},"properties":{"firedate":"2026-09-16","area_ha":43.0,"country":"RS"}},{"type":"Feature","geometry":{"type":"Polygon","coordinates":[[[34.13821,51.95513],[34.13885,51.95438],[34.14111,51.9539],[34.14244,51.95281],[34.14219,51.95209],[34.14578,51.94437],[34.14583,51.94134],[34.14521,51.93998],[34.14463,51.93995],[34.14424,51.94051],[34.14386,51.94167],[34.14463,51.94196],[34.14438,51.94262],[34.14361,51.94299],[34.14253,51.94627],[34.14103,51.94794],[34.14162,51.94857],[34.1388,51.95096],[34.13798,51.9507],[34.13608,51.95183],[34.13549,51.95255],[34.13381,51.95255],[34.13169,51.95376],[34.13344,51.95452],[34.13328,51.95499],[34.13597,51.95584],[34.13821,51.95513]]]},"properties":{"firedate":"2026-09-16","area_ha":44.0,"country":"UA"}},{"type":"Feature","geometry":{"type":"Polygon","coordinates":[[[35.72737,47.88241],[35.72822,47.87646],[35.72693,47.87425],[35.72641,47.87399],[35.72184,47.8761],[35.72165,47.8772],[35.72105,47.87726],[35.72069,47.87658],[35.71967,47.87637],[35.72072,47.87806],[35.7215,47.87826],[35.71852,47.87939],[35.72027,47.88205],[35.72737,47.88241]]]},"properties":{"firedate":"2026-09-16","area_ha":47.0,"country":"UA"}},{"type":"Feature","geometry":{"type":"Polygon","coordinates":[[[-6.96332,41.05729],[-6.96436,41.05626],[-6.96405,41.05608],[-6.96417,41.05575],[-6.96485,41.05589],[-6.965,41.05573],[-6.96472,41.05517],[-6.96518,41.05511],[-6.96523,41.05478],[-6.96298,41.05322],[-6.96111,41.05357],[-6.96105,41.0527],[-6.96062,41.05268],[-6.96112,41.05142],[-6.96246,41.05145],[-6.96203,41.05058],[-6.96583,41.04953],[-6.96587,41.04872],[-6.96556,41.04915],[-6.96443,41.04927],[-6.96348,41.04863],[-6.96358,41.04815],[-6.96495,41.04755],[-6.96552,41.04867],[-6.96643,41.04869],[-6.96703,41.04857],[-6.96732,41.04807],[-6.97052,41.04739],[-6.97137,41.04835],[-6.97124,41.04872],[-6.97182,41.04842],[-6.97302,41.04866],[-6.973,41.04929],[-6.97437,41.04969],[-6.97528,41.04923],[-6.97545,41.04992],[-6.9749,41.05091],[-6.97342,41.05147],[-6.97321,41.05199],[-6.97348,41.05269],[-6.97278,41.05317],[-6.97232,41.0532],[-6.97199,41.05218],[-6.97222,41.0515],[-6.97291,41.05107],[-6.97156,41.05032],[-6.96919,41.04977],[-6.96574,41.0509],[-6.96657,41.05101],[-6.96558,41.05179],[-6.96685,41.0521],[-6.96735,41.05339],[-6.96677,41.05369],[-6.96661,41.05479],[-6.96585,41.05437],[-6.96598,41.05526],[-6.96559,41.0554],[-6.96683,41.05611],[-6.96693,41.05699],[-6.96803,41.05685],[-6.96694,41.05778],[-6.96588,41.05814],[-6.96332,41.05729]]]},"properties":{"firedate":"2026-09-16","area_ha":48.0,"country":"PT"}},{"type":"Feature","geometry":{"type":"Polygon","coordinates":[[[23.22482,43.18125],[23.22699,43.18251],[23.22807,43.18242],[23.22604,43.18035],[23.22366,43.17887],[23.22309,43.17591],[23.22248,43.17566],[23.22054,43.17596],[23.21897,43.17513],[23.21801,43.17436],[23.21796,43.17371],[23.21695,43.17274],[23.21569,43.17209],[23.21373,43.17024],[23.21313,43.17041],[23.21325,43.17184],[23.21261,43.17238],[23.21356,43.17265],[23.2137,43.17333],[23.21289,43.17413],[23.21284,43.17476],[23.21064,43.17457],[23.21029,43.17493],[23.21045,43.17539],[23.21369,43.17609],[23.21495,43.17559],[23.21493,43.17668],[23.21645,43.17727],[23.21696,43.1788],[23.21891,43.18031],[23.2196,43.18014],[23.21971,43.1798],[23.21801,43.17792],[23.21827,43.17742],[23.21945,43.17712],[23.22146,43.17958],[23.22206,43.1799],[23.22281,43.17973],[23.22347,43.18055],[23.22473,43.1808],[23.22482,43.18125]]]},"properties":{"firedate":"2026-09-16","area_ha":48.0,"country":"BG"}},{"type":"Feature","geometry":{"type":"Polygon","coordinates":[[[9.49508,36.93626],[9.49659,36.93493],[9.49823,36.93503],[9.49847,36.93437],[9.49694,36.93312],[9.49543,36.93276],[9.4922,36.93097],[9.4883,36.92709],[9.48477,36.9248],[9.48225,36.92232],[9.48026,36.92159],[9.47921,36.92176],[9.47898,36.92206],[9.4793,36.92288],[9.48194,36.92456],[9.48548,36.9275],[9.48987,36.93165],[9.49015,36.93248],[9.48981,36.93472],[9.49022,36.93557],[9.49283,36.93644],[9.49508,36.93626]]]},"properties":{"firedate":"2026-09-16","area_ha":60.0,"country":"TN"}},{"type":"Feature","geometry":{"type":"Polygon","coordinates":[[[13.7581,37.43303],[13.75879,37.43592],[13.75807,37.43639],[13.75793,37.43888],[13.75859,37.44308],[13.75982,37.44316],[13.76058,37.44222],[13.76154,37.44209],[13.76514,37.44349],[13.76607,37.44441],[13.76672,37.44449],[13.76782,37.44367],[13.7679,37.44292],[13.76674,37.44175],[13.76546,37.44217],[13.76452,37.44198],[13.76427,37.44169],[13.7646,37.44097],[13.76669,37.43975],[13.76878,37.44007],[13.77027,37.4409],[13.77095,37.44048],[13.77039,37.43803],[13.7707,37.43768],[13.77118,37.43809],[13.77139,37.4379],[13.7719,37.43668],[13.77109,37.43621],[13.77105,37.43558],[13.77132,37.4352],[13.77209,37.43523],[13.77199,37.43491],[13.77052,37.43433],[13.76948,37.4347],[13.7683,37.43418],[13.76628,37.43451],[13.76286,37.4338],[13.76244,37.43429],[13.76274,37.43453],[13.76526,37.43516],[13.7681,37.4352],[13.76838,37.43568],[13.76979,37.43616],[13.77012,37.43661],[13.76988,37.437],[13.76934,37.43701],[13.76674,37.43592],[13.76574,37.43652],[13.76581,37.43691],[13.76867,37.43868],[13.76878,37.439],[13.76823,37.43934],[13.76755,37.43936],[13.76504,37.43831],[13.76311,37.43878],[13.76115,37.43775],[13.76041,37.43803],[13.76007,37.43777],[13.7595,37.43589],[13.75956,37.43388],[13.75923,37.43275],[13.75797,37.43182],[13.75729,37.4319],[13.75714,37.43228],[13.7581,37.43303]]]},"properties":{"firedate":"2026-09-16","area_ha":70.0,"country":"IT"}},{"type":"Feature","geometry":{"type":"Polygon","coordinates":[[[17.76702,43.23031],[17.76722,43.22892],[17.76661,43.22695],[17.76737,43.22538],[17.76727,43.22309],[17.76946,43.22297],[17.77018,43.22167],[17.7717,43.2204],[17.77169,43.21985],[17.77048,43.21801],[17.76907,43.21879],[17.7676,43.22053],[17.7653,43.221],[17.764,43.2225],[17.76146,43.22299],[17.75977,43.22456],[17.7604,43.2272],[17.75947,43.22932],[17.76073,43.22991],[17.76176,43.23144],[17.76524,43.23223],[17.7662,43.23169],[17.76702,43.23031]]]},"properties":{"firedate":"2026-09-16","area_ha":72.0,"country":"BA"}},{"type":"Feature","geometry":{"type":"Polygon","coordinates":[[[-7.13034,37.49124],[-7.13021,37.49002],[-7.13183,37.49017],[-7.13162,37.48948],[-7.13078,37.48913],[-7.13104,37.48881],[-7.13195,37.48903],[-7.13177,37.48773],[-7.13068,37.48615],[-7.12993,37.48594],[-7.13019,37.48562],[-7.1295,37.48444],[-7.12916,37.4844],[-7.12924,37.4849],[-7.12813,37.48508],[-7.12489,37.48447],[-7.12429,37.4836],[-7.1244,37.4831],[-7.12381,37.48301],[-7.12409,37.48138],[-7.12353,37.48106],[-7.12318,37.47992],[-7.12248,37.47979],[-7.12112,37.47698],[-7.12039,37.47623],[-7.12075,37.47535],[-7.11932,37.47412],[-7.11946,37.47388],[-7.11867,37.4735],[-7.11956,37.47216],[-7.12087,37.47253],[-7.12158,37.4716],[-7.1221,37.47144],[-7.12384,37.47299],[-7.12569,37.47235],[-7.12632,37.47291],[-7.1264,37.47441],[-7.12821,37.47518],[-7.1286,37.47607],[-7.12974,37.47638],[-7.13188,37.47584],[-7.13233,37.47601],[-7.12979,37.47697],[-7.13051,37.47812],[-7.1302,37.47857],[-7.1305,37.47901],[-7.13099,37.47874],[-7.13185,37.47964],[-7.13248,37.47942],[-7.13202,37.48031],[-7.13117,37.48024],[-7.13198,37.48052],[-7.13226,37.48116],[-7.13131,37.48207],[-7.13202,37.48244],[-7.13188,37.48282],[-7.13099,37.48306],[-7.13067,37.4825],[-7.12997,37.48294],[-7.13079,37.48399],[-7.13074,37.4851],[-7.13202,37.48667],[-7.13275,37.48999],[-7.1333,37.49075],[-7.13259,37.49355],[-7.13222,37.49237],[-7.13164,37.49211],[-7.13103,37.49227],[-7.13102,37.49303],[-7.13052,37.49338],[-7.12967,37.49336],[-7.1299,37.49152],[-7.13034,37.49124]]]},"properties":{"firedate":"2026-09-16","area_ha":109.0,"country":"ES"}},{"type":"Feature","geometry":{"type":"Polygon","coordinates":[[[17.58359,43.64303],[17.58554,43.64452],[17.58546,43.64518],[17.58473,43.64549],[17.58481,43.64594],[17.58638,43.6458],[17.58479,43.64691],[17.58296,43.64738],[17.58271,43.64763],[17.58297,43.64803],[17.58771,43.64681],[17.59005,43.64684],[17.59083,43.64719],[17.59036,43.64617],[17.58898,43.6464],[17.58864,43.64594],[17.58948,43.6455],[17.59105,43.64551],[17.59208,43.64475],[17.5935,43.64507],[17.59224,43.64587],[17.59173,43.64709],[17.59314,43.64715],[17.59324,43.646],[17.59616,43.64486],[17.5954,43.64376],[17.59743,43.6441],[17.5986,43.64369],[17.59992,43.64411],[17.60027,43.64361],[17.59943,43.64291],[17.59635,43.64255],[17.5956,43.64177],[17.59575,43.64128],[17.59533,43.64076],[17.59702,43.64052],[17.5978,43.63937],[17.59634,43.63926],[17.59326,43.63977],[17.59013,43.63879],[17.58888,43.63767],[17.59318,43.63693],[17.59387,43.63638],[17.5952,43.63635],[17.5963,43.6368],[17.5986,43.63628],[17.59859,43.63679],[17.59983,43.63707],[17.60196,43.63657],[17.6022,43.63615],[17.60043,43.63484],[17.59893,43.63478],[17.59801,43.63417],[17.59581,43.63413],[17.59278,43.63253],[17.59,43.6326],[17.58943,43.63309],[17.58933,43.63372],[17.5906,43.63453],[17.59067,43.63491],[17.58857,43.63529],[17.5884,43.63463],[17.58761,43.63453],[17.58451,43.63573],[17.58422,43.63614],[17.58443,43.63644],[17.58644,43.63759],[17.58461,43.6387],[17.58361,43.63896],[17.58262,43.63877],[17.58153,43.64082],[17.57864,43.64098],[17.5783,43.64055],[17.57863,43.63961],[17.57829,43.63958],[17.57685,43.64054],[17.57761,43.64164],[17.57948,43.64203],[17.57982,43.64273],[17.57957,43.64345],[17.57979,43.64416],[17.58218,43.6439],[17.58359,43.64303]]]},"properties":{"firedate":"2026-09-16","area_ha":146.0,"country":"BA"}},{"type":"Feature","geometry":{"type":"Polygon","coordinates":[[[-8.33689,41.74245],[-8.33598,41.7433],[-8.33499,41.74285],[-8.33398,41.74312],[-8.33438,41.74242],[-8.3333,41.74243],[-8.33328,41.74199],[-8.33146,41.74016],[-8.33164,41.73942],[-8.33242,41.73946],[-8.33174,41.73902],[-8.33195,41.73837],[-8.33417,41.73732],[-8.33498,41.73636],[-8.33709,41.73566],[-8.33705,41.73517],[-8.33798,41.73509],[-8.3381,41.73537],[-8.33877,41.73506],[-8.338,41.73433],[-8.33833,41.73381],[-8.3377,41.73337],[-8.33816,41.73309],[-8.33654,41.73255],[-8.33629,41.73278],[-8.33654,41.7336],[-8.33561,41.73373],[-8.3348,41.73248],[-8.33423,41.73244],[-8.33405,41.73149],[-8.33454,41.73125],[-8.33574,41.73159],[-8.33566,41.73063],[-8.33681,41.73133],[-8.33754,41.73146],[-8.338,41.73117],[-8.33838,41.73154],[-8.33854,41.73043],[-8.33916,41.73111],[-8.33998,41.73135],[-8.34001,41.73106],[-8.34146,41.73045],[-8.34207,41.73068],[-8.34194,41.72958],[-8.34241,41.72912],[-8.34415,41.72875],[-8.34587,41.7291],[-8.34604,41.72855],[-8.3457,41.72806],[-8.34514,41.72883],[-8.3438,41.72846],[-8.34286,41.72883],[-8.34159,41.72851],[-8.34075,41.72759],[-8.34126,41.72662],[-8.34218,41.72658],[-8.34271,41.7271],[-8.34385,41.72683],[-8.34412,41.72626],[-8.34465,41.72621],[-8.34595,41.72728],[-8.34694,41.72731],[-8.34736,41.72813],[-8.34656,41.7286],[-8.34658,41.72924],[-8.3461,41.72933],[-8.34721,41.72997],[-8.34814,41.72985],[-8.34894,41.7289],[-8.34977,41.72894],[-8.34966,41.72864],[-8.35039,41.72799],[-8.34962,41.72792],[-8.34968,41.72724],[-8.35102,41.72742],[-8.35029,41.72713],[-8.35048,41.72661],[-8.35204,41.72697],[-8.35124,41.72723],[-8.35112,41.72763],[-8.35031,41.72771],[-8.3505,41.72817],[-8.35232,41.72784],[-8.35255,41.72729],[-8.3528,41.72736],[-8.35232,41.72985],[-8.35168,41.72974],[-8.35164,41.7305],[-8.35091,41.73084],[-8.35082,41.73136],[-8.351,41.73169],[-8.35244,41.73144],[-8.3533,41.73079],[-8.35404,41.73188],[-8.3536,41.73192],[-8.3535,41.73269],[-8.3528,41.73356],[-8.35107,41.73374],[-8.3498,41.73205],[-8.34984,41.73151],[-8.34942,41.73169],[-8.34977,41.73328],[-8.34925,41.73368],[-8.35029,41.73446],[-8.35004,41.73486],[-8.35049,41.7351],[-8.34974,41.73536],[-8.35053,41.73632],[-8.35007,41.73721],[-8.34931,41.73757],[-8.34914,41.73822],[-8.34836,41.73835],[-8.34863,41.73794],[-8.34754,41.73765],[-8.34777,41.7381],[-8.34705,41.73869],[-8.34747,41.73884],[-8.34701,41.73939],[-8.3452,41.73982],[-8.34431,41.73957],[-8.34388,41.73884],[-8.34357,41.73886],[-8.34385,41.73856],[-8.34345,41.73777],[-8.33979,41.73739],[-8.33947,41.73804],[-8.34007,41.73782],[-8.34002,41.73833],[-8.33804,41.73825],[-8.33793,41.73863],[-8.33983,41.73858],[-8.33956,41.73882],[-8.34072,41.73887],[-8.34063,41.73926],[-8.34103,41.73905],[-8.34094,41.7385],[-8.34191,41.73808],[-8.34192,41.73852],[-8.3426,41.73879],[-8.34136,41.73986],[-8.34124,41.74052],[-8.33879,41.74131],[-8.33807,41.74208],[-8.33689,41.74245]]]},"properties":{"firedate":"2026-09-16","area_ha":166.0,"country":"PT"}},{"type":"Feature","geometry":{"type":"Polygon","coordinates":[[[-0.93444,44.19382],[-0.93472,44.19402],[-0.93268,44.19404],[-0.93232,44.1939],[-0.9322,44.19314],[-0.93012,44.19292],[-0.92893,44.19102],[-0.92726,44.19169],[-0.92319,44.19185],[-0.92256,44.19154],[-0.92248,44.19007],[-0.92217,44.1901],[-0.9222,44.19075],[-0.92166,44.19116],[-0.92126,44.19117],[-0.92103,44.19002],[-0.92001,44.19045],[-0.91901,44.18421],[-0.91937,44.18239],[-0.91894,44.18106],[-0.9193,44.18055],[-0.91856,44.17399],[-0.91923,44.17378],[-0.92144,44.17513],[-0.92222,44.17493],[-0.92133,44.17393],[-0.9223,44.17404],[-0.92398,44.17548],[-0.92502,44.17729],[-0.92643,44.17839],[-0.92631,44.18025],[-0.93109,44.1803],[-0.93295,44.18234],[-0.93337,44.18344],[-0.93435,44.18371],[-0.93448,44.18467],[-0.93546,44.18528],[-0.93555,44.18673],[-0.93492,44.18763],[-0.9351,44.1879],[-0.93577,44.18777],[-0.93568,44.18837],[-0.93677,44.18834],[-0.93683,44.18882],[-0.9359,44.18995],[-0.93571,44.19256],[-0.93522,44.19341],[-0.93444,44.19382]],[[-0.92224,44.18077],[-0.92331,44.18122],[-0.92322,44.18008],[-0.92239,44.17943],[-0.92246,44.18001],[-0.92207,44.18011],[-0.92224,44.18077]]]},"properties":{"firedate":"2026-09-16","area_ha":192.0,"country":"FR"}},{"type":"Feature","geometry":{"type":"Polygon","coordinates":[[[-2.7243,55.75424],[-2.72217,55.75426],[-2.72302,55.754],[-2.7243,55.75424]]]},"properties":{"firedate":"2026-09-17","area_ha":0.0,"country":"UK"}},{"type":"Feature","geometry":{"type":"Polygon","coordinates":[[[-8.90907,39.13985],[-8.90847,39.13976],[-8.90787,39.13919],[-8.90903,39.1391],[-8.90907,39.13985]]]},"properties":{"firedate":"2026-09-17","area_ha":1.0,"country":"PT"}},{"type":"Feature","geometry":{"type":"Polygon","coordinates":[[[-8.20907,41.58374],[-8.20886,41.58341],[-8.20927,41.5829],[-8.21014,41.5831],[-8.20907,41.58374]]]},"properties":{"firedate":"2026-09-17","area_ha":1.0,"country":"PT"}},{"type":"Feature","geometry":{"type":"Polygon","coordinates":[[[21.52109,42.54025],[21.51986,42.5392],[21.5195,42.53923],[21.52021,42.54077],[21.521,42.54079],[21.52109,42.54025]]]},"properties":{"firedate":"2026-09-17","area_ha":1.0,"country":"KS"}},{"type":"Feature","geometry":{"type":"Polygon","coordinates":[[[-2.7248,55.75524],[-2.72418,55.75493],[-2.72546,55.75479],[-2.72449,55.75433],[-2.72504,55.75394],[-2.72609,55.75434],[-2.72613,55.75465],[-2.72674,55.75457],[-2.72642,55.75515],[-2.7248,55.75524]]]},"properties":{"firedate":"2026-09-17","area_ha":1.0,"country":"UK"}},{"type":"Feature","geometry":{"type":"Polygon","coordinates":[[[13.10894,38.0104],[13.10803,38.00994],[13.10755,38.0103],[13.10821,38.01103],[13.10894,38.0104]]]},"properties":{"firedate":"2026-09-17","area_ha":1.0,"country":"IT"}},{"type":"Feature","geometry":{"type":"Polygon","coordinates":[[[-4.12479,40.92956],[-4.12454,40.92874],[-4.12486,40.92819],[-4.12609,40.92829],[-4.12647,40.92908],[-4.12698,40.92928],[-4.12479,40.92956]]]},"properties":{"firedate":"2026-09-17","area_ha":2.0,"country":"ES"}},{"type":"Feature","geometry":{"type":"Polygon","coordinates":[[[15.14629,37.11925],[15.14592,37.11885],[15.1445,37.11892],[15.14351,37.12043],[15.14437,37.12058],[15.14445,37.11973],[15.14629,37.11925]]]},"properties":{"firedate":"2026-09-17","area_ha":2.0,"country":"IT"}},{"type":"Feature","geometry":{"type":"Polygon","coordinates":[[[16.44062,38.34881],[16.43984,38.34825],[16.43742,38.34867],[16.43927,38.34943],[16.44062,38.34881]]]},"properties":{"firedate":"2026-09-17","area_ha":2.0,"country":"IT"}},{"type":"Feature","geometry":{"type":"Polygon","coordinates":[[[-2.72674,55.75351],[-2.7256,55.75308],[-2.72842,55.75226],[-2.7285,55.75197],[-2.72955,55.75245],[-2.72952,55.75281],[-2.72815,55.75317],[-2.72774,55.75366],[-2.72701,55.75387],[-2.72777,55.75323],[-2.72769,55.75288],[-2.72674,55.75351]]]},"properties":{"firedate":"2026-09-17","area_ha":2.0,"country":"UK"}},{"type":"Feature","geometry":{"type":"Polygon","coordinates":[[[-7.55399,41.08651],[-7.5535,41.08628],[-7.55331,41.08569],[-7.55384,41.08522],[-7.55463,41.08533],[-7.55649,41.08482],[-7.55591,41.086],[-7.55399,41.08651]]]},"properties":{"firedate":"2026-09-17","area_ha":3.0,"country":"PT"}},{"type":"Feature","geometry":{"type":"Polygon","coordinates":[[[5.8289,34.70021],[5.82859,34.69975],[5.82879,34.69908],[5.82696,34.69896],[5.8255,34.69931],[5.82614,34.69995],[5.82674,34.6996],[5.8272,34.69977],[5.82698,34.69997],[5.8289,34.70021]]]},"properties":{"firedate":"2026-09-17","area_ha":3.0,"country":"DZ"}},{"type":"Feature","geometry":{"type":"Polygon","coordinates":[[[13.30511,37.40015],[13.30678,37.39845],[13.30686,37.3979],[13.30649,37.39762],[13.30526,37.39846],[13.30553,37.39923],[13.3042,37.3991],[13.30395,37.39946],[13.30511,37.40015]]]},"properties":{"firedate":"2026-09-17","area_ha":3.0,"country":"IT"}},{"type":"Feature","geometry":{"type":"Polygon","coordinates":[[[19.33118,43.40042],[19.33131,43.39978],[19.3299,43.39846],[19.32766,43.39832],[19.32683,43.39877],[19.32865,43.39887],[19.33118,43.40042]]]},"properties":{"firedate":"2026-09-17","area_ha":3.0,"country":"ME"}},{"type":"Feature","geometry":{"type":"Polygon","coordinates":[[[13.09265,37.95907],[13.09408,37.95735],[13.09372,37.95714],[13.09103,37.95772],[13.09146,37.95891],[13.09191,37.95922],[13.09265,37.95907]]]},"properties":{"firedate":"2026-09-17","area_ha":4.0,"country":"IT"}},{"type":"Feature","geometry":{"type":"Polygon","coordinates":[[[38.88036,38.1241],[38.87925,38.1235],[38.87834,38.12361],[38.87793,38.12404],[38.87659,38.12331],[38.87595,38.12354],[38.87652,38.12426],[38.87812,38.1251],[38.87933,38.12501],[38.88036,38.1241]]]},"properties":{"firedate":"2026-09-17","area_ha":4.0,"country":"TR"}},{"type":"Feature","geometry":{"type":"Polygon","coordinates":[[[13.30937,37.40103],[13.3089,37.40041],[13.30758,37.39974],[13.3065,37.4007],[13.30702,37.40134],[13.30791,37.40162],[13.30937,37.40103]]]},"properties":{"firedate":"2026-09-17","area_ha":4.0,"country":"IT"}},{"type":"Feature","geometry":{"type":"Polygon","coordinates":[[[-5.45208,36.09329],[-5.4516,36.09178],[-5.45211,36.09125],[-5.45289,36.09097],[-5.45346,36.09121],[-5.45347,36.09233],[-5.45385,36.09267],[-5.4535,36.09305],[-5.45208,36.09329]]]},"properties":{"firedate":"2026-09-17","area_ha":4.0,"country":"ES"}},{"type":"Feature","geometry":{"type":"Polygon","coordinates":[[[16.44346,38.35215],[16.44262,38.35043],[16.44194,38.34989],[16.44112,38.34989],[16.44031,38.35053],[16.44176,38.35255],[16.44278,38.35208],[16.44346,38.35215]]]},"properties":{"firedate":"2026-09-17","area_ha":5.0,"country":"IT"}},{"type":"Feature","geometry":{"type":"Polygon","coordinates":[[[37.18638,49.9991],[37.18457,49.99922],[37.18435,50.0],[37.18373,50.00008],[37.18348,50.00055],[37.18371,50.00097],[37.18496,50.00109],[37.18324,50.00145],[37.18555,50.00212],[37.18536,50.00162],[37.18703,50.00071],[37.18638,49.9991]]]},"properties":{"firedate":"2026-09-17","area_ha":5.0,"country":"UA"}},{"type":"Feature","geometry":{"type":"Polygon","coordinates":[[[33.97058,52.15663],[33.97045,52.15617],[33.96838,52.15482],[33.96746,52.15485],[33.96737,52.15597],[33.96805,52.1567],[33.96625,52.15735],[33.96625,52.15802],[33.96894,52.15758],[33.97058,52.15663]]]},"properties":{"firedate":"2026-09-17","area_ha":5.0,"country":"UA"}},{"type":"Feature","geometry":{"type":"Polygon","coordinates":[[[36.19938,35.18069],[36.19933,35.18038],[36.19613,35.18026],[36.19419,35.17912],[36.19351,35.17945],[36.19355,35.17998],[36.19449,35.18115],[36.19714,35.18082],[36.19834,35.18104],[36.19938,35.18069]]]},"properties":{"firedate":"2026-09-17","area_ha":6.0,"country":"SY"}},{"type":"Feature","geometry":{"type":"Polygon","coordinates":[[[-6.2108,38.99231],[-6.20924,38.99175],[-6.20932,38.99101],[-6.20998,38.99076],[-6.20966,38.99061],[-6.2116,38.99007],[-6.21194,38.99044],[-6.21255,38.99018],[-6.21261,38.99057],[-6.2141,38.98964],[-6.21464,38.98984],[-6.2143,38.99035],[-6.21498,38.99018],[-6.21563,38.99085],[-6.21228,38.99118],[-6.21302,38.9921],[-6.2108,38.99231]]]},"properties":{"firedate":"2026-09-17","area_ha":8.0,"country":"ES"}},{"type":"Feature","geometry":{"type":"Polygon","coordinates":[[[-8.20557,41.58687],[-8.20504,41.58653],[-8.20568,41.58653],[-8.20589,41.58555],[-8.20629,41.58525],[-8.20712,41.58536],[-8.20766,41.5845],[-8.20845,41.58443],[-8.209,41.58511],[-8.209,41.58643],[-8.20852,41.58688],[-8.20877,41.5878],[-8.2071,41.58845],[-8.20732,41.58758],[-8.20691,41.58681],[-8.20635,41.58672],[-8.20558,41.58728],[-8.20557,41.58687]]]},"properties":{"firedate":"2026-09-17","area_ha":8.0,"country":"PT"}},{"type":"Feature","geometry":{"type":"Polygon","coordinates":[[[19.86374,41.50454],[19.86206,41.50338],[19.86182,41.50287],[19.86208,41.50238],[19.86343,41.50181],[19.86339,41.50139],[19.85884,41.50196],[19.85929,41.50328],[19.8598,41.50362],[19.86205,41.50453],[19.86374,41.50454]]]},"properties":{"firedate":"2026-09-17","area_ha":8.0,"country":"AL"}},{"type":"Feature","geometry":{"type":"Polygon","coordinates":[[[33.06682,45.48978],[33.06631,45.49339],[33.06763,45.49359],[33.06806,45.49316],[33.06789,45.49271],[33.06895,45.49211],[33.06959,45.49094],[33.06956,45.48957],[33.06902,45.48934],[33.06775,45.48984],[33.06682,45.48978]]]},"properties":{"firedate":"2026-09-17","area_ha":8.0,"country":"UA"}},{"type":"Feature","geometry":{"type":"Polygon","coordinates":[[[15.7405,38.02327],[15.74317,38.02196],[15.74349,38.0202],[15.74272,38.01971],[15.74062,38.01948],[15.74029,38.01995],[15.74094,38.0215],[15.73969,38.02315],[15.7405,38.02327]]]},"properties":{"firedate":"2026-09-17","area_ha":8.0,"country":"IT"}},{"type":"Feature","geometry":{"type":"Polygon","coordinates":[[[32.99421,49.8845],[32.99435,49.88307],[32.98986,49.88154],[32.9883,49.88183],[32.987,49.88313],[32.98703,49.88366],[32.98754,49.88401],[32.98824,49.88373],[32.98805,49.88299],[32.99029,49.88256],[32.99084,49.88407],[32.99421,49.8845]]]},"properties":{"firedate":"2026-09-17","area_ha":9.0,"country":"UA"}},{"type":"Feature","geometry":{"type":"Polygon","coordinates":[[[13.88859,37.60289],[13.88756,37.60217],[13.88381,37.60164],[13.88262,37.60064],[13.88212,37.6008],[13.88295,37.60259],[13.88509,37.60367],[13.88798,37.60406],[13.88859,37.60289]]]},"properties":{"firedate":"2026-09-17","area_ha":10.0,"country":"IT"}},{"type":"Feature","geometry":{"type":"Polygon","coordinates":[[[13.09876,37.95468],[13.10198,37.95363],[13.10298,37.95214],[13.10555,37.95152],[13.10468,37.95104],[13.10254,37.95135],[13.10004,37.95299],[13.09829,37.95339],[13.09517,37.95587],[13.09599,37.95613],[13.09876,37.95468]]]},"properties":{"firedate":"2026-09-17","area_ha":12.0,"country":"IT"}},{"type":"Feature","geometry":{"type":"Polygon","coordinates":[[[-7.11501,40.80427],[-7.1135,40.80417],[-7.11339,40.80458],[-7.11287,40.80463],[-7.11293,40.80376],[-7.11249,40.80322],[-7.11222,40.80175],[-7.11231,40.80122],[-7.11306,40.80095],[-7.11332,40.80029],[-7.11379,40.80008],[-7.11337,40.80009],[-7.11354,40.79931],[-7.11407,40.7992],[-7.11408,40.80076],[-7.11502,40.80044],[-7.11596,40.80071],[-7.11653,40.80194],[-7.11643,40.80256],[-7.11703,40.80271],[-7.11486,40.80374],[-7.11539,40.80398],[-7.11501,40.80427]]]},"properties":{"firedate":"2026-09-17","area_ha":13.0,"country":"PT"}},{"type":"Feature","geometry":{"type":"Polygon","coordinates":[[[34.39908,45.69563],[34.39971,45.69571],[34.39835,45.696],[34.40067,45.6973],[34.40156,45.69718],[34.40231,45.69663],[34.40316,45.69685],[34.40438,45.69643],[34.40524,45.69653],[34.40442,45.69568],[34.39921,45.69342],[34.39763,45.69429],[34.39908,45.69563]]]},"properties":{"firedate":"2026-09-17","area_ha":13.0,"country":"UA"}},{"type":"Feature","geometry":{"type":"Polygon","coordinates":[[[21.52216,42.5399],[21.52665,42.54173],[21.52775,42.54074],[21.52681,42.54063],[21.52678,42.53971],[21.52574,42.53809],[21.52583,42.53694],[21.5241,42.53683],[21.52242,42.53848],[21.52216,42.5399]]]},"properties":{"firedate":"2026-09-17","area_ha":14.0,"country":"KS"}},{"type":"Feature","geometry":{"type":"Polygon","coordinates":[[[18.92278,44.28894],[18.92241,44.2889],[18.92249,44.28839],[18.92153,44.28855],[18.92145,44.28781],[18.92206,44.28756],[18.92156,44.28658],[18.92221,44.2852],[18.92203,44.28497],[18.92176,44.28555],[18.92124,44.28568],[18.92152,44.28595],[18.92106,44.28638],[18.92132,44.28676],[18.92065,44.28616],[18.92039,44.28632],[18.92039,44.28689],[18.92109,44.28699],[18.92041,44.28778],[18.91916,44.28764],[18.91841,44.288],[18.91543,44.28728],[18.9158,44.28699],[18.91554,44.28673],[18.91605,44.28622],[18.91612,44.28559],[18.91518,44.28605],[18.91452,44.28556],[18.91349,44.28567],[18.9131,44.28524],[18.91273,44.28553],[18.91276,44.28604],[18.91349,44.28678],[18.91511,44.2866],[18.91534,44.28704],[18.91506,44.28765],[18.9156,44.28825],[18.91627,44.28842],[18.91675,44.28804],[18.91766,44.28809],[18.9184,44.28849],[18.91884,44.2889],[18.91832,44.28897],[18.91771,44.28852],[18.91632,44.28862],[18.91633,44.28901],[18.91762,44.28912],[18.91902,44.29004],[18.91925,44.28987],[18.91884,44.28968],[18.91952,44.28944],[18.91985,44.28952],[18.91995,44.29026],[18.921,44.29009],[18.92192,44.28931],[18.92271,44.28928],[18.92278,44.28894]]]},"properties":{"firedate":"2026-09-17","area_ha":14.0,"country":"BA"}},{"type":"Feature","geometry":{"type":"Polygon","coordinates":[[[-8.03329,41.48789],[-8.03219,41.4867],[-8.03044,41.48612],[-8.03033,41.48559],[-8.0307,41.48541],[-8.02944,41.48386],[-8.02998,41.48348],[-8.03066,41.48365],[-8.03036,41.48337],[-8.03076,41.48291],[-8.0283,41.48137],[-8.03041,41.48154],[-8.03099,41.48201],[-8.03091,41.48242],[-8.03139,41.48221],[-8.0317,41.48306],[-8.03145,41.48319],[-8.03254,41.48332],[-8.03279,41.48372],[-8.03316,41.48335],[-8.03371,41.48397],[-8.03375,41.4846],[-8.03489,41.48579],[-8.0341,41.48664],[-8.03386,41.48758],[-8.03329,41.48789]]]},"properties":{"firedate":"2026-09-17","area_ha":16.0,"country":"PT"}},{"type":"Feature","geometry":{"type":"Polygon","coordinates":[[[37.18473,49.99852],[37.18512,49.9973],[37.18574,49.99779],[37.18696,49.99747],[37.18613,49.99684],[37.18625,49.99623],[37.18477,49.99628],[37.18306,49.99522],[37.18224,49.99565],[37.17948,49.99494],[37.17887,49.99529],[37.17949,49.99619],[37.17939,49.99725],[37.18023,49.99793],[37.18043,49.99867],[37.18191,49.9993],[37.18473,49.99852]]]},"properties":{"firedate":"2026-09-17","area_ha":16.0,"country":"UA"}},{"type":"Feature","geometry":{"type":"Polygon","coordinates":[[[36.75983,48.17407],[36.76076,48.17237],[36.76024,48.17187],[36.76082,48.17103],[36.76067,48.16994],[36.75841,48.16864],[36.75639,48.16807],[36.75611,48.16832],[36.75615,48.16977],[36.75545,48.17013],[36.75676,48.17195],[36.7565,48.17281],[36.75983,48.17407]]]},"properties":{"firedate":"2026-09-17","area_ha":17.0,"country":"UA"}},{"type":"Feature","geometry":{"type":"Polygon","coordinates":[[[-5.61191,42.55041],[-5.61143,42.55043],[-5.61003,42.54915],[-5.61002,42.54826],[-5.61134,42.54735],[-5.61102,42.54706],[-5.61239,42.54649],[-5.6132,42.54742],[-5.61361,42.54702],[-5.61506,42.54684],[-5.6153,42.54741],[-5.6166,42.54714],[-5.61713,42.54746],[-5.61705,42.54826],[-5.61661,42.54813],[-5.61623,42.54878],[-5.61685,42.54948],[-5.6163,42.54929],[-5.61599,42.54971],[-5.6133,42.55013],[-5.61191,42.55069],[-5.61191,42.55041]]]},"properties":{"firedate":"2026-09-17","area_ha":18.0,"country":"ES"}},{"type":"Feature","geometry":{"type":"Polygon","coordinates":[[[37.30563,48.01691],[37.30011,48.02034],[37.30021,48.02127],[37.30096,48.02147],[37.30164,48.02228],[37.30275,48.02227],[37.30312,48.02141],[37.30453,48.02102],[37.30475,48.02052],[37.30612,48.02005],[37.30869,48.01983],[37.30862,48.01918],[37.30563,48.01691]]]},"properties":{"firedate":"2026-09-17","area_ha":18.0,"country":"UA"}},{"type":"Feature","geometry":{"type":"Polygon","coordinates":[[[4.4802,36.03733],[4.48026,36.03648],[4.48192,36.03615],[4.48167,36.035],[4.48221,36.03392],[4.48195,36.03352],[4.47933,36.03398],[4.47899,36.03439],[4.47932,36.03516],[4.47905,36.03552],[4.47689,36.03486],[4.47583,36.03518],[4.47445,36.03488],[4.47374,36.03519],[4.47459,36.037],[4.47639,36.0372],[4.47795,36.03675],[4.47971,36.03763],[4.4802,36.03733]]]},"properties":{"firedate":"2026-09-17","area_ha":18.0,"country":"DZ"}},{"type":"Feature","geometry":{"type":"Polygon","coordinates":[[[17.98698,44.15129],[17.98781,44.15083],[17.98765,44.15017],[17.98832,44.14928],[17.98798,44.14731],[17.98864,44.14688],[17.98745,44.14584],[17.98788,44.14545],[17.98844,44.14608],[17.98912,44.1457],[17.98899,44.14525],[17.98815,44.14521],[17.98916,44.14503],[17.98901,44.1448],[17.98782,44.14418],[17.98589,44.14422],[17.9861,44.14462],[17.98583,44.14477],[17.98621,44.14517],[17.98459,44.14478],[17.98461,44.14605],[17.985,44.14618],[17.9843,44.14636],[17.98458,44.14729],[17.98531,44.14781],[17.98474,44.14757],[17.98416,44.14838],[17.98564,44.14921],[17.98538,44.14948],[17.98606,44.15095],[17.98698,44.15129]]]},"properties":{"firedate":"2026-09-17","area_ha":19.0,"country":"BA"}},{"type":"Feature","geometry":{"type":"Polygon","coordinates":[[[4.46877,36.01242],[4.46758,36.01286],[4.46647,36.01265],[4.46404,36.01466],[4.46461,36.01517],[4.46597,36.01498],[4.46634,36.01539],[4.46548,36.01704],[4.46421,36.01744],[4.46441,36.01794],[4.46723,36.01842],[4.46858,36.01795],[4.46886,36.01633],[4.46851,36.01427],[4.46907,36.01287],[4.46877,36.01242]]]},"properties":{"firedate":"2026-09-17","area_ha":20.0,"country":"DZ"}},{"type":"Feature","geometry":{"type":"Polygon","coordinates":[[[19.75544,40.30044],[19.75553,40.30002],[19.75479,40.29961],[19.75496,40.29849],[19.7523,40.29888],[19.75094,40.29872],[19.75025,40.29899],[19.74821,40.30164],[19.74859,40.30233],[19.74937,40.30265],[19.74977,40.30399],[19.75028,40.30416],[19.7509,40.30375],[19.75112,40.30297],[19.75544,40.30044]]]},"properties":{"firedate":"2026-09-17","area_ha":21.0,"country":"AL"}},{"type":"Feature","geometry":{"type":"Polygon","coordinates":[[[31.69157,46.49166],[31.69335,46.48942],[31.69501,46.48866],[31.69512,46.48787],[31.693,46.48785],[31.69206,46.48736],[31.69159,46.48665],[31.69159,46.48532],[31.68969,46.48384],[31.68788,46.48457],[31.68659,46.48564],[31.68804,46.48624],[31.68895,46.48746],[31.69082,46.48834],[31.69033,46.49225],[31.6914,46.49293],[31.69129,46.49395],[31.69175,46.49436],[31.69252,46.49313],[31.69157,46.49166]]]},"properties":{"firedate":"2026-09-17","area_ha":23.0,"country":"UA"}},{"type":"Feature","geometry":{"type":"Polygon","coordinates":[[[35.75476,47.61434],[35.75173,47.61503],[35.75159,47.61378],[35.749,47.61407],[35.74364,47.61218],[35.74193,47.61183],[35.74153,47.61221],[35.74254,47.61256],[35.74417,47.61409],[35.7436,47.61485],[35.74598,47.61538],[35.74779,47.61645],[35.75262,47.61747],[35.75289,47.6175],[35.75293,47.61702],[35.75435,47.61656],[35.75505,47.61553],[35.75499,47.61473],[35.75476,47.61434]]]},"properties":{"firedate":"2026-09-17","area_ha":25.0,"country":"UA"}},{"type":"Feature","geometry":{"type":"Polygon","coordinates":[[[30.42313,46.65204],[30.4309,46.64712],[30.43185,46.64463],[30.4302,46.64539],[30.42973,46.64528],[30.4263,46.64642],[30.42109,46.64953],[30.42086,46.65036],[30.42304,46.65069],[30.42279,46.65171],[30.42313,46.65204]]]},"properties":{"firedate":"2026-09-17","area_ha":26.0,"country":"UA"}},{"type":"Feature","geometry":{"type":"Polygon","coordinates":[[[-8.19822,41.58174],[-8.19629,41.58085],[-8.19567,41.57988],[-8.19483,41.57968],[-8.1948,41.57896],[-8.19663,41.57834],[-8.19717,41.57864],[-8.19779,41.57731],[-8.19909,41.57727],[-8.1991,41.57766],[-8.20102,41.57851],[-8.20164,41.578],[-8.20384,41.57747],[-8.205,41.57862],[-8.20465,41.58039],[-8.20587,41.5808],[-8.20688,41.58067],[-8.20728,41.58118],[-8.20688,41.58182],[-8.20565,41.58202],[-8.20403,41.5811],[-8.20285,41.58136],[-8.20208,41.58076],[-8.20158,41.58087],[-8.20174,41.58036],[-8.20147,41.58035],[-8.2009,41.58076],[-8.1994,41.58096],[-8.19937,41.58136],[-8.20004,41.58164],[-8.20002,41.582],[-8.19927,41.58192],[-8.19883,41.58144],[-8.19822,41.58174]]]},"properties":{"firedate":"2026-09-17","area_ha":30.0,"country":"PT"}},{"type":"Feature","geometry":{"type":"Polygon","coordinates":[[[8.78405,42.52876],[8.78376,42.53057],[8.78512,42.53191],[8.78531,42.53344],[8.78637,42.53455],[8.78869,42.53384],[8.79011,42.53418],[8.78979,42.53341],[8.7904,42.53267],[8.78817,42.53131],[8.78716,42.52952],[8.78777,42.52815],[8.78752,42.52697],[8.78548,42.52618],[8.78234,42.52587],[8.78267,42.52776],[8.78405,42.52876]]]},"properties":{"firedate":"2026-09-17","area_ha":31.0,"country":"FR"}},{"type":"Feature","geometry":{"type":"Polygon","coordinates":[[[36.29196,47.97999],[36.29358,47.97826],[36.29287,47.97766],[36.29289,47.97715],[36.29165,47.97629],[36.29287,47.97518],[36.29456,47.97493],[36.29394,47.97359],[36.29435,47.97226],[36.29417,47.97135],[36.293,47.97111],[36.29284,47.97064],[36.29211,47.97047],[36.29088,47.97075],[36.28999,47.97195],[36.28817,47.97308],[36.29103,47.97594],[36.28942,47.97641],[36.28703,47.97838],[36.2893,47.97987],[36.2905,47.97951],[36.29196,47.97999]]]},"properties":{"firedate":"2026-09-17","area_ha":32.0,"country":"UA"}},{"type":"Feature","geometry":{"type":"Polygon","coordinates":[[[21.57167,43.07181],[21.57032,43.07199],[21.56974,43.0729],[21.57079,43.07653],[21.57217,43.07746],[21.57259,43.07759],[21.57361,43.07625],[21.57467,43.07681],[21.57542,43.07662],[21.57849,43.07435],[21.57541,43.07067],[21.57468,43.0707],[21.57372,43.07146],[21.57267,43.07066],[21.57195,43.07061],[21.57167,43.07181]]]},"properties":{"firedate":"2026-09-17","area_ha":36.0,"country":"RS"}},{"type":"Feature","geometry":{"type":"Polygon","coordinates":[[[35.62124,47.70449],[35.62245,47.70063],[35.62144,47.69988],[35.62083,47.69996],[35.61985,47.70145],[35.61861,47.70174],[35.6177,47.70148],[35.61719,47.7008],[35.61461,47.7001],[35.61319,47.70111],[35.61261,47.70332],[35.61107,47.70375],[35.61185,47.7044],[35.61075,47.70462],[35.60836,47.70405],[35.60765,47.70438],[35.61024,47.70517],[35.61194,47.70525],[35.61254,47.70563],[35.61424,47.70498],[35.6144,47.70544],[35.61735,47.70529],[35.61783,47.70505],[35.61764,47.70451],[35.61947,47.70487],[35.62124,47.70449]]]},"properties":{"firedate":"2026-09-17","area_ha":36.0,"country":"UA"}},{"type":"Feature","geometry":{"type":"Polygon","coordinates":[[[9.52929,37.25478],[9.53142,37.25416],[9.53416,37.25453],[9.53506,37.25409],[9.53528,37.25309],[9.53467,37.25267],[9.5319,37.253],[9.52951,37.25269],[9.52789,37.25329],[9.52793,37.25288],[9.52916,37.25179],[9.52862,37.25086],[9.52759,37.25053],[9.52857,37.24851],[9.52816,37.24764],[9.52667,37.24779],[9.5244,37.24902],[9.51936,37.24781],[9.51835,37.24808],[9.51842,37.24869],[9.51883,37.24897],[9.52145,37.24882],[9.52251,37.24913],[9.52239,37.24972],[9.5207,37.2503],[9.52043,37.25079],[9.52067,37.2512],[9.52236,37.25126],[9.52443,37.25066],[9.52691,37.25088],[9.52673,37.25218],[9.52533,37.25333],[9.52563,37.25426],[9.52707,37.25365],[9.52929,37.25478]]]},"properties":{"firedate":"2026-09-17","area_ha":37.0,"country":"TN"}},{"type":"Feature","geometry":{"type":"Polygon","coordinates":[[[35.7009,47.74581],[35.7012,47.74492],[35.70173,47.74502],[35.7019,47.74553],[35.70264,47.74547],[35.70154,47.74263],[35.70288,47.74254],[35.70311,47.74204],[35.70374,47.74183],[35.70378,47.74115],[35.70434,47.74091],[35.70618,47.74084],[35.70749,47.73944],[35.70404,47.73861],[35.70375,47.73715],[35.70256,47.73696],[35.70163,47.73748],[35.70006,47.73764],[35.70032,47.73819],[35.70194,47.73898],[35.70064,47.73902],[35.70041,47.73975],[35.70215,47.74089],[35.70092,47.74151],[35.69811,47.74163],[35.69447,47.74051],[35.69298,47.7407],[35.69202,47.73948],[35.69167,47.73957],[35.69169,47.7402],[35.69296,47.74218],[35.69437,47.74296],[35.69859,47.74354],[35.69909,47.74392],[35.69966,47.74588],[35.70009,47.7461],[35.7009,47.74581]]]},"properties":{"firedate":"2026-09-17","area_ha":38.0,"country":"UA"}},{"type":"Feature","geometry":{"type":"Polygon","coordinates":[[[21.56179,43.0782],[21.56145,43.07857],[21.56184,43.07897],[21.56399,43.0797],[21.56395,43.08008],[21.5629,43.07975],[21.56237,43.0801],[21.56457,43.08202],[21.56614,43.08167],[21.56737,43.08189],[21.56626,43.08098],[21.56651,43.08042],[21.56746,43.07982],[21.56741,43.07822],[21.567,43.07766],[21.56758,43.07709],[21.5679,43.07555],[21.56624,43.07474],[21.56581,43.07373],[21.56448,43.07323],[21.56316,43.07214],[21.56271,43.07226],[21.56262,43.07273],[21.56281,43.07356],[21.56353,43.07408],[21.56335,43.0745],[21.5627,43.07446],[21.5615,43.07343],[21.5602,43.07287],[21.55951,43.07304],[21.55878,43.074],[21.55949,43.0752],[21.56077,43.07548],[21.5619,43.07626],[21.56179,43.0782]]]},"properties":{"firedate":"2026-09-17","area_ha":43.0,"country":"RS"}},{"type":"Feature","geometry":{"type":"Polygon","coordinates":[[[13.73421,37.43682],[13.73629,37.43837],[13.73937,37.43878],[13.7429,37.43982],[13.74421,37.43866],[13.74648,37.43477],[13.74539,37.43401],[13.7443,37.43444],[13.74325,37.43625],[13.7426,37.43671],[13.74144,37.43641],[13.74143,37.4356],[13.74093,37.43532],[13.73887,37.43574],[13.73776,37.43554],[13.73535,37.4342],[13.73532,37.43321],[13.73618,37.43176],[13.73552,37.43136],[13.73179,37.43282],[13.73034,37.43245],[13.72871,37.4332],[13.72882,37.43441],[13.72968,37.43546],[13.73421,37.43682]]]},"properties":{"firedate":"2026-09-17","area_ha":60.0,"country":"IT"}},{"type":"Feature","geometry":{"type":"Polygon","coordinates":[[[34.29153,46.18975],[34.29524,46.18751],[34.29601,46.1848],[34.29687,46.18348],[34.29793,46.18307],[34.30183,46.18529],[34.30259,46.18636],[34.30279,46.18701],[34.30189,46.18939],[34.30252,46.18918],[34.30415,46.18754],[34.30562,46.18813],[34.30637,46.18775],[34.30747,46.18581],[34.3081,46.18385],[34.31067,46.18114],[34.31089,46.17923],[34.31063,46.17767],[34.30649,46.18416],[34.30455,46.18533],[34.30423,46.18521],[34.30422,46.18385],[34.30381,46.18333],[34.30156,46.18181],[34.30189,46.18081],[34.30166,46.18064],[34.29868,46.18148],[34.29732,46.18126],[34.29645,46.18173],[34.29221,46.18518],[34.29019,46.18732],[34.28997,46.1881],[34.29097,46.18959],[34.29153,46.18975]]]},"properties":{"firedate":"2026-09-17","area_ha":62.0,"country":"UA"}},{"type":"Feature","geometry":{"type":"Polygon","coordinates":[[[35.20687,46.73746],[35.20476,46.738],[35.20338,46.73773],[35.20497,46.74248],[35.20593,46.74294],[35.20751,46.74609],[35.20641,46.74686],[35.2075,46.75053],[35.21035,46.75097],[35.21171,46.75315],[35.21579,46.75333],[35.21587,46.75259],[35.21475,46.75129],[35.21017,46.74209],[35.20977,46.74151],[35.20792,46.74139],[35.20695,46.7398],[35.20864,46.73902],[35.20793,46.73769],[35.20687,46.73746]]]},"properties":{"firedate":"2026-09-17","area_ha":66.0,"country":"UA"}},{"type":"Feature","geometry":{"type":"Polygon","coordinates":[[[-8.23597,42.65223],[-8.23635,42.65093],[-8.23685,42.65091],[-8.2362,42.65053],[-8.23572,42.64835],[-8.23401,42.64866],[-8.23204,42.64824],[-8.23108,42.64796],[-8.2314,42.64727],[-8.23054,42.64697],[-8.23063,42.64512],[-8.23193,42.64431],[-8.23143,42.64393],[-8.23258,42.64299],[-8.23239,42.64269],[-8.23277,42.64243],[-8.2327,42.64188],[-8.23384,42.6422],[-8.23428,42.64174],[-8.23603,42.64243],[-8.23725,42.64429],[-8.23787,42.64414],[-8.23752,42.64392],[-8.2378,42.6428],[-8.2385,42.6426],[-8.23877,42.64262],[-8.23837,42.64373],[-8.23865,42.64405],[-8.24029,42.64446],[-8.24093,42.6439],[-8.24228,42.64471],[-8.24174,42.64502],[-8.24061,42.64686],[-8.24146,42.64747],[-8.24163,42.648],[-8.2399,42.64931],[-8.24027,42.64978],[-8.24194,42.65021],[-8.24202,42.65169],[-8.24242,42.65231],[-8.23917,42.65221],[-8.23885,42.65191],[-8.23597,42.65223]]]},"properties":{"firedate":"2026-09-17","area_ha":67.0,"country":"ES"}},{"type":"Feature","geometry":{"type":"Polygon","coordinates":[[[26.48767,42.10299],[26.49017,42.10462],[26.49186,42.10517],[26.49301,42.10512],[26.49537,42.10609],[26.49629,42.10606],[26.49719,42.10554],[26.49625,42.10378],[26.49578,42.10142],[26.49616,42.10088],[26.49609,42.10025],[26.49406,42.09818],[26.49216,42.09745],[26.49005,42.09751],[26.48824,42.09685],[26.48605,42.09725],[26.4846,42.09566],[26.48333,42.09582],[26.48301,42.09663],[26.48335,42.09811],[26.48322,42.09937],[26.48715,42.1018],[26.48767,42.10299]],[[26.48819,42.0991],[26.487,42.10016],[26.48599,42.09945],[26.48796,42.09759],[26.48852,42.09795],[26.48819,42.0991]]]},"properties":{"firedate":"2026-09-17","area_ha":71.0,"country":"BG"}},{"type":"Feature","geometry":{"type":"Polygon","coordinates":[[[18.74901,42.95003],[18.74656,42.94998],[18.74533,42.95094],[18.74433,42.95006],[18.74254,42.95147],[18.74094,42.95189],[18.74021,42.95281],[18.74002,42.95409],[18.73835,42.95459],[18.73766,42.95585],[18.73644,42.95672],[18.73653,42.95769],[18.73874,42.95963],[18.74013,42.96002],[18.74068,42.95976],[18.74071,42.95886],[18.74241,42.95796],[18.74497,42.9586],[18.74597,42.9584],[18.74961,42.95271],[18.75328,42.95131],[18.75294,42.95065],[18.75118,42.95001],[18.75166,42.94844],[18.7523,42.94796],[18.75131,42.94744],[18.75069,42.94752],[18.74901,42.95003]]]},"properties":{"firedate":"2026-09-17","area_ha":80.0,"country":"ME"}},{"type":"Feature","geometry":{"type":"Polygon","coordinates":[[[22.82178,44.66002],[22.82108,44.66011],[22.82095,44.66056],[22.82213,44.66271],[22.82054,44.66326],[22.82038,44.66403],[22.82071,44.66459],[22.82241,44.66583],[22.82374,44.66593],[22.8265,44.66537],[22.82803,44.66635],[22.82874,44.66534],[22.82947,44.66524],[22.82956,44.66627],[22.8304,44.66726],[22.82934,44.66802],[22.83088,44.66913],[22.83148,44.66912],[22.83227,44.66824],[22.83147,44.66562],[22.83192,44.66503],[22.83567,44.66435],[22.83332,44.66082],[22.83275,44.65931],[22.82985,44.65832],[22.82625,44.65815],[22.82509,44.65757],[22.82282,44.65804],[22.82146,44.65672],[22.82073,44.65657],[22.82045,44.65711],[22.82178,44.65943],[22.82178,44.66002]]]},"properties":{"firedate":"2026-09-17","area_ha":89.0,"country":"RO"}},{"type":"Feature","geometry":{"type":"Polygon","coordinates":[[[-1.14278,44.14445],[-1.13553,44.14407],[-1.13441,44.14321],[-1.13389,44.14361],[-1.13153,44.14376],[-1.12279,44.13879],[-1.12397,44.13904],[-1.12392,44.13876],[-1.12891,44.13587],[-1.1293,44.1353],[-1.12737,44.13492],[-1.12757,44.13455],[-1.12889,44.13438],[-1.1287,44.13398],[-1.1295,44.13344],[-1.13103,44.13351],[-1.13209,44.1347],[-1.13228,44.13567],[-1.1319,44.13631],[-1.1344,44.13656],[-1.13577,44.13769],[-1.13765,44.13785],[-1.1393,44.13847],[-1.14226,44.14064],[-1.14315,44.14211],[-1.14278,44.14445]],[[-1.12959,44.13773],[-1.13047,44.13747],[-1.13063,44.13715],[-1.12969,44.13705],[-1.12959,44.13773]]]},"properties":{"firedate":"2026-09-17","area_ha":100.0,"country":"FR"}},{"type":"Feature","geometry":{"type":"Polygon","coordinates":[[[34.20484,51.78684],[34.20486,51.78503],[34.20539,51.78295],[34.20498,51.78217],[34.20695,51.77994],[34.20706,51.77875],[34.20458,51.77744],[34.20262,51.77698],[34.20129,51.77592],[34.19953,51.77566],[34.19882,51.77367],[34.19633,51.77393],[34.19411,51.77571],[34.19336,51.77677],[34.19374,51.77891],[34.19129,51.78307],[34.19244,51.78578],[34.19245,51.78739],[34.20484,51.78684]]]},"properties":{"firedate":"2026-09-17","area_ha":116.0,"country":"UA"}},{"type":"Feature","geometry":{"type":"MultiPolygon","coordinates":[[[[35.63471,47.66441],[35.63488,47.66505],[35.63327,47.66589],[35.63507,47.66783],[35.63384,47.66892],[35.6342,47.67008],[35.63543,47.67063],[35.63718,47.67072],[35.63928,47.67032],[35.64207,47.66862],[35.64321,47.66852],[35.64315,47.66938],[35.63942,47.67317],[35.63761,47.67395],[35.63656,47.67375],[35.63545,47.67295],[35.62977,47.67467],[35.62958,47.67528],[35.63115,47.67484],[35.63036,47.67577],[35.63018,47.67689],[35.63007,47.67799],[35.63059,47.67962],[35.62967,47.68046],[35.63212,47.68089],[35.63325,47.68044],[35.63401,47.6793],[35.63644,47.67871],[35.63731,47.67776],[35.63764,47.67677],[35.63905,47.67603],[35.63993,47.67429],[35.64436,47.67033],[35.64349,47.66966],[35.64369,47.66904],[35.6451,47.66831],[35.64758,47.6677],[35.64937,47.66671],[35.64859,47.66609],[35.64829,47.66535],[35.64676,47.66471],[35.64623,47.66388],[35.64451,47.66384],[35.64529,47.66258],[35.64401,47.66226],[35.64429,47.66197],[35.64395,47.66149],[35.64225,47.66151],[35.64085,47.66015],[35.64083,47.65964],[35.63975,47.66002],[35.63959,47.66116],[35.64028,47.66137],[35.64027,47.66174],[35.6361,47.66137],[35.63373,47.66012],[35.6314,47.66043],[35.6285,47.66218],[35.62806,47.66198],[35.62745,47.66268],[35.62872,47.66451],[35.63161,47.66403],[35.63274,47.66472],[35.63471,47.66441]]],[[[35.63851,47.66067],[35.63862,47.6609],[35.6391,47.66109],[35.63851,47.66067]]]]},"properties":{"firedate":"2026-09-17","area_ha":151.0,"country":"UA"}},{"type":"Feature","geometry":{"type":"Polygon","coordinates":[[[36.83896,48.16999],[36.83646,48.16995],[36.83667,48.16864],[36.8364,48.16836],[36.83401,48.16837],[36.83293,48.16891],[36.83317,48.16951],[36.83272,48.17043],[36.83472,48.17216],[36.83647,48.17277],[36.83777,48.17372],[36.83904,48.1733],[36.8396,48.17261],[36.84233,48.17265],[36.84069,48.17176],[36.84101,48.17127],[36.84534,48.17],[36.84417,48.16944],[36.84396,48.16813],[36.84437,48.16726],[36.84657,48.16752],[36.84856,48.16839],[36.84918,48.16823],[36.84949,48.16766],[36.84874,48.167],[36.84559,48.16641],[36.84413,48.1649],[36.84371,48.1638],[36.84292,48.16322],[36.83949,48.16293],[36.83708,48.16144],[36.8331,48.16114],[36.83237,48.16011],[36.82976,48.15982],[36.82958,48.15875],[36.83023,48.15802],[36.8327,48.15867],[36.83373,48.15852],[36.83138,48.15749],[36.83083,48.15658],[36.83199,48.15631],[36.8347,48.15664],[36.83355,48.15592],[36.82887,48.15488],[36.8281,48.15412],[36.82805,48.15322],[36.82527,48.15111],[36.82297,48.15114],[36.81961,48.15272],[36.81697,48.15215],[36.81557,48.15235],[36.81621,48.15357],[36.81637,48.15538],[36.81712,48.15574],[36.8177,48.15584],[36.82155,48.15456],[36.82114,48.15346],[36.82225,48.15397],[36.82226,48.15443],[36.82136,48.15506],[36.82223,48.15641],[36.82437,48.1567],[36.82601,48.15638],[36.82648,48.15592],[36.82795,48.15688],[36.82771,48.15729],[36.826,48.15715],[36.82621,48.15777],[36.82556,48.1582],[36.82085,48.15788],[36.82002,48.15841],[36.82184,48.15966],[36.82381,48.16039],[36.82601,48.16028],[36.82511,48.1621],[36.82342,48.163],[36.8236,48.16338],[36.82459,48.1634],[36.82472,48.16411],[36.82583,48.16501],[36.8285,48.16398],[36.83026,48.16422],[36.83027,48.1653],[36.83208,48.16543],[36.83293,48.16537],[36.83319,48.16486],[36.83592,48.16432],[36.83778,48.16451],[36.83898,48.16405],[36.84005,48.16417],[36.84059,48.165],[36.84035,48.16612],[36.84067,48.16662],[36.83974,48.16902],[36.83896,48.16999]]]},"properties":{"firedate":"2026-09-17","area_ha":165.0,"country":"UA"}},{"type":"Feature","geometry":{"type":"Polygon","coordinates":[[[18.6293,42.6205],[18.63067,42.62191],[18.63215,42.62176],[18.63386,42.62048],[18.63367,42.61799],[18.63251,42.61659],[18.62918,42.61655],[18.62814,42.61571],[18.62473,42.61496],[18.62575,42.61333],[18.62669,42.61275],[18.62749,42.61284],[18.62851,42.61374],[18.62962,42.61311],[18.62852,42.61192],[18.62672,42.61103],[18.62678,42.6098],[18.62637,42.60841],[18.62689,42.60754],[18.62579,42.60677],[18.62383,42.60719],[18.62386,42.60791],[18.62324,42.6087],[18.62218,42.60821],[18.62176,42.60848],[18.6213,42.61034],[18.6222,42.61283],[18.61937,42.61545],[18.61836,42.61596],[18.61457,42.61626],[18.61026,42.61588],[18.60981,42.61647],[18.61036,42.61695],[18.61054,42.61767],[18.60947,42.61809],[18.60903,42.61797],[18.60766,42.61593],[18.60539,42.61636],[18.60206,42.61637],[18.60079,42.61521],[18.59996,42.61506],[18.59841,42.61568],[18.59809,42.61745],[18.5982,42.61787],[18.59928,42.61815],[18.60138,42.61806],[18.60521,42.61723],[18.60667,42.61749],[18.60712,42.61893],[18.60793,42.61987],[18.61013,42.62101],[18.61039,42.62252],[18.61093,42.62297],[18.61517,42.62241],[18.61799,42.62],[18.61954,42.61937],[18.62209,42.62056],[18.62596,42.61982],[18.6293,42.6205]]]},"properties":{"firedate":"2026-09-17","area_ha":171.0,"country":"ME"}},{"type":"Feature","geometry":{"type":"Polygon","coordinates":[[[22.03713,39.52057],[22.03785,39.51956],[22.03793,39.51791],[22.04015,39.51521],[22.04074,39.51381],[22.03824,39.51094],[22.03593,39.51053],[22.0357,39.51003],[22.03136,39.5108],[22.03048,39.51247],[22.02948,39.51265],[22.02895,39.51329],[22.02898,39.51379],[22.02974,39.51434],[22.02967,39.5148],[22.02755,39.51438],[22.02487,39.51479],[22.02303,39.51557],[22.02061,39.51764],[22.01954,39.51792],[22.01909,39.51839],[22.01967,39.51877],[22.02518,39.51818],[22.02546,39.51904],[22.02526,39.51983],[22.02577,39.51988],[22.02672,39.52108],[22.02751,39.52307],[22.02849,39.52312],[22.02863,39.52342],[22.02811,39.52368],[22.02932,39.52497],[22.02947,39.52621],[22.02872,39.52707],[22.03,39.5279],[22.03098,39.52733],[22.03187,39.52624],[22.03141,39.52557],[22.03208,39.52522],[22.03293,39.52565],[22.03445,39.52534],[22.03557,39.52556],[22.03326,39.52684],[22.03187,39.52845],[22.0319,39.52905],[22.03227,39.52915],[22.03336,39.52903],[22.03378,39.52858],[22.03412,39.52874],[22.03456,39.52821],[22.03495,39.52832],[22.03707,39.52718],[22.03908,39.5233],[22.03759,39.52165],[22.03713,39.52057]]]},"properties":{"firedate":"2026-09-17","area_ha":187.0,"country":"EL"}},{"type":"Feature","geometry":{"type":"Polygon","coordinates":[[[22.27649,46.26267],[22.27687,46.26146],[22.27866,46.26082],[22.27906,46.26168],[22.27888,46.26231],[22.27937,46.26312],[22.27894,46.26409],[22.28059,46.26587],[22.28281,46.26722],[22.28602,46.26617],[22.28627,46.26567],[22.28584,46.26495],[22.28842,46.26475],[22.29008,46.26512],[22.29239,46.26671],[22.29231,46.26552],[22.29314,46.26478],[22.29551,46.26469],[22.29663,46.26381],[22.29543,46.26163],[22.29549,46.2601],[22.29354,46.25822],[22.29375,46.25701],[22.29214,46.25707],[22.29153,46.25666],[22.29146,46.25605],[22.29188,46.25526],[22.29076,46.25564],[22.28916,46.25563],[22.28861,46.2554],[22.2881,46.25456],[22.28681,46.25431],[22.2854,46.25496],[22.28368,46.25511],[22.28318,46.254],[22.28198,46.25355],[22.28204,46.25298],[22.28099,46.25246],[22.28139,46.2516],[22.28146,46.24971],[22.28123,46.24902],[22.28036,46.24879],[22.27654,46.24948],[22.27455,46.25252],[22.27438,46.25368],[22.27304,46.25534],[22.27328,46.25697],[22.27286,46.25789],[22.27315,46.25827],[22.27442,46.25814],[22.27552,46.25704],[22.27543,46.25899],[22.27408,46.26028],[22.27526,46.2619],[22.27532,46.26268],[22.27607,46.2629],[22.27649,46.26267]]]},"properties":{"firedate":"2026-09-17","area_ha":205.0,"country":"RO"}},{"type":"Feature","geometry":{"type":"Polygon","coordinates":[[[33.86667,46.98788],[33.88101,46.98049],[33.88134,46.9794],[33.87182,46.97069],[33.8702,46.97061],[33.85603,46.97808],[33.8557,46.97918],[33.86505,46.9878],[33.86667,46.98788]]]},"properties":{"firedate":"2026-09-17","area_ha":210.0,"country":"UA"}},{"type":"Feature","geometry":{"type":"Polygon","coordinates":[[[13.08092,37.80018],[13.08331,37.7997],[13.08333,37.79875],[13.08232,37.79847],[13.08314,37.79825],[13.0835,37.7974],[13.08398,37.79807],[13.08374,37.79886],[13.08737,37.79853],[13.08795,37.79781],[13.08601,37.79662],[13.08531,37.79469],[13.08277,37.79452],[13.08276,37.79384],[13.08361,37.79383],[13.08382,37.79351],[13.08286,37.79322],[13.08213,37.79252],[13.0822,37.79078],[13.08122,37.79022],[13.08139,37.78966],[13.08203,37.78941],[13.08289,37.78975],[13.08509,37.79129],[13.08546,37.79225],[13.08593,37.79236],[13.08662,37.79171],[13.08351,37.78935],[13.08359,37.78878],[13.08473,37.78822],[13.08474,37.78715],[13.08691,37.7866],[13.09038,37.78703],[13.09239,37.78777],[13.09426,37.7869],[13.09449,37.7864],[13.09309,37.78584],[13.09087,37.78339],[13.08984,37.78355],[13.08946,37.78413],[13.08954,37.78476],[13.08847,37.78554],[13.08632,37.78556],[13.08575,37.7849],[13.08571,37.78294],[13.08468,37.78167],[13.08073,37.7807],[13.07595,37.78042],[13.07461,37.77936],[13.07317,37.77927],[13.07148,37.77851],[13.07072,37.77872],[13.07028,37.77927],[13.0704,37.77989],[13.07185,37.78057],[13.07223,37.78156],[13.07351,37.78228],[13.07343,37.78293],[13.07201,37.78308],[13.07247,37.78378],[13.07262,37.78507],[13.07198,37.78675],[13.07314,37.78836],[13.07494,37.78829],[13.07493,37.79119],[13.07526,37.79224],[13.07428,37.7936],[13.07448,37.7961],[13.07538,37.79646],[13.07627,37.79589],[13.07809,37.79663],[13.0789,37.7976],[13.07763,37.79916],[13.07761,37.80011],[13.07815,37.80019],[13.07955,37.79879],[13.08033,37.79868],[13.08054,37.7996],[13.08002,37.80016],[13.0806,37.80061],[13.08076,37.80142],[13.08198,37.80261],[13.08296,37.80274],[13.08337,37.80244],[13.08324,37.80213],[13.08144,37.80104],[13.08092,37.80018]]]},"properties":{"firedate":"2026-09-17","area_ha":216.0,"country":"IT"}},{"type":"Feature","geometry":{"type":"Polygon","coordinates":[[[22.4502,44.91398],[22.44973,44.91217],[22.45011,44.91146],[22.45214,44.91122],[22.45498,44.91218],[22.45646,44.91411],[22.4582,44.91502],[22.45851,44.91794],[22.45915,44.91857],[22.46224,44.91865],[22.46198,44.9164],[22.46002,44.91298],[22.45683,44.91057],[22.45775,44.90954],[22.45844,44.90737],[22.45928,44.90639],[22.46099,44.90731],[22.46212,44.90749],[22.46677,44.90797],[22.47256,44.90771],[22.47475,44.90822],[22.47575,44.90779],[22.47644,44.90623],[22.47711,44.90557],[22.47806,44.90535],[22.48015,44.90645],[22.48128,44.90662],[22.48229,44.90623],[22.48295,44.90491],[22.48429,44.9042],[22.48461,44.90343],[22.48397,44.90271],[22.48392,44.90208],[22.48117,44.90058],[22.47635,44.90004],[22.47034,44.89715],[22.4692,44.89717],[22.46416,44.89888],[22.4612,44.89924],[22.45822,44.90008],[22.45525,44.89982],[22.45308,44.89812],[22.45017,44.8987],[22.44828,44.89816],[22.446,44.89965],[22.44109,44.90176],[22.43971,44.90199],[22.43694,44.90369],[22.43428,44.90462],[22.43278,44.90462],[22.43226,44.90504],[22.43149,44.90717],[22.43164,44.90768],[22.43526,44.9131],[22.43607,44.91513],[22.43768,44.91509],[22.44431,44.91367],[22.44656,44.9135],[22.4497,44.91404],[22.4502,44.91398]]]},"properties":{"firedate":"2026-09-17","area_ha":477.0,"country":"RO"}},{"type":"Feature","geometry":{"type":"Polygon","coordinates":[[[-8.51884,40.67847],[-8.51851,40.67819],[-8.51874,40.67813],[-8.51848,40.67762],[-8.51938,40.67803],[-8.51884,40.67847]]]},"properties":{"firedate":"2026-09-18","area_ha":0.0,"country":"PT"}},{"type":"Feature","geometry":{"type":"Polygon","coordinates":[[[-3.65478,42.22346],[-3.6544,42.2231],[-3.6564,42.22168],[-3.65605,42.22251],[-3.65643,42.22253],[-3.65598,42.22304],[-3.65538,42.22297],[-3.65478,42.22346]]]},"properties":{"firedate":"2026-09-18","area_ha":1.0,"country":"ES"}},{"type":"Feature","geometry":{"type":"Polygon","coordinates":[[[13.41934,37.56275],[13.41885,37.56406],[13.41832,37.56452],[13.41912,37.56448],[13.4195,37.5639],[13.42033,37.56394],[13.42068,37.56262],[13.41934,37.56275]]]},"properties":{"firedate":"2026-09-18","area_ha":2.0,"country":"IT"}},{"type":"Feature","geometry":{"type":"Polygon","coordinates":[[[22.02804,39.52853],[22.02792,39.52816],[22.02686,39.52822],[22.02602,39.52945],[22.0266,39.52975],[22.02729,39.52953],[22.02804,39.52853]]]},"properties":{"firedate":"2026-09-18","area_ha":2.0,"country":"EL"}},{"type":"Feature","geometry":{"type":"Polygon","coordinates":[[[-8.49831,42.19698],[-8.49796,42.19845],[-8.49741,42.19857],[-8.49725,42.19747],[-8.49618,42.19767],[-8.49599,42.19708],[-8.49543,42.1972],[-8.49697,42.19521],[-8.49682,42.1962],[-8.49766,42.197],[-8.49831,42.19698]]]},"properties":{"firedate":"2026-09-18","area_ha":3.0,"country":"ES"}},{"type":"Feature","geometry":{"type":"Polygon","coordinates":[[[19.16259,42.28087],[19.16168,42.27989],[19.16085,42.28008],[19.16077,42.27878],[19.15946,42.27988],[19.16055,42.28039],[19.16065,42.28085],[19.16235,42.28115],[19.16259,42.28087]]]},"properties":{"firedate":"2026-09-18","area_ha":3.0,"country":"ME"}},{"type":"Feature","geometry":{"type":"Polygon","coordinates":[[[21.60418,43.03687],[21.60301,43.0356],[21.60221,43.03572],[21.60106,43.03512],[21.60049,43.03557],[21.60305,43.03745],[21.60378,43.03749],[21.60418,43.03687]]]},"properties":{"firedate":"2026-09-18","area_ha":4.0,"country":"RS"}},{"type":"Feature","geometry":{"type":"Polygon","coordinates":[[[14.41383,37.47131],[14.41572,37.47215],[14.41744,37.47212],[14.41688,37.47104],[14.41678,37.46986],[14.41564,37.47027],[14.41383,37.47032],[14.41383,37.47131]]]},"properties":{"firedate":"2026-09-18","area_ha":6.0,"country":"IT"}},{"type":"Feature","geometry":{"type":"Polygon","coordinates":[[[16.86851,39.11292],[16.86867,39.11248],[16.86808,39.11185],[16.86539,39.11071],[16.86386,39.11184],[16.864,39.11251],[16.86464,39.11284],[16.86618,39.11311],[16.86851,39.11292]]]},"properties":{"firedate":"2026-09-18","area_ha":7.0,"country":"IT"}},{"type":"Feature","geometry":{"type":"Polygon","coordinates":[[[27.16977,36.61515],[27.17037,36.61366],[27.1701,36.61154],[27.16927,36.61145],[27.16889,36.61176],[27.16922,36.61331],[27.16887,36.61397],[27.16821,36.61327],[27.16742,36.61311],[27.16764,36.61245],[27.16681,36.6111],[27.16635,36.61131],[27.16668,36.61213],[27.16651,36.6124],[27.16628,36.612],[27.16618,36.61243],[27.16669,36.61284],[27.16674,36.61387],[27.168,36.61485],[27.16917,36.61437],[27.16942,36.6151],[27.16977,36.61515]]]},"properties":{"firedate":"2026-09-18","area_ha":8.0,"country":"EL"}},{"type":"Feature","geometry":{"type":"Polygon","coordinates":[[[36.198,48.86323],[36.19691,48.86262],[36.19689,48.86146],[36.19639,48.86102],[36.19642,48.86026],[36.19692,48.85964],[36.19662,48.85877],[36.19722,48.85713],[36.19677,48.85685],[36.19557,48.85883],[36.19479,48.86166],[36.19551,48.86242],[36.19588,48.86356],[36.19652,48.86403],[36.198,48.86323]]]},"properties":{"firedate":"2026-09-18","area_ha":8.0,"country":"UA"}},{"type":"Feature","geometry":{"type":"Polygon","coordinates":[[[35.12596,47.65523],[35.12676,47.65476],[35.12636,47.6538],[35.12701,47.65352],[35.1267,47.65307],[35.12739,47.65297],[35.1276,47.65249],[35.12635,47.65236],[35.12755,47.6512],[35.12628,47.65095],[35.12653,47.65036],[35.12505,47.65093],[35.12543,47.65205],[35.12412,47.65364],[35.12428,47.65412],[35.12596,47.65523]]]},"properties":{"firedate":"2026-09-18","area_ha":8.0,"country":"UA"}},{"type":"Feature","geometry":{"type":"Polygon","coordinates":[[[38.54297,48.48325],[38.54285,48.48286],[38.54105,48.48226],[38.53907,48.4825],[38.53798,48.48226],[38.53747,48.4828],[38.53792,48.48324],[38.53656,48.48397],[38.53838,48.48472],[38.5388,48.48385],[38.53928,48.48429],[38.54029,48.48431],[38.54297,48.48325]]]},"properties":{"firedate":"2026-09-18","area_ha":8.0,"country":"UA"}},{"type":"Feature","geometry":{"type":"Polygon","coordinates":[[[21.5874,42.47447],[21.58955,42.47662],[21.59081,42.47552],[21.59057,42.47466],[21.59124,42.47338],[21.59001,42.47279],[21.58843,42.47329],[21.58812,42.47402],[21.5874,42.47447]]]},"properties":{"firedate":"2026-09-18","area_ha":8.0,"country":"KS"}},{"type":"Feature","geometry":{"type":"Polygon","coordinates":[[[35.69233,47.67063],[35.6909,47.67133],[35.69195,47.6724],[35.69177,47.67319],[35.69067,47.67328],[35.68845,47.67211],[35.68801,47.67233],[35.68832,47.67271],[35.6879,47.673],[35.68825,47.67328],[35.68699,47.67394],[35.68922,47.67412],[35.69032,47.67506],[35.6907,47.67401],[35.69302,47.67346],[35.69354,47.67285],[35.6946,47.67253],[35.69327,47.67082],[35.69233,47.67063]]]},"properties":{"firedate":"2026-09-18","area_ha":10.0,"country":"UA"}},{"type":"Feature","geometry":{"type":"Polygon","coordinates":[[[38.47794,49.54181],[38.47815,49.54032],[38.47445,49.53954],[38.47363,49.54058],[38.47328,49.54279],[38.47474,49.54309],[38.47515,49.54368],[38.4757,49.54374],[38.47619,49.54326],[38.47697,49.54322],[38.47794,49.54181]]]},"properties":{"firedate":"2026-09-18","area_ha":12.0,"country":"UA"}},{"type":"Feature","geometry":{"type":"Polygon","coordinates":[[[17.51455,40.58895],[17.515,40.5878],[17.51358,40.58711],[17.51196,40.5869],[17.50902,40.58548],[17.508,40.5853],[17.50738,40.58579],[17.50755,40.58632],[17.50888,40.58655],[17.5099,40.58758],[17.51251,40.58766],[17.51282,40.59089],[17.51376,40.59104],[17.51437,40.59073],[17.51455,40.58895]]]},"properties":{"firedate":"2026-09-18","area_ha":13.0,"country":"IT"}},{"type":"Feature","geometry":{"type":"Polygon","coordinates":[[[38.01143,49.49264],[38.01134,49.49149],[38.00857,49.4913],[38.01111,49.49103],[38.01024,49.49006],[38.0087,49.48952],[38.00803,49.48887],[38.00722,49.48973],[38.00592,49.49037],[38.00528,49.49124],[38.00602,49.49195],[38.00836,49.49228],[38.00829,49.49322],[38.00863,49.49366],[38.00941,49.49354],[38.00951,49.49308],[38.01045,49.49326],[38.01143,49.49264]]]},"properties":{"firedate":"2026-09-18","area_ha":13.0,"country":"UA"}},{"type":"Feature","geometry":{"type":"Polygon","coordinates":[[[37.60456,47.17954],[37.60404,47.179],[37.60752,47.17794],[37.60872,47.17672],[37.61014,47.17628],[37.61086,47.17541],[37.61056,47.17521],[37.60876,47.17552],[37.60285,47.17692],[37.60263,47.17765],[37.6037,47.17966],[37.60456,47.17954]]]},"properties":{"firedate":"2026-09-18","area_ha":13.0,"country":"UA"}},{"type":"Feature","geometry":{"type":"Polygon","coordinates":[[[32.83652,52.21047],[32.83612,52.20993],[32.83718,52.20931],[32.83669,52.20895],[32.83854,52.20793],[32.83756,52.20736],[32.83854,52.20713],[32.83874,52.20689],[32.83847,52.2066],[32.84017,52.20606],[32.83989,52.20541],[32.83878,52.2061],[32.8363,52.20613],[32.83445,52.20668],[32.83283,52.20628],[32.83134,52.20698],[32.83197,52.20727],[32.83189,52.20751],[32.83057,52.20769],[32.83157,52.20834],[32.83466,52.20813],[32.8351,52.20874],[32.83423,52.20953],[32.83482,52.20971],[32.83419,52.21012],[32.83433,52.21052],[32.83516,52.21102],[32.83622,52.21084],[32.83652,52.21047]]]},"properties":{"firedate":"2026-09-18","area_ha":15.0,"country":"UA"}},{"type":"Feature","geometry":{"type":"Polygon","coordinates":[[[36.29514,47.77619],[36.29592,47.77512],[36.29584,47.77278],[36.29396,47.77213],[36.29278,47.77202],[36.29082,47.77259],[36.29083,47.77302],[36.29227,47.77341],[36.29071,47.77371],[36.29081,47.77415],[36.29268,47.77383],[36.2895,47.77558],[36.29221,47.776],[36.29311,47.77645],[36.29408,47.77653],[36.29394,47.77603],[36.29514,47.77619]]]},"properties":{"firedate":"2026-09-18","area_ha":16.0,"country":"UA"}},{"type":"Feature","geometry":{"type":"MultiPolygon","coordinates":[[[[36.31794,47.95639],[36.31785,47.95529],[36.3198,47.95416],[36.32035,47.95339],[36.32006,47.95262],[36.31899,47.95228],[36.31657,47.95229],[36.31492,47.95292],[36.31505,47.9539],[36.31417,47.95542],[36.31451,47.95611],[36.31446,47.95744],[36.31514,47.95751],[36.31585,47.95701],[36.31741,47.95713],[36.31794,47.95639]]],[[[36.31658,47.95766],[36.3161,47.95745],[36.31517,47.95751],[36.31658,47.95766]]]]},"properties":{"firedate":"2026-09-18","area_ha":17.0,"country":"UA"}},{"type":"Feature","geometry":{"type":"Polygon","coordinates":[[[38.16746,48.20784],[38.16649,48.20698],[38.16655,48.20572],[38.16573,48.20598],[38.1646,48.20573],[38.1643,48.20548],[38.16431,48.20453],[38.16349,48.2046],[38.16243,48.20535],[38.1611,48.20532],[38.16089,48.20608],[38.15845,48.20532],[38.15617,48.20514],[38.15569,48.20586],[38.15692,48.20639],[38.15801,48.20633],[38.16037,48.20699],[38.16137,48.20807],[38.1633,48.20759],[38.16416,48.20812],[38.16676,48.20847],[38.16746,48.20784]]]},"properties":{"firedate":"2026-09-18","area_ha":18.0,"country":"UA"}},{"type":"Feature","geometry":{"type":"Polygon","coordinates":[[[15.79587,37.92375],[15.79567,37.9242],[15.79445,37.92473],[15.79599,37.92627],[15.79677,37.92656],[15.79643,37.92972],[15.79728,37.93056],[15.7989,37.93076],[15.79907,37.92952],[15.79875,37.9284],[15.79767,37.92687],[15.79876,37.92446],[15.79839,37.92263],[15.79862,37.92169],[15.79755,37.92174],[15.79702,37.92233],[15.79682,37.92326],[15.79587,37.92375]]]},"properties":{"firedate":"2026-09-18","area_ha":19.0,"country":"IT"}},{"type":"Feature","geometry":{"type":"Polygon","coordinates":[[[35.7835,47.81664],[35.7852,47.81672],[35.78142,47.81533],[35.78124,47.81438],[35.77873,47.81358],[35.77795,47.81371],[35.77868,47.81415],[35.77875,47.81489],[35.77784,47.81578],[35.77558,47.81522],[35.77254,47.8154],[35.76864,47.81661],[35.76772,47.81743],[35.76813,47.81759],[35.77278,47.81637],[35.77683,47.81638],[35.78009,47.81715],[35.77942,47.81897],[35.78029,47.81931],[35.78171,47.81846],[35.7835,47.81664]]]},"properties":{"firedate":"2026-09-18","area_ha":21.0,"country":"UA"}},{"type":"Feature","geometry":{"type":"Polygon","coordinates":[[[36.59966,47.03592],[36.60051,47.03096],[36.59717,47.02998],[36.59634,47.02867],[36.5956,47.03264],[36.59542,47.03571],[36.59966,47.03592]]]},"properties":{"firedate":"2026-09-18","area_ha":22.0,"country":"UA"}},{"type":"Feature","geometry":{"type":"Polygon","coordinates":[[[21.91083,39.91867],[21.91028,39.91746],[21.91093,39.9167],[21.90986,39.91601],[21.91018,39.915],[21.90988,39.91475],[21.9067,39.91486],[21.90398,39.91554],[21.90292,39.91691],[21.9031,39.91775],[21.90382,39.91821],[21.90633,39.91826],[21.90597,39.91893],[21.90624,39.91924],[21.90869,39.91864],[21.91083,39.91867]]]},"properties":{"firedate":"2026-09-18","area_ha":24.0,"country":"EL"}},{"type":"Feature","geometry":{"type":"Polygon","coordinates":[[[38.0958,48.32578],[38.09526,48.32518],[38.0942,48.32509],[38.09386,48.32423],[38.09514,48.324],[38.09468,48.32346],[38.09167,48.32263],[38.09024,48.32368],[38.08937,48.3262],[38.08829,48.32602],[38.08656,48.32707],[38.08698,48.32858],[38.08774,48.329],[38.09286,48.32692],[38.09365,48.32692],[38.0958,48.32578]]]},"properties":{"firedate":"2026-09-18","area_ha":24.0,"country":"UA"}},{"type":"Feature","geometry":{"type":"Polygon","coordinates":[[[38.50842,48.79984],[38.50884,48.79942],[38.50943,48.79594],[38.51003,48.79524],[38.5078,48.79594],[38.50676,48.79583],[38.5061,48.79546],[38.5056,48.79426],[38.50455,48.79363],[38.50344,48.79478],[38.50182,48.79887],[38.50203,48.79913],[38.50842,48.79984]]]},"properties":{"firedate":"2026-09-18","area_ha":24.0,"country":"UA"}},{"type":"Feature","geometry":{"type":"Polygon","coordinates":[[[12.65336,38.08258],[12.65286,38.08213],[12.65062,38.08161],[12.65083,38.08083],[12.6521,38.07977],[12.65195,38.07886],[12.6506,38.07816],[12.64866,38.07854],[12.64837,38.07953],[12.64874,38.08169],[12.64823,38.08334],[12.64856,38.08457],[12.65222,38.08521],[12.65316,38.08377],[12.65336,38.08258]]]},"properties":{"firedate":"2026-09-18","area_ha":24.0,"country":"IT"}},{"type":"Feature","geometry":{"type":"Polygon","coordinates":[[[-2.02286,42.07736],[-2.02161,42.07685],[-2.02198,42.07641],[-2.02152,42.07526],[-2.02013,42.07468],[-2.02062,42.07395],[-2.02129,42.07408],[-2.022,42.07353],[-2.02273,42.07387],[-2.02384,42.07691],[-2.02425,42.07691],[-2.02434,42.07625],[-2.02371,42.07569],[-2.02482,42.07588],[-2.02343,42.07498],[-2.02382,42.07468],[-2.02357,42.07421],[-2.02402,42.07417],[-2.02352,42.07384],[-2.02443,42.07312],[-2.02334,42.07201],[-2.02209,42.0717],[-2.02373,42.07145],[-2.02259,42.07043],[-2.02346,42.07046],[-2.02432,42.07111],[-2.02376,42.07138],[-2.02478,42.07171],[-2.02438,42.07232],[-2.02587,42.07371],[-2.02672,42.07513],[-2.02702,42.07502],[-2.02646,42.07393],[-2.02714,42.07446],[-2.02806,42.0744],[-2.02917,42.0732],[-2.02896,42.07433],[-2.02968,42.07475],[-2.02858,42.07586],[-2.02855,42.07637],[-2.02809,42.07638],[-2.02743,42.07707],[-2.02597,42.0774],[-2.02555,42.07701],[-2.02545,42.07744],[-2.02357,42.07786],[-2.02275,42.07787],[-2.02286,42.07736]],[[-2.02491,42.07712],[-2.02571,42.07654],[-2.02572,42.07603],[-2.02512,42.07626],[-2.02536,42.07653],[-2.02491,42.07712]]]},"properties":{"firedate":"2026-09-18","area_ha":25.0,"country":"ES"}},{"type":"Feature","geometry":{"type":"Polygon","coordinates":[[[12.81518,37.74671],[12.81485,37.74855],[12.81532,37.74935],[12.81798,37.75026],[12.81853,37.75141],[12.82014,37.75272],[12.82077,37.75375],[12.82123,37.75362],[12.82114,37.75247],[12.82157,37.75212],[12.82259,37.75174],[12.82398,37.75202],[12.82386,37.7506],[12.82298,37.74953],[12.81891,37.74859],[12.81829,37.74792],[12.81685,37.74793],[12.81602,37.74727],[12.81559,37.74582],[12.81497,37.74533],[12.81518,37.74671]]]},"properties":{"firedate":"2026-09-18","area_ha":26.0,"country":"IT"}},{"type":"Feature","geometry":{"type":"Polygon","coordinates":[[[14.45535,37.21633],[14.45385,37.2152],[14.45265,37.21535],[14.45078,37.21671],[14.45207,37.21668],[14.45103,37.21758],[14.44888,37.21782],[14.44963,37.21971],[14.4501,37.21993],[14.45192,37.21958],[14.45405,37.21997],[14.45787,37.21809],[14.45761,37.21734],[14.45584,37.21631],[14.45535,37.21633]]]},"properties":{"firedate":"2026-09-18","area_ha":26.0,"country":"IT"}},{"type":"Feature","geometry":{"type":"Polygon","coordinates":[[[36.22662,48.14625],[36.22551,48.14315],[36.22508,48.14284],[36.22274,48.14659],[36.21836,48.15061],[36.22291,48.15199],[36.22379,48.15129],[36.22632,48.14769],[36.22662,48.14625]]]},"properties":{"firedate":"2026-09-18","area_ha":27.0,"country":"UA"}},{"type":"Feature","geometry":{"type":"Polygon","coordinates":[[[35.3703,46.93275],[35.37099,46.92791],[35.37022,46.92696],[35.36594,46.92739],[35.36504,46.92842],[35.36515,46.93279],[35.36593,46.93374],[35.36941,46.93378],[35.3703,46.93275]]]},"properties":{"firedate":"2026-09-18","area_ha":29.0,"country":"UA"}},{"type":"Feature","geometry":{"type":"Polygon","coordinates":[[[37.37214,48.14793],[37.37225,48.14734],[37.37136,48.14705],[37.37101,48.14629],[37.36425,48.14393],[37.36287,48.14424],[37.36218,48.14375],[37.36032,48.14383],[37.35924,48.1442],[37.35901,48.14463],[37.36056,48.14642],[37.36769,48.14867],[37.36858,48.14873],[37.37045,48.14795],[37.37214,48.14793]]]},"properties":{"firedate":"2026-09-18","area_ha":30.0,"country":"UA"}},{"type":"Feature","geometry":{"type":"Polygon","coordinates":[[[13.76881,37.44007],[13.76847,37.44118],[13.77064,37.44276],[13.77254,37.44312],[13.77316,37.44369],[13.77437,37.44342],[13.77495,37.44381],[13.77947,37.44471],[13.78021,37.4447],[13.78046,37.4442],[13.77985,37.443],[13.77818,37.44168],[13.77705,37.44024],[13.77481,37.44072],[13.77096,37.44041],[13.77037,37.4409],[13.76881,37.44007]]]},"properties":{"firedate":"2026-09-18","area_ha":30.0,"country":"IT"}},{"type":"Feature","geometry":{"type":"Polygon","coordinates":[[[36.41394,48.42534],[36.41363,48.42476],[36.41202,48.42387],[36.40766,48.42316],[36.40292,48.42424],[36.40198,48.42558],[36.40248,48.42656],[36.40336,48.42673],[36.40322,48.42757],[36.40527,48.42767],[36.40663,48.42693],[36.41102,48.42691],[36.41394,48.42534]]]},"properties":{"firedate":"2026-09-18","area_ha":31.0,"country":"UA"}},{"type":"Feature","geometry":{"type":"Polygon","coordinates":[[[36.9562,47.03871],[36.9569,47.03897],[36.95785,47.03869],[36.9576,47.03798],[36.9589,47.0371],[36.95632,47.03721],[36.95484,47.03781],[36.94925,47.03561],[36.94776,47.03631],[36.94591,47.03625],[36.94737,47.03691],[36.94755,47.03737],[36.94733,47.03763],[36.94582,47.03722],[36.9452,47.03758],[36.94498,47.03807],[36.94576,47.03849],[36.94433,47.03921],[36.9443,47.04004],[36.94607,47.04063],[36.95246,47.04005],[36.95322,47.03937],[36.9562,47.03871]]]},"properties":{"firedate":"2026-09-18","area_ha":33.0,"country":"UA"}},{"type":"Feature","geometry":{"type":"Polygon","coordinates":[[[38.73384,48.45062],[38.73377,48.45027],[38.73244,48.45032],[38.73031,48.44946],[38.724,48.44817],[38.7233,48.44993],[38.72124,48.45242],[38.72215,48.45393],[38.72041,48.45539],[38.7209,48.45606],[38.72301,48.45443],[38.72573,48.45303],[38.72602,48.45215],[38.72701,48.45276],[38.72845,48.45295],[38.73141,48.4518],[38.73231,48.45101],[38.73384,48.45062]]]},"properties":{"firedate":"2026-09-18","area_ha":34.0,"country":"UA"}},{"type":"Feature","geometry":{"type":"Polygon","coordinates":[[[36.0548,47.23586],[36.05382,47.23629],[36.05295,47.2378],[36.04667,47.24475],[36.04843,47.24525],[36.04999,47.24511],[36.05129,47.24423],[36.05299,47.2446],[36.05378,47.24368],[36.05315,47.24268],[36.0558,47.24203],[36.05715,47.23973],[36.05651,47.2393],[36.05701,47.23851],[36.05643,47.2379],[36.05735,47.23756],[36.0548,47.23586]]]},"properties":{"firedate":"2026-09-18","area_ha":38.0,"country":"UA"}},{"type":"Feature","geometry":{"type":"Polygon","coordinates":[[[13.3537,37.41921],[13.35139,37.41855],[13.34886,37.41897],[13.34968,37.41954],[13.34938,37.41996],[13.34818,37.4197],[13.34772,37.41939],[13.34752,37.41819],[13.34684,37.41792],[13.34533,37.41814],[13.34483,37.41783],[13.34439,37.41666],[13.34309,37.41624],[13.34264,37.41663],[13.34369,37.4175],[13.34372,37.41838],[13.34186,37.41907],[13.34165,37.42002],[13.34306,37.42036],[13.3442,37.42005],[13.34535,37.42172],[13.34628,37.42166],[13.34716,37.42098],[13.34819,37.42114],[13.34875,37.42164],[13.34845,37.4227],[13.34969,37.42394],[13.35039,37.42263],[13.35183,37.42301],[13.35304,37.42206],[13.35215,37.42059],[13.35362,37.42086],[13.35438,37.42013],[13.35585,37.42028],[13.35742,37.41986],[13.35778,37.41947],[13.35759,37.41912],[13.35541,37.4186],[13.3537,37.41921]]]},"properties":{"firedate":"2026-09-18","area_ha":42.0,"country":"IT"}},{"type":"Feature","geometry":{"type":"Polygon","coordinates":[[[35.7191,48.42324],[35.71891,48.42231],[35.71965,48.42105],[35.71859,48.4204],[35.71851,48.41958],[35.72094,48.41921],[35.7212,48.41897],[35.72094,48.41837],[35.71842,48.41898],[35.71745,48.41849],[35.71505,48.41884],[35.70921,48.41682],[35.70838,48.41685],[35.70832,48.4174],[35.71105,48.41917],[35.71127,48.41985],[35.7088,48.41986],[35.70753,48.42033],[35.70636,48.4201],[35.70362,48.42117],[35.70453,48.42196],[35.70615,48.42227],[35.70544,48.42371],[35.70565,48.42389],[35.70801,48.4217],[35.71327,48.42276],[35.7157,48.42225],[35.7166,48.42237],[35.7191,48.42324]]]},"properties":{"firedate":"2026-09-18","area_ha":43.0,"country":"UA"}},{"type":"Feature","geometry":{"type":"Polygon","coordinates":[[[37.21593,49.43049],[37.2142,49.4301],[37.21193,49.43088],[37.21025,49.43243],[37.20477,49.43286],[37.20403,49.43465],[37.20088,49.4346],[37.19936,49.43857],[37.20026,49.43938],[37.20557,49.43991],[37.20702,49.43971],[37.21593,49.43049]]]},"properties":{"firedate":"2026-09-18","area_ha":60.0,"country":"UA"}},{"type":"Feature","geometry":{"type":"Polygon","coordinates":[[[36.70413,46.87128],[36.7047,46.87075],[36.70411,46.86897],[36.70412,46.86599],[36.69657,46.86504],[36.69546,46.86526],[36.6904,46.8632],[36.6878,46.87014],[36.68815,46.87053],[36.69526,46.87129],[36.69466,46.87043],[36.69489,46.86977],[36.69542,46.86973],[36.69579,46.86804],[36.69672,46.8682],[36.69697,46.86775],[36.69745,46.86786],[36.69777,46.86846],[36.70024,46.86829],[36.70207,46.86856],[36.70201,46.86991],[36.70244,46.8702],[36.70136,46.8709],[36.70413,46.87128]]]},"properties":{"firedate":"2026-09-18","area_ha":64.0,"country":"UA"}},{"type":"Feature","geometry":{"type":"Polygon","coordinates":[[[8.83198,42.53104],[8.8315,42.5332],[8.83325,42.53602],[8.83313,42.53645],[8.83466,42.53803],[8.83722,42.53898],[8.83862,42.53896],[8.83858,42.53965],[8.83906,42.54009],[8.84073,42.53912],[8.84078,42.53867],[8.83972,42.53904],[8.83909,42.53873],[8.83915,42.53834],[8.83989,42.53787],[8.83989,42.53745],[8.83908,42.53769],[8.83856,42.53742],[8.8398,42.53681],[8.83999,42.53277],[8.84046,42.53165],[8.84183,42.53085],[8.84205,42.52985],[8.84179,42.52924],[8.84111,42.52925],[8.84149,42.53009],[8.84126,42.53035],[8.84025,42.52987],[8.84077,42.52919],[8.84044,42.52885],[8.83931,42.52923],[8.83717,42.52909],[8.83598,42.52967],[8.83463,42.52965],[8.83198,42.53104]]]},"properties":{"firedate":"2026-09-18","area_ha":65.0,"country":"FR"}},{"type":"Feature","geometry":{"type":"Polygon","coordinates":[[[21.89234,43.77062],[21.89229,43.77197],[21.8914,43.77292],[21.89139,43.7736],[21.89197,43.77389],[21.89196,43.77468],[21.89241,43.77541],[21.89366,43.7767],[21.8943,43.77679],[21.89659,43.77587],[21.89758,43.77459],[21.9007,43.77359],[21.90208,43.77431],[21.90432,43.77462],[21.90564,43.77331],[21.90716,43.77247],[21.90593,43.77119],[21.90796,43.77132],[21.9082,43.77108],[21.90638,43.76957],[21.90553,43.76931],[21.90513,43.76869],[21.90373,43.76844],[21.90189,43.76865],[21.89985,43.76944],[21.89535,43.7697],[21.89411,43.7706],[21.89234,43.77062]]]},"properties":{"firedate":"2026-09-18","area_ha":72.0,"country":"RS"}},{"type":"Feature","geometry":{"type":"Polygon","coordinates":[[[38.5056,48.49842],[38.50455,48.49721],[38.50474,48.49542],[38.50406,48.49494],[38.50492,48.4934],[38.50393,48.49225],[38.50391,48.4901],[38.50223,48.48844],[38.50285,48.48749],[38.49978,48.48587],[38.49765,48.48565],[38.49691,48.48593],[38.49635,48.48794],[38.49797,48.48975],[38.49788,48.49042],[38.49897,48.49079],[38.49891,48.4914],[38.49449,48.49417],[38.49498,48.49485],[38.49986,48.498],[38.50211,48.49987],[38.50306,48.50002],[38.5056,48.49842]]]},"properties":{"firedate":"2026-09-18","area_ha":72.0,"country":"UA"}},{"type":"Feature","geometry":{"type":"Polygon","coordinates":[[[38.2522,49.59765],[38.25345,49.59729],[38.25543,49.5932],[38.257,49.58881],[38.25809,49.58726],[38.25847,49.58693],[38.26055,49.58694],[38.26228,49.58629],[38.26236,49.58606],[38.26153,49.58553],[38.2592,49.58547],[38.25856,49.58403],[38.25997,49.58086],[38.26277,49.57803],[38.26139,49.57713],[38.26035,49.5769],[38.25994,49.5772],[38.25987,49.57785],[38.25861,49.57797],[38.25543,49.57941],[38.25388,49.57974],[38.25353,49.58237],[38.2537,49.5858],[38.25344,49.58731],[38.25267,49.58892],[38.25195,49.59289],[38.252,49.59348],[38.25272,49.59422],[38.25354,49.59421],[38.2523,49.59564],[38.25183,49.59728],[38.2522,49.59765]]]},"properties":{"firedate":"2026-09-18","area_ha":72.0,"country":"UA"}},{"type":"Feature","geometry":{"type":"Polygon","coordinates":[[[31.47718,47.35946],[31.47562,47.35583],[31.47614,47.35307],[31.47401,47.35237],[31.46709,47.35198],[31.46503,47.35261],[31.46371,47.35413],[31.46312,47.35545],[31.46164,47.35686],[31.46001,47.35776],[31.46022,47.35949],[31.45766,47.3611],[31.45893,47.36216],[31.46186,47.35946],[31.46434,47.36037],[31.46395,47.36329],[31.46306,47.36512],[31.4636,47.36591],[31.46522,47.36433],[31.46833,47.3561],[31.47096,47.3556],[31.47042,47.35685],[31.47283,47.35698],[31.47404,47.3562],[31.47718,47.35946]]]},"properties":{"firedate":"2026-09-18","area_ha":77.0,"country":"UA"}},{"type":"Feature","geometry":{"type":"Polygon","coordinates":[[[35.13694,47.6501],[35.13784,47.64934],[35.13791,47.64743],[35.13955,47.64686],[35.13898,47.64638],[35.13593,47.64548],[35.13553,47.64678],[35.13181,47.64471],[35.13345,47.64422],[35.13499,47.64316],[35.13465,47.6421],[35.13241,47.64205],[35.1314,47.64225],[35.13053,47.64326],[35.12967,47.64299],[35.12955,47.64161],[35.12827,47.64062],[35.13073,47.64014],[35.12919,47.63776],[35.12818,47.63734],[35.1267,47.63866],[35.12555,47.63883],[35.12484,47.64098],[35.12417,47.6407],[35.12404,47.63955],[35.12308,47.63866],[35.12019,47.63889],[35.11934,47.63934],[35.12196,47.64228],[35.12179,47.64335],[35.12298,47.64541],[35.12503,47.64534],[35.1261,47.64577],[35.1284,47.64801],[35.13282,47.649],[35.13438,47.65015],[35.13694,47.6501]]]},"properties":{"firedate":"2026-09-18","area_ha":89.0,"country":"UA"}},{"type":"Feature","geometry":{"type":"Polygon","coordinates":[[[36.0071,48.14646],[36.01005,48.14399],[36.01407,48.14322],[36.01627,48.14213],[36.01691,48.14147],[36.01697,48.14055],[36.01939,48.13981],[36.01963,48.1381],[36.02073,48.14004],[36.02618,48.1354],[36.03,48.13151],[36.02934,48.13112],[36.02679,48.13206],[36.02681,48.13265],[36.0263,48.13313],[36.02352,48.13347],[36.02306,48.13521],[36.02378,48.13578],[36.0239,48.13633],[36.02187,48.13584],[36.02036,48.13438],[36.01946,48.13433],[36.01432,48.13659],[36.01282,48.13788],[36.00979,48.13848],[36.00877,48.13905],[36.00636,48.14135],[36.00541,48.14288],[36.0046,48.14336],[36.00483,48.14438],[36.00344,48.14477],[36.00294,48.14552],[36.00604,48.14671],[36.0071,48.14646]]]},"properties":{"firedate":"2026-09-18","area_ha":95.0,"country":"UA"}},{"type":"Feature","geometry":{"type":"Polygon","coordinates":[[[37.93544,48.21721],[37.93049,48.21477],[37.92726,48.21456],[37.92173,48.21306],[37.91811,48.21267],[37.91644,48.21352],[37.91855,48.21622],[37.91421,48.2152],[37.91279,48.21596],[37.91903,48.21849],[37.91892,48.22004],[37.92022,48.22085],[37.91835,48.22191],[37.91624,48.22376],[37.91538,48.22311],[37.91385,48.22331],[37.91469,48.22437],[37.91927,48.22352],[37.92668,48.22316],[37.93078,48.22135],[37.9315,48.21922],[37.93474,48.21853],[37.93544,48.21721]]]},"properties":{"firedate":"2026-09-18","area_ha":116.0,"country":"UA"}},{"type":"Feature","geometry":{"type":"Polygon","coordinates":[[[38.47234,48.61599],[38.46988,48.61584],[38.46802,48.61525],[38.45185,48.61639],[38.44842,48.61387],[38.44709,48.61421],[38.44676,48.61498],[38.44505,48.61445],[38.44343,48.61464],[38.44498,48.61657],[38.44793,48.61866],[38.45088,48.61957],[38.45239,48.62174],[38.45623,48.6222],[38.45668,48.6228],[38.45699,48.6252],[38.45753,48.62571],[38.4606,48.62544],[38.46476,48.6236],[38.47155,48.61712],[38.47234,48.61599]]]},"properties":{"firedate":"2026-09-18","area_ha":133.0,"country":"UA"}},{"type":"Feature","geometry":{"type":"Polygon","coordinates":[[[37.9927,47.61563],[37.99245,47.61475],[37.99014,47.6139],[37.99203,47.61201],[37.99453,47.61169],[37.99825,47.60974],[37.99842,47.60762],[38.00003,47.60634],[37.99899,47.60522],[37.99454,47.60305],[37.99259,47.60339],[37.98615,47.60855],[37.98465,47.60894],[37.98568,47.60974],[37.98276,47.60936],[37.98224,47.60962],[37.98166,47.6109],[37.97735,47.61054],[37.97697,47.6108],[37.97694,47.61244],[37.98011,47.61529],[37.98144,47.61604],[37.98126,47.6172],[37.9817,47.61811],[37.98336,47.61881],[37.98582,47.61847],[37.9927,47.61563]]]},"properties":{"firedate":"2026-09-18","area_ha":144.0,"country":"UA"}},{"type":"Feature","geometry":{"type":"Polygon","coordinates":[[[-8.5603,40.60703],[-8.55882,40.60694],[-8.56004,40.60728],[-8.55978,40.60794],[-8.55921,40.60888],[-8.558,40.60921],[-8.55818,40.60957],[-8.55744,40.61055],[-8.55651,40.61089],[-8.55608,40.6105],[-8.55425,40.61022],[-8.55365,40.60963],[-8.55371,40.60913],[-8.55299,40.60856],[-8.55335,40.60919],[-8.55305,40.60933],[-8.55109,40.60889],[-8.551,40.60792],[-8.54972,40.60707],[-8.54872,40.60765],[-8.54629,40.60688],[-8.54673,40.60664],[-8.54551,40.60622],[-8.54565,40.60544],[-8.54501,40.60433],[-8.54589,40.60406],[-8.54573,40.60331],[-8.54629,40.60278],[-8.54847,40.60189],[-8.54719,40.60117],[-8.54604,40.6016],[-8.54678,40.60107],[-8.54644,40.60074],[-8.54557,40.60117],[-8.54583,40.60216],[-8.54492,40.60255],[-8.54346,40.60149],[-8.54328,40.60077],[-8.54523,40.6004],[-8.54564,40.59969],[-8.54538,40.59896],[-8.54569,40.59882],[-8.54568,40.59856],[-8.54412,40.5982],[-8.54354,40.5973],[-8.54469,40.597],[-8.54538,40.59621],[-8.54731,40.59598],[-8.54754,40.59494],[-8.5489,40.59408],[-8.54886,40.59382],[-8.54748,40.59427],[-8.54609,40.59412],[-8.54562,40.59379],[-8.54606,40.59308],[-8.54585,40.59286],[-8.54488,40.59304],[-8.54428,40.59245],[-8.54313,40.59272],[-8.54318,40.59245],[-8.54186,40.59161],[-8.5415,40.59083],[-8.54231,40.58966],[-8.54355,40.58977],[-8.5417,40.58923],[-8.54118,40.58855],[-8.54126,40.58777],[-8.53883,40.58782],[-8.54011,40.58805],[-8.54109,40.5888],[-8.54156,40.58978],[-8.54122,40.59072],[-8.53934,40.5894],[-8.5384,40.58924],[-8.53792,40.58776],[-8.53876,40.58736],[-8.53864,40.58637],[-8.53885,40.58615],[-8.53996,40.58664],[-8.54005,40.58639],[-8.53979,40.58597],[-8.53857,40.58557],[-8.53935,40.58508],[-8.5395,40.5833],[-8.54015,40.58349],[-8.54163,40.58237],[-8.542,40.58141],[-8.54225,40.58212],[-8.54328,40.58316],[-8.54296,40.58439],[-8.54332,40.58534],[-8.54415,40.58581],[-8.54405,40.58607],[-8.545,40.58638],[-8.54489,40.58588],[-8.54572,40.58635],[-8.54574,40.58883],[-8.54489,40.5892],[-8.54465,40.58875],[-8.54409,40.58893],[-8.54522,40.58974],[-8.54518,40.5905],[-8.5483,40.5899],[-8.54881,40.5908],[-8.54939,40.59111],[-8.54972,40.59118],[-8.54962,40.59064],[-8.55088,40.59072],[-8.55054,40.59141],[-8.54964,40.59184],[-8.54998,40.59275],[-8.54871,40.59299],[-8.5498,40.59328],[-8.55045,40.59386],[-8.55008,40.59432],[-8.5504,40.59504],[-8.55,40.59601],[-8.55168,40.59702],[-8.55208,40.59802],[-8.5532,40.59853],[-8.55415,40.59987],[-8.55495,40.60024],[-8.5556,40.60009],[-8.55602,40.60105],[-8.55635,40.60099],[-8.55676,40.60167],[-8.55706,40.60151],[-8.55718,40.6025],[-8.55762,40.60292],[-8.5584,40.60288],[-8.55964,40.60385],[-8.55968,40.6041],[-8.55888,40.60425],[-8.55893,40.60463],[-8.55861,40.60471],[-8.55948,40.60514],[-8.56002,40.60471],[-8.56041,40.60555],[-8.56001,40.60617],[-8.5603,40.60703]],[[-8.54199,40.58847],[-8.54409,40.58859],[-8.54411,40.58833],[-8.54276,40.58806],[-8.54199,40.58847]],[[-8.54415,40.59041],[-8.54417,40.58989],[-8.54328,40.59026],[-8.54374,40.59065],[-8.54415,40.59041]],[[-8.54667,40.59879],[-8.54803,40.59827],[-8.54825,40.59749],[-8.54766,40.59737],[-8.5475,40.59811],[-8.54673,40.59828],[-8.54667,40.59879]],[[-8.55592,40.60583],[-8.55495,40.60547],[-8.5546,40.60558],[-8.55606,40.60619],[-8.55592,40.60583]],[[-8.55175,40.59883],[-8.55149,40.59871],[-8.55142,40.59896],[-8.55175,40.59883]],[[-8.54955,40.59678],[-8.54913,40.59659],[-8.54889,40.59692],[-8.54948,40.59708],[-8.54955,40.59678]]]},"properties":{"firedate":"2026-09-18","area_ha":196.0,"country":"PT"}},{"type":"Feature","geometry":{"type":"Polygon","coordinates":[[[25.30055,43.67848],[25.30032,43.67547],[25.29656,43.67471],[25.29356,43.67326],[25.29055,43.67286],[25.28858,43.67493],[25.2882,43.67679],[25.28667,43.67733],[25.28482,43.67701],[25.28214,43.67769],[25.28074,43.67732],[25.27332,43.68055],[25.27307,43.68106],[25.2765,43.68583],[25.27868,43.6878],[25.28215,43.6884],[25.28234,43.68683],[25.28691,43.68662],[25.29044,43.68533],[25.30055,43.67848]]]},"properties":{"firedate":"2026-09-18","area_ha":204.0,"country":"RO"}},{"type":"Feature","geometry":{"type":"Polygon","coordinates":[[[37.42094,47.78893],[37.4166,47.78836],[37.41396,47.78727],[37.41109,47.7888],[37.40313,47.79131],[37.40151,47.79286],[37.39717,47.79357],[37.39404,47.79489],[37.39496,47.79631],[37.39361,47.79658],[37.39151,47.79591],[37.38858,47.79629],[37.38819,47.79682],[37.38793,47.79963],[37.38745,47.80002],[37.37911,47.79987],[37.38016,47.80139],[37.38269,47.80235],[37.38868,47.80352],[37.39118,47.8022],[37.39356,47.80363],[37.39614,47.80368],[37.39709,47.8027],[37.40362,47.79995],[37.41302,47.79846],[37.41596,47.79609],[37.41654,47.79481],[37.42017,47.79271],[37.42023,47.79109],[37.42094,47.78893]]]},"properties":{"firedate":"2026-09-18","area_ha":239.0,"country":"UA"}},{"type":"Feature","geometry":{"type":"Polygon","coordinates":[[[16.11697,41.09291],[16.11807,41.09355],[16.11864,41.09471],[16.11982,41.09589],[16.11888,41.09683],[16.11893,41.09728],[16.12029,41.09744],[16.12077,41.09799],[16.12261,41.09864],[16.12759,41.09945],[16.13036,41.10119],[16.13518,41.10079],[16.13546,41.10042],[16.13477,41.09963],[16.13481,41.09918],[16.13616,41.09858],[16.13774,41.09729],[16.13833,41.09723],[16.13855,41.09858],[16.13754,41.09979],[16.13652,41.10037],[16.13657,41.10081],[16.14047,41.09944],[16.14253,41.10045],[16.1439,41.1025],[16.14372,41.10325],[16.14293,41.10401],[16.14315,41.10452],[16.14428,41.10476],[16.1444,41.10385],[16.14494,41.10355],[16.1471,41.10529],[16.14765,41.10505],[16.14457,41.1008],[16.14469,41.10012],[16.14618,41.09898],[16.14506,41.0975],[16.14404,41.09688],[16.14228,41.09727],[16.14115,41.09679],[16.14054,41.0952],[16.13872,41.09381],[16.13747,41.09354],[16.13637,41.09158],[16.13487,41.09104],[16.13336,41.09136],[16.13249,41.09106],[16.13305,41.09011],[16.13257,41.08977],[16.12584,41.08816],[16.12374,41.08703],[16.12153,41.08746],[16.11782,41.08754],[16.11564,41.08703],[16.11468,41.08715],[16.11405,41.08765],[16.11424,41.08811],[16.11672,41.09024],[16.11545,41.09111],[16.11416,41.09032],[16.11323,41.09027],[16.11278,41.09064],[16.1137,41.09114],[16.11363,41.09208],[16.11433,41.09255],[16.11697,41.09291]]]},"properties":{"firedate":"2026-09-18","area_ha":242.0,"country":"IT"}},{"type":"Feature","geometry":{"type":"Polygon","coordinates":[[[37.39164,47.78124],[37.38924,47.78078],[37.38695,47.78079],[37.38602,47.78041],[37.38637,47.77895],[37.38394,47.77961],[37.38231,47.77865],[37.38185,47.77877],[37.38205,47.77967],[37.3758,47.77607],[37.37275,47.77611],[37.37182,47.77648],[37.37276,47.77746],[37.3723,47.77778],[37.37516,47.77884],[37.37707,47.78181],[37.37698,47.78243],[37.36809,47.78435],[37.36222,47.78643],[37.36067,47.78746],[37.36086,47.78823],[37.36187,47.78843],[37.36166,47.78887],[37.35578,47.79003],[37.3549,47.79059],[37.35493,47.79105],[37.35547,47.79209],[37.35595,47.79218],[37.36219,47.79036],[37.36251,47.79042],[37.36293,47.79178],[37.36521,47.79172],[37.3676,47.7908],[37.36916,47.78913],[37.37135,47.7893],[37.37623,47.78832],[37.37652,47.78844],[37.37536,47.7894],[37.37125,47.7902],[37.37011,47.79088],[37.37003,47.79133],[37.37183,47.7937],[37.37188,47.79431],[37.37072,47.79465],[37.36957,47.79587],[37.36779,47.79606],[37.36652,47.79686],[37.3668,47.79745],[37.36761,47.79743],[37.37216,47.79651],[37.37356,47.79607],[37.37505,47.79489],[37.376,47.79491],[37.3759,47.79605],[37.37781,47.79607],[37.38096,47.7945],[37.38595,47.79108],[37.38723,47.78886],[37.38757,47.78728],[37.38924,47.7877],[37.39158,47.78645],[37.39189,47.78609],[37.39099,47.78463],[37.3919,47.78388],[37.3916,47.78366],[37.39169,47.78305],[37.39255,47.7821],[37.39164,47.78124]]]},"properties":{"firedate":"2026-09-18","area_ha":282.0,"country":"UA"}},{"type":"Feature","geometry":{"type":"Polygon","coordinates":[[[37.13464,47.50459],[37.13703,47.50225],[37.13712,47.50071],[37.1419,47.4992],[37.1412,47.49704],[37.1385,47.49714],[37.12864,47.50061],[37.1255,47.49843],[37.12361,47.49569],[37.12195,47.49594],[37.11556,47.50009],[37.11424,47.49865],[37.11185,47.49702],[37.10114,47.50301],[37.09879,47.50172],[37.09784,47.50063],[37.09585,47.49935],[37.09412,47.49879],[37.09121,47.49854],[37.08945,47.49741],[37.08939,47.4945],[37.08899,47.49377],[37.08473,47.49577],[37.085,47.49632],[37.0935,47.50294],[37.09494,47.50248],[37.09603,47.50267],[37.09648,47.50335],[37.09917,47.50404],[37.09699,47.50519],[37.10007,47.50779],[37.10308,47.50801],[37.10432,47.50921],[37.10663,47.5102],[37.10874,47.51159],[37.1102,47.51152],[37.11086,47.51111],[37.11118,47.51019],[37.11305,47.50984],[37.11298,47.51098],[37.11707,47.50833],[37.11861,47.5085],[37.12073,47.50723],[37.12515,47.50564],[37.12557,47.50559],[37.12658,47.50648],[37.12623,47.50881],[37.12448,47.51058],[37.12171,47.51163],[37.11884,47.51148],[37.11547,47.51236],[37.11383,47.51333],[37.11495,47.51453],[37.11767,47.51367],[37.11836,47.51445],[37.11919,47.51465],[37.12363,47.51398],[37.12989,47.50961],[37.12922,47.50949],[37.12834,47.50835],[37.12852,47.50664],[37.12731,47.50542],[37.12707,47.50417],[37.12771,47.50403],[37.12988,47.50518],[37.13056,47.50456],[37.12941,47.50334],[37.12958,47.50307],[37.13142,47.5028],[37.13364,47.50321],[37.13401,47.50338],[37.13427,47.50452],[37.13464,47.50459]]]},"properties":{"firedate":"2026-09-18","area_ha":351.0,"country":"UA"}},{"type":"Feature","geometry":{"type":"Polygon","coordinates":[[[36.30773,46.72709],[36.30827,46.72601],[36.30713,46.72585],[36.30575,46.72481],[36.30805,46.72228],[36.30853,46.71952],[36.30579,46.71891],[36.30394,46.72003],[36.30265,46.72001],[36.29912,46.72113],[36.29759,46.72027],[36.3006,46.71841],[36.29942,46.71726],[36.29606,46.71992],[36.29551,46.71986],[36.29054,46.71655],[36.29042,46.71612],[36.29368,46.71312],[36.29321,46.71276],[36.28306,46.71042],[36.28231,46.71035],[36.28116,46.71183],[36.2779,46.71229],[36.27429,46.71498],[36.27541,46.71275],[36.27537,46.71201],[36.274,46.71113],[36.27182,46.71053],[36.26235,46.71927],[36.26209,46.71999],[36.26714,46.72231],[36.26772,46.72224],[36.27114,46.71892],[36.27167,46.71882],[36.27603,46.72063],[36.27597,46.72112],[36.27076,46.72655],[36.27146,46.72693],[36.28688,46.72702],[36.288,46.72697],[36.28903,46.72602],[36.28974,46.72596],[36.2991,46.72599],[36.29978,46.72605],[36.30046,46.72702],[36.30094,46.72709],[36.30773,46.72709]]]},"properties":{"firedate":"2026-09-18","area_ha":391.0,"country":"UA"}},{"type":"Feature","geometry":{"type":"Polygon","coordinates":[[[-7.62438,52.22847],[-7.62279,52.22794],[-7.62394,52.22787],[-7.626,52.2282],[-7.62438,52.22847]]]},"properties":{"firedate":"2026-09-19","area_ha":1.0,"country":"IE"}},{"type":"Feature","geometry":{"type":"Polygon","coordinates":[[[-0.73629,40.86122],[-0.73508,40.86267],[-0.73448,40.86274],[-0.73453,40.862],[-0.73525,40.86133],[-0.73471,40.8605],[-0.73629,40.86122]]]},"properties":{"firedate":"2026-09-19","area_ha":2.0,"country":"ES"}},{"type":"Feature","geometry":{"type":"Polygon","coordinates":[[[36.77091,37.24707],[36.77133,37.24737],[36.77219,37.24727],[36.77288,37.24587],[36.7723,37.24575],[36.77091,37.24707]]]},"properties":{"firedate":"2026-09-19","area_ha":2.0,"country":"TR"}},{"type":"Feature","geometry":{"type":"Polygon","coordinates":[[[34.1165,50.45462],[34.11542,50.45339],[34.11418,50.45366],[34.11412,50.45421],[34.11512,50.45504],[34.11595,50.45503],[34.1165,50.45462]]]},"properties":{"firedate":"2026-09-19","area_ha":2.0,"country":"UA"}},{"type":"Feature","geometry":{"type":"Polygon","coordinates":[[[21.54562,42.58455],[21.5459,42.58361],[21.54551,42.58342],[21.54456,42.58373],[21.54397,42.58437],[21.54453,42.58487],[21.54562,42.58455]]]},"properties":{"firedate":"2026-09-19","area_ha":2.0,"country":"KS"}},{"type":"Feature","geometry":{"type":"Polygon","coordinates":[[[-8.3488,40.8032],[-8.34803,40.80306],[-8.34832,40.80275],[-8.34795,40.80058],[-8.34849,40.80015],[-8.34869,40.80067],[-8.34957,40.80124],[-8.35031,40.80054],[-8.35006,40.8013],[-8.34901,40.8015],[-8.34941,40.80207],[-8.34871,40.80255],[-8.34889,40.80276],[-8.34851,40.80301],[-8.3488,40.8032]]]},"properties":{"firedate":"2026-09-19","area_ha":3.0,"country":"PT"}},{"type":"Feature","geometry":{"type":"Polygon","coordinates":[[[-2.20827,42.18349],[-2.20828,42.18384],[-2.2077,42.18364],[-2.20818,42.1836],[-2.20808,42.18302],[-2.2086,42.18297],[-2.20891,42.18241],[-2.2079,42.18239],[-2.20868,42.18168],[-2.2098,42.18197],[-2.21011,42.18266],[-2.21068,42.18286],[-2.21008,42.18282],[-2.20997,42.18382],[-2.20931,42.18427],[-2.20897,42.18419],[-2.20925,42.1835],[-2.20827,42.18349]]]},"properties":{"firedate":"2026-09-19","area_ha":3.0,"country":"ES"}},{"type":"Feature","geometry":{"type":"Polygon","coordinates":[[[-7.63394,52.22522],[-7.63384,52.22488],[-7.63493,52.22348],[-7.636,52.22336],[-7.6369,52.22374],[-7.63689,52.22407],[-7.63607,52.22446],[-7.6358,52.22573],[-7.63394,52.22522]]]},"properties":{"firedate":"2026-09-19","area_ha":3.0,"country":"IE"}},{"type":"Feature","geometry":{"type":"Polygon","coordinates":[[[-5.18018,36.94758],[-5.18003,36.94734],[-5.18046,36.94693],[-5.18181,36.94609],[-5.18256,36.94631],[-5.18294,36.94736],[-5.18018,36.94758]]]},"properties":{"firedate":"2026-09-19","area_ha":3.0,"country":"ES"}},{"type":"Feature","geometry":{"type":"Polygon","coordinates":[[[-4.49042,42.12145],[-4.48968,42.12016],[-4.48995,42.11964],[-4.48963,42.1193],[-4.48977,42.11813],[-4.49031,42.11821],[-4.49041,42.1186],[-4.49107,42.11804],[-4.49156,42.11843],[-4.49168,42.11908],[-4.49094,42.11997],[-4.49129,42.12042],[-4.49089,42.12128],[-4.49042,42.12145]]]},"properties":{"firedate":"2026-09-19","area_ha":4.0,"country":"ES"}},{"type":"Feature","geometry":{"type":"Polygon","coordinates":[[[36.40571,47.97556],[36.40578,47.97498],[36.40334,47.97376],[36.40068,47.97421],[36.39879,47.97551],[36.3997,47.97601],[36.40179,47.9763],[36.40337,47.97531],[36.40571,47.97556]]]},"properties":{"firedate":"2026-09-19","area_ha":8.0,"country":"UA"}},{"type":"Feature","geometry":{"type":"Polygon","coordinates":[[[21.54218,42.58719],[21.54174,42.58637],[21.54313,42.58441],[21.54279,42.58347],[21.54226,42.5832],[21.54134,42.58356],[21.54135,42.58433],[21.54072,42.58555],[21.54119,42.586],[21.53775,42.58591],[21.53671,42.58622],[21.53973,42.58702],[21.54093,42.5866],[21.54107,42.58737],[21.54218,42.58719]]]},"properties":{"firedate":"2026-09-19","area_ha":8.0,"country":"KS"}},{"type":"Feature","geometry":{"type":"Polygon","coordinates":[[[-7.63238,52.23214],[-7.63103,52.23091],[-7.62994,52.23082],[-7.63014,52.23189],[-7.62952,52.23196],[-7.62823,52.23047],[-7.62746,52.23017],[-7.62691,52.22866],[-7.62905,52.22899],[-7.62968,52.22949],[-7.63103,52.22934],[-7.63128,52.22988],[-7.63227,52.23037],[-7.63359,52.23054],[-7.6337,52.2312],[-7.6349,52.2313],[-7.63457,52.23159],[-7.63284,52.23166],[-7.63238,52.23214]]]},"properties":{"firedate":"2026-09-19","area_ha":9.0,"country":"IE"}},{"type":"Feature","geometry":{"type":"Polygon","coordinates":[[[3.05775,35.03797],[3.05669,35.03606],[3.05622,35.0365],[3.05591,35.03636],[3.05608,35.03543],[3.05538,35.0348],[3.05403,35.03582],[3.05419,35.03644],[3.05575,35.03561],[3.05574,35.03603],[3.05512,35.03614],[3.05386,35.03757],[3.05418,35.03799],[3.05525,35.03799],[3.05441,35.03948],[3.05551,35.03955],[3.05507,35.04007],[3.05533,35.04023],[3.05775,35.03797]]]},"properties":{"firedate":"2026-09-19","area_ha":10.0,"country":"DZ"}},{"type":"Feature","geometry":{"type":"Polygon","coordinates":[[[-7.63838,52.22821],[-7.63917,52.22691],[-7.63818,52.22658],[-7.639,52.22636],[-7.64003,52.2268],[-7.6404,52.22842],[-7.64174,52.22798],[-7.64257,52.22811],[-7.64237,52.22865],[-7.64074,52.22935],[-7.64085,52.2305],[-7.64217,52.23133],[-7.64084,52.23215],[-7.63891,52.2327],[-7.6371,52.2327],[-7.63688,52.23248],[-7.63786,52.2323],[-7.63925,52.23114],[-7.63915,52.23048],[-7.63855,52.22993],[-7.63838,52.22821]]]},"properties":{"firedate":"2026-09-19","area_ha":11.0,"country":"IE"}},{"type":"Feature","geometry":{"type":"Polygon","coordinates":[[[35.95097,47.76533],[35.95168,47.76477],[35.95209,47.76359],[35.95164,47.76312],[35.95222,47.76307],[35.95258,47.76218],[35.95162,47.76171],[35.95047,47.76197],[35.94885,47.76141],[35.94798,47.76222],[35.94811,47.76299],[35.94754,47.76274],[35.94605,47.76449],[35.9464,47.76471],[35.94807,47.76335],[35.94925,47.7639],[35.94859,47.76431],[35.94813,47.76519],[35.95097,47.76533]]]},"properties":{"firedate":"2026-09-19","area_ha":12.0,"country":"UA"}},{"type":"Feature","geometry":{"type":"Polygon","coordinates":[[[32.09443,46.40489],[32.09217,46.40661],[32.09174,46.40746],[32.09253,46.40797],[32.09149,46.40809],[32.09133,46.40878],[32.09474,46.41012],[32.09623,46.40962],[32.09684,46.4083],[32.09491,46.40807],[32.09471,46.40733],[32.09517,46.40639],[32.09478,46.40504],[32.09443,46.40489]]]},"properties":{"firedate":"2026-09-19","area_ha":13.0,"country":"UA"}},{"type":"Feature","geometry":{"type":"Polygon","coordinates":[[[33.28107,47.6768],[33.27995,47.67443],[33.27754,47.67247],[33.27611,47.67241],[33.27479,47.67284],[33.27419,47.67489],[33.27442,47.6754],[33.27606,47.67494],[33.27666,47.6758],[33.27811,47.67548],[33.28107,47.6768]]]},"properties":{"firedate":"2026-09-19","area_ha":13.0,"country":"UA"}},{"type":"Feature","geometry":{"type":"Polygon","coordinates":[[[-7.67349,38.32744],[-7.67353,38.32949],[-7.67216,38.32965],[-7.67057,38.32876],[-7.67034,38.32797],[-7.67057,38.32777],[-7.66992,38.32734],[-7.66879,38.32752],[-7.6688,38.32804],[-7.6693,38.32837],[-7.66882,38.32842],[-7.66835,38.32784],[-7.66849,38.32622],[-7.66878,38.32611],[-7.6683,38.32617],[-7.66845,38.32565],[-7.6678,38.32441],[-7.66903,38.32426],[-7.66963,38.32514],[-7.672,38.3257],[-7.67231,38.32644],[-7.67349,38.32744]]]},"properties":{"firedate":"2026-09-19","area_ha":16.0,"country":"PT"}},{"type":"Feature","geometry":{"type":"Polygon","coordinates":[[[38.60148,48.45528],[38.60137,48.4544],[38.60315,48.45347],[38.60298,48.45226],[38.60463,48.45111],[38.60416,48.4507],[38.60134,48.45003],[38.59965,48.45086],[38.59886,48.45264],[38.59929,48.45346],[38.59971,48.45308],[38.60046,48.45306],[38.5994,48.45406],[38.59886,48.45519],[38.5994,48.45558],[38.59996,48.4555],[38.59998,48.45608],[38.60148,48.45528]]]},"properties":{"firedate":"2026-09-19","area_ha":16.0,"country":"UA"}},{"type":"Feature","geometry":{"type":"Polygon","coordinates":[[[32.99244,46.68482],[32.99292,46.68293],[32.98944,46.67996],[32.9888,46.6803],[32.98961,46.68143],[32.99044,46.68193],[32.99,46.68234],[32.98933,46.68185],[32.98934,46.68134],[32.98828,46.68133],[32.98639,46.68253],[32.98724,46.68327],[32.98586,46.68412],[32.98647,46.68448],[32.98852,46.68396],[32.98801,46.68438],[32.99049,46.68499],[32.99098,46.68472],[32.99165,46.68539],[32.99244,46.68482]]]},"properties":{"firedate":"2026-09-19","area_ha":17.0,"country":"UA"}},{"type":"Feature","geometry":{"type":"Polygon","coordinates":[[[29.72776,45.58844],[29.71776,45.58212],[29.71657,45.58175],[29.71607,45.58209],[29.71611,45.58293],[29.72005,45.58536],[29.72095,45.58627],[29.72237,45.58664],[29.72574,45.5887],[29.72724,45.58909],[29.72776,45.58844]]]},"properties":{"firedate":"2026-09-19","area_ha":17.0,"country":"UA"}},{"type":"Feature","geometry":{"type":"Polygon","coordinates":[[[37.48477,47.38987],[37.48521,47.38539],[37.48439,47.3842],[37.48401,47.38283],[37.48309,47.38298],[37.48158,47.38175],[37.48014,47.38215],[37.47971,47.38247],[37.48147,47.38261],[37.48167,47.38417],[37.48227,47.38508],[37.48231,47.38604],[37.48155,47.38843],[37.48178,47.38934],[37.48477,47.38987]]]},"properties":{"firedate":"2026-09-19","area_ha":18.0,"country":"UA"}},{"type":"Feature","geometry":{"type":"Polygon","coordinates":[[[19.85874,40.27266],[19.85743,40.27285],[19.85426,40.2747],[19.85317,40.27484],[19.85278,40.2756],[19.85586,40.27631],[19.85624,40.27524],[19.85747,40.27397],[19.85817,40.27392],[19.8584,40.27687],[19.85869,40.27768],[19.85921,40.27779],[19.8596,40.27695],[19.85906,40.27589],[19.85989,40.27512],[19.85955,40.27386],[19.8602,40.27359],[19.86031,40.27501],[19.86104,40.27516],[19.86117,40.27329],[19.86072,40.27274],[19.8618,40.27153],[19.86185,40.27045],[19.86095,40.27017],[19.85871,40.27116],[19.85874,40.27266]]]},"properties":{"firedate":"2026-09-19","area_ha":21.0,"country":"AL"}},{"type":"Feature","geometry":{"type":"Polygon","coordinates":[[[33.41095,50.61082],[33.41214,50.60991],[33.4129,50.60983],[33.4133,50.60924],[33.41313,50.6082],[33.4137,50.60799],[33.41536,50.60878],[33.41641,50.60748],[33.41472,50.60655],[33.41362,50.60699],[33.41152,50.6068],[33.4094,50.60626],[33.40878,50.60569],[33.40703,50.6057],[33.40478,50.60654],[33.40543,50.60754],[33.40609,50.60752],[33.40611,50.60664],[33.40679,50.60691],[33.40801,50.61002],[33.41095,50.61082]]]},"properties":{"firedate":"2026-09-19","area_ha":23.0,"country":"UA"}},{"type":"Feature","geometry":{"type":"Polygon","coordinates":[[[36.71651,47.08096],[36.71592,47.08014],[36.71631,47.07848],[36.71775,47.07823],[36.71756,47.078],[36.70932,47.07688],[36.70666,47.0756],[36.70587,47.07577],[36.70644,47.07612],[36.7069,47.07787],[36.70738,47.07821],[36.70725,47.07896],[36.7096,47.07985],[36.7103,47.08144],[36.71158,47.08144],[36.7116,47.08099],[36.71058,47.08044],[36.71032,47.07977],[36.71059,47.07921],[36.71279,47.0798],[36.71313,47.08062],[36.71651,47.08096]]]},"properties":{"firedate":"2026-09-19","area_ha":26.0,"country":"UA"}},{"type":"Feature","geometry":{"type":"Polygon","coordinates":[[[-8.42471,42.44246],[-8.42299,42.44204],[-8.42251,42.44161],[-8.42208,42.43977],[-8.42243,42.43912],[-8.4218,42.4385],[-8.42179,42.43783],[-8.42295,42.4364],[-8.42636,42.43564],[-8.42734,42.43711],[-8.4273,42.4379],[-8.42677,42.43809],[-8.42807,42.43841],[-8.42826,42.43921],[-8.42786,42.43998],[-8.4268,42.43991],[-8.42718,42.44034],[-8.42644,42.44112],[-8.42608,42.4407],[-8.42525,42.44088],[-8.42512,42.44141],[-8.42545,42.44186],[-8.42471,42.44246]],[[-8.42358,42.43761],[-8.42358,42.43719],[-8.42306,42.43727],[-8.42358,42.43761]]]},"properties":{"firedate":"2026-09-19","area_ha":27.0,"country":"ES"}},{"type":"Feature","geometry":{"type":"Polygon","coordinates":[[[25.82913,42.01387],[25.83052,42.01351],[25.83112,42.01371],[25.8315,42.01581],[25.83069,42.01739],[25.83087,42.01882],[25.83193,42.01967],[25.83249,42.02064],[25.83343,42.02082],[25.83386,42.02026],[25.83388,42.01909],[25.83468,42.01788],[25.8344,42.01687],[25.83463,42.01585],[25.83418,42.0143],[25.83188,42.01225],[25.83154,42.01079],[25.83066,42.01017],[25.82986,42.01024],[25.82913,42.01387]]]},"properties":{"firedate":"2026-09-19","area_ha":27.0,"country":"BG"}},{"type":"Feature","geometry":{"type":"Polygon","coordinates":[[[39.08451,48.65075],[39.08532,48.65051],[39.08525,48.64995],[39.08416,48.64858],[39.08292,48.64859],[39.08243,48.64816],[39.08251,48.64639],[39.08212,48.64576],[39.08069,48.64611],[39.08022,48.64717],[39.07949,48.64741],[39.07545,48.64691],[39.07362,48.64564],[39.07328,48.64496],[39.07331,48.64341],[39.07147,48.64372],[39.07253,48.6458],[39.07407,48.64708],[39.07478,48.64859],[39.0774,48.64795],[39.07612,48.64958],[39.07605,48.6505],[39.08451,48.65075]]]},"properties":{"firedate":"2026-09-19","area_ha":29.0,"country":"UA"}},{"type":"Feature","geometry":{"type":"Polygon","coordinates":[[[36.41108,48.13597],[36.41101,48.13512],[36.40849,48.13406],[36.40734,48.13286],[36.40372,48.13199],[36.40278,48.13127],[36.40198,48.13052],[36.40133,48.12899],[36.39966,48.12767],[36.39894,48.12424],[36.39821,48.12414],[36.39748,48.12331],[36.39713,48.12348],[36.39726,48.12449],[36.3966,48.12483],[36.39547,48.12712],[36.39495,48.12933],[36.39522,48.12988],[36.39765,48.1302],[36.40053,48.12965],[36.4006,48.13041],[36.4058,48.13407],[36.41108,48.13597]]]},"properties":{"firedate":"2026-09-19","area_ha":31.0,"country":"UA"}},{"type":"Feature","geometry":{"type":"Polygon","coordinates":[[[33.34208,47.77214],[33.3404,47.77018],[33.34078,47.76872],[33.33967,47.76827],[33.33398,47.7677],[33.32974,47.76781],[33.32847,47.76868],[33.32942,47.76976],[33.33275,47.76937],[33.3305,47.77055],[33.33016,47.7712],[33.3303,47.77181],[33.33269,47.77101],[33.33508,47.77093],[33.33716,47.77156],[33.33995,47.77181],[33.33885,47.77217],[33.33945,47.77307],[33.34081,47.77327],[33.34208,47.77214]]]},"properties":{"firedate":"2026-09-19","area_ha":34.0,"country":"UA"}},{"type":"Feature","geometry":{"type":"Polygon","coordinates":[[[22.96979,44.73214],[22.97064,44.73098],[22.97376,44.73246],[22.97626,44.73152],[22.97664,44.73076],[22.97913,44.73109],[22.97945,44.73059],[22.97918,44.7301],[22.97929,44.72901],[22.97848,44.72867],[22.97527,44.72861],[22.97486,44.72874],[22.97482,44.72968],[22.97447,44.72992],[22.97189,44.72981],[22.97127,44.72954],[22.97068,44.7282],[22.96701,44.72774],[22.96544,44.72789],[22.96514,44.7286],[22.96536,44.73026],[22.96656,44.73201],[22.96636,44.73306],[22.96698,44.73327],[22.96849,44.73299],[22.96979,44.73214]]]},"properties":{"firedate":"2026-09-19","area_ha":39.0,"country":"RO"}},{"type":"Feature","geometry":{"type":"Polygon","coordinates":[[[22.38389,44.78257],[22.38329,44.78046],[22.38328,44.77935],[22.38676,44.77823],[22.38718,44.778],[22.38713,44.77767],[22.38523,44.7757],[22.38446,44.77574],[22.3838,44.77636],[22.38313,44.77647],[22.38163,44.77523],[22.38127,44.7744],[22.37899,44.77401],[22.3788,44.77431],[22.37919,44.7748],[22.38111,44.77579],[22.38159,44.77683],[22.38029,44.77711],[22.37815,44.77653],[22.37673,44.77849],[22.37562,44.77895],[22.37553,44.77947],[22.37637,44.77985],[22.37789,44.77983],[22.37844,44.78106],[22.38021,44.78142],[22.38242,44.78276],[22.38389,44.78257]]]},"properties":{"firedate":"2026-09-19","area_ha":40.0,"country":"RO"}},{"type":"Feature","geometry":{"type":"Polygon","coordinates":[[[24.88358,50.17884],[24.88504,50.17595],[24.86636,50.17212],[24.86564,50.17217],[24.8645,50.17471],[24.86772,50.17569],[24.86851,50.17431],[24.86897,50.17432],[24.87517,50.17571],[24.87555,50.17589],[24.87488,50.17707],[24.87535,50.17726],[24.88358,50.17884]]]},"properties":{"firedate":"2026-09-19","area_ha":43.0,"country":"UA"}},{"type":"Feature","geometry":{"type":"Polygon","coordinates":[[[37.16728,47.57743],[37.16759,47.57604],[37.1685,47.57559],[37.17324,47.57641],[37.17357,47.57589],[37.17275,47.57569],[37.17249,47.57521],[37.16818,47.57376],[37.16794,47.57226],[37.1669,47.57165],[37.16648,47.57037],[37.16418,47.56996],[37.16373,47.57146],[37.16291,47.57128],[37.16165,47.56994],[37.16129,47.57132],[37.15994,47.5723],[37.16002,47.57308],[37.16078,47.57372],[37.15913,47.57437],[37.15887,47.57623],[37.15909,47.57712],[37.16007,47.57757],[37.16156,47.57744],[37.16323,47.57875],[37.16447,47.5789],[37.16601,47.57849],[37.16728,47.57743]]]},"properties":{"firedate":"2026-09-19","area_ha":56.0,"country":"UA"}},{"type":"Feature","geometry":{"type":"Polygon","coordinates":[[[34.10319,46.89231],[34.10374,46.89069],[34.10485,46.89029],[34.10545,46.88734],[34.10851,46.88709],[34.10895,46.88499],[34.10202,46.88412],[34.10156,46.88342],[34.09601,46.88565],[34.09376,46.88597],[34.09353,46.88513],[34.09301,46.88483],[34.09226,46.88556],[34.09337,46.8884],[34.09523,46.8896],[34.09627,46.89082],[34.0976,46.89088],[34.09913,46.89162],[34.10319,46.89231]]]},"properties":{"firedate":"2026-09-19","area_ha":72.0,"country":"UA"}},{"type":"Feature","geometry":{"type":"Polygon","coordinates":[[[32.2924,46.22613],[32.29035,46.21647],[32.28899,46.21458],[32.28471,46.21543],[32.28408,46.21688],[32.2855,46.2242],[32.28442,46.22473],[32.28441,46.22551],[32.28546,46.2286],[32.28675,46.2291],[32.29176,46.22836],[32.2924,46.22613]]]},"properties":{"firedate":"2026-09-19","area_ha":77.0,"country":"UA"}},{"type":"Feature","geometry":{"type":"Polygon","coordinates":[[[38.36091,48.91681],[38.36275,48.91591],[38.36274,48.91487],[38.36208,48.91391],[38.36065,48.91357],[38.35602,48.91408],[38.35263,48.91574],[38.35178,48.91575],[38.35145,48.91529],[38.35067,48.91541],[38.34558,48.91739],[38.34347,48.91687],[38.3414,48.91857],[38.34209,48.91904],[38.34187,48.91946],[38.34022,48.91991],[38.34304,48.92079],[38.34529,48.92078],[38.34579,48.92131],[38.34549,48.9219],[38.34296,48.92252],[38.34316,48.9229],[38.34254,48.92319],[38.33909,48.92363],[38.33962,48.92422],[38.34141,48.92447],[38.34843,48.92231],[38.34775,48.92047],[38.34968,48.92077],[38.35221,48.92212],[38.35367,48.92224],[38.35406,48.92158],[38.35566,48.92161],[38.35591,48.92098],[38.35452,48.92044],[38.35268,48.92026],[38.35557,48.91832],[38.35572,48.91729],[38.35656,48.91704],[38.35719,48.91636],[38.36091,48.91681]]]},"properties":{"firedate":"2026-09-19","area_ha":80.0,"country":"UA"}},{"type":"Feature","geometry":{"type":"Polygon","coordinates":[[[39.12252,48.33344],[39.12269,48.33201],[39.12125,48.33108],[39.12106,48.33043],[39.12499,48.32706],[39.12729,48.32616],[39.12798,48.32453],[39.12744,48.3239],[39.12585,48.3236],[39.12501,48.32418],[39.12629,48.32428],[39.12602,48.32514],[39.12383,48.3255],[39.12081,48.32408],[39.12036,48.32439],[39.12067,48.32487],[39.12011,48.32524],[39.11907,48.32581],[39.11676,48.32598],[39.11456,48.32775],[39.1132,48.32818],[39.11034,48.32828],[39.10922,48.32918],[39.10709,48.32985],[39.10734,48.3303],[39.10864,48.33068],[39.11093,48.33067],[39.11143,48.33117],[39.11352,48.33134],[39.11273,48.33269],[39.113,48.33294],[39.11525,48.33365],[39.1191,48.33589],[39.12079,48.33543],[39.12252,48.33344]]]},"properties":{"firedate":"2026-09-19","area_ha":86.0,"country":"UA"}},{"type":"Feature","geometry":{"type":"Polygon","coordinates":[[[23.17188,44.73976],[23.17296,44.74171],[23.17271,44.7425],[23.17403,44.74363],[23.17466,44.74498],[23.17592,44.74564],[23.17496,44.7478],[23.17567,44.7485],[23.1795,44.74759],[23.18053,44.74628],[23.1813,44.74651],[23.18329,44.74836],[23.18586,44.74939],[23.1867,44.75064],[23.18747,44.75038],[23.18708,44.7493],[23.18769,44.74864],[23.18824,44.74843],[23.18924,44.74871],[23.18825,44.74571],[23.18635,44.74522],[23.18613,44.74325],[23.18773,44.7434],[23.18794,44.7431],[23.18564,44.74178],[23.18234,44.74159],[23.17971,44.74044],[23.17318,44.73946],[23.17188,44.73976]]]},"properties":{"firedate":"2026-09-19","area_ha":88.0,"country":"RO"}},{"type":"Feature","geometry":{"type":"Polygon","coordinates":[[[39.03041,48.4229],[39.03027,48.42253],[39.02749,48.42166],[39.02705,48.42171],[39.0276,48.42241],[39.0261,48.42202],[39.02513,48.42135],[39.02351,48.4214],[39.02044,48.42063],[39.01934,48.41885],[39.01818,48.41798],[39.01618,48.41795],[39.0137,48.41724],[39.01168,48.41708],[39.01143,48.41621],[39.00838,48.41413],[39.00318,48.41434],[39.00059,48.4149],[39.00009,48.41547],[39.00058,48.41768],[39.00135,48.41874],[39.00313,48.41886],[39.00687,48.4212],[39.00863,48.4218],[39.01737,48.42234],[39.0182,48.42197],[39.01945,48.42254],[39.02083,48.42262],[39.01937,48.42196],[39.01989,48.4216],[39.02303,48.42293],[39.03041,48.4229]]]},"properties":{"firedate":"2026-09-19","area_ha":94.0,"country":"UA"}},{"type":"Feature","geometry":{"type":"Polygon","coordinates":[[[36.30962,47.66039],[36.31021,47.66029],[36.31311,47.66149],[36.31363,47.66138],[36.31433,47.66],[36.3153,47.66012],[36.31566,47.65941],[36.31794,47.65818],[36.31758,47.65766],[36.31584,47.657],[36.31705,47.65591],[36.31876,47.65624],[36.31834,47.6551],[36.3196,47.65516],[36.32101,47.65397],[36.32096,47.65122],[36.32023,47.65022],[36.31897,47.64993],[36.31812,47.65102],[36.31467,47.65192],[36.31302,47.65347],[36.3118,47.65539],[36.30803,47.65532],[36.30802,47.65311],[36.30515,47.65318],[36.30305,47.654],[36.3002,47.65747],[36.2996,47.65909],[36.29776,47.65977],[36.29642,47.66115],[36.29813,47.66331],[36.29959,47.66348],[36.30313,47.66155],[36.30297,47.6611],[36.30378,47.65956],[36.30504,47.6586],[36.30554,47.65916],[36.30618,47.6614],[36.30659,47.66161],[36.30845,47.66142],[36.30962,47.66039]]]},"properties":{"firedate":"2026-09-19","area_ha":122.0,"country":"UA"}},{"type":"Feature","geometry":{"type":"Polygon","coordinates":[[[38.26999,48.60733],[38.27175,48.60605],[38.2739,48.60722],[38.27572,48.60733],[38.27813,48.60682],[38.27751,48.60976],[38.2786,48.61058],[38.28004,48.60952],[38.28028,48.60716],[38.28087,48.60542],[38.28082,48.60327],[38.27986,48.60063],[38.28066,48.59728],[38.28045,48.59694],[38.27611,48.59472],[38.27251,48.59379],[38.26519,48.59601],[38.26559,48.59744],[38.26459,48.59924],[38.2664,48.59976],[38.2669,48.60047],[38.26637,48.6031],[38.26497,48.60509],[38.26484,48.60619],[38.26685,48.60727],[38.26999,48.60733]]]},"properties":{"firedate":"2026-09-19","area_ha":152.0,"country":"UA"}},{"type":"Feature","geometry":{"type":"Polygon","coordinates":[[[33.26141,46.52631],[33.26523,46.51004],[33.26455,46.5088],[33.25075,46.50686],[33.24953,46.50787],[33.24553,46.52456],[33.24621,46.5258],[33.2602,46.52732],[33.26141,46.52631]]]},"properties":{"firedate":"2026-09-19","area_ha":258.0,"country":"UA"}},{"type":"Feature","geometry":{"type":"Polygon","coordinates":[[[-7.3353,37.27691],[-7.33428,37.27622],[-7.33392,37.27674],[-7.33308,37.27694],[-7.33312,37.27572],[-7.33209,37.27478],[-7.33173,37.27507],[-7.33113,37.27451],[-7.33106,37.27265],[-7.33158,37.27258],[-7.33159,37.2712],[-7.33048,37.26956],[-7.33025,37.26856],[-7.33154,37.26649],[-7.33205,37.26648],[-7.33211,37.26562],[-7.33285,37.26623],[-7.33273,37.26563],[-7.33334,37.26474],[-7.33456,37.26441],[-7.33369,37.26521],[-7.33472,37.26553],[-7.33467,37.26492],[-7.33516,37.26484],[-7.3353,37.26438],[-7.33611,37.26476],[-7.33557,37.26326],[-7.33431,37.26271],[-7.33275,37.2638],[-7.33281,37.26305],[-7.33225,37.26266],[-7.33203,37.26381],[-7.33147,37.26349],[-7.3312,37.26405],[-7.33044,37.26397],[-7.33002,37.26322],[-7.32943,37.26321],[-7.32885,37.26256],[-7.32848,37.2616],[-7.3294,37.26139],[-7.32869,37.26123],[-7.32753,37.26159],[-7.32653,37.26067],[-7.32647,37.26105],[-7.32603,37.26091],[-7.32517,37.25985],[-7.32619,37.25975],[-7.3271,37.26011],[-7.3291,37.25927],[-7.33154,37.25877],[-7.33292,37.25738],[-7.33398,37.2568],[-7.33445,37.25723],[-7.33561,37.25607],[-7.33645,37.25655],[-7.33706,37.25767],[-7.33709,37.25678],[-7.33801,37.25687],[-7.33755,37.25655],[-7.34018,37.25594],[-7.34104,37.25631],[-7.34129,37.25729],[-7.3412,37.25632],[-7.34143,37.25624],[-7.34209,37.25733],[-7.34308,37.2571],[-7.34449,37.25742],[-7.34541,37.25702],[-7.34567,37.25773],[-7.34672,37.25844],[-7.34613,37.25902],[-7.34653,37.25929],[-7.34626,37.25963],[-7.34677,37.25962],[-7.34711,37.26036],[-7.34768,37.25988],[-7.34929,37.25979],[-7.35163,37.26173],[-7.35115,37.26209],[-7.35229,37.26304],[-7.35232,37.26386],[-7.35199,37.26415],[-7.35439,37.26524],[-7.35433,37.26714],[-7.35517,37.26811],[-7.35451,37.26875],[-7.3538,37.26876],[-7.35385,37.26836],[-7.35359,37.26832],[-7.35257,37.26882],[-7.35221,37.26854],[-7.35392,37.26763],[-7.35361,37.26711],[-7.352,37.26679],[-7.35181,37.26746],[-7.35043,37.26708],[-7.35274,37.26951],[-7.35154,37.26852],[-7.35062,37.26871],[-7.35066,37.26809],[-7.35014,37.26845],[-7.35048,37.26775],[-7.35011,37.26753],[-7.34849,37.26788],[-7.34918,37.26836],[-7.34921,37.2693],[-7.34844,37.2693],[-7.34835,37.27024],[-7.34736,37.27026],[-7.34665,37.26941],[-7.34614,37.2694],[-7.34611,37.26858],[-7.34571,37.26813],[-7.34644,37.26807],[-7.34673,37.26859],[-7.34719,37.2681],[-7.34815,37.26835],[-7.34809,37.26801],[-7.34739,37.26779],[-7.34786,37.26732],[-7.3488,37.26741],[-7.34906,37.26681],[-7.34861,37.26636],[-7.34688,37.26659],[-7.34637,37.26708],[-7.34588,37.26699],[-7.34571,37.26753],[-7.3443,37.26771],[-7.34559,37.26973],[-7.34345,37.26959],[-7.34367,37.27093],[-7.3453,37.27142],[-7.34613,37.27246],[-7.34722,37.27174],[-7.34791,37.27172],[-7.35034,37.27404],[-7.35005,37.2752],[-7.35037,37.27565],[-7.34973,37.27626],[-7.35009,37.27745],[-7.34987,37.27809],[-7.34844,37.2771],[-7.34912,37.27506],[-7.34991,37.27504],[-7.34575,37.27388],[-7.34781,37.27475],[-7.3476,37.27703],[-7.34815,37.27736],[-7.3476,37.27771],[-7.34755,37.27813],[-7.34785,37.28031],[-7.34575,37.2808],[-7.34564,37.28119],[-7.3419,37.27915],[-7.34209,37.27998],[-7.34171,37.28212],[-7.33966,37.28197],[-7.33638,37.28047],[-7.33608,37.2797],[-7.33539,37.27938],[-7.3356,37.27901],[-7.33511,37.2789],[-7.33519,37.27831],[-7.33429,37.27887],[-7.33365,37.27857],[-7.3341,37.27785],[-7.33322,37.27818],[-7.33349,37.27766],[-7.3353,37.27691]],[[-7.34646,37.2612],[-7.34424,37.26152],[-7.34392,37.26172],[-7.34419,37.26224],[-7.34529,37.26261],[-7.34549,37.26215],[-7.34564,37.26245],[-7.34626,37.26206],[-7.34607,37.26168],[-7.34661,37.26149],[-7.34646,37.2612]]]},"properties":{"firedate":"2026-09-19","area_ha":405.0,"country":"ES"}},{"type":"Feature","geometry":{"type":"Polygon","coordinates":[[[-8.19605,40.21968],[-8.19947,40.22544],[-8.19808,40.22682],[-8.19523,40.2273],[-8.19153,40.22457],[-8.18761,40.22674],[-8.18646,40.22596],[-8.18449,40.22838],[-8.18084,40.22807],[-8.18042,40.2269],[-8.17965,40.22754],[-8.17902,40.22719],[-8.17965,40.22648],[-8.17908,40.22609],[-8.17934,40.22555],[-8.17833,40.22574],[-8.17865,40.22527],[-8.17796,40.22502],[-8.17774,40.22386],[-8.17709,40.22413],[-8.17712,40.2224],[-8.17584,40.2205],[-8.17778,40.21771],[-8.17714,40.21681],[-8.17813,40.21521],[-8.17783,40.21366],[-8.17446,40.21248],[-8.17504,40.21211],[-8.1748,40.21101],[-8.17408,40.21089],[-8.17211,40.20833],[-8.17472,40.20693],[-8.1738,40.20626],[-8.17476,40.20511],[-8.1722,40.20457],[-8.17186,40.20539],[-8.17276,40.20663],[-8.17121,40.20669],[-8.17082,40.20483],[-8.16909,40.20375],[-8.16882,40.20164],[-8.17009,40.20075],[-8.16815,40.20039],[-8.16733,40.20203],[-8.16447,40.20313],[-8.16398,40.20117],[-8.16283,40.20051],[-8.16401,40.19865],[-8.16233,40.19984],[-8.16101,40.19962],[-8.16196,40.19883],[-8.16168,40.1985],[-8.15899,40.20097],[-8.15725,40.20156],[-8.16051,40.19779],[-8.16097,40.19635],[-8.1631,40.19657],[-8.16265,40.19463],[-8.16041,40.19389],[-8.16115,40.19249],[-8.16373,40.19241],[-8.16515,40.19375],[-8.16631,40.19316],[-8.1668,40.19169],[-8.16634,40.19061],[-8.16523,40.19008],[-8.1667,40.18989],[-8.16709,40.18938],[-8.16665,40.18905],[-8.16784,40.18895],[-8.16915,40.18727],[-8.17117,40.18803],[-8.17229,40.19279],[-8.1744,40.1931],[-8.17714,40.19644],[-8.1787,40.19694],[-8.17823,40.19796],[-8.18088,40.19934],[-8.18127,40.20014],[-8.18044,40.20109],[-8.18263,40.20152],[-8.18387,40.20211],[-8.18357,40.20266],[-8.18597,40.20341],[-8.18778,40.20579],[-8.18784,40.20745],[-8.18895,40.20747],[-8.1907,40.20887],[-8.19027,40.2103],[-8.19119,40.21305],[-8.19452,40.21927],[-8.19605,40.21968]],[[-8.17135,40.19405],[-8.1694,40.19339],[-8.16912,40.19359],[-8.17072,40.19554],[-8.17166,40.19484],[-8.17135,40.19405]],[[-8.17318,40.20386],[-8.17412,40.20406],[-8.17161,40.20295],[-8.17203,40.20399],[-8.17304,40.20432],[-8.17318,40.20386]],[[-8.1655,40.19904],[-8.1661,40.19846],[-8.16633,40.19821],[-8.16527,40.19824],[-8.1655,40.19904]],[[-8.17611,40.20486],[-8.17605,40.20387],[-8.17572,40.20405],[-8.17611,40.20486]],[[-8.16929,40.19289],[-8.17001,40.19208],[-8.16898,40.19207],[-8.16929,40.19289]],[[-8.18841,40.22137],[-8.18832,40.22196],[-8.18901,40.22213],[-8.18815,40.22386],[-8.19019,40.22339],[-8.19064,40.22442],[-8.19167,40.22399],[-8.19059,40.2232],[-8.19062,40.22196],[-8.18841,40.22137]]]},"properties":{"firedate":"2026-09-19","area_ha":562.0,"country":"PT"}},{"type":"Feature","geometry":{"type":"Polygon","coordinates":[[[9.31482,42.63727],[9.31456,42.63689],[9.31415,42.63726],[9.31433,42.6375],[9.31482,42.63727]]]},"properties":{"firedate":"2026-09-20","area_ha":0.0,"country":"FR"}},{"type":"Feature","geometry":{"type":"Polygon","coordinates":[[[-8.47575,41.72961],[-8.47553,41.7289],[-8.47653,41.72878],[-8.4766,41.72921],[-8.47697,41.72828],[-8.47782,41.728],[-8.47718,41.72933],[-8.47575,41.72961]]]},"properties":{"firedate":"2026-09-20","area_ha":1.0,"country":"PT"}},{"type":"Feature","geometry":{"type":"Polygon","coordinates":[[[13.96127,41.47122],[13.96059,41.4709],[13.95999,41.47179],[13.9604,41.47191],[13.96127,41.47122]]]},"properties":{"firedate":"2026-09-20","area_ha":1.0,"country":"IT"}},{"type":"Feature","geometry":{"type":"Polygon","coordinates":[[[19.72367,40.29389],[19.72315,40.29275],[19.72321,40.29176],[19.72287,40.29157],[19.7225,40.29196],[19.72287,40.29256],[19.72233,40.29325],[19.72287,40.29318],[19.72278,40.29353],[19.7233,40.2934],[19.72354,40.29385],[19.72306,40.29384],[19.72367,40.29389]]]},"properties":{"firedate":"2026-09-20","area_ha":1.0,"country":"AL"}},{"type":"Feature","geometry":{"type":"Polygon","coordinates":[[[-3.77675,40.78788],[-3.77658,40.78758],[-3.77711,40.78698],[-3.77769,40.78693],[-3.77847,40.78746],[-3.77804,40.78792],[-3.77675,40.78788]]]},"properties":{"firedate":"2026-09-20","area_ha":1.0,"country":"ES"}},{"type":"Feature","geometry":{"type":"Polygon","coordinates":[[[22.73514,44.80188],[22.73453,44.80173],[22.73292,44.80227],[22.73305,44.80301],[22.73367,44.80305],[22.73514,44.80188]]]},"properties":{"firedate":"2026-09-20","area_ha":1.0,"country":"RO"}},{"type":"Feature","geometry":{"type":"Polygon","coordinates":[[[9.50896,36.9884],[9.50843,36.98819],[9.50714,36.9895],[9.50754,36.98956],[9.50896,36.9884]]]},"properties":{"firedate":"2026-09-20","area_ha":1.0,"country":"TN"}},{"type":"Feature","geometry":{"type":"Polygon","coordinates":[[[9.31745,42.6382],[9.31643,42.63709],[9.31521,42.63739],[9.31606,42.63789],[9.31606,42.63883],[9.31745,42.6382]]]},"properties":{"firedate":"2026-09-20","area_ha":2.0,"country":"FR"}},{"type":"Feature","geometry":{"type":"Polygon","coordinates":[[[22.79506,49.52387],[22.79587,49.52353],[22.79532,49.52274],[22.79599,49.52292],[22.79695,49.5226],[22.79722,49.52301],[22.79773,49.52293],[22.79703,49.52235],[22.79502,49.52203],[22.79458,49.52272],[22.79522,49.5233],[22.79447,49.52364],[22.79506,49.52387]]]},"properties":{"firedate":"2026-09-20","area_ha":2.0,"country":"UA"}},{"type":"Feature","geometry":{"type":"Polygon","coordinates":[[[9.50764,36.99095],[9.50968,36.98996],[9.51082,36.98996],[9.51014,36.98879],[9.50784,36.99043],[9.50764,36.99095]]]},"properties":{"firedate":"2026-09-20","area_ha":2.0,"country":"TN"}},{"type":"Feature","geometry":{"type":"Polygon","coordinates":[[[-0.73284,45.00781],[-0.7319,45.00637],[-0.73199,45.00611],[-0.7338,45.00668],[-0.73472,45.00761],[-0.73418,45.00806],[-0.73284,45.00781]]]},"properties":{"firedate":"2026-09-20","area_ha":3.0,"country":"FR"}},{"type":"Feature","geometry":{"type":"Polygon","coordinates":[[[38.41405,49.0291],[38.41345,49.02878],[38.4121,49.02886],[38.41165,49.02931],[38.41114,49.02916],[38.41099,49.02995],[38.41186,49.02996],[38.41216,49.03047],[38.41321,49.03019],[38.41405,49.0291]]]},"properties":{"firedate":"2026-09-20","area_ha":3.0,"country":"UA"}},{"type":"Feature","geometry":{"type":"Polygon","coordinates":[[[-0.40104,42.94597],[-0.40051,42.94573],[-0.40043,42.94538],[-0.40077,42.94526],[-0.40028,42.94497],[-0.39892,42.9459],[-0.39927,42.94545],[-0.39881,42.94521],[-0.39954,42.94529],[-0.39972,42.94498],[-0.3991,42.94462],[-0.39894,42.94353],[-0.39932,42.94375],[-0.39964,42.94313],[-0.40044,42.94289],[-0.40138,42.94359],[-0.40063,42.94414],[-0.40149,42.94554],[-0.40104,42.94597]]]},"properties":{"firedate":"2026-09-20","area_ha":4.0,"country":"FR"}},{"type":"Feature","geometry":{"type":"Polygon","coordinates":[[[-8.55694,40.37495],[-8.55539,40.37514],[-8.55377,40.37466],[-8.55327,40.37389],[-8.55272,40.37371],[-8.55327,40.37325],[-8.5527,40.37331],[-8.55263,40.37295],[-8.55327,40.37264],[-8.55361,40.37303],[-8.55368,40.3728],[-8.55637,40.37377],[-8.55579,40.37399],[-8.55719,40.37457],[-8.55694,40.37495]]]},"properties":{"firedate":"2026-09-20","area_ha":5.0,"country":"PT"}},{"type":"Feature","geometry":{"type":"Polygon","coordinates":[[[9.5024,36.98637],[9.50283,36.98533],[9.50201,36.98529],[9.50111,36.98598],[9.50094,36.98671],[9.49802,36.98754],[9.50099,36.98805],[9.50112,36.98724],[9.50239,36.98704],[9.5024,36.98637]]]},"properties":{"firedate":"2026-09-20","area_ha":5.0,"country":"TN"}},{"type":"Feature","geometry":{"type":"Polygon","coordinates":[[[13.17768,43.14201],[13.17857,43.14094],[13.17846,43.14046],[13.17645,43.1404],[13.17539,43.14072],[13.17503,43.1409],[13.17554,43.14119],[13.17424,43.14172],[13.17402,43.14292],[13.17458,43.14249],[13.17544,43.14254],[13.17578,43.14198],[13.17609,43.14255],[13.17768,43.14201]]]},"properties":{"firedate":"2026-09-20","area_ha":6.0,"country":"IT"}},{"type":"Feature","geometry":{"type":"Polygon","coordinates":[[[21.67463,44.37125],[21.67565,44.36891],[21.67545,44.3686],[21.67331,44.36885],[21.67278,44.36919],[21.67325,44.36978],[21.67282,44.37083],[21.67116,44.37137],[21.67141,44.37163],[21.67294,44.3716],[21.67463,44.37125]]]},"properties":{"firedate":"2026-09-20","area_ha":6.0,"country":"RS"}},{"type":"Feature","geometry":{"type":"Polygon","coordinates":[[[21.24756,42.53695],[21.24812,42.53632],[21.24682,42.53617],[21.24707,42.53512],[21.24745,42.5349],[21.24809,42.53537],[21.24925,42.53508],[21.24963,42.53418],[21.24717,42.53414],[21.24601,42.53514],[21.24569,42.53686],[21.24756,42.53695]]]},"properties":{"firedate":"2026-09-20","area_ha":6.0,"country":"KS"}},{"type":"Feature","geometry":{"type":"Polygon","coordinates":[[[34.42174,45.75405],[34.4224,45.75313],[34.42392,45.7525],[34.42399,45.75155],[34.4223,45.75133],[34.42159,45.75203],[34.42192,45.75264],[34.42017,45.75347],[34.4191,45.75263],[34.41879,45.75278],[34.41984,45.75448],[34.42174,45.75405]]]},"properties":{"firedate":"2026-09-20","area_ha":6.0,"country":"UA"}},{"type":"Feature","geometry":{"type":"Polygon","coordinates":[[[19.35195,40.63044],[19.35199,40.63273],[19.35235,40.63301],[19.35406,40.63303],[19.35502,40.63346],[19.35653,40.63257],[19.35444,40.6321],[19.35327,40.63015],[19.35195,40.63044]]]},"properties":{"firedate":"2026-09-20","area_ha":7.0,"country":"AL"}},{"type":"Feature","geometry":{"type":"Polygon","coordinates":[[[-7.91174,40.92703],[-7.91101,40.92578],[-7.91152,40.92437],[-7.91314,40.92366],[-7.91498,40.92401],[-7.915,40.9247],[-7.91341,40.92645],[-7.91174,40.92703]]]},"properties":{"firedate":"2026-09-20","area_ha":8.0,"country":"PT"}},{"type":"Feature","geometry":{"type":"Polygon","coordinates":[[[22.59887,44.12809],[22.59821,44.13003],[22.59859,44.13072],[22.59943,44.13025],[22.5991,44.12935],[22.60169,44.12954],[22.60198,44.12932],[22.60179,44.129],[22.60282,44.12858],[22.60246,44.12721],[22.60176,44.12697],[22.60161,44.12618],[22.60104,44.12572],[22.60058,44.12586],[22.60018,44.12737],[22.59887,44.12809]]]},"properties":{"firedate":"2026-09-20","area_ha":10.0,"country":"RS"}},{"type":"Feature","geometry":{"type":"Polygon","coordinates":[[[36.90205,47.1645],[36.90297,47.1634],[36.90351,47.16005],[36.90327,47.15969],[36.90098,47.15931],[36.90057,47.15963],[36.9006,47.16057],[36.90008,47.16051],[36.90005,47.16243],[36.90073,47.16257],[36.90205,47.1645]]]},"properties":{"firedate":"2026-09-20","area_ha":10.0,"country":"UA"}},{"type":"Feature","geometry":{"type":"Polygon","coordinates":[[[1.76962,42.69995],[1.77026,42.70202],[1.7715,42.70261],[1.77149,42.70224],[1.7703,42.70156],[1.77089,42.7014],[1.77066,42.70103],[1.7712,42.70115],[1.77141,42.70067],[1.77207,42.70049],[1.77264,42.70067],[1.77201,42.70086],[1.77254,42.7011],[1.77523,42.70084],[1.77538,42.69964],[1.77643,42.69889],[1.77567,42.69853],[1.7748,42.69913],[1.77403,42.69915],[1.77367,42.69849],[1.77317,42.69847],[1.77267,42.69904],[1.77152,42.69908],[1.76962,42.69995]]]},"properties":{"firedate":"2026-09-20","area_ha":11.0,"country":"FR"}},{"type":"Feature","geometry":{"type":"Polygon","coordinates":[[[35.63305,47.71007],[35.63324,47.70873],[35.63284,47.70819],[35.63011,47.70789],[35.62854,47.7073],[35.62702,47.70771],[35.6281,47.70826],[35.62816,47.70884],[35.62727,47.70926],[35.62829,47.70962],[35.62827,47.71034],[35.62939,47.71001],[35.63072,47.71052],[35.63144,47.71002],[35.63259,47.71096],[35.63256,47.71039],[35.63305,47.71007]]]},"properties":{"firedate":"2026-09-20","area_ha":11.0,"country":"UA"}},{"type":"Feature","geometry":{"type":"Polygon","coordinates":[[[27.50172,48.89608],[27.50139,48.89546],[27.50298,48.89517],[27.49914,48.89382],[27.49771,48.89219],[27.49571,48.89558],[27.49592,48.89645],[27.49702,48.89608],[27.50172,48.89608]]]},"properties":{"firedate":"2026-09-20","area_ha":11.0,"country":"UA"}},{"type":"Feature","geometry":{"type":"Polygon","coordinates":[[[8.5438,40.6283],[8.5435,40.62876],[8.54377,40.62918],[8.54284,40.63001],[8.54335,40.63036],[8.54657,40.63102],[8.54752,40.63016],[8.54744,40.62918],[8.54704,40.62965],[8.54614,40.62906],[8.54649,40.62827],[8.54603,40.62825],[8.54624,40.628],[8.54576,40.62801],[8.54559,40.62766],[8.54633,40.62768],[8.54643,40.62727],[8.54571,40.62623],[8.5435,40.62762],[8.5438,40.6283]]]},"properties":{"firedate":"2026-09-20","area_ha":12.0,"country":"IT"}},{"type":"Feature","geometry":{"type":"Polygon","coordinates":[[[19.61508,40.36084],[19.61744,40.35855],[19.61703,40.3577],[19.61638,40.35752],[19.61497,40.3579],[19.61488,40.35658],[19.6139,40.35603],[19.61295,40.35627],[19.61292,40.3576],[19.61218,40.35829],[19.6126,40.35983],[19.61508,40.36084]]]},"properties":{"firedate":"2026-09-20","area_ha":14.0,"country":"AL"}},{"type":"Feature","geometry":{"type":"Polygon","coordinates":[[[35.68255,47.89282],[35.68206,47.89173],[35.68086,47.89106],[35.67478,47.89018],[35.67403,47.88974],[35.67423,47.88877],[35.67293,47.88867],[35.67314,47.88991],[35.6737,47.89069],[35.67599,47.89183],[35.67728,47.89185],[35.68039,47.89373],[35.68152,47.89373],[35.68255,47.89282]]]},"properties":{"firedate":"2026-09-20","area_ha":14.0,"country":"UA"}},{"type":"Feature","geometry":{"type":"Polygon","coordinates":[[[34.23878,51.38108],[34.24022,51.38056],[34.2393,51.38005],[34.23915,51.37918],[34.23994,51.37866],[34.23977,51.3772],[34.23823,51.37528],[34.23853,51.37497],[34.23836,51.37458],[34.23794,51.37418],[34.23557,51.37444],[34.23562,51.375],[34.23628,51.3751],[34.23526,51.37597],[34.23625,51.37783],[34.2352,51.37807],[34.23623,51.37902],[34.23703,51.37868],[34.23746,51.3801],[34.23816,51.37993],[34.23876,51.38051],[34.23878,51.38108]]]},"properties":{"firedate":"2026-09-20","area_ha":15.0,"country":"UA"}},{"type":"Feature","geometry":{"type":"Polygon","coordinates":[[[35.74643,47.57877],[35.74649,47.57827],[35.74492,47.57744],[35.74414,47.57754],[35.74306,47.57677],[35.74054,47.57599],[35.74047,47.57547],[35.74243,47.57522],[35.7423,47.57436],[35.73719,47.57345],[35.73774,47.57483],[35.73978,47.57696],[35.74094,47.57689],[35.74206,47.57739],[35.74198,47.57905],[35.74272,47.57998],[35.74433,47.58024],[35.74643,47.57877]]]},"properties":{"firedate":"2026-09-20","area_ha":18.0,"country":"UA"}},{"type":"Feature","geometry":{"type":"Polygon","coordinates":[[[33.19633,46.2561],[33.19727,46.25458],[33.19737,46.25295],[33.19648,46.25204],[33.19354,46.25176],[33.19392,46.2511],[33.19321,46.25101],[33.19165,46.25341],[33.19139,46.25454],[33.1942,46.25589],[33.19467,46.2565],[33.19633,46.2561]]]},"properties":{"firedate":"2026-09-20","area_ha":18.0,"country":"UA"}},{"type":"Feature","geometry":{"type":"Polygon","coordinates":[[[-8.03762,40.25951],[-8.03585,40.25806],[-8.03564,40.25725],[-8.03703,40.25638],[-8.03933,40.25618],[-8.04007,40.2566],[-8.04111,40.25598],[-8.04122,40.25646],[-8.04044,40.25704],[-8.04127,40.25825],[-8.04212,40.25857],[-8.04197,40.25953],[-8.03978,40.26079],[-8.03884,40.25984],[-8.03762,40.25951]]]},"properties":{"firedate":"2026-09-20","area_ha":18.0,"country":"PT"}},{"type":"Feature","geometry":{"type":"Polygon","coordinates":[[[34.24588,51.17921],[34.25358,51.18141],[34.2542,51.18046],[34.25318,51.17864],[34.25304,51.17761],[34.25261,51.178],[34.25117,51.17822],[34.24844,51.17791],[34.24837,51.17761],[34.24632,51.17695],[34.24686,51.17643],[34.24666,51.17623],[34.24597,51.17624],[34.24506,51.17687],[34.24363,51.17701],[34.24373,51.17739],[34.24525,51.17822],[34.24635,51.178],[34.24507,51.17857],[34.24588,51.17921]]]},"properties":{"firedate":"2026-09-20","area_ha":20.0,"country":"UA"}},{"type":"Feature","geometry":{"type":"Polygon","coordinates":[[[34.44695,47.42598],[34.44737,47.4253],[34.44668,47.42478],[34.43823,47.42514],[34.43904,47.42924],[34.44127,47.42873],[34.44695,47.42598]]]},"properties":{"firedate":"2026-09-20","area_ha":21.0,"country":"UA"}},{"type":"Feature","geometry":{"type":"Polygon","coordinates":[[[22.78004,48.50601],[22.7787,48.50712],[22.77853,48.50782],[22.77611,48.5073],[22.77569,48.50747],[22.77541,48.50783],[22.77558,48.50873],[22.7782,48.50904],[22.77982,48.50995],[22.77994,48.51044],[22.78189,48.5114],[22.78291,48.51133],[22.78372,48.51049],[22.78532,48.51066],[22.786,48.51037],[22.78562,48.50894],[22.78477,48.50841],[22.78202,48.50784],[22.78219,48.50655],[22.78151,48.50576],[22.78004,48.50601]]]},"properties":{"firedate":"2026-09-20","area_ha":23.0,"country":"UA"}},{"type":"Feature","geometry":{"type":"Polygon","coordinates":[[[38.00752,48.93998],[38.0066,48.93945],[38.00642,48.93886],[38.00585,48.93889],[38.00505,48.93951],[38.00214,48.94052],[38.00205,48.94098],[37.99739,48.9411],[37.99766,48.94186],[37.99868,48.94183],[37.99895,48.94243],[37.99808,48.94281],[37.99738,48.94299],[37.99529,48.94259],[37.99616,48.94338],[37.99579,48.94355],[37.99749,48.94354],[37.99838,48.94395],[37.99881,48.94349],[37.99995,48.94359],[38.00103,48.94305],[38.00192,48.94313],[38.00184,48.94347],[38.00228,48.94358],[38.00437,48.94291],[38.00547,48.94293],[38.00635,48.94251],[38.00752,48.93998]]]},"properties":{"firedate":"2026-09-20","area_ha":23.0,"country":"UA"}},{"type":"Feature","geometry":{"type":"Polygon","coordinates":[[[34.9379,47.89282],[34.93772,47.89194],[34.93684,47.8911],[34.94168,47.89155],[34.94247,47.89018],[34.93965,47.88996],[34.93977,47.88931],[34.93886,47.88905],[34.93906,47.88806],[34.9378,47.88787],[34.93519,47.88544],[34.93348,47.89169],[34.93364,47.89214],[34.9379,47.89282]]]},"properties":{"firedate":"2026-09-20","area_ha":26.0,"country":"UA"}},{"type":"Feature","geometry":{"type":"Polygon","coordinates":[[[9.5163,36.98822],[9.51645,36.99019],[9.5179,36.99028],[9.51857,36.99086],[9.51925,36.99089],[9.51947,36.99029],[9.51909,36.98932],[9.52078,36.98852],[9.52077,36.98727],[9.52159,36.9862],[9.52086,36.98394],[9.51818,36.98437],[9.51812,36.98478],[9.51875,36.98567],[9.5183,36.98683],[9.51888,36.98748],[9.51864,36.98772],[9.51814,36.98775],[9.51727,36.98683],[9.51639,36.9865],[9.51529,36.98743],[9.51426,36.98749],[9.51304,36.98834],[9.51229,36.98799],[9.51192,36.98819],[9.51249,36.98871],[9.51349,36.9888],[9.51427,36.9893],[9.5163,36.98822]]]},"properties":{"firedate":"2026-09-20","area_ha":26.0,"country":"TN"}},{"type":"Feature","geometry":{"type":"Polygon","coordinates":[[[37.34174,48.55574],[37.34395,48.55365],[37.34477,48.55221],[37.3434,48.55019],[37.34462,48.54872],[37.34413,48.54805],[37.3427,48.54771],[37.3418,48.54774],[37.3407,48.54852],[37.34068,48.54923],[37.34136,48.55],[37.33953,48.55163],[37.33949,48.55391],[37.33823,48.55386],[37.33776,48.55471],[37.33838,48.55555],[37.34174,48.55574]]]},"properties":{"firedate":"2026-09-20","area_ha":26.0,"country":"UA"}},{"type":"Feature","geometry":{"type":"Polygon","coordinates":[[[22.34812,44.76155],[22.34818,44.76099],[22.34622,44.7595],[22.34368,44.75859],[22.34232,44.75678],[22.33958,44.75643],[22.33863,44.75681],[22.33899,44.75886],[22.34045,44.76011],[22.34149,44.76195],[22.34258,44.76214],[22.34812,44.76155]]]},"properties":{"firedate":"2026-09-20","area_ha":26.0,"country":"RO"}},{"type":"Feature","geometry":{"type":"Polygon","coordinates":[[[9.507,36.9887],[9.50696,36.98723],[9.50624,36.98638],[9.50609,36.98554],[9.504,36.98512],[9.50357,36.98603],[9.50423,36.98662],[9.50398,36.98693],[9.50327,36.98727],[9.50289,36.98794],[9.5024,36.98728],[9.50193,36.98748],[9.5012,36.98922],[9.50061,36.98935],[9.50023,36.9887],[9.49912,36.98914],[9.49777,36.99037],[9.49723,36.99159],[9.49788,36.99219],[9.49947,36.99101],[9.50233,36.99055],[9.50275,36.99121],[9.50162,36.99208],[9.50247,36.99241],[9.50377,36.99154],[9.50532,36.99121],[9.50442,36.99048],[9.50472,36.98965],[9.50336,36.98976],[9.5028,36.98955],[9.50301,36.98929],[9.50589,36.9879],[9.50606,36.98871],[9.507,36.98967],[9.50728,36.98961],[9.50733,36.98908],[9.507,36.9887]]]},"properties":{"firedate":"2026-09-20","area_ha":27.0,"country":"TN"}},{"type":"Feature","geometry":{"type":"Polygon","coordinates":[[[38.23525,48.46346],[38.23772,48.46353],[38.2395,48.46429],[38.24027,48.46512],[38.24505,48.46288],[38.24564,48.46212],[38.24482,48.46075],[38.24463,48.45874],[38.24332,48.45714],[38.24267,48.45881],[38.24035,48.46036],[38.23617,48.46183],[38.23434,48.46177],[38.23352,48.46214],[38.23405,48.46302],[38.23525,48.46346]]]},"properties":{"firedate":"2026-09-20","area_ha":32.0,"country":"UA"}},{"type":"Feature","geometry":{"type":"Polygon","coordinates":[[[29.60663,47.09571],[29.6068,47.09396],[29.60773,47.0929],[29.6095,47.08696],[29.60932,47.08376],[29.60993,47.08221],[29.6115,47.08066],[29.60665,47.08051],[29.60783,47.08241],[29.60778,47.08357],[29.60686,47.08735],[29.6051,47.09189],[29.60429,47.09548],[29.60438,47.09573],[29.60663,47.09571]]]},"properties":{"firedate":"2026-09-20","area_ha":32.0,"country":"MD"}},{"type":"Feature","geometry":{"type":"Polygon","coordinates":[[[30.06334,46.79829],[30.06462,46.79613],[30.06899,46.7955],[30.07078,46.7949],[30.07101,46.79445],[30.06943,46.79347],[30.06755,46.79337],[30.06526,46.79385],[30.06348,46.79363],[30.06188,46.79299],[30.06119,46.79397],[30.05589,46.79425],[30.05746,46.79643],[30.06334,46.79829]]]},"properties":{"firedate":"2026-09-20","area_ha":34.0,"country":"UA"}},{"type":"Feature","geometry":{"type":"Polygon","coordinates":[[[35.67537,47.66149],[35.67668,47.66265],[35.67756,47.66238],[35.68067,47.66322],[35.68225,47.66243],[35.683,47.66261],[35.68394,47.66231],[35.68777,47.66075],[35.6886,47.66028],[35.68869,47.65966],[35.68782,47.65913],[35.68659,47.65972],[35.68601,47.65868],[35.68312,47.65852],[35.68272,47.65803],[35.68107,47.65749],[35.68003,47.6564],[35.67906,47.6564],[35.67911,47.657],[35.67965,47.6575],[35.67891,47.6581],[35.6779,47.65814],[35.67831,47.6587],[35.67743,47.65878],[35.67675,47.65955],[35.67777,47.65969],[35.67599,47.66046],[35.67546,47.66104],[35.67537,47.66149]]]},"properties":{"firedate":"2026-09-20","area_ha":40.0,"country":"UA"}},{"type":"Feature","geometry":{"type":"Polygon","coordinates":[[[-5.66489,35.71696],[-5.66321,35.71801],[-5.66216,35.71937],[-5.6616,35.71943],[-5.66114,35.71889],[-5.66032,35.71896],[-5.65987,35.71933],[-5.65969,35.72017],[-5.65641,35.72147],[-5.65491,35.72274],[-5.65458,35.72266],[-5.65421,35.72168],[-5.65262,35.72043],[-5.655,35.71929],[-5.65585,35.71786],[-5.65701,35.71679],[-5.66037,35.71526],[-5.66331,35.71502],[-5.66412,35.7164],[-5.66489,35.71696]]]},"properties":{"firedate":"2026-09-20","area_ha":41.0,"country":"MA"}},{"type":"Feature","geometry":{"type":"Polygon","coordinates":[[[35.24289,48.10857],[35.24306,48.10791],[35.24442,48.10728],[35.24373,48.10612],[35.24048,48.10628],[35.24124,48.10079],[35.23964,48.09931],[35.24262,48.09718],[35.24274,48.09655],[35.24241,48.09634],[35.24075,48.09733],[35.23836,48.09778],[35.23729,48.09778],[35.23427,48.09689],[35.23403,48.09873],[35.23578,48.09948],[35.23803,48.10151],[35.23822,48.10253],[35.23734,48.10251],[35.23726,48.10279],[35.23702,48.10735],[35.23817,48.10766],[35.23857,48.10837],[35.23941,48.1088],[35.24289,48.10857]]]},"properties":{"firedate":"2026-09-20","area_ha":44.0,"country":"UA"}},{"type":"Feature","geometry":{"type":"Polygon","coordinates":[[[35.84338,47.61572],[35.84095,47.61478],[35.83893,47.6149],[35.8362,47.61547],[35.82627,47.61616],[35.82393,47.61601],[35.82157,47.61654],[35.82108,47.61718],[35.82434,47.61727],[35.82458,47.61775],[35.82732,47.61908],[35.8328,47.61878],[35.83392,47.61949],[35.83439,47.6191],[35.83413,47.61841],[35.84036,47.61743],[35.84338,47.61572]]]},"properties":{"firedate":"2026-09-20","area_ha":44.0,"country":"UA"}},{"type":"Feature","geometry":{"type":"Polygon","coordinates":[[[36.26471,49.09908],[36.26412,49.09779],[36.26148,49.09677],[36.26046,49.09499],[36.25954,49.09487],[36.25872,49.09534],[36.25911,49.09718],[36.25868,49.09778],[36.25726,49.09796],[36.25597,49.0987],[36.2519,49.09816],[36.24983,49.09844],[36.24401,49.09742],[36.24401,49.09819],[36.24285,49.10086],[36.24582,49.10153],[36.24799,49.101],[36.25524,49.10131],[36.25586,49.10057],[36.2607,49.0985],[36.26169,49.09833],[36.26471,49.09908]]]},"properties":{"firedate":"2026-09-20","area_ha":47.0,"country":"UA"}},{"type":"Feature","geometry":{"type":"Polygon","coordinates":[[[35.51123,47.66912],[35.51162,47.66857],[35.5114,47.66801],[35.51104,47.66799],[35.49975,47.66959],[35.49959,47.66913],[35.50075,47.66684],[35.50035,47.66675],[35.49295,47.66786],[35.49292,47.67125],[35.49371,47.67232],[35.49131,47.67353],[35.48812,47.67329],[35.48721,47.67226],[35.48451,47.67211],[35.48535,47.67417],[35.48915,47.67493],[35.49153,47.67445],[35.49661,47.67217],[35.51123,47.66912]]]},"properties":{"firedate":"2026-09-20","area_ha":54.0,"country":"UA"}},{"type":"Feature","geometry":{"type":"Polygon","coordinates":[[[32.741,46.34607],[32.74216,46.34451],[32.74449,46.33636],[32.74339,46.33615],[32.74148,46.33641],[32.73945,46.33681],[32.73913,46.33723],[32.73302,46.33641],[32.73375,46.33733],[32.73378,46.33842],[32.73544,46.34069],[32.73466,46.34178],[32.73552,46.3422],[32.73609,46.34355],[32.73722,46.34415],[32.73874,46.34433],[32.73923,46.34555],[32.741,46.34607]]]},"properties":{"firedate":"2026-09-20","area_ha":58.0,"country":"UA"}},{"type":"Feature","geometry":{"type":"Polygon","coordinates":[[[9.52591,36.94009],[9.52732,36.9403],[9.52742,36.94196],[9.52824,36.94254],[9.52991,36.9425],[9.53137,36.94065],[9.53112,36.94],[9.52927,36.93883],[9.52744,36.93699],[9.52643,36.93726],[9.52605,36.93889],[9.52428,36.93919],[9.52367,36.93659],[9.52258,36.93615],[9.52197,36.9364],[9.52194,36.93695],[9.52289,36.93897],[9.52379,36.93995],[9.52369,36.94047],[9.5229,36.94036],[9.52165,36.93835],[9.51998,36.93797],[9.51942,36.93829],[9.51762,36.94093],[9.51882,36.94251],[9.52171,36.9429],[9.52767,36.94563],[9.52819,36.94523],[9.52646,36.94295],[9.52586,36.94063],[9.52591,36.94009]]]},"properties":{"firedate":"2026-09-20","area_ha":59.0,"country":"TN"}},{"type":"Feature","geometry":{"type":"Polygon","coordinates":[[[21.27233,42.52528],[21.27193,42.52622],[21.27237,42.52702],[21.27134,42.52731],[21.27021,42.52662],[21.27115,42.52532],[21.26987,42.52408],[21.26746,42.52421],[21.26642,42.52471],[21.26523,42.52598],[21.26568,42.52647],[21.26404,42.52739],[21.26342,42.529],[21.26223,42.52995],[21.26241,42.53117],[21.26384,42.53219],[21.26612,42.53268],[21.26754,42.53166],[21.27025,42.53085],[21.27055,42.53038],[21.27023,42.52955],[21.27101,42.52974],[21.27153,42.53034],[21.27271,42.52967],[21.27418,42.5281],[21.275,42.52773],[21.27519,42.52561],[21.27613,42.52642],[21.27593,42.52732],[21.27697,42.52626],[21.27578,42.52552],[21.27509,42.52452],[21.27305,42.5247],[21.27233,42.52528]]]},"properties":{"firedate":"2026-09-20","area_ha":62.0,"country":"KS"}},{"type":"Feature","geometry":{"type":"Polygon","coordinates":[[[30.46988,46.61628],[30.46986,46.61464],[30.46848,46.61005],[30.46742,46.60841],[30.46646,46.60863],[30.46662,46.61056],[30.4629,46.61053],[30.46183,46.61157],[30.46183,46.61076],[30.46138,46.61068],[30.4543,46.61038],[30.45395,46.6118],[30.45486,46.61244],[30.45483,46.61317],[30.45665,46.61333],[30.45616,46.61541],[30.45708,46.61607],[30.46285,46.6164],[30.46475,46.61581],[30.46491,46.61415],[30.46768,46.61562],[30.46988,46.61628]]]},"properties":{"firedate":"2026-09-20","area_ha":67.0,"country":"UA"}},{"type":"Feature","geometry":{"type":"Polygon","coordinates":[[[38.99668,48.80296],[38.99847,48.80261],[39.00177,48.79946],[39.00177,48.79781],[38.99944,48.79227],[38.99868,48.79187],[38.99701,48.79204],[38.99571,48.79171],[38.99439,48.79248],[38.99067,48.79315],[38.99065,48.79502],[38.99244,48.79629],[38.99159,48.79727],[38.99221,48.79837],[38.9937,48.80039],[38.99668,48.80296]]]},"properties":{"firedate":"2026-09-20","area_ha":71.0,"country":"UA"}},{"type":"Feature","geometry":{"type":"Polygon","coordinates":[[[35.78014,47.58686],[35.78328,47.58795],[35.78409,47.58721],[35.78483,47.58766],[35.78439,47.5887],[35.78543,47.58997],[35.78706,47.58995],[35.78858,47.58856],[35.78993,47.58809],[35.7907,47.58611],[35.79021,47.58499],[35.78915,47.58431],[35.78774,47.58246],[35.78603,47.58327],[35.78516,47.58437],[35.78463,47.58363],[35.78134,47.58334],[35.78323,47.58261],[35.78289,47.58106],[35.78158,47.5811],[35.77999,47.58216],[35.78016,47.58298],[35.77797,47.58226],[35.77846,47.58118],[35.77775,47.58035],[35.77637,47.58042],[35.77464,47.58123],[35.77321,47.58106],[35.7732,47.58152],[35.77266,47.58165],[35.77145,47.58129],[35.77084,47.582],[35.77264,47.58346],[35.77097,47.58259],[35.77016,47.58254],[35.77166,47.58378],[35.77443,47.58511],[35.77498,47.58584],[35.77957,47.58723],[35.78014,47.58686]]]},"properties":{"firedate":"2026-09-20","area_ha":78.0,"country":"UA"}},{"type":"Feature","geometry":{"type":"Polygon","coordinates":[[[36.99198,49.21252],[36.99406,49.21272],[36.99372,49.21286],[36.99374,49.21362],[36.99234,49.21517],[36.99337,49.21627],[36.99415,49.21638],[36.99633,49.21452],[36.99583,49.21337],[36.9962,49.21254],[36.99741,49.21137],[36.99756,49.21057],[37.00028,49.21],[37.00071,49.21129],[37.00336,49.21017],[37.00409,49.20911],[37.00381,49.20819],[37.00515,49.20648],[37.00241,49.20438],[37.00113,49.2041],[36.99938,49.20471],[36.9982,49.20562],[36.99017,49.20571],[36.98827,49.20726],[36.99022,49.20908],[36.98902,49.21034],[36.98908,49.211],[36.99198,49.21252]]]},"properties":{"firedate":"2026-09-20","area_ha":83.0,"country":"UA"}},{"type":"Feature","geometry":{"type":"Polygon","coordinates":[[[35.51859,47.7559],[35.51871,47.75409],[35.51828,47.75302],[35.51736,47.75213],[35.51622,47.75342],[35.51444,47.75407],[35.51058,47.75347],[35.50497,47.75174],[35.50461,47.75106],[35.50131,47.74899],[35.50231,47.74437],[35.50059,47.74449],[35.49827,47.74817],[35.49942,47.75078],[35.49981,47.75328],[35.50086,47.75444],[35.50266,47.75533],[35.50267,47.75592],[35.50105,47.75792],[35.50162,47.75997],[35.50093,47.76147],[35.50113,47.76284],[35.49911,47.76596],[35.50093,47.76583],[35.50211,47.76619],[35.50423,47.7633],[35.50411,47.76109],[35.50703,47.75676],[35.51134,47.75528],[35.51453,47.75535],[35.51579,47.75661],[35.51422,47.75961],[35.51698,47.75822],[35.51859,47.7559]]]},"properties":{"firedate":"2026-09-20","area_ha":101.0,"country":"UA"}},{"type":"Feature","geometry":{"type":"Polygon","coordinates":[[[23.06479,43.32223],[23.06533,43.32268],[23.06707,43.32283],[23.06755,43.32386],[23.06815,43.32347],[23.06797,43.32305],[23.06643,43.3223],[23.06632,43.32175],[23.06419,43.32158],[23.06375,43.32103],[23.06256,43.32103],[23.06304,43.31981],[23.06252,43.31891],[23.06282,43.31833],[23.06761,43.31579],[23.07012,43.316],[23.07076,43.31556],[23.07065,43.3148],[23.06992,43.31426],[23.0689,43.31167],[23.06837,43.31127],[23.06758,43.31106],[23.06699,43.31162],[23.06658,43.31125],[23.06558,43.31276],[23.06552,43.31407],[23.06337,43.3156],[23.06268,43.31561],[23.06279,43.31623],[23.06243,43.3167],[23.05984,43.31563],[23.05845,43.3163],[23.05731,43.31479],[23.0569,43.31498],[23.0574,43.31595],[23.05635,43.3159],[23.05612,43.31655],[23.05562,43.31672],[23.05555,43.31593],[23.05603,43.31508],[23.05488,43.31442],[23.05234,43.31458],[23.05164,43.31516],[23.05152,43.31586],[23.05246,43.31626],[23.0519,43.3168],[23.05304,43.31789],[23.05305,43.31826],[23.05242,43.31854],[23.05263,43.31944],[23.05426,43.32004],[23.05447,43.32074],[23.05486,43.32017],[23.05519,43.32023],[23.05529,43.32078],[23.0573,43.32034],[23.05655,43.32129],[23.05561,43.32171],[23.05647,43.32273],[23.05606,43.32407],[23.05709,43.32611],[23.05829,43.32613],[23.05836,43.32549],[23.05975,43.32494],[23.06022,43.32505],[23.06055,43.32568],[23.06119,43.32558],[23.06191,43.32389],[23.06268,43.32305],[23.06479,43.32223]]]},"properties":{"firedate":"2026-09-20","area_ha":103.0,"country":"BG"}},{"type":"Feature","geometry":{"type":"Polygon","coordinates":[[[13.91745,37.62684],[13.91545,37.62551],[13.91532,37.62218],[13.91291,37.62095],[13.91222,37.62025],[13.91218,37.61981],[13.91344,37.619],[13.91337,37.61862],[13.90988,37.61811],[13.90904,37.61871],[13.90808,37.62064],[13.90711,37.62146],[13.90595,37.62404],[13.90612,37.62469],[13.90659,37.62487],[13.90918,37.62459],[13.9094,37.62572],[13.90819,37.62617],[13.90691,37.62533],[13.90538,37.6253],[13.90387,37.62704],[13.9047,37.62913],[13.90422,37.63051],[13.90517,37.63096],[13.90798,37.63118],[13.90971,37.63028],[13.90942,37.62946],[13.90972,37.62922],[13.90943,37.62854],[13.90963,37.62821],[13.91267,37.62804],[13.91475,37.62903],[13.91481,37.6305],[13.91614,37.63116],[13.91909,37.62936],[13.91825,37.62867],[13.91814,37.62782],[13.91745,37.62684]]]},"properties":{"firedate":"2026-09-20","area_ha":104.0,"country":"IT"}},{"type":"Feature","geometry":{"type":"Polygon","coordinates":[[[40.86946,38.32675],[40.87034,38.3236],[40.86929,38.32078],[40.87039,38.31707],[40.86895,38.31522],[40.86553,38.31519],[40.86284,38.31603],[40.85897,38.31951],[40.8588,38.32362],[40.85999,38.32764],[40.86051,38.32847],[40.8627,38.32991],[40.86535,38.32905],[40.86946,38.32675]]]},"properties":{"firedate":"2026-09-20","area_ha":129.0,"country":"TR"}},{"type":"Feature","geometry":{"type":"Polygon","coordinates":[[[37.16568,48.94729],[37.1666,48.94254],[37.16386,48.94146],[37.15948,48.94082],[37.15906,48.93957],[37.15727,48.93985],[37.15802,48.94228],[37.15753,48.94257],[37.15692,48.94044],[37.1571,48.93955],[37.15479,48.93768],[37.15628,48.93669],[37.15579,48.93617],[37.15221,48.93726],[37.14325,48.9375],[37.14471,48.93802],[37.14474,48.93831],[37.14198,48.93845],[37.14198,48.93992],[37.144,48.94194],[37.14614,48.94273],[37.147,48.94213],[37.14836,48.94218],[37.1488,48.94302],[37.15217,48.94338],[37.15338,48.94451],[37.15196,48.94538],[37.14764,48.94702],[37.14268,48.94811],[37.13798,48.94821],[37.13507,48.94778],[37.13479,48.94837],[37.13319,48.94816],[37.13453,48.9495],[37.13251,48.95029],[37.1345,48.95005],[37.1359,48.94929],[37.13973,48.95006],[37.14227,48.9494],[37.15036,48.94856],[37.15219,48.94805],[37.15281,48.94854],[37.15608,48.94704],[37.15628,48.9467],[37.15534,48.94591],[37.15537,48.94468],[37.15633,48.94449],[37.15663,48.94559],[37.15743,48.94631],[37.15937,48.94643],[37.16019,48.94735],[37.16401,48.94874],[37.16568,48.94729]]]},"properties":{"firedate":"2026-09-20","area_ha":150.0,"country":"UA"}},{"type":"Feature","geometry":{"type":"Polygon","coordinates":[[[32.73142,46.33929],[32.72613,46.33831],[32.72555,46.33845],[32.72141,46.34163],[32.71779,46.34103],[32.71747,46.34135],[32.71646,46.34663],[32.71711,46.34709],[32.72839,46.34869],[32.72818,46.35075],[32.72876,46.35083],[32.73825,46.34974],[32.74126,46.34575],[32.74083,46.34611],[32.73923,46.34555],[32.7391,46.34463],[32.73873,46.34433],[32.73706,46.3441],[32.73608,46.34354],[32.7356,46.3423],[32.73466,46.34177],[32.73544,46.3407],[32.73378,46.33841],[32.73374,46.33741],[32.73142,46.33929]]]},"properties":{"firedate":"2026-09-20","area_ha":166.0,"country":"UA"}},{"type":"Feature","geometry":{"type":"Polygon","coordinates":[[[35.65772,47.80581],[35.66041,47.80653],[35.66074,47.80768],[35.6658,47.80915],[35.67079,47.80913],[35.67393,47.81019],[35.67436,47.81182],[35.67325,47.81615],[35.67361,47.81769],[35.67621,47.81829],[35.68133,47.81805],[35.68161,47.81727],[35.68504,47.81442],[35.6855,47.81201],[35.68511,47.81035],[35.68534,47.80829],[35.6844,47.80628],[35.68216,47.80435],[35.67881,47.80393],[35.67659,47.80436],[35.67346,47.80437],[35.66802,47.80285],[35.66454,47.80251],[35.65772,47.80581]]]},"properties":{"firedate":"2026-09-20","area_ha":187.0,"country":"UA"}},{"type":"Feature","geometry":{"type":"Polygon","coordinates":[[[22.92615,43.58947],[22.92682,43.58969],[22.92756,43.59122],[22.92808,43.59157],[22.93227,43.59019],[22.93263,43.58962],[22.93185,43.58912],[22.93457,43.58809],[22.9348,43.58777],[22.93448,43.58713],[22.93484,43.5866],[22.93746,43.58525],[22.9384,43.58375],[22.94118,43.58142],[22.94445,43.58015],[22.94634,43.57977],[22.94888,43.58036],[22.94745,43.5817],[22.94924,43.58251],[22.95121,43.58267],[22.95162,43.58119],[22.9505,43.58002],[22.94672,43.57737],[22.94443,43.57705],[22.94347,43.57802],[22.94266,43.57812],[22.94231,43.57798],[22.94205,43.57609],[22.94015,43.57516],[22.93572,43.57557],[22.93463,43.57483],[22.93345,43.57462],[22.93122,43.57637],[22.9301,43.58042],[22.92739,43.58205],[22.92665,43.58298],[22.9255,43.58253],[22.92192,43.5828],[22.91942,43.58418],[22.91821,43.58426],[22.91734,43.58386],[22.91648,43.58452],[22.91471,43.58487],[22.91646,43.58681],[22.91769,43.58752],[22.91819,43.58836],[22.91824,43.589],[22.91716,43.58978],[22.91771,43.59055],[22.9186,43.5906],[22.92029,43.58996],[22.92073,43.58841],[22.91964,43.58741],[22.9209,43.58597],[22.92564,43.58833],[22.92615,43.58947]]]},"properties":{"firedate":"2026-09-20","area_ha":211.0,"country":"BG"}},{"type":"Feature","geometry":{"type":"Polygon","coordinates":[[[26.15708,35.14516],[26.15515,35.14555],[26.15395,35.14809],[26.15312,35.14854],[26.15259,35.14962],[26.15166,35.1505],[26.15166,35.15237],[26.15055,35.15376],[26.15065,35.15449],[26.15193,35.15469],[26.15279,35.15439],[26.15349,35.15386],[26.15415,35.15204],[26.15505,35.15164],[26.16841,35.14752],[26.17017,35.14654],[26.17365,35.14608],[26.17596,35.14475],[26.17865,35.14441],[26.17978,35.14351],[26.18321,35.14335],[26.1863,35.1437],[26.18935,35.1432],[26.19212,35.14452],[26.19318,35.14462],[26.19414,35.14428],[26.19482,35.14359],[26.19473,35.14274],[26.1945,35.14192],[26.19293,35.13974],[26.19518,35.1368],[26.19729,35.13474],[26.19931,35.13381],[26.2008,35.1336],[26.20098,35.13318],[26.20233,35.13244],[26.20709,35.13166],[26.20814,35.13059],[26.20902,35.12804],[26.2091,35.1267],[26.20856,35.12569],[26.20761,35.12565],[26.2044,35.12651],[26.20289,35.12882],[26.20071,35.1288],[26.19772,35.12933],[26.19514,35.13086],[26.19329,35.13008],[26.19116,35.13009],[26.18846,35.13147],[26.18713,35.13392],[26.18513,35.13448],[26.18316,35.13384],[26.18208,35.13387],[26.18046,35.13502],[26.17951,35.13654],[26.17752,35.13624],[26.17572,35.13549],[26.17174,35.13624],[26.16938,35.13706],[26.16846,35.13653],[26.16791,35.13558],[26.16662,35.13529],[26.166,35.1355],[26.16634,35.13701],[26.16541,35.1385],[26.16581,35.14083],[26.16424,35.1414],[26.16314,35.14319],[26.16119,35.14407],[26.15772,35.14455],[26.15708,35.14516]]]},"properties":{"firedate":"2026-09-20","area_ha":464.0,"country":"EL"}},{"type":"Feature","geometry":{"type":"Polygon","coordinates":[[[-8.34977,41.80885],[-8.34825,41.80881],[-8.34751,41.8081],[-8.34958,41.80842],[-8.34977,41.80885]]]},"properties":{"firedate":"2026-09-21","area_ha":1.0,"country":"PT"}},{"type":"Feature","geometry":{"type":"Polygon","coordinates":[[[9.52217,37.27561],[9.52219,37.27517],[9.52069,37.27604],[9.52153,37.27602],[9.52217,37.27561]]]},"properties":{"firedate":"2026-09-21","area_ha":1.0,"country":"TN"}},{"type":"Feature","geometry":{"type":"Polygon","coordinates":[[[22.70936,44.78476],[22.70771,44.78429],[22.7075,44.78571],[22.70801,44.78636],[22.70856,44.78628],[22.70936,44.78476]]]},"properties":{"firedate":"2026-09-21","area_ha":2.0,"country":"RO"}},{"type":"Feature","geometry":{"type":"Polygon","coordinates":[[[-7.08991,37.29514],[-7.08949,37.29343],[-7.09004,37.29303],[-7.09099,37.29483],[-7.09052,37.29555],[-7.08991,37.29514]]]},"properties":{"firedate":"2026-09-21","area_ha":2.0,"country":"ES"}},{"type":"Feature","geometry":{"type":"Polygon","coordinates":[[[-6.8478,42.67123],[-6.84796,42.67077],[-6.84989,42.67081],[-6.8495,42.67173],[-6.8478,42.67123]]]},"properties":{"firedate":"2026-09-21","area_ha":2.0,"country":"ES"}},{"type":"Feature","geometry":{"type":"Polygon","coordinates":[[[21.67584,42.91455],[21.67645,42.91251],[21.67596,42.9122],[21.67542,42.91313],[21.67458,42.91344],[21.67441,42.91387],[21.67494,42.91444],[21.67584,42.91455]]]},"properties":{"firedate":"2026-09-21","area_ha":2.0,"country":"RS"}},{"type":"Feature","geometry":{"type":"Polygon","coordinates":[[[-8.61521,42.46923],[-8.61537,42.46834],[-8.61607,42.46807],[-8.61566,42.46774],[-8.61687,42.46784],[-8.61727,42.46683],[-8.61813,42.46694],[-8.61836,42.4674],[-8.61929,42.46731],[-8.61869,42.46747],[-8.6182,42.4683],[-8.61667,42.46849],[-8.61568,42.46919],[-8.61521,42.46923]]]},"properties":{"firedate":"2026-09-21","area_ha":3.0,"country":"ES"}},{"type":"Feature","geometry":{"type":"Polygon","coordinates":[[[22.75747,44.74226],[22.75675,44.74134],[22.75689,44.7405],[22.75602,44.74073],[22.75576,44.73983],[22.75539,44.7398],[22.75507,44.74095],[22.75608,44.74186],[22.75626,44.74249],[22.75747,44.74226]]]},"properties":{"firedate":"2026-09-21","area_ha":3.0,"country":"RO"}},{"type":"Feature","geometry":{"type":"Polygon","coordinates":[[[-8.59549,40.48254],[-8.59777,40.48208],[-8.59851,40.4822],[-8.59809,40.48349],[-8.59736,40.4836],[-8.59716,40.48397],[-8.59666,40.48356],[-8.5948,40.48372],[-8.59454,40.48348],[-8.59549,40.48254]]]},"properties":{"firedate":"2026-09-21","area_ha":4.0,"country":"PT"}},{"type":"Feature","geometry":{"type":"Polygon","coordinates":[[[-5.70906,40.05543],[-5.70991,40.05491],[-5.71172,40.05526],[-5.71228,40.056],[-5.71194,40.0573],[-5.70906,40.05543]]]},"properties":{"firedate":"2026-09-21","area_ha":4.0,"country":"ES"}},{"type":"Feature","geometry":{"type":"Polygon","coordinates":[[[19.52142,40.41067],[19.5246,40.41157],[19.52366,40.40986],[19.52155,40.40886],[19.52108,40.40904],[19.52108,40.40949],[19.52169,40.41007],[19.52142,40.41067]]]},"properties":{"firedate":"2026-09-21","area_ha":5.0,"country":"AL"}},{"type":"Feature","geometry":{"type":"Polygon","coordinates":[[[-8.02656,41.74729],[-8.02711,41.74704],[-8.02553,41.74746],[-8.02513,41.74719],[-8.02443,41.74763],[-8.02481,41.74664],[-8.02393,41.74654],[-8.02462,41.7461],[-8.02551,41.74644],[-8.02584,41.74597],[-8.02809,41.74686],[-8.02906,41.74609],[-8.0289,41.74689],[-8.02962,41.74679],[-8.03009,41.74743],[-8.02758,41.74826],[-8.02691,41.74798],[-8.02656,41.74729]]]},"properties":{"firedate":"2026-09-21","area_ha":6.0,"country":"PT"}},{"type":"Feature","geometry":{"type":"Polygon","coordinates":[[[-8.72121,37.48869],[-8.71984,37.4879],[-8.71978,37.48723],[-8.71833,37.48702],[-8.71838,37.48639],[-8.71779,37.48594],[-8.71887,37.48557],[-8.7203,37.48599],[-8.72144,37.48604],[-8.72176,37.48567],[-8.72245,37.48588],[-8.72295,37.48712],[-8.72279,37.48758],[-8.72121,37.48869]]]},"properties":{"firedate":"2026-09-21","area_ha":9.0,"country":"PT"}},{"type":"Feature","geometry":{"type":"Polygon","coordinates":[[[-7.74326,41.71714],[-7.74028,41.71492],[-7.74076,41.71469],[-7.74554,41.71548],[-7.74608,41.71587],[-7.74611,41.71706],[-7.74538,41.71745],[-7.74326,41.71714]]]},"properties":{"firedate":"2026-09-21","area_ha":9.0,"country":"PT"}},{"type":"Feature","geometry":{"type":"Polygon","coordinates":[[[-5.33424,40.18],[-5.33121,40.17714],[-5.33099,40.17659],[-5.33158,40.17535],[-5.33245,40.17456],[-5.33331,40.17508],[-5.33538,40.17901],[-5.33424,40.18]]]},"properties":{"firedate":"2026-09-21","area_ha":11.0,"country":"ES"}},{"type":"Feature","geometry":{"type":"Polygon","coordinates":[[[40.01591,49.27791],[40.02003,49.27712],[40.01988,49.27596],[40.01378,49.27585],[40.01224,49.27618],[40.01193,49.27672],[40.01195,49.27767],[40.01591,49.27791]]]},"properties":{"firedate":"2026-09-21","area_ha":11.0,"country":"UA"}},{"type":"Feature","geometry":{"type":"Polygon","coordinates":[[[-8.79656,42.07632],[-8.79488,42.07344],[-8.79466,42.07219],[-8.79504,42.07177],[-8.79597,42.07186],[-8.79712,42.07316],[-8.79755,42.07418],[-8.79901,42.0758],[-8.79912,42.07671],[-8.7986,42.07731],[-8.79765,42.07746],[-8.79656,42.07632]]]},"properties":{"firedate":"2026-09-21","area_ha":12.0,"country":"ES"}},{"type":"Feature","geometry":{"type":"Polygon","coordinates":[[[21.68507,42.90991],[21.68467,42.91039],[21.6851,42.91277],[21.68551,42.91331],[21.68936,42.91301],[21.68929,42.91272],[21.68787,42.91232],[21.68733,42.91145],[21.68752,42.91038],[21.68703,42.90871],[21.68627,42.90833],[21.68504,42.90843],[21.68507,42.90991]]]},"properties":{"firedate":"2026-09-21","area_ha":12.0,"country":"RS"}},{"type":"Feature","geometry":{"type":"Polygon","coordinates":[[[19.30766,42.26594],[19.30967,42.26626],[19.31042,42.2659],[19.31229,42.26651],[19.31402,42.26564],[19.31442,42.26581],[19.31443,42.26626],[19.31478,42.26532],[19.31661,42.26495],[19.31561,42.26437],[19.31549,42.26372],[19.31459,42.26369],[19.31402,42.26412],[19.31354,42.26349],[19.31285,42.26369],[19.31235,42.26329],[19.31178,42.26392],[19.31167,42.2654],[19.31134,42.26563],[19.30998,42.26553],[19.30991,42.26467],[19.30939,42.26449],[19.30756,42.265],[19.30619,42.26485],[19.30499,42.26599],[19.30647,42.26629],[19.30726,42.26612],[19.30735,42.26645],[19.30766,42.26594]]]},"properties":{"firedate":"2026-09-21","area_ha":15.0,"country":"ME"}},{"type":"Feature","geometry":{"type":"Polygon","coordinates":[[[14.41599,41.03675],[14.41931,41.03301],[14.42023,41.0326],[14.41993,41.03198],[14.41923,41.03194],[14.41835,41.03257],[14.41748,41.03239],[14.41696,41.03169],[14.41527,41.03167],[14.41469,41.03201],[14.41408,41.03323],[14.41466,41.03433],[14.41475,41.03587],[14.41599,41.03675]]]},"properties":{"firedate":"2026-09-21","area_ha":16.0,"country":"IT"}},{"type":"Feature","geometry":{"type":"Polygon","coordinates":[[[13.79276,37.44192],[13.79287,37.44153],[13.79195,37.44122],[13.79177,37.4405],[13.79029,37.44041],[13.79001,37.43863],[13.78955,37.43838],[13.78797,37.43995],[13.78618,37.44024],[13.78548,37.441],[13.78569,37.44295],[13.78655,37.44343],[13.78994,37.44318],[13.79176,37.44207],[13.79276,37.44192]]]},"properties":{"firedate":"2026-09-21","area_ha":20.0,"country":"IT"}},{"type":"Feature","geometry":{"type":"Polygon","coordinates":[[[37.56646,48.00049],[37.56691,47.99965],[37.56639,47.99924],[37.56434,47.99951],[37.56226,47.99928],[37.56196,47.99813],[37.56294,47.99702],[37.56267,47.99618],[37.56151,47.99543],[37.56071,47.99552],[37.55815,47.99779],[37.55917,48.00108],[37.56444,48.00098],[37.56646,48.00049]]]},"properties":{"firedate":"2026-09-21","area_ha":21.0,"country":"UA"}},{"type":"Feature","geometry":{"type":"Polygon","coordinates":[[[19.52129,40.39834],[19.52323,40.39994],[19.52373,40.39949],[19.52645,40.39877],[19.52501,40.39745],[19.52521,40.39645],[19.52353,40.39607],[19.52239,40.39627],[19.52215,40.3956],[19.5205,40.39466],[19.51979,40.39375],[19.51767,40.39486],[19.51726,40.39655],[19.51761,40.39731],[19.51906,40.39731],[19.5193,40.39675],[19.51831,40.39628],[19.51877,40.39583],[19.51999,40.39607],[19.52102,40.39655],[19.52145,40.39717],[19.52129,40.39834]]]},"properties":{"firedate":"2026-09-21","area_ha":21.0,"country":"AL"}},{"type":"Feature","geometry":{"type":"Polygon","coordinates":[[[35.36742,48.08839],[35.3676,48.08771],[35.36568,48.08679],[35.36859,48.08418],[35.36891,48.0833],[35.36639,48.08044],[35.36577,48.08133],[35.36476,48.08448],[35.36397,48.08555],[35.3645,48.08644],[35.36403,48.08729],[35.36266,48.08844],[35.3628,48.0887],[35.36133,48.08951],[35.3618,48.08977],[35.36335,48.08903],[35.36359,48.08923],[35.36318,48.08958],[35.36342,48.09004],[35.36742,48.08839]]]},"properties":{"firedate":"2026-09-21","area_ha":21.0,"country":"UA"}},{"type":"Feature","geometry":{"type":"Polygon","coordinates":[[[19.17912,42.26202],[19.17945,42.2633],[19.18016,42.26405],[19.17928,42.26503],[19.18038,42.26622],[19.18033,42.2671],[19.1809,42.26754],[19.18084,42.26866],[19.18199,42.2701],[19.18581,42.27091],[19.18648,42.27045],[19.18647,42.27002],[19.18572,42.26976],[19.18633,42.269],[19.18615,42.26882],[19.18503,42.26977],[19.18356,42.26897],[19.18418,42.26844],[19.18451,42.26754],[19.18433,42.26605],[19.18396,42.26627],[19.18335,42.26815],[19.18259,42.26751],[19.18162,42.26759],[19.18256,42.2659],[19.18182,42.26583],[19.18174,42.26413],[19.18131,42.26354],[19.18148,42.26279],[19.18069,42.26261],[19.18084,42.26179],[19.18151,42.26099],[19.18028,42.25938],[19.17948,42.25976],[19.17954,42.26133],[19.17912,42.26202]]]},"properties":{"firedate":"2026-09-21","area_ha":23.0,"country":"ME"}},{"type":"Feature","geometry":{"type":"Polygon","coordinates":[[[19.51798,40.40241],[19.5176,40.40219],[19.5165,40.40289],[19.51665,40.40332],[19.51752,40.40353],[19.51701,40.40433],[19.51713,40.4058],[19.5204,40.40853],[19.51955,40.41018],[19.52162,40.41063],[19.52165,40.40995],[19.52102,40.40931],[19.52155,40.40879],[19.52092,40.40852],[19.52094,40.40818],[19.52146,40.40759],[19.52287,40.40761],[19.52173,40.4068],[19.52158,40.40621],[19.52191,40.40577],[19.52324,40.40531],[19.52064,40.40309],[19.51891,40.40346],[19.51811,40.40319],[19.51798,40.40241]]]},"properties":{"firedate":"2026-09-21","area_ha":24.0,"country":"AL"}},{"type":"Feature","geometry":{"type":"Polygon","coordinates":[[[35.00676,48.67395],[35.00686,48.67297],[35.00576,48.66998],[35.00433,48.66792],[35.00507,48.66671],[35.00481,48.66635],[35.00432,48.66613],[35.00299,48.66647],[35.00108,48.6674],[35.0001,48.66862],[35.0012,48.66895],[35.00422,48.67175],[35.00154,48.6738],[35.00298,48.67473],[35.00676,48.67395]]]},"properties":{"firedate":"2026-09-21","area_ha":24.0,"country":"UA"}},{"type":"Feature","geometry":{"type":"Polygon","coordinates":[[[-8.58503,41.27813],[-8.58348,41.27747],[-8.58254,41.27754],[-8.58282,41.27694],[-8.58199,41.27729],[-8.58144,41.2771],[-8.58136,41.27645],[-8.58062,41.27659],[-8.58038,41.27605],[-8.57828,41.27541],[-8.57765,41.27456],[-8.57976,41.2736],[-8.58079,41.27223],[-8.582,41.27254],[-8.58199,41.27213],[-8.58114,41.27145],[-8.58336,41.27181],[-8.58414,41.27243],[-8.58443,41.27331],[-8.58401,41.27398],[-8.584,41.27503],[-8.58473,41.27543],[-8.58451,41.27601],[-8.58555,41.27638],[-8.58519,41.27702],[-8.5861,41.27759],[-8.58503,41.27813]]]},"properties":{"firedate":"2026-09-21","area_ha":26.0,"country":"PT"}},{"type":"Feature","geometry":{"type":"Polygon","coordinates":[[[-6.03772,41.57241],[-6.03688,41.57204],[-6.0361,41.57237],[-6.03603,41.57192],[-6.0353,41.57255],[-6.03583,41.57167],[-6.03542,41.57073],[-6.03563,41.56999],[-6.03605,41.56941],[-6.03789,41.56837],[-6.03803,41.56726],[-6.03879,41.56717],[-6.03923,41.56768],[-6.03992,41.56664],[-6.04027,41.56684],[-6.0419,41.56601],[-6.04428,41.56811],[-6.04256,41.56929],[-6.04137,41.56937],[-6.04048,41.57022],[-6.03956,41.57038],[-6.03978,41.57109],[-6.03772,41.57241]]]},"properties":{"firedate":"2026-09-21","area_ha":26.0,"country":"ES"}},{"type":"Feature","geometry":{"type":"Polygon","coordinates":[[[-8.13743,41.05671],[-8.1378,41.05554],[-8.13816,41.0556],[-8.13836,41.05621],[-8.1386,41.05601],[-8.13858,41.05301],[-8.13922,41.0526],[-8.13985,41.05282],[-8.14003,41.05357],[-8.14078,41.05424],[-8.1425,41.05446],[-8.14256,41.05516],[-8.1436,41.05603],[-8.14325,41.05693],[-8.14087,41.0592],[-8.14079,41.0602],[-8.14027,41.0611],[-8.13941,41.06154],[-8.13806,41.06106],[-8.13799,41.05882],[-8.1386,41.05804],[-8.13862,41.0571],[-8.13828,41.05716],[-8.1381,41.05778],[-8.13752,41.05777],[-8.13704,41.05684],[-8.13743,41.05671]]]},"properties":{"firedate":"2026-09-21","area_ha":28.0,"country":"PT"}},{"type":"Feature","geometry":{"type":"Polygon","coordinates":[[[25.1677,44.90379],[25.16468,44.90361],[25.16447,44.9044],[25.16346,44.90453],[25.16166,44.90579],[25.16259,44.90651],[25.16457,44.90728],[25.16594,44.90736],[25.16628,44.90709],[25.16621,44.90668],[25.16726,44.90602],[25.16939,44.90358],[25.17237,44.90199],[25.17445,44.90158],[25.17509,44.90081],[25.17259,44.90025],[25.17408,44.89975],[25.17408,44.89931],[25.17368,44.89909],[25.17027,44.89932],[25.16861,44.90309],[25.1677,44.90379]]]},"properties":{"firedate":"2026-09-21","area_ha":28.0,"country":"RO"}},{"type":"Feature","geometry":{"type":"Polygon","coordinates":[[[22.70282,44.80545],[22.70339,44.80636],[22.70298,44.80741],[22.70373,44.80837],[22.70352,44.80912],[22.70374,44.80933],[22.70965,44.80718],[22.71203,44.80861],[22.71289,44.80873],[22.71525,44.80671],[22.71474,44.80613],[22.71281,44.80662],[22.71112,44.80619],[22.71041,44.80581],[22.71079,44.80513],[22.71054,44.8047],[22.7088,44.80466],[22.70804,44.80433],[22.70749,44.80473],[22.70532,44.80509],[22.70299,44.80465],[22.70282,44.80545]]]},"properties":{"firedate":"2026-09-21","area_ha":29.0,"country":"RO"}},{"type":"Feature","geometry":{"type":"Polygon","coordinates":[[[19.52524,40.41121],[19.52539,40.41154],[19.5263,40.41163],[19.52701,40.41284],[19.53054,40.41371],[19.53213,40.41377],[19.53374,40.4144],[19.53277,40.41343],[19.53312,40.41269],[19.53254,40.41215],[19.53248,40.41125],[19.53117,40.41064],[19.52998,40.4106],[19.52988,40.4101],[19.52925,40.40966],[19.52864,40.40998],[19.5286,40.41057],[19.52793,40.41041],[19.52839,40.40912],[19.52818,40.4088],[19.52784,40.409],[19.5279,40.4095],[19.52675,40.40944],[19.52681,40.41056],[19.5265,40.41065],[19.52648,40.4089],[19.52686,40.40824],[19.52626,40.40738],[19.52479,40.40671],[19.52333,40.40535],[19.52191,40.40577],[19.52165,40.40669],[19.52287,40.40749],[19.52264,40.40774],[19.52147,40.40758],[19.52194,40.40904],[19.52366,40.40986],[19.52449,40.41124],[19.52524,40.41121]]]},"properties":{"firedate":"2026-09-21","area_ha":37.0,"country":"AL"}},{"type":"Feature","geometry":{"type":"Polygon","coordinates":[[[18.52004,43.13123],[18.51815,43.13181],[18.51672,43.13287],[18.51613,43.13458],[18.51613,43.13606],[18.51541,43.13793],[18.51588,43.1388],[18.51878,43.13885],[18.51949,43.13803],[18.5206,43.13777],[18.52035,43.13689],[18.5216,43.13696],[18.52197,43.13658],[18.52138,43.13371],[18.52317,43.13228],[18.52396,43.13054],[18.52115,43.13041],[18.52004,43.13123]]]},"properties":{"firedate":"2026-09-21","area_ha":38.0,"country":"BA"}},{"type":"Feature","geometry":{"type":"Polygon","coordinates":[[[31.7343,37.8464],[31.73394,37.84781],[31.73449,37.84882],[31.73433,37.84959],[31.73245,37.85217],[31.73271,37.85382],[31.73411,37.85491],[31.73451,37.85575],[31.73438,37.85628],[31.73507,37.85713],[31.73855,37.85827],[31.73901,37.8608],[31.74034,37.86081],[31.74098,37.86035],[31.73992,37.8594],[31.7394,37.85792],[31.73765,37.85701],[31.73828,37.85584],[31.73758,37.85408],[31.73797,37.85293],[31.7377,37.85212],[31.73827,37.85103],[31.73716,37.84963],[31.73683,37.84954],[31.73683,37.84988],[31.73602,37.85037],[31.73562,37.85018],[31.73672,37.84904],[31.73699,37.84764],[31.73607,37.84671],[31.7343,37.8464]]]},"properties":{"firedate":"2026-09-21","area_ha":44.0,"country":"TR"}},{"type":"Feature","geometry":{"type":"Polygon","coordinates":[[[36.51847,48.58314],[36.51909,48.58198],[36.52021,48.5811],[36.51925,48.57888],[36.5191,48.57744],[36.51767,48.57689],[36.5163,48.57692],[36.51601,48.57751],[36.51301,48.57667],[36.51177,48.57696],[36.51307,48.5803],[36.51183,48.58013],[36.50839,48.58097],[36.5079,48.58281],[36.50811,48.58323],[36.50908,48.58331],[36.5098,48.58218],[36.51093,48.58149],[36.51168,48.58186],[36.5123,48.58307],[36.5132,48.58384],[36.5147,48.58399],[36.51847,48.58314]]]},"properties":{"firedate":"2026-09-21","area_ha":45.0,"country":"UA"}},{"type":"Feature","geometry":{"type":"Polygon","coordinates":[[[-9.00451,42.65697],[-9.00302,42.65788],[-9.00288,42.65898],[-9.0022,42.65974],[-9.00038,42.65879],[-9.00003,42.65919],[-8.99935,42.65903],[-8.99699,42.65957],[-8.99594,42.66036],[-8.99528,42.66141],[-8.99164,42.66065],[-8.99084,42.65999],[-8.99029,42.6586],[-8.99047,42.65807],[-8.99182,42.65752],[-8.99271,42.65672],[-8.99265,42.65636],[-8.99148,42.6557],[-8.99212,42.65468],[-8.99317,42.65427],[-8.99305,42.65461],[-8.99363,42.65507],[-8.99592,42.65508],[-8.99626,42.65481],[-8.99546,42.65437],[-8.99577,42.65369],[-8.99771,42.65448],[-9.00249,42.65471],[-9.00281,42.65538],[-9.00352,42.65544],[-9.00422,42.65616],[-9.00451,42.65697]]]},"properties":{"firedate":"2026-09-21","area_ha":59.0,"country":"ES"}},{"type":"Feature","geometry":{"type":"Polygon","coordinates":[[[22.92841,43.96777],[22.92765,43.96886],[22.91709,43.96878],[22.9166,43.97054],[22.91742,43.97146],[22.91799,43.97144],[22.91838,43.96935],[22.91882,43.96975],[22.91881,43.97119],[22.91926,43.97146],[22.92016,43.97128],[22.92044,43.9702],[22.92127,43.97073],[22.92659,43.97103],[22.92699,43.97056],[22.92683,43.97018],[22.92499,43.96989],[22.92583,43.96948],[22.92858,43.97077],[22.92937,43.96983],[22.92924,43.96642],[22.93095,43.96598],[22.93139,43.96652],[22.93073,43.96798],[22.93076,43.96895],[22.92958,43.96961],[22.93002,43.97055],[22.93464,43.97022],[22.93482,43.97072],[22.93343,43.97165],[22.93858,43.9734],[22.94481,43.97291],[22.94577,43.97245],[22.94517,43.97222],[22.93743,43.97257],[22.93701,43.96998],[22.93452,43.96649],[22.93376,43.96341],[22.93259,43.96274],[22.93064,43.96259],[22.92823,43.96397],[22.92686,43.96387],[22.92622,43.96417],[22.92636,43.96496],[22.928,43.9652],[22.92756,43.9657],[22.92842,43.96592],[22.92841,43.96777]]]},"properties":{"firedate":"2026-09-21","area_ha":73.0,"country":"RO"}},{"type":"Feature","geometry":{"type":"Polygon","coordinates":[[[-8.14238,41.09493],[-8.14212,41.09641],[-8.14066,41.09642],[-8.13974,41.09684],[-8.13956,41.09745],[-8.14034,41.09814],[-8.14015,41.09861],[-8.13507,41.09881],[-8.13413,41.09726],[-8.13351,41.09772],[-8.13321,41.09882],[-8.13217,41.09987],[-8.1317,41.1009],[-8.13063,41.10193],[-8.1287,41.10201],[-8.12834,41.10159],[-8.12856,41.10111],[-8.13057,41.10132],[-8.13008,41.10012],[-8.12774,41.10119],[-8.12689,41.1011],[-8.12757,41.10084],[-8.12769,41.10002],[-8.12677,41.09915],[-8.12752,41.09893],[-8.12753,41.09785],[-8.12856,41.09805],[-8.12951,41.09735],[-8.12981,41.09569],[-8.13173,41.09601],[-8.13201,41.09481],[-8.13348,41.09463],[-8.13394,41.09276],[-8.13679,41.09301],[-8.13876,41.09171],[-8.1359,41.09246],[-8.1358,41.09215],[-8.13643,41.09183],[-8.13661,41.09126],[-8.13386,41.09105],[-8.13375,41.09062],[-8.13451,41.08996],[-8.1363,41.08971],[-8.13724,41.09005],[-8.13941,41.0896],[-8.13993,41.08984],[-8.14014,41.09042],[-8.13914,41.09101],[-8.14072,41.09127],[-8.14133,41.09253],[-8.14265,41.09324],[-8.14359,41.09302],[-8.14518,41.09335],[-8.1444,41.0948],[-8.14289,41.09462],[-8.14238,41.09493]]]},"properties":{"firedate":"2026-09-21","area_ha":84.0,"country":"PT"}},{"type":"Feature","geometry":{"type":"Polygon","coordinates":[[[34.31198,48.49066],[34.315,48.48991],[34.31671,48.49058],[34.31467,48.49241],[34.31145,48.49318],[34.31245,48.49366],[34.31672,48.49289],[34.32277,48.49453],[34.32631,48.49693],[34.32644,48.49721],[34.3254,48.49934],[34.32697,48.49956],[34.32899,48.49825],[34.32984,48.49972],[34.32903,48.50052],[34.33044,48.50123],[34.33351,48.50144],[34.33719,48.50255],[34.3377,48.50206],[34.33732,48.50158],[34.33521,48.50094],[34.33346,48.49909],[34.3318,48.49817],[34.33113,48.49735],[34.33077,48.49615],[34.32915,48.49507],[34.33105,48.4919],[34.33012,48.49128],[34.32956,48.49024],[34.3282,48.48968],[34.32799,48.48827],[34.32584,48.48823],[34.32527,48.4899],[34.32401,48.49104],[34.32435,48.49176],[34.32142,48.49211],[34.31909,48.49091],[34.31845,48.48988],[34.31666,48.48883],[34.31282,48.48803],[34.31236,48.48691],[34.31096,48.48528],[34.30957,48.4849],[34.30902,48.48506],[34.30872,48.48588],[34.30775,48.48616],[34.30732,48.48717],[34.30921,48.48772],[34.30808,48.48922],[34.30861,48.48945],[34.30811,48.49029],[34.31198,48.49066]]]},"properties":{"firedate":"2026-09-21","area_ha":104.0,"country":"UA"}},{"type":"Feature","geometry":{"type":"Polygon","coordinates":[[[38.95847,48.36351],[38.95931,48.36311],[38.96075,48.36124],[38.9601,48.36013],[38.9568,48.35764],[38.95902,48.35756],[38.95877,48.35511],[38.95524,48.35286],[38.95742,48.35331],[38.95704,48.35122],[38.95388,48.35089],[38.95061,48.34853],[38.94812,48.34787],[38.94523,48.34818],[38.94291,48.34947],[38.94144,48.35072],[38.94584,48.35124],[38.94702,48.3526],[38.94725,48.35411],[38.94704,48.3549],[38.94745,48.35641],[38.95138,48.35709],[38.95129,48.35745],[38.94873,48.35855],[38.94911,48.3595],[38.95167,48.36033],[38.95489,48.36201],[38.95651,48.36231],[38.95847,48.36351]]]},"properties":{"firedate":"2026-09-21","area_ha":111.0,"country":"UA"}},{"type":"Feature","geometry":{"type":"Polygon","coordinates":[[[22.37533,44.75199],[22.37254,44.75164],[22.37229,44.75209],[22.37321,44.75261],[22.37463,44.75268],[22.37613,44.7521],[22.37634,44.75182],[22.37563,44.75094],[22.3753,44.74971],[22.376,44.74889],[22.37585,44.74859],[22.37285,44.749],[22.37105,44.74888],[22.36966,44.74805],[22.37036,44.74799],[22.37105,44.74678],[22.37358,44.74689],[22.37363,44.74659],[22.37232,44.74576],[22.3726,44.74495],[22.37383,44.74498],[22.37528,44.746],[22.37607,44.74583],[22.37683,44.74477],[22.37573,44.74312],[22.37592,44.74285],[22.3777,44.74285],[22.37783,44.74354],[22.37909,44.74383],[22.37857,44.7444],[22.37858,44.74492],[22.3804,44.74582],[22.38063,44.74613],[22.38009,44.74648],[22.38066,44.74668],[22.38153,44.74837],[22.38285,44.74822],[22.38378,44.74895],[22.38517,44.74882],[22.38722,44.74767],[22.38745,44.74701],[22.38713,44.74671],[22.38555,44.74663],[22.38489,44.74567],[22.38359,44.74573],[22.38351,44.74422],[22.38287,44.74383],[22.38196,44.74232],[22.38174,44.74103],[22.38249,44.74139],[22.38369,44.74376],[22.38402,44.74391],[22.38415,44.74358],[22.38303,44.7418],[22.38289,44.7402],[22.38186,44.73979],[22.38142,44.73882],[22.37908,44.73969],[22.37882,44.74051],[22.37713,44.73956],[22.37651,44.73874],[22.37519,44.73945],[22.37389,44.73948],[22.372,44.7407],[22.37092,44.74028],[22.36761,44.7399],[22.36684,44.74009],[22.36709,44.74066],[22.36852,44.74129],[22.36868,44.74275],[22.3696,44.74334],[22.3699,44.7445],[22.36983,44.74492],[22.36888,44.74496],[22.36807,44.74543],[22.36764,44.74524],[22.36741,44.74455],[22.36653,44.74417],[22.36496,44.74554],[22.36483,44.74668],[22.36561,44.74759],[22.36614,44.74898],[22.36578,44.75006],[22.36651,44.75213],[22.36813,44.75212],[22.36832,44.75134],[22.36742,44.74987],[22.36925,44.74935],[22.37008,44.74954],[22.36995,44.7505],[22.37059,44.75098],[22.37156,44.75066],[22.37227,44.75122],[22.37444,44.75107],[22.37533,44.75199]]]},"properties":{"firedate":"2026-09-21","area_ha":122.0,"country":"RO"}},{"type":"Feature","geometry":{"type":"Polygon","coordinates":[[[-4.10915,38.63536],[-4.10646,38.63708],[-4.10561,38.63822],[-4.10338,38.63875],[-4.10115,38.64009],[-4.09913,38.64046],[-4.09601,38.64048],[-4.09512,38.63886],[-4.0935,38.63725],[-4.09656,38.63569],[-4.09803,38.63419],[-4.10082,38.63223],[-4.10443,38.6315],[-4.10619,38.63024],[-4.10962,38.62989],[-4.11059,38.63004],[-4.11293,38.63154],[-4.11358,38.63148],[-4.11476,38.63064],[-4.1157,38.63094],[-4.11721,38.63196],[-4.11789,38.63313],[-4.12015,38.63349],[-4.12131,38.63569],[-4.12106,38.63611],[-4.11915,38.63706],[-4.11623,38.63625],[-4.11417,38.63652],[-4.10915,38.63536]]]},"properties":{"firedate":"2026-09-21","area_ha":144.0,"country":"ES"}},{"type":"Feature","geometry":{"type":"Polygon","coordinates":[[[19.07152,42.5145],[19.06529,42.51642],[19.06083,42.51699],[19.06028,42.51731],[19.05979,42.51881],[19.05626,42.52059],[19.05529,42.52219],[19.05271,42.52397],[19.05256,42.5245],[19.05358,42.52516],[19.05702,42.52539],[19.05984,42.52387],[19.06398,42.52413],[19.06444,42.52375],[19.06447,42.52221],[19.06509,42.52199],[19.07174,42.5221],[19.07318,42.52118],[19.07506,42.52116],[19.07657,42.52008],[19.0777,42.51825],[19.08005,42.51689],[19.08085,42.5159],[19.07971,42.51516],[19.08029,42.51426],[19.07892,42.51384],[19.07837,42.51287],[19.07743,42.51313],[19.0752,42.51234],[19.07369,42.51235],[19.07022,42.51316],[19.06963,42.51378],[19.06969,42.51414],[19.07152,42.5145]]]},"properties":{"firedate":"2026-09-21","area_ha":154.0,"country":"ME"}},{"type":"Feature","geometry":{"type":"Polygon","coordinates":[[[39.48865,48.15388],[39.49294,48.15856],[39.49428,48.15708],[39.49567,48.15643],[39.49599,48.15605],[39.49552,48.15506],[39.49949,48.15464],[39.5,48.15379],[39.49972,48.15305],[39.49846,48.15266],[39.49846,48.15181],[39.49683,48.14792],[39.4921,48.14306],[39.48777,48.14297],[39.48581,48.14167],[39.48634,48.14031],[39.4861,48.1392],[39.48659,48.13747],[39.48577,48.13552],[39.48238,48.13594],[39.47865,48.13771],[39.48072,48.14174],[39.48054,48.14419],[39.48209,48.1502],[39.48228,48.15218],[39.4815,48.15272],[39.4807,48.1544],[39.48133,48.15504],[39.4826,48.15275],[39.48372,48.15544],[39.48494,48.15701],[39.48598,48.15687],[39.48697,48.15523],[39.48865,48.15388]]]},"properties":{"firedate":"2026-09-21","area_ha":201.0,"country":"UA"}},{"type":"Feature","geometry":{"type":"Polygon","coordinates":[[[-8.3782,41.87932],[-8.37761,41.87852],[-8.37776,41.87798],[-8.37881,41.87723],[-8.3785,41.87655],[-8.37988,41.8756],[-8.37996,41.87489],[-8.38091,41.87478],[-8.38273,41.8754],[-8.38287,41.87394],[-8.38001,41.8744],[-8.37987,41.87366],[-8.37946,41.87344],[-8.37934,41.87163],[-8.37905,41.87132],[-8.37858,41.8714],[-8.37857,41.87214],[-8.3782,41.87239],[-8.37632,41.87223],[-8.37649,41.8715],[-8.3774,41.87107],[-8.37729,41.87073],[-8.37853,41.87108],[-8.37897,41.87089],[-8.37911,41.86943],[-8.37942,41.86916],[-8.3789,41.86859],[-8.37842,41.86865],[-8.37854,41.8676],[-8.37953,41.8676],[-8.37984,41.86827],[-8.38065,41.86805],[-8.38069,41.86767],[-8.37978,41.86744],[-8.37919,41.86572],[-8.37923,41.86534],[-8.38084,41.86449],[-8.3808,41.86487],[-8.38218,41.86501],[-8.38217,41.86608],[-8.38308,41.86631],[-8.38327,41.86774],[-8.38449,41.86707],[-8.38559,41.86775],[-8.38605,41.86763],[-8.38642,41.86694],[-8.3877,41.86644],[-8.38996,41.86738],[-8.39002,41.86773],[-8.3891,41.86856],[-8.38927,41.86927],[-8.3888,41.86935],[-8.38828,41.86879],[-8.38784,41.86895],[-8.38696,41.87025],[-8.38608,41.87059],[-8.3871,41.87055],[-8.38796,41.87142],[-8.3884,41.87126],[-8.38838,41.87024],[-8.38747,41.87015],[-8.38834,41.86929],[-8.38974,41.87032],[-8.39069,41.87036],[-8.39071,41.87105],[-8.38907,41.87183],[-8.38932,41.87215],[-8.38713,41.87289],[-8.38701,41.87328],[-8.38971,41.87245],[-8.39014,41.87259],[-8.39119,41.87375],[-8.3906,41.87518],[-8.39091,41.87586],[-8.39138,41.87595],[-8.39196,41.87496],[-8.39167,41.87432],[-8.3919,41.87252],[-8.3927,41.87288],[-8.39504,41.87263],[-8.39703,41.87365],[-8.3962,41.87575],[-8.39537,41.87609],[-8.39442,41.87733],[-8.39584,41.87809],[-8.39554,41.8784],[-8.39562,41.87912],[-8.39658,41.87905],[-8.39688,41.87936],[-8.39755,41.88137],[-8.39726,41.88204],[-8.39759,41.88231],[-8.40061,41.88124],[-8.40303,41.88108],[-8.40052,41.88283],[-8.40156,41.88366],[-8.40182,41.88435],[-8.40113,41.88528],[-8.40066,41.88537],[-8.40041,41.88505],[-8.39771,41.88603],[-8.39565,41.88528],[-8.3953,41.88461],[-8.39317,41.8849],[-8.39206,41.88562],[-8.39168,41.88503],[-8.39241,41.88453],[-8.39149,41.8825],[-8.39228,41.88237],[-8.39215,41.88336],[-8.39306,41.88312],[-8.39314,41.88274],[-8.39194,41.88157],[-8.39143,41.88152],[-8.39083,41.88214],[-8.38989,41.88213],[-8.38984,41.88068],[-8.38881,41.87958],[-8.38596,41.87993],[-8.38219,41.87924],[-8.38177,41.87947],[-8.38114,41.88127],[-8.38067,41.88132],[-8.38016,41.88127],[-8.3794,41.87994],[-8.37943,41.87957],[-8.37988,41.87941],[-8.37968,41.87909],[-8.3782,41.87932]]]},"properties":{"firedate":"2026-09-21","area_ha":213.0,"country":"PT"}},{"type":"Feature","geometry":{"type":"Polygon","coordinates":[[[12.69735,38.06596],[12.69759,38.0643],[12.69721,38.06415],[12.69699,38.06596],[12.69735,38.06596]]]},"properties":{"firedate":"2026-09-22","area_ha":1.0,"country":"IT"}},{"type":"Feature","geometry":{"type":"Polygon","coordinates":[[[12.69091,38.06821],[12.69058,38.06784],[12.69057,38.06691],[12.69031,38.06677],[12.68998,38.06782],[12.69046,38.06848],[12.69091,38.06821]]]},"properties":{"firedate":"2026-09-22","area_ha":1.0,"country":"IT"}},{"type":"Feature","geometry":{"type":"Polygon","coordinates":[[[-8.14904,41.52167],[-8.14833,41.52116],[-8.14877,41.52046],[-8.14912,41.52047],[-8.14968,41.5214],[-8.14904,41.52167]]]},"properties":{"firedate":"2026-09-22","area_ha":1.0,"country":"PT"}},{"type":"Feature","geometry":{"type":"Polygon","coordinates":[[[-8.14763,41.521],[-8.14673,41.52065],[-8.1472,41.52028],[-8.14699,41.51981],[-8.1479,41.51997],[-8.14839,41.52066],[-8.14763,41.521]]]},"properties":{"firedate":"2026-09-22","area_ha":1.0,"country":"PT"}},{"type":"Feature","geometry":{"type":"Polygon","coordinates":[[[-8.14365,41.52187],[-8.14309,41.5214],[-8.14298,41.52091],[-8.14362,41.52027],[-8.14487,41.52056],[-8.1439,41.5212],[-8.14365,41.52187]]]},"properties":{"firedate":"2026-09-22","area_ha":1.0,"country":"PT"}},{"type":"Feature","geometry":{"type":"Polygon","coordinates":[[[-7.61954,39.84479],[-7.61969,39.84444],[-7.62066,39.84471],[-7.62035,39.84504],[-7.61954,39.84479]]]},"properties":{"firedate":"2026-09-22","area_ha":1.0,"country":"PT"}},{"type":"Feature","geometry":{"type":"Polygon","coordinates":[[[9.52197,37.27806],[9.52214,37.27651],[9.52159,37.2765],[9.52136,37.27795],[9.52197,37.27806]]]},"properties":{"firedate":"2026-09-22","area_ha":1.0,"country":"TN"}},{"type":"Feature","geometry":{"type":"Polygon","coordinates":[[[20.29671,42.43242],[20.29688,42.43197],[20.29663,42.4314],[20.29601,42.4319],[20.29628,42.4325],[20.29671,42.43242]]]},"properties":{"firedate":"2026-09-22","area_ha":1.0,"country":"KS"}},{"type":"Feature","geometry":{"type":"Polygon","coordinates":[[[-2.90164,43.11965],[-2.90147,43.11912],[-2.90331,43.11938],[-2.90295,43.11967],[-2.9024,43.11946],[-2.90217,43.11992],[-2.90164,43.11965]]]},"properties":{"firedate":"2026-09-22","area_ha":1.0,"country":"ES"}},{"type":"Feature","geometry":{"type":"Polygon","coordinates":[[[20.87709,43.09222],[20.87632,43.09211],[20.87567,43.09282],[20.87634,43.09292],[20.87709,43.09222]]]},"properties":{"firedate":"2026-09-22","area_ha":1.0,"country":"KS"}},{"type":"Feature","geometry":{"type":"Polygon","coordinates":[[[-7.66959,42.81533],[-7.66857,42.81467],[-7.66835,42.81371],[-7.66854,42.81323],[-7.66916,42.81302],[-7.66987,42.81379],[-7.66953,42.81425],[-7.66959,42.81533]]]},"properties":{"firedate":"2026-09-22","area_ha":2.0,"country":"ES"}},{"type":"Feature","geometry":{"type":"Polygon","coordinates":[[[19.2525,42.28084],[19.25269,42.28157],[19.25337,42.2817],[19.2532,42.28095],[19.25368,42.27946],[19.25277,42.27946],[19.25255,42.28029],[19.25299,42.28045],[19.2525,42.28084]]]},"properties":{"firedate":"2026-09-22","area_ha":2.0,"country":"ME"}},{"type":"Feature","geometry":{"type":"Polygon","coordinates":[[[22.36246,44.75629],[22.36235,44.75583],[22.36175,44.75557],[22.35948,44.75607],[22.35925,44.75646],[22.36182,44.7569],[22.36246,44.75629]]]},"properties":{"firedate":"2026-09-22","area_ha":2.0,"country":"RO"}},{"type":"Feature","geometry":{"type":"Polygon","coordinates":[[[15.65554,40.12126],[15.65531,40.12053],[15.65314,40.12072],[15.65457,40.12172],[15.65554,40.12126]]]},"properties":{"firedate":"2026-09-22","area_ha":2.0,"country":"IT"}},{"type":"Feature","geometry":{"type":"Polygon","coordinates":[[[-7.95997,40.44368],[-7.96014,40.44314],[-7.96124,40.44252],[-7.9619,40.44276],[-7.96073,40.44386],[-7.95997,40.44368]]]},"properties":{"firedate":"2026-09-22","area_ha":2.0,"country":"PT"}},{"type":"Feature","geometry":{"type":"Polygon","coordinates":[[[-2.66393,41.29711],[-2.66355,41.29667],[-2.66386,41.29629],[-2.663,41.29562],[-2.66362,41.29526],[-2.66456,41.29553],[-2.66407,41.29567],[-2.66425,41.29618],[-2.66539,41.2962],[-2.66521,41.29684],[-2.66452,41.29644],[-2.66433,41.29694],[-2.66471,41.29711],[-2.66393,41.29711]]]},"properties":{"firedate":"2026-09-22","area_ha":2.0,"country":"ES"}},{"type":"Feature","geometry":{"type":"Polygon","coordinates":[[[20.45081,42.49819],[20.45172,42.49807],[20.45273,42.49712],[20.45284,42.49538],[20.4532,42.49527],[20.4527,42.4952],[20.45233,42.49598],[20.45147,42.4962],[20.45092,42.49711],[20.45136,42.49775],[20.45081,42.49819]]]},"properties":{"firedate":"2026-09-22","area_ha":3.0,"country":"KS"}},{"type":"Feature","geometry":{"type":"Polygon","coordinates":[[[22.35877,44.75447],[22.35859,44.7542],[22.3557,44.75391],[22.35563,44.75452],[22.35689,44.75483],[22.35513,44.75523],[22.35737,44.75603],[22.35698,44.75534],[22.35877,44.75447]]]},"properties":{"firedate":"2026-09-22","area_ha":3.0,"country":"RO"}},{"type":"Feature","geometry":{"type":"Polygon","coordinates":[[[19.53625,41.52848],[19.53632,41.52807],[19.5353,41.527],[19.53392,41.52749],[19.53366,41.52789],[19.53373,41.52831],[19.53425,41.52849],[19.53625,41.52848]]]},"properties":{"firedate":"2026-09-22","area_ha":3.0,"country":"AL"}},{"type":"Feature","geometry":{"type":"Polygon","coordinates":[[[20.44258,41.84298],[20.44167,41.84229],[20.44064,41.84225],[20.44,41.84176],[20.43874,41.84183],[20.43812,41.84224],[20.43859,41.84286],[20.43957,41.84295],[20.43978,41.84283],[20.43934,41.84252],[20.43958,41.84243],[20.44258,41.84298]]]},"properties":{"firedate":"2026-09-22","area_ha":3.0,"country":"AL"}},{"type":"Feature","geometry":{"type":"Polygon","coordinates":[[[12.693,38.06203],[12.69199,38.0609],[12.69179,38.06176],[12.69013,38.06278],[12.68966,38.0637],[12.69151,38.06338],[12.69223,38.06293],[12.69227,38.06251],[12.693,38.06203]]]},"properties":{"firedate":"2026-09-22","area_ha":4.0,"country":"IT"}},{"type":"Feature","geometry":{"type":"Polygon","coordinates":[[[-8.53624,41.28016],[-8.53664,41.27968],[-8.53604,41.27909],[-8.53744,41.27867],[-8.53926,41.27916],[-8.53959,41.27963],[-8.53945,41.28042],[-8.53834,41.28011],[-8.53734,41.28055],[-8.53624,41.28016]]]},"properties":{"firedate":"2026-09-22","area_ha":4.0,"country":"PT"}},{"type":"Feature","geometry":{"type":"Polygon","coordinates":[[[22.73896,44.7396],[22.73867,44.74114],[22.74017,44.74084],[22.73995,44.74039],[22.74018,44.73977],[22.73947,44.73826],[22.73852,44.73836],[22.73802,44.73901],[22.73896,44.7396]]]},"properties":{"firedate":"2026-09-22","area_ha":4.0,"country":"RO"}},{"type":"Feature","geometry":{"type":"Polygon","coordinates":[[[19.77061,41.11228],[19.7713,41.11054],[19.7706,41.11019],[19.76981,41.11044],[19.76858,41.11225],[19.76892,41.11284],[19.76972,41.11305],[19.77061,41.11228]]]},"properties":{"firedate":"2026-09-22","area_ha":5.0,"country":"AL"}},{"type":"Feature","geometry":{"type":"Polygon","coordinates":[[[14.73615,40.76385],[14.73608,40.76353],[14.73366,40.76259],[14.73173,40.76223],[14.73193,40.76449],[14.73253,40.76451],[14.73359,40.76366],[14.73615,40.76385]]]},"properties":{"firedate":"2026-09-22","area_ha":5.0,"country":"IT"}},{"type":"Feature","geometry":{"type":"Polygon","coordinates":[[[-7.74614,42.24944],[-7.74574,42.24867],[-7.74516,42.24855],[-7.74555,42.24784],[-7.74897,42.24803],[-7.7496,42.24854],[-7.74906,42.24926],[-7.7475,42.24973],[-7.74614,42.24944]]]},"properties":{"firedate":"2026-09-22","area_ha":5.0,"country":"ES"}},{"type":"Feature","geometry":{"type":"Polygon","coordinates":[[[-8.28593,42.65702],[-8.28515,42.65619],[-8.28527,42.65519],[-8.28581,42.65492],[-8.2868,42.65516],[-8.28905,42.6566],[-8.2877,42.6574],[-8.28593,42.65702]]]},"properties":{"firedate":"2026-09-22","area_ha":5.0,"country":"ES"}},{"type":"Feature","geometry":{"type":"Polygon","coordinates":[[[-5.63244,40.28188],[-5.6343,40.27876],[-5.6354,40.27864],[-5.63551,40.27927],[-5.63489,40.2805],[-5.63349,40.28187],[-5.63244,40.28188]]]},"properties":{"firedate":"2026-09-22","area_ha":5.0,"country":"ES"}},{"type":"Feature","geometry":{"type":"Polygon","coordinates":[[[15.65146,40.12856],[15.65207,40.12671],[15.65078,40.12629],[15.65,40.12539],[15.64887,40.1256],[15.64873,40.12637],[15.65028,40.12758],[15.65028,40.12851],[15.65146,40.12856]]]},"properties":{"firedate":"2026-09-22","area_ha":6.0,"country":"IT"}},{"type":"Feature","geometry":{"type":"Polygon","coordinates":[[[19.25001,42.28033],[19.24887,42.28044],[19.24881,42.28106],[19.24742,42.28171],[19.24743,42.28299],[19.24802,42.28355],[19.24865,42.28311],[19.24899,42.28329],[19.24931,42.28206],[19.25055,42.28153],[19.25075,42.28102],[19.25027,42.28096],[19.25083,42.27977],[19.25001,42.28033]]]},"properties":{"firedate":"2026-09-22","area_ha":6.0,"country":"ME"}},{"type":"Feature","geometry":{"type":"Polygon","coordinates":[[[9.4104,36.91853],[9.4106,36.91553],[9.41027,36.91534],[9.40923,36.91602],[9.40945,36.9173],[9.40844,36.91903],[9.4089,36.91977],[9.40955,36.91995],[9.4104,36.91853]]]},"properties":{"firedate":"2026-09-22","area_ha":6.0,"country":"TN"}},{"type":"Feature","geometry":{"type":"Polygon","coordinates":[[[22.74877,44.75014],[22.74767,44.74782],[22.74615,44.74829],[22.74462,44.74999],[22.7452,44.75068],[22.74741,44.74957],[22.74762,44.74973],[22.7469,44.75016],[22.7471,44.75043],[22.74877,44.75014]]]},"properties":{"firedate":"2026-09-22","area_ha":6.0,"country":"RO"}},{"type":"Feature","geometry":{"type":"Polygon","coordinates":[[[15.00426,40.8913],[15.00439,40.8904],[15.00301,40.8889],[15.00036,40.88902],[15.00201,40.89158],[15.00369,40.89178],[15.00426,40.8913]]]},"properties":{"firedate":"2026-09-22","area_ha":7.0,"country":"IT"}},{"type":"Feature","geometry":{"type":"Polygon","coordinates":[[[9.51802,36.93326],[9.5183,36.93196],[9.51765,36.93166],[9.51696,36.93245],[9.51628,36.93267],[9.51557,36.93254],[9.51419,36.93149],[9.51345,36.93166],[9.51545,36.93331],[9.51515,36.93433],[9.51563,36.93453],[9.51659,36.93451],[9.5172,36.93381],[9.51834,36.93388],[9.51802,36.93326]]]},"properties":{"firedate":"2026-09-22","area_ha":7.0,"country":"TN"}},{"type":"Feature","geometry":{"type":"Polygon","coordinates":[[[13.64151,37.33082],[13.64248,37.33017],[13.6421,37.32967],[13.64241,37.32898],[13.63996,37.32899],[13.63891,37.32937],[13.63898,37.33045],[13.6399,37.33091],[13.63978,37.33161],[13.64007,37.33186],[13.64128,37.33172],[13.64151,37.33082]]]},"properties":{"firedate":"2026-09-22","area_ha":7.0,"country":"IT"}},{"type":"Feature","geometry":{"type":"Polygon","coordinates":[[[37.30554,49.88778],[37.30331,49.88697],[37.30286,49.88711],[37.30131,49.88908],[37.30008,49.88914],[37.30061,49.88952],[37.29874,49.88989],[37.29914,49.89021],[37.30392,49.89027],[37.30463,49.88978],[37.30554,49.88778]]]},"properties":{"firedate":"2026-09-22","area_ha":9.0,"country":"UA"}},{"type":"Feature","geometry":{"type":"Polygon","coordinates":[[[15.63671,41.71596],[15.63621,41.71784],[15.63655,41.71886],[15.63875,41.72014],[15.63841,41.71789],[15.63946,41.7176],[15.6399,41.71591],[15.63919,41.71572],[15.639,41.71506],[15.63848,41.71507],[15.63671,41.71596]]]},"properties":{"firedate":"2026-09-22","area_ha":10.0,"country":"IT"}},{"type":"Feature","geometry":{"type":"Polygon","coordinates":[[[19.51545,41.52595],[19.51467,41.52834],[19.51514,41.52892],[19.51608,41.52868],[19.51664,41.52769],[19.51645,41.52708],[19.51718,41.52636],[19.51683,41.52508],[19.51692,41.52295],[19.51653,41.52259],[19.51474,41.52273],[19.51545,41.52595]]]},"properties":{"firedate":"2026-09-22","area_ha":10.0,"country":"AL"}},{"type":"Feature","geometry":{"type":"Polygon","coordinates":[[[22.35653,44.7499],[22.35885,44.75004],[22.36061,44.74925],[22.35926,44.74816],[22.35676,44.74911],[22.35599,44.74987],[22.35378,44.75084],[22.35327,44.75207],[22.35415,44.75315],[22.35265,44.75535],[22.35284,44.75589],[22.35331,44.75566],[22.35451,44.75371],[22.35555,44.75361],[22.35519,44.75304],[22.35653,44.75259],[22.35593,44.75156],[22.35444,44.75178],[22.35499,44.75074],[22.35653,44.7499]]]},"properties":{"firedate":"2026-09-22","area_ha":11.0,"country":"RO"}},{"type":"Feature","geometry":{"type":"Polygon","coordinates":[[[18.77107,42.94884],[18.77049,42.94785],[18.76885,42.9475],[18.7682,42.9467],[18.76599,42.94565],[18.76509,42.94564],[18.76566,42.94744],[18.76742,42.94859],[18.76708,42.94919],[18.76983,42.94966],[18.77107,42.94884]]]},"properties":{"firedate":"2026-09-22","area_ha":11.0,"country":"ME"}},{"type":"Feature","geometry":{"type":"Polygon","coordinates":[[[17.01955,39.05973],[17.02081,39.05944],[17.02008,39.05851],[17.02053,39.05758],[17.02046,39.05683],[17.01791,39.05681],[17.01697,39.05787],[17.01464,39.0583],[17.01481,39.05886],[17.01656,39.05951],[17.01955,39.05973]]]},"properties":{"firedate":"2026-09-22","area_ha":12.0,"country":"IT"}},{"type":"Feature","geometry":{"type":"Polygon","coordinates":[[[-6.99467,38.85338],[-6.99402,38.85376],[-6.99306,38.85327],[-6.99182,38.85323],[-6.99178,38.85346],[-6.98829,38.85274],[-6.98861,38.8498],[-6.99079,38.85019],[-6.99167,38.85133],[-6.99374,38.85236],[-6.99412,38.85322],[-6.99467,38.85338]]]},"properties":{"firedate":"2026-09-22","area_ha":13.0,"country":"ES"}},{"type":"Feature","geometry":{"type":"Polygon","coordinates":[[[19.26551,42.27797],[19.26444,42.27786],[19.26453,42.27737],[19.26406,42.27705],[19.26432,42.27663],[19.26429,42.27698],[19.26479,42.27726],[19.26486,42.27623],[19.26563,42.27572],[19.2657,42.27505],[19.26639,42.27453],[19.26575,42.27404],[19.26572,42.27341],[19.26452,42.27319],[19.2641,42.27347],[19.26385,42.27446],[19.26191,42.27634],[19.26156,42.27765],[19.26345,42.27888],[19.26408,42.27814],[19.26531,42.27847],[19.26551,42.27797]]]},"properties":{"firedate":"2026-09-22","area_ha":13.0,"country":"ME"}},{"type":"Feature","geometry":{"type":"Polygon","coordinates":[[[13.73604,37.88887],[13.73288,37.88597],[13.73212,37.8837],[13.73114,37.88253],[13.7296,37.8821],[13.72848,37.8826],[13.7286,37.88322],[13.73071,37.88506],[13.73129,37.88637],[13.7332,37.88727],[13.7347,37.88863],[13.73604,37.88887]]]},"properties":{"firedate":"2026-09-22","area_ha":13.0,"country":"IT"}},{"type":"Feature","geometry":{"type":"Polygon","coordinates":[[[14.94846,40.73853],[14.94827,40.73757],[14.94664,40.73653],[14.94579,40.73662],[14.94543,40.73734],[14.9442,40.73676],[14.94332,40.73713],[14.94488,40.74038],[14.94757,40.74025],[14.94808,40.73982],[14.94846,40.73853]]]},"properties":{"firedate":"2026-09-22","area_ha":14.0,"country":"IT"}},{"type":"Feature","geometry":{"type":"Polygon","coordinates":[[[37.60579,48.92305],[37.6049,48.92064],[37.60376,48.91905],[37.60195,48.91857],[37.60089,48.9191],[37.60151,48.92098],[37.60196,48.92079],[37.60257,48.9216],[37.60156,48.9218],[37.60078,48.92297],[37.60138,48.92346],[37.60141,48.92429],[37.60579,48.92305]]]},"properties":{"firedate":"2026-09-22","area_ha":15.0,"country":"UA"}},{"type":"Feature","geometry":{"type":"Polygon","coordinates":[[[19.51947,41.53435],[19.52028,41.53387],[19.51944,41.5327],[19.52003,41.53072],[19.52092,41.52985],[19.52,41.52854],[19.51762,41.53145],[19.51579,41.53],[19.51313,41.52998],[19.51306,41.53149],[19.51416,41.53104],[19.51541,41.53185],[19.51648,41.53209],[19.5171,41.53336],[19.51837,41.5336],[19.51947,41.53435]]]},"properties":{"firedate":"2026-09-22","area_ha":16.0,"country":"AL"}},{"type":"Feature","geometry":{"type":"Polygon","coordinates":[[[15.85258,39.69589],[15.85709,39.69667],[15.86276,39.69621],[15.86294,39.69596],[15.85765,39.69427],[15.85387,39.69464],[15.85154,39.69451],[15.85108,39.69493],[15.85121,39.69538],[15.85258,39.69589]]]},"properties":{"firedate":"2026-09-22","area_ha":17.0,"country":"IT"}},{"type":"Feature","geometry":{"type":"Polygon","coordinates":[[[35.63275,47.71153],[35.63332,47.71148],[35.63363,47.71097],[35.63478,47.71079],[35.63569,47.71263],[35.63863,47.71102],[35.6393,47.71012],[35.63871,47.70983],[35.63886,47.70941],[35.63607,47.70876],[35.63425,47.7073],[35.63249,47.70692],[35.6306,47.70783],[35.63282,47.70819],[35.6332,47.70862],[35.63305,47.71008],[35.63256,47.71038],[35.63264,47.71095],[35.63222,47.71081],[35.63275,47.71153]]]},"properties":{"firedate":"2026-09-22","area_ha":17.0,"country":"UA"}},{"type":"Feature","geometry":{"type":"Polygon","coordinates":[[[38.00612,48.61096],[38.00675,48.60903],[38.00594,48.60613],[38.00558,48.60598],[38.00527,48.60721],[38.00563,48.60857],[38.00536,48.61029],[38.00479,48.60981],[38.00512,48.60869],[38.00481,48.60829],[38.00398,48.60981],[38.00102,48.61022],[38.00036,48.61164],[37.99954,48.61226],[38.00136,48.61371],[38.00278,48.61369],[38.00408,48.61293],[38.00496,48.61287],[38.00612,48.61096]]]},"properties":{"firedate":"2026-09-22","area_ha":18.0,"country":"UA"}},{"type":"Feature","geometry":{"type":"Polygon","coordinates":[[[18.11877,43.08635],[18.11886,43.08586],[18.12001,43.08575],[18.11987,43.08491],[18.11733,43.08349],[18.11629,43.08338],[18.11572,43.08238],[18.11472,43.0825],[18.11415,43.08294],[18.11326,43.08527],[18.11592,43.08559],[18.11467,43.08657],[18.11481,43.08711],[18.11682,43.08768],[18.11757,43.0868],[18.11877,43.08635]]]},"properties":{"firedate":"2026-09-22","area_ha":18.0,"country":"BA"}},{"type":"Feature","geometry":{"type":"Polygon","coordinates":[[[19.52832,41.51836],[19.52773,41.51852],[19.52759,41.51913],[19.52996,41.52005],[19.52881,41.52139],[19.52694,41.52127],[19.52617,41.52266],[19.52642,41.52314],[19.52869,41.52458],[19.52951,41.52227],[19.53118,41.5212],[19.53105,41.52036],[19.53177,41.51956],[19.53232,41.51755],[19.53154,41.51698],[19.52868,41.51676],[19.52832,41.51836]]]},"properties":{"firedate":"2026-09-22","area_ha":20.0,"country":"AL"}},{"type":"Feature","geometry":{"type":"Polygon","coordinates":[[[22.727,44.73518],[22.72964,44.73843],[22.7299,44.73923],[22.73153,44.73911],[22.73185,44.73982],[22.73441,44.74004],[22.73439,44.73967],[22.73337,44.73886],[22.73153,44.73857],[22.731,44.73805],[22.73351,44.73696],[22.73297,44.73644],[22.73504,44.73541],[22.73585,44.73396],[22.73475,44.73363],[22.73201,44.73454],[22.73069,44.73435],[22.72954,44.73542],[22.72713,44.7347],[22.727,44.73518]]]},"properties":{"firedate":"2026-09-22","area_ha":23.0,"country":"RO"}},{"type":"Feature","geometry":{"type":"Polygon","coordinates":[[[24.2494,43.40755],[24.24816,43.40756],[24.24768,43.40701],[24.24822,43.4061],[24.24988,43.40532],[24.24905,43.40469],[24.24903,43.40407],[24.24825,43.40381],[24.24721,43.4041],[24.24599,43.40391],[24.24504,43.40582],[24.24305,43.40699],[24.24329,43.40733],[24.24466,43.40698],[24.24559,43.40727],[24.24588,43.40827],[24.24563,43.40895],[24.24603,43.4093],[24.24853,43.40929],[24.25141,43.41037],[24.25296,43.41012],[24.25265,43.40934],[24.25109,43.40933],[24.25039,43.40895],[24.25038,43.40836],[24.25161,43.40772],[24.2509,43.40691],[24.2494,43.40755]]]},"properties":{"firedate":"2026-09-22","area_ha":24.0,"country":"BG"}},{"type":"Feature","geometry":{"type":"Polygon","coordinates":[[[22.77218,44.71618],[22.77215,44.71562],[22.77148,44.71524],[22.76587,44.71501],[22.76465,44.71635],[22.76059,44.71799],[22.76063,44.71951],[22.75998,44.72034],[22.76172,44.72214],[22.76193,44.72289],[22.76377,44.72337],[22.76411,44.72308],[22.76408,44.7225],[22.762,44.72174],[22.76225,44.72098],[22.76177,44.72008],[22.76193,44.71973],[22.76416,44.71885],[22.76493,44.71765],[22.76659,44.71701],[22.76943,44.71784],[22.76985,44.71766],[22.77013,44.71634],[22.77218,44.71618]]]},"properties":{"firedate":"2026-09-22","area_ha":25.0,"country":"RO"}},{"type":"Feature","geometry":{"type":"Polygon","coordinates":[[[13.93834,37.60759],[13.9381,37.60715],[13.93506,37.6074],[13.93439,37.60674],[13.93281,37.60671],[13.93167,37.60317],[13.93104,37.60286],[13.93043,37.60345],[13.9304,37.60522],[13.92867,37.60656],[13.92702,37.60716],[13.92666,37.60775],[13.92682,37.60822],[13.92755,37.60845],[13.93135,37.6076],[13.93323,37.60977],[13.93392,37.61007],[13.93438,37.60963],[13.93606,37.60947],[13.93505,37.60848],[13.93504,37.60805],[13.93682,37.60804],[13.93834,37.60759]]]},"properties":{"firedate":"2026-09-22","area_ha":26.0,"country":"IT"}},{"type":"Feature","geometry":{"type":"Polygon","coordinates":[[[18.47306,42.92729],[18.47337,42.92583],[18.47402,42.92592],[18.47418,42.92564],[18.47358,42.92425],[18.47419,42.92464],[18.47436,42.92521],[18.47513,42.9253],[18.47414,42.924],[18.47255,42.92349],[18.47228,42.92298],[18.47034,42.92191],[18.46859,42.92252],[18.46847,42.92336],[18.46813,42.92321],[18.46809,42.92233],[18.46744,42.92197],[18.46676,42.92224],[18.46644,42.92144],[18.46605,42.92147],[18.46572,42.92165],[18.4656,42.92248],[18.46368,42.92302],[18.46392,42.92356],[18.46504,42.92385],[18.4674,42.92585],[18.46846,42.92715],[18.46961,42.9274],[18.46997,42.92687],[18.47306,42.92729]]]},"properties":{"firedate":"2026-09-22","area_ha":33.0,"country":"BA"}},{"type":"Feature","geometry":{"type":"Polygon","coordinates":[[[9.5297,36.88757],[9.53124,36.88507],[9.53318,36.88398],[9.53167,36.88208],[9.53065,36.88155],[9.52981,36.88155],[9.5271,36.88432],[9.52499,36.88427],[9.52231,36.88368],[9.52148,36.88386],[9.52441,36.88544],[9.52513,36.88805],[9.52881,36.8878],[9.5297,36.88757]]]},"properties":{"firedate":"2026-09-22","area_ha":35.0,"country":"TN"}},{"type":"Feature","geometry":{"type":"Polygon","coordinates":[[[13.85948,37.5737],[13.86073,37.57487],[13.86152,37.57504],[13.86281,37.57438],[13.86297,37.57316],[13.86449,37.57135],[13.86499,37.56937],[13.86483,37.56868],[13.86294,37.56813],[13.8615,37.5689],[13.859,37.56903],[13.85602,37.56841],[13.85536,37.56855],[13.85419,37.56964],[13.85386,37.57056],[13.8547,37.57042],[13.85601,37.56924],[13.85817,37.57023],[13.85832,37.57172],[13.85948,37.5737]]]},"properties":{"firedate":"2026-09-22","area_ha":36.0,"country":"IT"}},{"type":"Feature","geometry":{"type":"Polygon","coordinates":[[[19.28729,41.90205],[19.2898,41.90189],[19.29043,41.89957],[19.28859,41.89694],[19.28528,41.89703],[19.28341,41.898],[19.28185,41.89746],[19.28143,41.89769],[19.28171,41.89974],[19.28395,41.90303],[19.28476,41.90312],[19.28729,41.90205]]]},"properties":{"firedate":"2026-09-22","area_ha":38.0,"country":"ME"}},{"type":"Feature","geometry":{"type":"Polygon","coordinates":[[[23.62184,43.84196],[23.62111,43.84109],[23.62135,43.84066],[23.62326,43.83975],[23.62721,43.83941],[23.62781,43.83823],[23.6257,43.83798],[23.61536,43.84091],[23.6144,43.84192],[23.61237,43.84202],[23.60967,43.84328],[23.60907,43.84504],[23.6095,43.84573],[23.61117,43.84551],[23.61446,43.84418],[23.62038,43.84271],[23.62184,43.84196]]]},"properties":{"firedate":"2026-09-22","area_ha":38.0,"country":"RO"}},{"type":"Feature","geometry":{"type":"Polygon","coordinates":[[[23.90085,43.11628],[23.89902,43.11756],[23.89883,43.1181],[23.89988,43.11864],[23.90143,43.11753],[23.90331,43.11706],[23.90363,43.11603],[23.90425,43.11575],[23.90703,43.11632],[23.90801,43.11717],[23.90779,43.11787],[23.90865,43.11881],[23.90972,43.11881],[23.91048,43.11769],[23.91312,43.11798],[23.91276,43.11678],[23.91215,43.11672],[23.91262,43.11639],[23.91243,43.1154],[23.91135,43.11486],[23.91191,43.1129],[23.91101,43.11237],[23.90958,43.11264],[23.90949,43.11312],[23.90856,43.11351],[23.90653,43.11392],[23.90497,43.11395],[23.90446,43.1133],[23.9038,43.1131],[23.90285,43.11408],[23.90292,43.11555],[23.90231,43.11562],[23.90163,43.11485],[23.90105,43.11521],[23.90085,43.11628]]]},"properties":{"firedate":"2026-09-22","area_ha":39.0,"country":"BG"}},{"type":"Feature","geometry":{"type":"Polygon","coordinates":[[[19.32261,42.28628],[19.32291,42.28716],[19.32369,42.28748],[19.32443,42.28678],[19.32509,42.28667],[19.32468,42.28748],[19.32499,42.288],[19.32399,42.28854],[19.3245,42.28953],[19.32561,42.28841],[19.32801,42.28715],[19.3306,42.28682],[19.33093,42.2847],[19.33181,42.28357],[19.33233,42.28136],[19.33107,42.28095],[19.3311,42.28234],[19.32892,42.28249],[19.32857,42.28223],[19.32879,42.28155],[19.32828,42.28103],[19.32873,42.27998],[19.33052,42.2786],[19.33028,42.27813],[19.32869,42.2793],[19.32793,42.28133],[19.32699,42.2818],[19.32672,42.28239],[19.32494,42.28142],[19.32511,42.28254],[19.32566,42.283],[19.32561,42.28365],[19.32215,42.28468],[19.3239,42.28529],[19.32303,42.28576],[19.32261,42.28628]]]},"properties":{"firedate":"2026-09-22","area_ha":40.0,"country":"ME"}},{"type":"Feature","geometry":{"type":"Polygon","coordinates":[[[-5.62061,34.75209],[-5.62052,34.75153],[-5.62129,34.7514],[-5.62122,34.75],[-5.62161,34.74911],[-5.62115,34.74803],[-5.62264,34.74758],[-5.62525,34.74855],[-5.62663,34.74835],[-5.63003,34.75214],[-5.63069,34.75204],[-5.63078,34.75116],[-5.63056,34.75043],[-5.62953,34.74984],[-5.62956,34.74945],[-5.63132,34.7495],[-5.63221,34.75137],[-5.63132,34.75174],[-5.63086,34.75252],[-5.62959,34.7522],[-5.62473,34.75439],[-5.62375,34.7541],[-5.62193,34.75259],[-5.62061,34.75209]]]},"properties":{"firedate":"2026-09-22","area_ha":44.0,"country":"MA"}},{"type":"Feature","geometry":{"type":"Polygon","coordinates":[[[13.29948,37.49656],[13.29867,37.49802],[13.29711,37.49833],[13.29665,37.49921],[13.29752,37.49992],[13.30006,37.50049],[13.30235,37.50016],[13.30357,37.50111],[13.30434,37.50129],[13.30474,37.50085],[13.30477,37.50005],[13.30321,37.49961],[13.30294,37.49888],[13.30462,37.49768],[13.30605,37.49484],[13.30734,37.49328],[13.30801,37.49321],[13.30766,37.49429],[13.30806,37.49444],[13.30863,37.4935],[13.30982,37.49403],[13.31079,37.49249],[13.30925,37.49309],[13.30866,37.49225],[13.30872,37.49122],[13.30784,37.49024],[13.30692,37.48965],[13.30596,37.48958],[13.30559,37.48989],[13.30569,37.49043],[13.30683,37.49123],[13.30613,37.49141],[13.30568,37.49208],[13.3046,37.4919],[13.30365,37.49376],[13.30281,37.49453],[13.30246,37.49529],[13.30325,37.49619],[13.30318,37.49665],[13.30265,37.49666],[13.30172,37.49594],[13.30005,37.49572],[13.2993,37.49611],[13.29948,37.49656]]]},"properties":{"firedate":"2026-09-22","area_ha":49.0,"country":"IT"}},{"type":"Feature","geometry":{"type":"Polygon","coordinates":[[[19.32419,42.29643],[19.32363,42.29676],[19.3237,42.29812],[19.32221,42.29804],[19.32128,42.29878],[19.32122,42.29983],[19.31933,42.29864],[19.31905,42.29875],[19.31913,42.2994],[19.31849,42.2996],[19.31838,42.29843],[19.3179,42.29769],[19.31709,42.29899],[19.31765,42.29967],[19.31752,42.29996],[19.31615,42.29954],[19.31601,42.29848],[19.31493,42.29872],[19.31514,42.30005],[19.31567,42.30084],[19.31774,42.30141],[19.31822,42.30211],[19.31819,42.30276],[19.31701,42.30316],[19.31698,42.30425],[19.31756,42.30448],[19.31894,42.30417],[19.31879,42.30195],[19.3192,42.30167],[19.31993,42.30241],[19.32041,42.30366],[19.32135,42.30362],[19.3222,42.30272],[19.32305,42.30355],[19.32385,42.30334],[19.32487,42.30182],[19.32485,42.3008],[19.32663,42.29977],[19.328,42.2973],[19.32695,42.29712],[19.32636,42.29657],[19.32691,42.29551],[19.32589,42.29542],[19.32531,42.29476],[19.32466,42.29501],[19.32438,42.29435],[19.32397,42.29473],[19.32437,42.29571],[19.32419,42.29643]]]},"properties":{"firedate":"2026-09-22","area_ha":49.0,"country":"ME"}},{"type":"Feature","geometry":{"type":"Polygon","coordinates":[[[18.60595,42.76504],[18.60579,42.76548],[18.60627,42.76579],[18.6079,42.76569],[18.60817,42.76602],[18.6094,42.7661],[18.60938,42.76767],[18.60982,42.76859],[18.61031,42.76859],[18.6108,42.76911],[18.61297,42.76899],[18.61307,42.76859],[18.61234,42.76822],[18.61239,42.76753],[18.61267,42.76796],[18.61323,42.76778],[18.61319,42.76678],[18.61505,42.766],[18.61552,42.76514],[18.61496,42.7643],[18.61501,42.7637],[18.61214,42.76326],[18.61177,42.76189],[18.6107,42.76176],[18.60995,42.76051],[18.60861,42.76034],[18.60772,42.7607],[18.60752,42.76015],[18.60778,42.75994],[18.60673,42.75798],[18.60619,42.75818],[18.606,42.75751],[18.60519,42.75733],[18.60389,42.75854],[18.60464,42.75867],[18.60448,42.75914],[18.60606,42.7602],[18.60607,42.76085],[18.60546,42.76193],[18.607,42.76285],[18.60619,42.76412],[18.60722,42.76444],[18.60595,42.76504]]]},"properties":{"firedate":"2026-09-22","area_ha":49.0,"country":"ME"}},{"type":"Feature","geometry":{"type":"Polygon","coordinates":[[[-5.33237,43.22281],[-5.33036,43.22513],[-5.3297,43.22529],[-5.32852,43.22431],[-5.32899,43.22337],[-5.32825,43.22335],[-5.32761,43.22383],[-5.32652,43.22371],[-5.32687,43.22289],[-5.32608,43.22296],[-5.32419,43.22236],[-5.32289,43.22092],[-5.32362,43.22071],[-5.32332,43.22128],[-5.32407,43.22159],[-5.32449,43.2212],[-5.32493,43.22133],[-5.32457,43.22209],[-5.32479,43.22235],[-5.3261,43.2222],[-5.32738,43.22253],[-5.32823,43.22201],[-5.32733,43.22167],[-5.3281,43.22118],[-5.32803,43.22034],[-5.32738,43.22036],[-5.32721,43.22082],[-5.32671,43.22087],[-5.32666,43.22009],[-5.32525,43.21958],[-5.32264,43.22058],[-5.32097,43.22004],[-5.32067,43.21926],[-5.32202,43.2192],[-5.32204,43.21969],[-5.32244,43.21983],[-5.32462,43.21907],[-5.32676,43.21935],[-5.3284,43.21853],[-5.32886,43.21772],[-5.33041,43.21754],[-5.3327,43.2178],[-5.33339,43.21846],[-5.33347,43.21925],[-5.33402,43.21999],[-5.33439,43.21959],[-5.33375,43.21819],[-5.33472,43.21713],[-5.33536,43.21718],[-5.33656,43.21875],[-5.3365,43.22097],[-5.33488,43.22187],[-5.3349,43.22254],[-5.33267,43.22219],[-5.33162,43.22286],[-5.33237,43.22281]]]},"properties":{"firedate":"2026-09-22","area_ha":50.0,"country":"ES"}},{"type":"Feature","geometry":{"type":"Polygon","coordinates":[[[-8.15693,41.52736],[-8.15532,41.52593],[-8.15425,41.52582],[-8.15341,41.52474],[-8.15204,41.52465],[-8.15216,41.52414],[-8.1511,41.52452],[-8.15104,41.52375],[-8.15127,41.52394],[-8.15155,41.5235],[-8.15094,41.52331],[-8.15059,41.5226],[-8.15073,41.52157],[-8.15166,41.52147],[-8.15171,41.52059],[-8.15295,41.52015],[-8.155,41.52054],[-8.15546,41.51956],[-8.15681,41.51967],[-8.15652,41.51895],[-8.15678,41.51877],[-8.15846,41.51795],[-8.15976,41.51791],[-8.16001,41.51807],[-8.15962,41.51928],[-8.15813,41.52005],[-8.15911,41.52136],[-8.16078,41.52152],[-8.1616,41.52193],[-8.16181,41.52241],[-8.16118,41.5226],[-8.1615,41.52332],[-8.16129,41.52457],[-8.16031,41.52462],[-8.16019,41.52539],[-8.15949,41.52627],[-8.15961,41.52676],[-8.15789,41.526],[-8.15679,41.52589],[-8.15737,41.52653],[-8.15662,41.5267],[-8.15693,41.52736]]]},"properties":{"firedate":"2026-09-22","area_ha":54.0,"country":"PT"}},{"type":"Feature","geometry":{"type":"Polygon","coordinates":[[[19.39537,42.26698],[19.39637,42.26803],[19.39812,42.26851],[19.39947,42.26813],[19.40147,42.2661],[19.4019,42.26623],[19.40195,42.26677],[19.40391,42.26747],[19.40592,42.26647],[19.40768,42.26707],[19.40774,42.2663],[19.40688,42.26576],[19.40791,42.26473],[19.40925,42.26441],[19.41034,42.26328],[19.40942,42.26327],[19.40902,42.26303],[19.4091,42.26268],[19.40987,42.2623],[19.41027,42.2625],[19.41189,42.26213],[19.4121,42.26172],[19.41074,42.26099],[19.41094,42.25942],[19.41061,42.25881],[19.41022,42.25873],[19.41007,42.25928],[19.40908,42.2595],[19.40782,42.25894],[19.40861,42.25835],[19.40856,42.25797],[19.4069,42.25831],[19.40652,42.25764],[19.40584,42.25761],[19.40545,42.25837],[19.40675,42.26099],[19.40534,42.26245],[19.40393,42.26311],[19.40118,42.26345],[19.40016,42.26241],[19.39965,42.26289],[19.39976,42.26397],[19.39852,42.26422],[19.39843,42.26457],[19.40008,42.26572],[19.39995,42.26634],[19.39768,42.26738],[19.39721,42.26728],[19.39734,42.26666],[19.39613,42.26656],[19.39537,42.26698]]]},"properties":{"firedate":"2026-09-22","area_ha":57.0,"country":"AL"}},{"type":"Feature","geometry":{"type":"Polygon","coordinates":[[[14.44959,37.21218],[14.45237,37.21101],[14.45279,37.21259],[14.45467,37.21365],[14.4566,37.21298],[14.4577,37.21336],[14.45916,37.21454],[14.45955,37.21456],[14.46033,37.21298],[14.45972,37.21227],[14.45664,37.21087],[14.45517,37.20856],[14.45482,37.20689],[14.45268,37.20622],[14.45154,37.20656],[14.45148,37.20688],[14.45198,37.20688],[14.45233,37.2075],[14.45197,37.20844],[14.45058,37.20909],[14.44934,37.20898],[14.44907,37.20862],[14.4505,37.208],[14.45065,37.20739],[14.44861,37.20766],[14.44713,37.20825],[14.44597,37.20825],[14.44484,37.2077],[14.44397,37.20814],[14.44386,37.2086],[14.44486,37.20915],[14.44329,37.20966],[14.44292,37.21032],[14.44437,37.21097],[14.44492,37.21082],[14.44531,37.21137],[14.44688,37.21038],[14.44686,37.21196],[14.44639,37.21252],[14.44664,37.21276],[14.44959,37.21218]]]},"properties":{"firedate":"2026-09-22","area_ha":60.0,"country":"IT"}},{"type":"Feature","geometry":{"type":"Polygon","coordinates":[[[22.32506,44.76715],[22.32299,44.76147],[22.32151,44.76084],[22.32051,44.76114],[22.31883,44.76286],[22.31843,44.76452],[22.31791,44.76526],[22.31706,44.76578],[22.31531,44.76602],[22.31468,44.76664],[22.31508,44.76862],[22.31676,44.76984],[22.31649,44.77215],[22.31756,44.77238],[22.31872,44.7721],[22.32089,44.7714],[22.32269,44.77031],[22.32336,44.76964],[22.32374,44.76799],[22.32506,44.76715]]]},"properties":{"firedate":"2026-09-22","area_ha":62.0,"country":"RO"}},{"type":"Feature","geometry":{"type":"Polygon","coordinates":[[[-8.68895,41.6589],[-8.68741,41.65794],[-8.68591,41.65824],[-8.68653,41.65781],[-8.68644,41.65745],[-8.68821,41.65662],[-8.68828,41.65547],[-8.68868,41.65476],[-8.68946,41.65431],[-8.68967,41.655],[-8.69045,41.65465],[-8.6906,41.65529],[-8.69112,41.65565],[-8.69068,41.65599],[-8.69078,41.65638],[-8.69176,41.65607],[-8.69236,41.6567],[-8.69593,41.65699],[-8.69609,41.6575],[-8.69699,41.65725],[-8.69685,41.65846],[-8.69788,41.65837],[-8.69833,41.65897],[-8.69708,41.65977],[-8.69714,41.6605],[-8.69857,41.66076],[-8.69882,41.66268],[-8.69774,41.66406],[-8.69724,41.66419],[-8.68717,41.66261],[-8.6872,41.66167],[-8.68879,41.66098],[-8.68825,41.66012],[-8.68895,41.6589]]]},"properties":{"firedate":"2026-09-22","area_ha":67.0,"country":"PT"}},{"type":"Feature","geometry":{"type":"Polygon","coordinates":[[[9.43619,36.91524],[9.43734,36.91308],[9.43923,36.91212],[9.44149,36.90988],[9.44313,36.9093],[9.44405,36.90856],[9.444,36.90761],[9.44248,36.90695],[9.44345,36.90554],[9.44283,36.90465],[9.43683,36.90595],[9.43668,36.90629],[9.43731,36.90693],[9.43501,36.90868],[9.43409,36.91066],[9.43111,36.9106],[9.43033,36.91091],[9.42957,36.91177],[9.42996,36.91269],[9.4354,36.91524],[9.43619,36.91524]]]},"properties":{"firedate":"2026-09-22","area_ha":68.0,"country":"TN"}},{"type":"Feature","geometry":{"type":"Polygon","coordinates":[[[22.76681,44.51979],[22.76837,44.52032],[22.76881,44.52129],[22.76926,44.52142],[22.77244,44.5178],[22.77255,44.51721],[22.77176,44.51669],[22.77239,44.5158],[22.77192,44.51489],[22.77198,44.51402],[22.77053,44.51382],[22.77012,44.5154],[22.76909,44.51537],[22.76933,44.51401],[22.76909,44.51338],[22.77042,44.51184],[22.76968,44.51073],[22.76831,44.51113],[22.76734,44.51209],[22.76828,44.51391],[22.76833,44.51482],[22.76652,44.51499],[22.76617,44.51555],[22.76625,44.51622],[22.76354,44.51739],[22.7609,44.51762],[22.75811,44.51879],[22.75694,44.52177],[22.75541,44.52396],[22.75701,44.52493],[22.75859,44.52501],[22.75988,44.52402],[22.76345,44.51944],[22.76443,44.51934],[22.76495,44.51972],[22.76356,44.5218],[22.76387,44.52244],[22.76681,44.51979]]]},"properties":{"firedate":"2026-09-22","area_ha":73.0,"country":"RO"}},{"type":"Feature","geometry":{"type":"Polygon","coordinates":[[[14.66841,41.16574],[14.66794,41.16681],[14.66683,41.16798],[14.66583,41.16847],[14.66602,41.16963],[14.66542,41.1702],[14.66701,41.17296],[14.66746,41.17284],[14.66715,41.17082],[14.66761,41.17034],[14.66897,41.17032],[14.67137,41.17116],[14.67209,41.16983],[14.67244,41.17015],[14.67521,41.17034],[14.67676,41.17103],[14.67853,41.17028],[14.67897,41.16954],[14.68019,41.16933],[14.68062,41.17034],[14.67944,41.17175],[14.67996,41.17211],[14.68079,41.17194],[14.68208,41.17079],[14.6837,41.17028],[14.68472,41.17036],[14.68519,41.16989],[14.68458,41.16797],[14.68388,41.1677],[14.68392,41.16728],[14.68338,41.16668],[14.68252,41.16686],[14.68179,41.16792],[14.68127,41.16787],[14.68111,41.16693],[14.68168,41.16584],[14.6809,41.16551],[14.67661,41.16575],[14.67545,41.16626],[14.67329,41.16502],[14.67068,41.16482],[14.66892,41.16427],[14.6681,41.16528],[14.66841,41.16574]]]},"properties":{"firedate":"2026-09-22","area_ha":84.0,"country":"IT"}},{"type":"Feature","geometry":{"type":"Polygon","coordinates":[[[17.024,39.03947],[17.02585,39.04066],[17.02596,39.04142],[17.02706,39.04179],[17.02701,39.04245],[17.02762,39.04326],[17.027,39.04395],[17.02687,39.04524],[17.02635,39.04591],[17.02641,39.04747],[17.02734,39.04789],[17.03022,39.0475],[17.03136,39.0482],[17.03205,39.04762],[17.03079,39.04427],[17.0309,39.0438],[17.03183,39.0434],[17.03128,39.04251],[17.0311,39.04098],[17.0322,39.04089],[17.03265,39.04031],[17.03307,39.04033],[17.03315,39.0411],[17.03228,39.04157],[17.03257,39.04246],[17.03486,39.0425],[17.03564,39.04219],[17.0365,39.04032],[17.03793,39.04023],[17.03681,39.03958],[17.03693,39.03879],[17.03577,39.03735],[17.0348,39.037],[17.03028,39.03722],[17.03,39.03647],[17.02821,39.0362],[17.02762,39.03504],[17.02722,39.0357],[17.02564,39.03612],[17.02546,39.03752],[17.02411,39.03744],[17.02461,39.03867],[17.02379,39.0385],[17.02295,39.03746],[17.02271,39.03676],[17.02293,39.03603],[17.02196,39.03592],[17.02014,39.03689],[17.02113,39.03773],[17.0214,39.03866],[17.02288,39.03956],[17.024,39.03947]]]},"properties":{"firedate":"2026-09-22","area_ha":91.0,"country":"IT"}},{"type":"Feature","geometry":{"type":"Polygon","coordinates":[[[15.48218,40.92194],[15.48401,40.92288],[15.48387,40.92446],[15.48337,40.92458],[15.48245,40.92374],[15.48196,40.92396],[15.48194,40.9246],[15.48267,40.92586],[15.48223,40.92752],[15.48167,40.92768],[15.48083,40.92913],[15.48073,40.93059],[15.4779,40.93305],[15.47716,40.93295],[15.47509,40.93355],[15.47404,40.93314],[15.47284,40.9333],[15.47257,40.93357],[15.47283,40.93402],[15.4725,40.93429],[15.47029,40.93402],[15.46843,40.93477],[15.4685,40.93507],[15.46949,40.9353],[15.47248,40.93518],[15.47279,40.93557],[15.47247,40.93645],[15.47158,40.93682],[15.4706,40.93808],[15.4689,40.93932],[15.46774,40.93957],[15.46784,40.93998],[15.4687,40.93998],[15.46808,40.94069],[15.46816,40.94109],[15.47017,40.94046],[15.47181,40.9384],[15.47219,40.93867],[15.47341,40.94188],[15.47429,40.94187],[15.47435,40.94009],[15.47631,40.94001],[15.47668,40.93969],[15.4766,40.93788],[15.47625,40.9374],[15.4751,40.93696],[15.47528,40.93611],[15.4765,40.93503],[15.47767,40.93513],[15.47842,40.93568],[15.4798,40.9393],[15.48044,40.93924],[15.48238,40.93791],[15.48252,40.93754],[15.48222,40.93724],[15.47961,40.93677],[15.47892,40.935],[15.47964,40.93467],[15.48038,40.93311],[15.48101,40.93295],[15.48221,40.93334],[15.48363,40.93183],[15.48347,40.93127],[15.48222,40.93067],[15.48284,40.9301],[15.48412,40.92989],[15.48428,40.92822],[15.48528,40.92756],[15.4856,40.92682],[15.48763,40.92677],[15.48737,40.92538],[15.48625,40.9253],[15.48501,40.92448],[15.48509,40.92302],[15.48715,40.92183],[15.48918,40.92149],[15.48817,40.92092],[15.48642,40.92109],[15.48625,40.92013],[15.48528,40.91976],[15.48477,40.92052],[15.48294,40.92095],[15.48224,40.92148],[15.48218,40.92194]]]},"properties":{"firedate":"2026-09-22","area_ha":91.0,"country":"IT"}},{"type":"Feature","geometry":{"type":"Polygon","coordinates":[[[14.84875,40.73169],[14.84751,40.73247],[14.848,40.73446],[14.85173,40.73571],[14.85301,40.73734],[14.85864,40.73538],[14.86129,40.73518],[14.86288,40.73605],[14.86336,40.73569],[14.86325,40.73475],[14.86357,40.73446],[14.86635,40.73415],[14.86783,40.73447],[14.86765,40.73158],[14.8648,40.72984],[14.86051,40.72944],[14.85814,40.73028],[14.85503,40.73053],[14.85273,40.72966],[14.85,40.72947],[14.84835,40.73022],[14.84875,40.73169]]]},"properties":{"firedate":"2026-09-22","area_ha":100.0,"country":"IT"}},{"type":"Feature","geometry":{"type":"Polygon","coordinates":[[[23.86644,43.72233],[23.86813,43.72181],[23.86998,43.72056],[23.87263,43.71984],[23.8738,43.72027],[23.87618,43.71983],[23.87985,43.71842],[23.88047,43.71767],[23.87952,43.7176],[23.87845,43.71691],[23.87835,43.71568],[23.88282,43.7158],[23.88296,43.71538],[23.88188,43.71506],[23.88284,43.71395],[23.88039,43.71336],[23.8748,43.71298],[23.87433,43.71318],[23.87421,43.7138],[23.87225,43.71435],[23.87003,43.71403],[23.8669,43.71464],[23.86327,43.71675],[23.8589,43.71798],[23.86016,43.71964],[23.86147,43.72046],[23.86159,43.72133],[23.86265,43.72244],[23.86226,43.72307],[23.86247,43.72337],[23.86314,43.72357],[23.86375,43.72334],[23.86317,43.722],[23.86354,43.72163],[23.86644,43.72233]],[[23.87261,43.71698],[23.86751,43.71723],[23.86662,43.71705],[23.86656,43.71673],[23.86696,43.71614],[23.86848,43.71548],[23.87085,43.71537],[23.87271,43.71633],[23.87261,43.71698]],[[23.87544,43.71557],[23.87308,43.71553],[23.87282,43.71492],[23.87308,43.71464],[23.87499,43.71472],[23.87537,43.7149],[23.87544,43.71557]]]},"properties":{"firedate":"2026-09-22","area_ha":103.0,"country":"BG"}},{"type":"Feature","geometry":{"type":"Polygon","coordinates":[[[19.34596,42.30111],[19.34716,42.30148],[19.34732,42.30185],[19.34695,42.30211],[19.34947,42.30334],[19.34989,42.30407],[19.34931,42.30422],[19.34987,42.3054],[19.3514,42.3054],[19.35233,42.3072],[19.35402,42.30766],[19.35549,42.30879],[19.35479,42.30904],[19.35604,42.31007],[19.35592,42.31141],[19.35734,42.31244],[19.35566,42.31341],[19.35551,42.31404],[19.35599,42.31436],[19.35777,42.31445],[19.35895,42.31389],[19.36031,42.30974],[19.36267,42.30861],[19.36285,42.30685],[19.36242,42.30669],[19.36227,42.30598],[19.36276,42.30485],[19.36368,42.30511],[19.36396,42.30488],[19.36403,42.30348],[19.36327,42.30323],[19.36215,42.30371],[19.36002,42.30227],[19.35918,42.30302],[19.35771,42.30171],[19.35865,42.30124],[19.35848,42.30096],[19.35764,42.30065],[19.35677,42.30122],[19.35651,42.30107],[19.35609,42.3005],[19.35758,42.29847],[19.35723,42.29797],[19.35453,42.29787],[19.35242,42.29862],[19.35089,42.29728],[19.34905,42.29719],[19.34751,42.29622],[19.34669,42.29719],[19.34675,42.30005],[19.34587,42.30052],[19.34596,42.30111]],[[19.35076,42.30334],[19.351,42.30254],[19.35151,42.3025],[19.35126,42.30321],[19.35076,42.30334]],[[19.34749,42.30125],[19.34842,42.30097],[19.34896,42.30108],[19.34907,42.30145],[19.34821,42.30192],[19.34749,42.30125]]]},"properties":{"firedate":"2026-09-22","area_ha":131.0,"country":"ME"}},{"type":"Feature","geometry":{"type":"Polygon","coordinates":[[[18.63316,42.62169],[18.63254,42.62231],[18.63243,42.62296],[18.63411,42.62365],[18.635,42.62551],[18.63691,42.6272],[18.6368,42.62765],[18.63757,42.62842],[18.63831,42.62859],[18.63897,42.62764],[18.63849,42.62569],[18.63879,42.62551],[18.63946,42.62587],[18.641,42.62852],[18.6414,42.63057],[18.64178,42.63036],[18.64139,42.62893],[18.64142,42.62611],[18.64301,42.62666],[18.6434,42.62815],[18.64543,42.62813],[18.64524,42.62637],[18.64428,42.62554],[18.64565,42.62424],[18.6448,42.62302],[18.64065,42.62313],[18.63979,42.6229],[18.63921,42.62218],[18.63965,42.6202],[18.64113,42.61985],[18.64259,42.6186],[18.64196,42.61698],[18.64137,42.61677],[18.64009,42.61725],[18.63981,42.61611],[18.63897,42.61588],[18.63802,42.61484],[18.63877,42.6139],[18.63884,42.6131],[18.64031,42.61271],[18.64004,42.61214],[18.63753,42.6114],[18.63588,42.61051],[18.63391,42.61094],[18.63256,42.61061],[18.63002,42.61124],[18.63018,42.61185],[18.62947,42.61254],[18.63011,42.6134],[18.62955,42.61447],[18.63056,42.61528],[18.63013,42.61659],[18.63251,42.61659],[18.63361,42.61776],[18.63386,42.62048],[18.63299,42.62126],[18.63316,42.62169]]]},"properties":{"firedate":"2026-09-22","area_ha":131.0,"country":"ME"}},{"type":"Feature","geometry":{"type":"Polygon","coordinates":[[[20.33696,41.61299],[20.33469,41.61193],[20.33123,41.61151],[20.32963,41.61093],[20.32796,41.61169],[20.32554,41.61052],[20.32448,41.6104],[20.32488,41.60995],[20.32454,41.60975],[20.32315,41.60976],[20.32033,41.61051],[20.31935,41.6118],[20.31865,41.61204],[20.31791,41.61203],[20.31777,41.61119],[20.3161,41.61144],[20.31163,41.61381],[20.31072,41.61396],[20.31181,41.61498],[20.3116,41.61523],[20.31319,41.6159],[20.31164,41.61637],[20.30968,41.61637],[20.30802,41.61688],[20.30762,41.61735],[20.30923,41.61812],[20.31071,41.61817],[20.30958,41.61915],[20.31052,41.61952],[20.31111,41.6195],[20.31102,41.61908],[20.31274,41.61858],[20.31306,41.61884],[20.31314,41.61846],[20.31398,41.61839],[20.31428,41.61821],[20.31413,41.61795],[20.31354,41.61776],[20.31545,41.61698],[20.31661,41.61757],[20.31878,41.61756],[20.32093,41.61699],[20.32323,41.61698],[20.3238,41.61664],[20.32516,41.61681],[20.32705,41.61836],[20.32745,41.61821],[20.32671,41.61741],[20.32677,41.61704],[20.33043,41.61786],[20.33102,41.61858],[20.33323,41.61803],[20.33416,41.61697],[20.33454,41.61618],[20.33272,41.61488],[20.33299,41.61468],[20.33802,41.61815],[20.33725,41.6187],[20.33735,41.61899],[20.33848,41.61885],[20.341,41.61774],[20.34217,41.61682],[20.3412,41.61508],[20.34023,41.61438],[20.33885,41.61427],[20.3383,41.61477],[20.33715,41.61411],[20.33696,41.61299]]]},"properties":{"firedate":"2026-09-22","area_ha":164.0,"country":"AL"}},{"type":"Feature","geometry":{"type":"Polygon","coordinates":[[[14.58991,41.08949],[14.58938,41.08961],[14.58909,41.08918],[14.58859,41.08921],[14.58836,41.08995],[14.58584,41.0917],[14.58691,41.09295],[14.58752,41.09271],[14.58775,41.09163],[14.58826,41.0913],[14.58845,41.0927],[14.59,41.09295],[14.5914,41.09207],[14.59137,41.09109],[14.59464,41.09186],[14.59726,41.09177],[14.59962,41.0931],[14.60321,41.09303],[14.60959,41.09182],[14.61323,41.09049],[14.61427,41.08932],[14.61447,41.08808],[14.61336,41.08551],[14.6126,41.08489],[14.61254,41.08324],[14.61055,41.08033],[14.60821,41.07958],[14.60722,41.07862],[14.60591,41.07838],[14.60433,41.07747],[14.60351,41.07843],[14.60218,41.0788],[14.60192,41.07984],[14.60094,41.08004],[14.59852,41.07954],[14.59743,41.07998],[14.5972,41.08147],[14.59742,41.08266],[14.59787,41.08317],[14.5971,41.08481],[14.59508,41.08521],[14.59333,41.08511],[14.59201,41.08572],[14.59189,41.08665],[14.59042,41.08783],[14.58991,41.08949]]]},"properties":{"firedate":"2026-09-22","area_ha":239.0,"country":"IT"}},{"type":"Feature","geometry":{"type":"Polygon","coordinates":[[[14.17636,41.19761],[14.17462,41.19606],[14.17354,41.19572],[14.17182,41.19615],[14.17248,41.19714],[14.17085,41.19732],[14.16963,41.19805],[14.16928,41.19697],[14.16761,41.19573],[14.16605,41.19506],[14.16465,41.19508],[14.16309,41.19614],[14.16235,41.19729],[14.16267,41.19841],[14.16478,41.20106],[14.1646,41.20207],[14.1627,41.20109],[14.16185,41.20126],[14.16217,41.20173],[14.15954,41.20184],[14.15913,41.20231],[14.15805,41.2025],[14.15753,41.2031],[14.15754,41.20394],[14.15831,41.20392],[14.1585,41.20438],[14.15774,41.2048],[14.15183,41.20418],[14.14976,41.20636],[14.1498,41.20691],[14.15182,41.2078],[14.15325,41.20748],[14.15468,41.20787],[14.1559,41.20862],[14.15592,41.2094],[14.15783,41.20979],[14.15729,41.21058],[14.15732,41.21117],[14.15905,41.21197],[14.15954,41.21188],[14.1595,41.21153],[14.16068,41.21061],[14.16093,41.20973],[14.16186,41.20861],[14.1639,41.20838],[14.16583,41.20877],[14.16369,41.20908],[14.16352,41.20947],[14.1641,41.21005],[14.16846,41.21034],[14.16919,41.21119],[14.17145,41.21105],[14.17261,41.21197],[14.17386,41.21241],[14.1764,41.2119],[14.17719,41.21128],[14.17677,41.20988],[14.17769,41.20912],[14.17787,41.20807],[14.17763,41.20644],[14.17622,41.20542],[14.17605,41.20335],[14.17672,41.20266],[14.1781,41.20219],[14.17855,41.20116],[14.17829,41.19805],[14.17784,41.19771],[14.17636,41.19761]]]},"properties":{"firedate":"2026-09-22","area_ha":263.0,"country":"IT"}},{"type":"Feature","geometry":{"type":"Polygon","coordinates":[[[-8.5153,41.27945],[-8.51574,41.28167],[-8.51482,41.28223],[-8.516,41.2846],[-8.51517,41.28619],[-8.51554,41.28742],[-8.51539,41.28918],[-8.51469,41.28991],[-8.51365,41.29028],[-8.51308,41.29104],[-8.51062,41.29203],[-8.5101,41.29277],[-8.50989,41.29061],[-8.5096,41.29023],[-8.50752,41.28963],[-8.50645,41.28857],[-8.50622,41.28728],[-8.50584,41.28696],[-8.50349,41.28814],[-8.50111,41.28733],[-8.5007,41.28655],[-8.49975,41.28759],[-8.49869,41.28732],[-8.49679,41.28564],[-8.49574,41.28541],[-8.49545,41.28503],[-8.49504,41.28424],[-8.49534,41.28297],[-8.49447,41.2805],[-8.49385,41.27979],[-8.49217,41.27994],[-8.49158,41.28065],[-8.49035,41.27985],[-8.49023,41.27944],[-8.48852,41.27933],[-8.48822,41.27683],[-8.48782,41.27647],[-8.48821,41.27567],[-8.48744,41.27503],[-8.48178,41.2729],[-8.47863,41.26977],[-8.47822,41.26899],[-8.4787,41.26773],[-8.47959,41.26726],[-8.4801,41.26742],[-8.48082,41.26676],[-8.48054,41.26638],[-8.48002,41.26657],[-8.47913,41.26501],[-8.47986,41.26435],[-8.4812,41.26423],[-8.48216,41.26474],[-8.48275,41.26592],[-8.48497,41.26451],[-8.48631,41.26586],[-8.4865,41.26669],[-8.48563,41.26724],[-8.48576,41.26765],[-8.48717,41.26699],[-8.48727,41.26788],[-8.48808,41.26846],[-8.48792,41.26888],[-8.48917,41.26977],[-8.48844,41.27095],[-8.48892,41.27216],[-8.4863,41.27282],[-8.48942,41.27323],[-8.49051,41.27302],[-8.49111,41.27555],[-8.49266,41.27742],[-8.49322,41.27753],[-8.49467,41.27682],[-8.49517,41.276],[-8.49472,41.2753],[-8.49318,41.2759],[-8.49207,41.27585],[-8.49238,41.27328],[-8.49171,41.27223],[-8.49271,41.27062],[-8.49323,41.27043],[-8.49359,41.27123],[-8.49356,41.2734],[-8.49428,41.27461],[-8.49806,41.27549],[-8.49813,41.27682],[-8.49688,41.27822],[-8.49749,41.27984],[-8.49727,41.28023],[-8.49778,41.28095],[-8.49986,41.28173],[-8.50004,41.28213],[-8.50062,41.28215],[-8.50189,41.28121],[-8.50062,41.28046],[-8.50372,41.28117],[-8.50351,41.27991],[-8.50472,41.27917],[-8.50546,41.27803],[-8.5071,41.27828],[-8.50792,41.27891],[-8.5091,41.27899],[-8.51052,41.27967],[-8.5105,41.27885],[-8.51142,41.27829],[-8.51026,41.27846],[-8.51117,41.27691],[-8.51065,41.27709],[-8.51042,41.2767],[-8.51235,41.27513],[-8.51441,41.27772],[-8.51459,41.27851],[-8.5138,41.27871],[-8.5153,41.27945]]]},"properties":{"firedate":"2026-09-22","area_ha":291.0,"country":"PT"}},{"type":"Feature","geometry":{"type":"Polygon","coordinates":[[[19.54255,40.4063],[19.54308,40.40666],[19.54345,40.40635],[19.5438,40.40463],[19.54302,40.40514],[19.54315,40.40612],[19.54255,40.4063]]]},"properties":{"firedate":"2026-09-23","area_ha":1.0,"country":"AL"}},{"type":"Feature","geometry":{"type":"Polygon","coordinates":[[[-8.08445,41.60946],[-8.08413,41.60888],[-8.08429,41.60817],[-8.08519,41.60841],[-8.08577,41.60901],[-8.08513,41.60963],[-8.08445,41.60946]]]},"properties":{"firedate":"2026-09-23","area_ha":1.0,"country":"PT"}},{"type":"Feature","geometry":{"type":"Polygon","coordinates":[[[15.84324,39.71852],[15.84332,39.71805],[15.84258,39.71792],[15.84196,39.71857],[15.84243,39.71896],[15.84324,39.71852]]]},"properties":{"firedate":"2026-09-23","area_ha":1.0,"country":"IT"}},{"type":"Feature","geometry":{"type":"Polygon","coordinates":[[[-8.31621,41.50027],[-8.31618,41.49971],[-8.31776,41.49915],[-8.31777,41.50001],[-8.31621,41.50027]]]},"properties":{"firedate":"2026-09-23","area_ha":1.0,"country":"PT"}},{"type":"Feature","geometry":{"type":"Polygon","coordinates":[[[-1.61192,42.27862],[-1.61106,42.2779],[-1.6113,42.27757],[-1.61333,42.27736],[-1.61365,42.27763],[-1.61355,42.27809],[-1.61192,42.27862]]]},"properties":{"firedate":"2026-09-23","area_ha":2.0,"country":"ES"}},{"type":"Feature","geometry":{"type":"Polygon","coordinates":[[[-8.49549,41.0632],[-8.49561,41.06266],[-8.49497,41.06233],[-8.49433,41.0629],[-8.49437,41.06198],[-8.49571,41.0618],[-8.49626,41.06241],[-8.49648,41.06346],[-8.49581,41.06358],[-8.49549,41.0632]]]},"properties":{"firedate":"2026-09-23","area_ha":2.0,"country":"PT"}},{"type":"Feature","geometry":{"type":"Polygon","coordinates":[[[-8.49478,41.07964],[-8.4957,41.07924],[-8.4951,41.07919],[-8.49463,41.07851],[-8.49512,41.07852],[-8.49547,41.07904],[-8.49704,41.07933],[-8.49655,41.07999],[-8.49478,41.07964]]]},"properties":{"firedate":"2026-09-23","area_ha":2.0,"country":"PT"}},{"type":"Feature","geometry":{"type":"Polygon","coordinates":[[[14.85848,40.78038],[14.85789,40.77879],[14.85484,40.7799],[14.85768,40.78087],[14.85833,40.78076],[14.85848,40.78038]]]},"properties":{"firedate":"2026-09-23","area_ha":4.0,"country":"IT"}},{"type":"Feature","geometry":{"type":"Polygon","coordinates":[[[19.01301,42.19748],[19.01266,42.19733],[19.0131,42.19681],[19.01233,42.19676],[19.01201,42.19627],[19.01236,42.19554],[19.01215,42.1953],[19.01002,42.19681],[19.00932,42.19583],[19.00946,42.19638],[19.00911,42.19674],[19.00957,42.19749],[19.00982,42.19727],[19.01042,42.19766],[19.0102,42.1971],[19.01085,42.19683],[19.01073,42.19746],[19.01113,42.19742],[19.01142,42.19819],[19.01245,42.19733],[19.01278,42.1977],[19.01301,42.19748]]]},"properties":{"firedate":"2026-09-23","area_ha":4.0,"country":"ME"}},{"type":"Feature","geometry":{"type":"Polygon","coordinates":[[[-8.72731,41.64085],[-8.72714,41.64042],[-8.72646,41.64029],[-8.72671,41.63963],[-8.72743,41.63934],[-8.72818,41.63966],[-8.72864,41.63921],[-8.72878,41.63954],[-8.7295,41.63917],[-8.73069,41.6394],[-8.72967,41.64002],[-8.73033,41.64024],[-8.73027,41.64048],[-8.72924,41.64037],[-8.72854,41.64087],[-8.72813,41.64035],[-8.72805,41.64067],[-8.72731,41.64085]]]},"properties":{"firedate":"2026-09-23","area_ha":4.0,"country":"PT"}},{"type":"Feature","geometry":{"type":"Polygon","coordinates":[[[17.12785,39.16801],[17.12763,39.16751],[17.12569,39.16725],[17.12362,39.16597],[17.12267,39.16633],[17.12295,39.16687],[17.12466,39.16793],[17.12597,39.16826],[17.12785,39.16801]]]},"properties":{"firedate":"2026-09-23","area_ha":5.0,"country":"IT"}},{"type":"Feature","geometry":{"type":"Polygon","coordinates":[[[4.62654,36.30415],[4.6282,36.30342],[4.62788,36.30318],[4.62661,36.30321],[4.62638,36.30224],[4.62558,36.30195],[4.62507,36.30246],[4.62549,36.3034],[4.62482,36.30434],[4.62488,36.30486],[4.62585,36.3053],[4.62654,36.30415]]]},"properties":{"firedate":"2026-09-23","area_ha":5.0,"country":"DZ"}},{"type":"Feature","geometry":{"type":"Polygon","coordinates":[[[20.57892,42.54617],[20.5771,42.54641],[20.57504,42.54769],[20.57613,42.54784],[20.57684,42.54744],[20.58098,42.54719],[20.58087,42.54661],[20.57928,42.54584],[20.57976,42.545],[20.57877,42.54555],[20.57892,42.54617]]]},"properties":{"firedate":"2026-09-23","area_ha":6.0,"country":"KS"}},{"type":"Feature","geometry":{"type":"Polygon","coordinates":[[[20.10592,39.67444],[20.10595,39.67127],[20.10363,39.67127],[20.10374,39.67284],[20.10498,39.67285],[20.10447,39.67436],[20.10592,39.67444]]]},"properties":{"firedate":"2026-09-23","area_ha":6.0,"country":"AL"}},{"type":"Feature","geometry":{"type":"Polygon","coordinates":[[[19.54106,40.41085],[19.54095,40.4104],[19.5404,40.41069],[19.5422,40.4069],[19.54107,40.40612],[19.54023,40.40686],[19.54056,40.40787],[19.53992,40.40909],[19.54008,40.41043],[19.53951,40.414],[19.54036,40.41279],[19.54052,40.4112],[19.54106,40.41085]]]},"properties":{"firedate":"2026-09-23","area_ha":7.0,"country":"AL"}},{"type":"Feature","geometry":{"type":"Polygon","coordinates":[[[19.31501,42.28612],[19.31402,42.2873],[19.314,42.28831],[19.31446,42.28891],[19.31464,42.29016],[19.31575,42.2905],[19.31605,42.29035],[19.31629,42.28777],[19.31613,42.28708],[19.31542,42.28661],[19.31572,42.28604],[19.31501,42.28612]]]},"properties":{"firedate":"2026-09-23","area_ha":7.0,"country":"ME"}},{"type":"Feature","geometry":{"type":"Polygon","coordinates":[[[-7.03918,40.74657],[-7.03938,40.74522],[-7.04026,40.74465],[-7.04095,40.74448],[-7.0425,40.74531],[-7.04206,40.74682],[-7.04112,40.74729],[-7.04002,40.74742],[-7.03918,40.74657]]]},"properties":{"firedate":"2026-09-23","area_ha":7.0,"country":"PT"}},{"type":"Feature","geometry":{"type":"Polygon","coordinates":[[[15.80037,39.93773],[15.79982,39.93911],[15.798,39.93789],[15.79753,39.93798],[15.79734,39.93852],[15.80001,39.93945],[15.80051,39.93891],[15.80143,39.93905],[15.80164,39.93983],[15.80231,39.94011],[15.80324,39.94138],[15.80391,39.94151],[15.80428,39.9409],[15.80268,39.93863],[15.80263,39.93746],[15.80199,39.93785],[15.80037,39.93773]]]},"properties":{"firedate":"2026-09-23","area_ha":8.0,"country":"IT"}},{"type":"Feature","geometry":{"type":"Polygon","coordinates":[[[16.20098,39.69152],[16.20339,39.69125],[16.20213,39.69146],[16.20201,39.69185],[16.20293,39.6921],[16.20435,39.6917],[16.20466,39.69062],[16.20615,39.68988],[16.19739,39.69061],[16.19791,39.69142],[16.20098,39.69152]]]},"properties":{"firedate":"2026-09-23","area_ha":9.0,"country":"IT"}},{"type":"Feature","geometry":{"type":"Polygon","coordinates":[[[17.12696,39.17201],[17.12673,39.17101],[17.12757,39.16969],[17.12849,39.16939],[17.12821,39.16869],[17.12871,39.16821],[17.12591,39.16941],[17.12281,39.16963],[17.12234,39.17041],[17.12117,39.17046],[17.12038,39.17103],[17.12443,39.1708],[17.12581,39.17193],[17.12696,39.17201]]]},"properties":{"firedate":"2026-09-23","area_ha":10.0,"country":"IT"}},{"type":"Feature","geometry":{"type":"Polygon","coordinates":[[[8.82058,40.70076],[8.82091,40.70033],[8.82076,40.6997],[8.81909,40.69937],[8.8167,40.69912],[8.81397,40.69988],[8.81578,40.7013],[8.8178,40.70122],[8.81812,40.70176],[8.82058,40.70076]]]},"properties":{"firedate":"2026-09-23","area_ha":11.0,"country":"IT"}},{"type":"Feature","geometry":{"type":"Polygon","coordinates":[[[12.81337,42.19047],[12.81444,42.18917],[12.81382,42.18897],[12.81356,42.18846],[12.81408,42.18748],[12.81295,42.18746],[12.81223,42.18605],[12.81141,42.18624],[12.80943,42.1876],[12.8106,42.18948],[12.81269,42.19051],[12.81337,42.19047]]]},"properties":{"firedate":"2026-09-23","area_ha":12.0,"country":"IT"}},{"type":"Feature","geometry":{"type":"Polygon","coordinates":[[[13.94865,41.48214],[13.9468,41.48096],[13.94555,41.47959],[13.94475,41.47981],[13.94456,41.48017],[13.94508,41.48082],[13.94446,41.48104],[13.94377,41.48105],[13.94334,41.48035],[13.94252,41.48004],[13.94103,41.48075],[13.94204,41.48134],[13.94133,41.48166],[13.94197,41.48233],[13.94287,41.48261],[13.94532,41.48231],[13.94769,41.48262],[13.94865,41.48214]]]},"properties":{"firedate":"2026-09-23","area_ha":13.0,"country":"IT"}},{"type":"Feature","geometry":{"type":"Polygon","coordinates":[[[15.5849,40.11974],[15.58612,40.12282],[15.58499,40.12485],[15.58615,40.12635],[15.58743,40.12645],[15.58859,40.12509],[15.58827,40.12388],[15.58756,40.12369],[15.58787,40.12283],[15.58726,40.12249],[15.58715,40.12174],[15.58664,40.12121],[15.58721,40.12057],[15.58644,40.1198],[15.58525,40.11935],[15.5849,40.11974]]]},"properties":{"firedate":"2026-09-23","area_ha":13.0,"country":"IT"}},{"type":"Feature","geometry":{"type":"Polygon","coordinates":[[[14.74638,40.7937],[14.74553,40.79408],[14.74519,40.79494],[14.74547,40.7954],[14.74697,40.79613],[14.74665,40.79671],[14.7469,40.79719],[14.74767,40.79719],[14.74807,40.79625],[14.74904,40.79525],[14.74904,40.79375],[14.74985,40.79307],[14.74985,40.79258],[14.74896,40.79188],[14.74676,40.79205],[14.74638,40.7937]]]},"properties":{"firedate":"2026-09-23","area_ha":14.0,"country":"IT"}},{"type":"Feature","geometry":{"type":"Polygon","coordinates":[[[13.39652,37.35043],[13.39634,37.35165],[13.39811,37.35282],[13.39803,37.3532],[13.39704,37.35379],[13.39745,37.35445],[13.40017,37.35376],[13.40017,37.35341],[13.39931,37.35308],[13.39948,37.35154],[13.39892,37.35101],[13.39905,37.34973],[13.39851,37.3491],[13.39633,37.34833],[13.39503,37.3489],[13.39652,37.35043]]]},"properties":{"firedate":"2026-09-23","area_ha":15.0,"country":"IT"}},{"type":"Feature","geometry":{"type":"Polygon","coordinates":[[[19.6792,40.29731],[19.6795,40.29856],[19.68048,40.29885],[19.68081,40.2977],[19.67943,40.29659],[19.67926,40.29568],[19.67826,40.29524],[19.67869,40.29481],[19.6765,40.29571],[19.67655,40.29632],[19.67577,40.29624],[19.67614,40.29778],[19.67484,40.29982],[19.67552,40.30047],[19.67546,40.30088],[19.67595,40.3012],[19.67703,40.30086],[19.67706,40.29989],[19.67807,40.29966],[19.67912,40.29865],[19.67873,40.29832],[19.6779,40.29836],[19.6775,40.29775],[19.67708,40.29774],[19.67697,40.29669],[19.67765,40.29664],[19.6792,40.29731]]]},"properties":{"firedate":"2026-09-23","area_ha":15.0,"country":"AL"}},{"type":"Feature","geometry":{"type":"Polygon","coordinates":[[[-8.29801,37.55149],[-8.2973,37.5534],[-8.29675,37.55372],[-8.29607,37.5536],[-8.29539,37.55486],[-8.29512,37.55467],[-8.29568,37.55369],[-8.29437,37.55382],[-8.29384,37.55283],[-8.29399,37.55215],[-8.29451,37.55214],[-8.29494,37.55128],[-8.29491,37.55051],[-8.29582,37.5494],[-8.2952,37.5493],[-8.29556,37.54903],[-8.29671,37.54921],[-8.29677,37.54896],[-8.29618,37.54894],[-8.2967,37.54868],[-8.29861,37.54977],[-8.29826,37.54995],[-8.29858,37.55029],[-8.29854,37.55121],[-8.29801,37.55149]]]},"properties":{"firedate":"2026-09-23","area_ha":16.0,"country":"PT"}},{"type":"Feature","geometry":{"type":"Polygon","coordinates":[[[-8.07858,41.61237],[-8.07831,41.61196],[-8.07797,41.6121],[-8.07671,41.61142],[-8.07747,41.6106],[-8.07753,41.60995],[-8.07814,41.61006],[-8.07764,41.60862],[-8.07873,41.60749],[-8.07925,41.60766],[-8.07961,41.60837],[-8.08084,41.60857],[-8.0814,41.60986],[-8.08296,41.61001],[-8.08322,41.61073],[-8.08362,41.61037],[-8.08412,41.61042],[-8.08374,41.61055],[-8.08351,41.61127],[-8.07858,41.61237]]]},"properties":{"firedate":"2026-09-23","area_ha":16.0,"country":"PT"}},{"type":"Feature","geometry":{"type":"Polygon","coordinates":[[[3.76597,36.80051],[3.76492,36.79918],[3.76583,36.79838],[3.76675,36.79811],[3.76639,36.79742],[3.76564,36.79734],[3.76392,36.79794],[3.7628,36.79741],[3.76076,36.79752],[3.75933,36.7963],[3.75849,36.79658],[3.75894,36.79736],[3.76272,36.80068],[3.76419,36.80035],[3.76597,36.80051]]]},"properties":{"firedate":"2026-09-23","area_ha":16.0,"country":"DZ"}},{"type":"Feature","geometry":{"type":"Polygon","coordinates":[[[-8.01525,41.42383],[-8.01809,41.42506],[-8.01965,41.42767],[-8.01929,41.42845],[-8.01595,41.42955],[-8.01568,41.42898],[-8.01597,41.42826],[-8.0145,41.42765],[-8.01468,41.42541],[-8.01385,41.42495],[-8.01373,41.42437],[-8.01525,41.42383]]]},"properties":{"firedate":"2026-09-23","area_ha":18.0,"country":"PT"}},{"type":"Feature","geometry":{"type":"Polygon","coordinates":[[[15.66901,40.06976],[15.67009,40.06842],[15.66996,40.06671],[15.67076,40.06501],[15.66919,40.06488],[15.66846,40.06538],[15.66677,40.06522],[15.66683,40.06573],[15.66523,40.06604],[15.66407,40.06714],[15.66531,40.06831],[15.66643,40.06815],[15.6669,40.06841],[15.66702,40.06883],[15.66655,40.06967],[15.66739,40.07058],[15.66901,40.06976]]]},"properties":{"firedate":"2026-09-23","area_ha":20.0,"country":"IT"}},{"type":"Feature","geometry":{"type":"Polygon","coordinates":[[[15.32274,41.08387],[15.32255,41.08297],[15.31918,41.08304],[15.31586,41.08485],[15.31266,41.08541],[15.31175,41.08631],[15.31206,41.08665],[15.31347,41.08681],[15.31436,41.08749],[15.31557,41.08691],[15.31778,41.08764],[15.31822,41.08737],[15.31913,41.08528],[15.32014,41.0848],[15.32201,41.08469],[15.32274,41.08387]]]},"properties":{"firedate":"2026-09-23","area_ha":22.0,"country":"IT"}},{"type":"Feature","geometry":{"type":"Polygon","coordinates":[[[9.14073,36.7895],[9.14238,36.78707],[9.14234,36.78626],[9.14291,36.78528],[9.14572,36.78285],[9.14583,36.78207],[9.1455,36.78164],[9.145,36.78163],[9.14463,36.78256],[9.14334,36.78271],[9.14161,36.78396],[9.14081,36.78365],[9.14056,36.78265],[9.13967,36.78266],[9.1391,36.78332],[9.13918,36.78412],[9.13816,36.78478],[9.13896,36.78678],[9.14043,36.787],[9.14108,36.78763],[9.13955,36.78849],[9.13961,36.78919],[9.14073,36.7895]]]},"properties":{"firedate":"2026-09-23","area_ha":23.0,"country":"TN"}},{"type":"Feature","geometry":{"type":"Polygon","coordinates":[[[19.53533,41.53962],[19.53538,41.53863],[19.53347,41.53853],[19.53241,41.53783],[19.53098,41.53578],[19.53,41.53579],[19.52911,41.5365],[19.52806,41.53676],[19.52895,41.54054],[19.53098,41.54225],[19.53251,41.54225],[19.53142,41.54099],[19.53158,41.54057],[19.53482,41.54014],[19.53533,41.53962]]]},"properties":{"firedate":"2026-09-23","area_ha":23.0,"country":"AL"}},{"type":"Feature","geometry":{"type":"Polygon","coordinates":[[[-8.49846,41.08189],[-8.497,41.08237],[-8.49743,41.08167],[-8.49671,41.08161],[-8.49675,41.08132],[-8.49755,41.08099],[-8.49896,41.08124],[-8.49924,41.08092],[-8.49948,41.08132],[-8.50059,41.08134],[-8.50072,41.08173],[-8.5013,41.08188],[-8.50116,41.08143],[-8.50254,41.08121],[-8.50292,41.0818],[-8.50241,41.08219],[-8.50362,41.08352],[-8.50606,41.08252],[-8.50536,41.08338],[-8.50562,41.08399],[-8.5053,41.08411],[-8.50538,41.0845],[-8.50578,41.08427],[-8.50654,41.08462],[-8.50656,41.08516],[-8.50569,41.08593],[-8.50636,41.08644],[-8.50592,41.08686],[-8.50488,41.08698],[-8.5037,41.08652],[-8.50382,41.08472],[-8.50185,41.0853],[-8.50032,41.08516],[-8.49884,41.08573],[-8.49855,41.08507],[-8.499,41.08468],[-8.49831,41.08329],[-8.49846,41.08189]]]},"properties":{"firedate":"2026-09-23","area_ha":26.0,"country":"PT"}},{"type":"Feature","geometry":{"type":"Polygon","coordinates":[[[19.77474,40.082],[19.77461,40.07901],[19.77533,40.078],[19.77515,40.07739],[19.77378,40.0772],[19.77232,40.07815],[19.77097,40.07706],[19.76951,40.07688],[19.76883,40.07719],[19.7698,40.07907],[19.77001,40.08136],[19.77065,40.0821],[19.77376,40.08342],[19.77464,40.08344],[19.77526,40.08304],[19.77474,40.082]]]},"properties":{"firedate":"2026-09-23","area_ha":27.0,"country":"AL"}},{"type":"Feature","geometry":{"type":"Polygon","coordinates":[[[14.1432,37.59657],[14.14378,37.59368],[14.14192,37.59266],[14.13999,37.59324],[14.13921,37.595],[14.13636,37.59418],[14.13497,37.59559],[14.13541,37.59627],[14.13758,37.59748],[14.14022,37.59802],[14.1432,37.59657]]]},"properties":{"firedate":"2026-09-23","area_ha":28.0,"country":"IT"}},{"type":"Feature","geometry":{"type":"Polygon","coordinates":[[[12.94686,41.59324],[12.94815,41.59256],[12.94768,41.59123],[12.94727,41.59104],[12.94538,41.59094],[12.94479,41.59159],[12.94245,41.59249],[12.94252,41.59433],[12.94083,41.59437],[12.94055,41.59494],[12.94076,41.59555],[12.93975,41.59611],[12.9396,41.5976],[12.94,41.5984],[12.93954,41.59938],[12.94045,41.60042],[12.94117,41.60045],[12.94135,41.59866],[12.94307,41.59732],[12.9442,41.59709],[12.94556,41.59553],[12.94712,41.59458],[12.94718,41.59372],[12.94686,41.59324]]]},"properties":{"firedate":"2026-09-23","area_ha":34.0,"country":"IT"}},{"type":"Feature","geometry":{"type":"Polygon","coordinates":[[[23.03359,42.88705],[23.03201,42.88795],[23.03036,42.89011],[23.03027,42.89063],[23.03101,42.89123],[23.03022,42.892],[23.03103,42.89292],[23.03338,42.89332],[23.03494,42.89302],[23.03548,42.89342],[23.03613,42.89264],[23.03599,42.8913],[23.03514,42.89029],[23.03592,42.89],[23.0355,42.8892],[23.03626,42.88808],[23.03805,42.88698],[23.03793,42.88608],[23.04006,42.88485],[23.03943,42.88423],[23.03858,42.8842],[23.0342,42.88623],[23.03359,42.88705]]]},"properties":{"firedate":"2026-09-23","area_ha":36.0,"country":"BG"}},{"type":"Feature","geometry":{"type":"Polygon","coordinates":[[[15.83823,39.72518],[15.83558,39.72578],[15.83545,39.72648],[15.83509,39.72644],[15.83472,39.72574],[15.83269,39.72697],[15.83219,39.72761],[15.83256,39.72853],[15.8343,39.72836],[15.83547,39.729],[15.83836,39.72886],[15.84,39.72818],[15.84269,39.72825],[15.84348,39.72781],[15.84338,39.72695],[15.84378,39.72624],[15.84553,39.7255],[15.84531,39.7251],[15.84354,39.72464],[15.84238,39.72392],[15.84184,39.72397],[15.84171,39.72468],[15.84118,39.72465],[15.84077,39.72421],[15.84072,39.72345],[15.84022,39.72328],[15.83943,39.72368],[15.8396,39.72446],[15.83839,39.72408],[15.83823,39.72518]]]},"properties":{"firedate":"2026-09-23","area_ha":39.0,"country":"IT"}},{"type":"Feature","geometry":{"type":"Polygon","coordinates":[[[16.46757,40.36481],[16.46331,40.36548],[16.46205,40.36597],[16.46127,40.36756],[16.46283,40.36897],[16.46277,40.3693],[16.46194,40.36996],[16.46008,40.37028],[16.4593,40.37162],[16.45796,40.37238],[16.458,40.37307],[16.46131,40.37335],[16.46246,40.37462],[16.4634,40.37405],[16.46717,40.37293],[16.46813,40.37229],[16.46718,40.36989],[16.46602,40.36882],[16.46902,40.36527],[16.46931,40.36389],[16.46757,40.36481]]]},"properties":{"firedate":"2026-09-23","area_ha":55.0,"country":"IT"}},{"type":"Feature","geometry":{"type":"Polygon","coordinates":[[[31.01816,50.9611],[31.01981,50.96099],[31.02094,50.9605],[31.02148,50.95992],[31.02115,50.95941],[31.02341,50.95864],[31.02327,50.95748],[31.02526,50.95686],[31.02488,50.95498],[31.02363,50.95402],[31.0225,50.95226],[31.02176,50.95198],[31.01607,50.9534],[31.01237,50.95679],[31.01267,50.95751],[31.01239,50.9578],[31.01253,50.95837],[31.01405,50.95823],[31.01444,50.95941],[31.01547,50.96001],[31.0152,50.96037],[31.01544,50.96084],[31.01699,50.9605],[31.01816,50.9611]]]},"properties":{"firedate":"2026-09-23","area_ha":59.0,"country":"UA"}},{"type":"Feature","geometry":{"type":"Polygon","coordinates":[[[19.24746,42.27548],[19.24781,42.27652],[19.24819,42.2766],[19.24975,42.2756],[19.25033,42.27456],[19.25254,42.27528],[19.25438,42.27371],[19.25448,42.27314],[19.25378,42.27234],[19.25496,42.27132],[19.25523,42.27029],[19.25453,42.26899],[19.25388,42.26852],[19.25375,42.26754],[19.25277,42.26765],[19.25275,42.26847],[19.25245,42.26865],[19.25186,42.26804],[19.25074,42.26803],[19.25046,42.26836],[19.25098,42.26897],[19.25074,42.26909],[19.24868,42.26862],[19.24806,42.26778],[19.24688,42.26744],[19.24604,42.26781],[19.24575,42.26861],[19.24441,42.26954],[19.24486,42.27025],[19.24409,42.27083],[19.24573,42.27254],[19.24547,42.27366],[19.24649,42.27402],[19.24684,42.27527],[19.24746,42.27548]]]},"properties":{"firedate":"2026-09-23","area_ha":60.0,"country":"ME"}},{"type":"Feature","geometry":{"type":"Polygon","coordinates":[[[19.19994,42.26887],[19.20268,42.26765],[19.20317,42.26896],[19.20431,42.26864],[19.20529,42.26899],[19.20573,42.26924],[19.20574,42.27014],[19.20726,42.27032],[19.20705,42.27118],[19.20812,42.27148],[19.20687,42.27213],[19.20577,42.27225],[19.20378,42.27169],[19.20331,42.27111],[19.20309,42.27177],[19.20357,42.27239],[19.20498,42.27245],[19.20412,42.27305],[19.204,42.2735],[19.20271,42.27308],[19.20231,42.2737],[19.20277,42.27418],[19.20238,42.27462],[19.20271,42.27507],[19.20582,42.27495],[19.20451,42.27377],[19.20532,42.27317],[19.20608,42.27369],[19.20678,42.27296],[19.20849,42.27356],[19.2077,42.27408],[19.20769,42.27447],[19.20621,42.27497],[19.20955,42.27572],[19.20997,42.27627],[19.21036,42.27547],[19.20981,42.2751],[19.21078,42.27483],[19.21247,42.27599],[19.2136,42.27634],[19.2132,42.277],[19.21339,42.27796],[19.21409,42.27689],[19.21493,42.27658],[19.21498,42.27588],[19.21452,42.27562],[19.2148,42.2735],[19.21459,42.27197],[19.21387,42.27139],[19.21263,42.27119],[19.21184,42.26904],[19.21327,42.26822],[19.21369,42.26904],[19.21485,42.26982],[19.21518,42.26944],[19.21518,42.26684],[19.2121,42.26701],[19.21094,42.2677],[19.2086,42.267],[19.20657,42.26901],[19.20622,42.26878],[19.20599,42.26696],[19.20383,42.26679],[19.2029,42.26628],[19.20244,42.26674],[19.19916,42.26721],[19.19994,42.26887]]]},"properties":{"firedate":"2026-09-23","area_ha":74.0,"country":"ME"}},{"type":"Feature","geometry":{"type":"Polygon","coordinates":[[[-4.54887,38.73915],[-4.55172,38.73592],[-4.54936,38.73532],[-4.54897,38.73456],[-4.55074,38.73433],[-4.55277,38.73493],[-4.5537,38.73467],[-4.55418,38.73505],[-4.5544,38.73619],[-4.55402,38.73663],[-4.55427,38.73678],[-4.55395,38.73715],[-4.55403,38.73792],[-4.55265,38.74358],[-4.55198,38.74374],[-4.55145,38.74315],[-4.55105,38.7434],[-4.55127,38.74405],[-4.55074,38.74379],[-4.55009,38.7448],[-4.55027,38.74532],[-4.54995,38.74567],[-4.55037,38.74639],[-4.54992,38.74666],[-4.54783,38.74509],[-4.54852,38.74429],[-4.54848,38.74379],[-4.55058,38.74227],[-4.55128,38.74262],[-4.55153,38.74195],[-4.54909,38.74144],[-4.54415,38.74197],[-4.5436,38.74102],[-4.54372,38.74067],[-4.54328,38.74055],[-4.54337,38.73591],[-4.54542,38.73422],[-4.54786,38.73393],[-4.54848,38.73524],[-4.54783,38.73655],[-4.54862,38.73734],[-4.548,38.73866],[-4.54887,38.73915]]]},"properties":{"firedate":"2026-09-23","area_ha":74.0,"country":"ES"}},{"type":"Feature","geometry":{"type":"Polygon","coordinates":[[[22.46917,44.16355],[22.46625,44.16427],[22.46418,44.16387],[22.46151,44.16726],[22.45993,44.16871],[22.45941,44.16988],[22.45878,44.17045],[22.45658,44.17107],[22.45555,44.17173],[22.45498,44.17352],[22.45171,44.17324],[22.45055,44.17488],[22.45109,44.17589],[22.45278,44.17722],[22.45348,44.17635],[22.45401,44.17622],[22.45571,44.1778],[22.45649,44.17754],[22.45712,44.17668],[22.45866,44.17681],[22.46381,44.17452],[22.46622,44.17219],[22.4666,44.17112],[22.46639,44.17073],[22.46362,44.17179],[22.46311,44.17062],[22.46347,44.17036],[22.4655,44.1706],[22.46781,44.16959],[22.46945,44.16935],[22.4705,44.16833],[22.47253,44.16786],[22.47377,44.16693],[22.47493,44.16666],[22.47566,44.16536],[22.47471,44.16417],[22.4743,44.16297],[22.47117,44.162],[22.46917,44.16355]]]},"properties":{"firedate":"2026-09-23","area_ha":128.0,"country":"RS"}},{"type":"Feature","geometry":{"type":"Polygon","coordinates":[[[19.52972,40.39542],[19.53101,40.39682],[19.53081,40.39764],[19.53123,40.39945],[19.53056,40.3998],[19.53048,40.40109],[19.52941,40.40009],[19.529,40.40015],[19.52908,40.40089],[19.5299,40.40144],[19.53091,40.40302],[19.53248,40.40379],[19.53157,40.40518],[19.53215,40.40602],[19.53179,40.40625],[19.53067,40.40605],[19.52911,40.40442],[19.52852,40.40311],[19.52673,40.4015],[19.52625,40.40055],[19.5259,40.401],[19.52659,40.40225],[19.52673,40.4033],[19.52647,40.40373],[19.52679,40.40426],[19.52575,40.40512],[19.52671,40.40594],[19.52722,40.40674],[19.52712,40.40725],[19.52776,40.40771],[19.52741,40.40786],[19.5279,40.40831],[19.52856,40.40827],[19.5291,40.40886],[19.53002,40.40907],[19.53052,40.40853],[19.53166,40.40846],[19.53263,40.41076],[19.53368,40.41187],[19.534,40.41327],[19.53511,40.41409],[19.53489,40.41461],[19.5362,40.4151],[19.53619,40.41418],[19.53541,40.41391],[19.53616,40.41378],[19.53619,40.4134],[19.535,40.41215],[19.53499,40.41155],[19.5356,40.41113],[19.53641,40.41122],[19.53668,40.40895],[19.5371,40.40911],[19.53757,40.41078],[19.53849,40.40938],[19.53925,40.40905],[19.53861,40.40856],[19.53898,40.40751],[19.53848,40.40707],[19.53858,40.40664],[19.53945,40.40651],[19.53965,40.4053],[19.53941,40.40477],[19.54019,40.40449],[19.54054,40.40507],[19.54106,40.40511],[19.5408,40.40436],[19.54212,40.4043],[19.54367,40.40289],[19.5435,40.4026],[19.54505,40.4013],[19.54517,40.40079],[19.54392,40.40055],[19.54306,40.40122],[19.54273,40.40232],[19.54223,40.40254],[19.54245,40.40318],[19.54213,40.40357],[19.54143,40.40367],[19.54158,40.40334],[19.54088,40.4032],[19.54063,40.40416],[19.53988,40.40395],[19.53925,40.40439],[19.53898,40.4034],[19.54046,40.40322],[19.54015,40.40136],[19.53894,40.40091],[19.53902,40.40007],[19.53818,40.39983],[19.5375,40.4004],[19.53647,40.40073],[19.53635,40.40049],[19.53744,40.39935],[19.53921,40.39937],[19.53965,40.3989],[19.54031,40.39882],[19.54045,40.39751],[19.54085,40.39707],[19.53748,40.39698],[19.5369,40.39612],[19.53685,40.39537],[19.53634,40.39528],[19.53546,40.39558],[19.53514,40.39784],[19.53475,40.39808],[19.53433,40.39784],[19.53381,40.39607],[19.53316,40.39615],[19.53281,40.3972],[19.53137,40.39533],[19.52972,40.39542]]]},"properties":{"firedate":"2026-09-23","area_ha":140.0,"country":"AL"}},{"type":"Feature","geometry":{"type":"MultiPolygon","coordinates":[[[[19.31355,42.28653],[19.3129,42.28605],[19.31338,42.28554],[19.313,42.28507],[19.31183,42.28561],[19.31082,42.2855],[19.3111,42.28617],[19.31055,42.28645],[19.31072,42.28703],[19.30998,42.28727],[19.3095,42.28806],[19.30869,42.2879],[19.30858,42.28642],[19.30755,42.28603],[19.30807,42.28749],[19.308,42.28787],[19.30699,42.28816],[19.30692,42.28909],[19.30733,42.28956],[19.30693,42.29139],[19.30596,42.29138],[19.30555,42.29074],[19.30509,42.29065],[19.30432,42.29149],[19.30516,42.29243],[19.30505,42.29266],[19.30422,42.29275],[19.30354,42.29196],[19.30358,42.29295],[19.30168,42.29267],[19.29986,42.29394],[19.29853,42.29386],[19.29836,42.29477],[19.29673,42.29609],[19.29682,42.29686],[19.29497,42.29732],[19.29277,42.29637],[19.29234,42.29749],[19.29096,42.29732],[19.29075,42.29788],[19.29138,42.29843],[19.29154,42.29927],[19.29092,42.29951],[19.29036,42.30073],[19.29004,42.30064],[19.28987,42.29881],[19.28932,42.29893],[19.28935,42.30004],[19.28872,42.29999],[19.28855,42.29891],[19.28925,42.29782],[19.28683,42.29698],[19.28659,42.29738],[19.28685,42.29778],[19.28648,42.29809],[19.28741,42.2985],[19.28705,42.30007],[19.28728,42.30039],[19.28668,42.30124],[19.28483,42.30243],[19.2843,42.30353],[19.28457,42.30481],[19.28576,42.30517],[19.2857,42.30592],[19.28287,42.30668],[19.28358,42.30826],[19.28351,42.31071],[19.28408,42.3109],[19.28506,42.31038],[19.28447,42.30854],[19.28564,42.30893],[19.28628,42.30956],[19.2879,42.30858],[19.28776,42.30675],[19.28823,42.30624],[19.28891,42.30637],[19.28897,42.30737],[19.29019,42.30875],[19.29152,42.30879],[19.29136,42.30783],[19.29183,42.30704],[19.29139,42.30572],[19.29186,42.3051],[19.29216,42.30544],[19.29413,42.3049],[19.29393,42.30303],[19.29509,42.30341],[19.29551,42.3039],[19.29633,42.30323],[19.29715,42.30463],[19.29804,42.30333],[19.29809,42.30295],[19.29767,42.30312],[19.29746,42.3028],[19.2977,42.30163],[19.29887,42.30087],[19.2992,42.29976],[19.30061,42.30046],[19.30107,42.29991],[19.30134,42.29863],[19.30283,42.29791],[19.30441,42.29619],[19.30541,42.29551],[19.30681,42.29544],[19.31021,42.29357],[19.31148,42.29142],[19.31287,42.29083],[19.31295,42.2905],[19.31236,42.28998],[19.31283,42.2894],[19.31226,42.2887],[19.31325,42.28808],[19.3123,42.28786],[19.31286,42.28672],[19.31355,42.28653]]],[[[19.298,42.30147],[19.29799,42.30151],[19.298,42.30147],[19.298,42.30147]]]]},"properties":{"firedate":"2026-09-23","area_ha":183.0,"country":"ME"}},{"type":"Feature","geometry":{"type":"Polygon","coordinates":[[[19.22132,42.28057],[19.22157,42.28109],[19.22289,42.2818],[19.22355,42.28258],[19.22458,42.28272],[19.22572,42.28206],[19.22841,42.2817],[19.22965,42.28101],[19.23008,42.27966],[19.23126,42.27941],[19.23157,42.27969],[19.23119,42.28074],[19.23144,42.28196],[19.23293,42.28312],[19.23429,42.28336],[19.23353,42.28441],[19.23446,42.28521],[19.23674,42.28484],[19.2367,42.28353],[19.23729,42.28291],[19.2425,42.2818],[19.24285,42.28128],[19.24321,42.27831],[19.2427,42.27735],[19.24277,42.27603],[19.24186,42.27497],[19.24212,42.27222],[19.24169,42.27163],[19.24187,42.27083],[19.24145,42.26983],[19.24019,42.26806],[19.23875,42.26793],[19.23767,42.26722],[19.23523,42.26795],[19.23402,42.26745],[19.23248,42.26793],[19.23128,42.26733],[19.23034,42.26729],[19.22941,42.26662],[19.22679,42.26763],[19.22645,42.26682],[19.22579,42.26666],[19.22437,42.26745],[19.22189,42.26802],[19.22096,42.26898],[19.22145,42.26994],[19.2211,42.27068],[19.2203,42.27102],[19.21975,42.27192],[19.21827,42.27189],[19.21821,42.27279],[19.21731,42.27352],[19.21867,42.27473],[19.21806,42.27526],[19.21782,42.27641],[19.2188,42.27768],[19.22043,42.27753],[19.22172,42.27646],[19.2222,42.27671],[19.22229,42.27725],[19.22372,42.27744],[19.22403,42.27772],[19.22388,42.2784],[19.22504,42.2786],[19.22419,42.27907],[19.22348,42.27863],[19.22293,42.27911],[19.22131,42.27945],[19.21997,42.27902],[19.21904,42.27827],[19.21787,42.27819],[19.21706,42.28002],[19.21742,42.28033],[19.21915,42.27969],[19.22132,42.28057]]]},"properties":{"firedate":"2026-09-23","area_ha":303.0,"country":"ME"}},{"type":"Feature","geometry":{"type":"Polygon","coordinates":[[[16.14442,39.13177],[16.14541,39.13106],[16.14531,39.13005],[16.145,39.13021],[16.14503,39.13105],[16.14426,39.13156],[16.14442,39.13177]]]},"properties":{"firedate":"2026-09-24","area_ha":1.0,"country":"IT"}},{"type":"Feature","geometry":{"type":"Polygon","coordinates":[[[17.07457,39.19736],[17.07416,39.19622],[17.07234,39.19578],[17.07427,39.19735],[17.07457,39.19736]]]},"properties":{"firedate":"2026-09-24","area_ha":1.0,"country":"IT"}},{"type":"Feature","geometry":{"type":"Polygon","coordinates":[[[-5.25435,43.24143],[-5.25318,43.24113],[-5.25347,43.24092],[-5.25315,43.2395],[-5.25373,43.23846],[-5.25433,43.23877],[-5.25354,43.23921],[-5.25401,43.24001],[-5.25376,43.24067],[-5.25435,43.24143]]]},"properties":{"firedate":"2026-09-24","area_ha":1.0,"country":"ES"}},{"type":"Feature","geometry":{"type":"Polygon","coordinates":[[[-5.25501,43.23881],[-5.25427,43.23843],[-5.25519,43.23762],[-5.25501,43.23881]]]},"properties":{"firedate":"2026-09-24","area_ha":1.0,"country":"ES"}},{"type":"Feature","geometry":{"type":"Polygon","coordinates":[[[14.99358,40.22014],[14.99229,40.21934],[14.99162,40.21953],[14.99203,40.22084],[14.99358,40.22014]]]},"properties":{"firedate":"2026-09-24","area_ha":2.0,"country":"IT"}},{"type":"Feature","geometry":{"type":"Polygon","coordinates":[[[-8.1459,41.53686],[-8.14579,41.5366],[-8.14692,41.53619],[-8.14578,41.53611],[-8.14597,41.53526],[-8.14641,41.53522],[-8.1471,41.5358],[-8.14756,41.53563],[-8.148,41.53629],[-8.14732,41.53704],[-8.1465,41.53714],[-8.14674,41.53671],[-8.14644,41.53663],[-8.1459,41.53686]]]},"properties":{"firedate":"2026-09-24","area_ha":2.0,"country":"PT"}},{"type":"Feature","geometry":{"type":"Polygon","coordinates":[[[15.51758,40.10398],[15.51753,40.10323],[15.51692,40.1029],[15.51648,40.10351],[15.51466,40.10361],[15.51419,40.10419],[15.51498,40.1049],[15.51758,40.10398]]]},"properties":{"firedate":"2026-09-24","area_ha":3.0,"country":"IT"}},{"type":"Feature","geometry":{"type":"Polygon","coordinates":[[[19.2719,42.26837],[19.27243,42.26784],[19.27125,42.26757],[19.27032,42.26969],[19.27159,42.27012],[19.27231,42.26922],[19.2719,42.26837]]]},"properties":{"firedate":"2026-09-24","area_ha":3.0,"country":"ME"}},{"type":"Feature","geometry":{"type":"Polygon","coordinates":[[[-8.075,41.61221],[-8.07514,41.61191],[-8.07425,41.6114],[-8.07483,41.61123],[-8.07438,41.61099],[-8.07419,41.61009],[-8.07465,41.6098],[-8.07527,41.60988],[-8.07626,41.61092],[-8.07621,41.61118],[-8.07574,41.61087],[-8.07546,41.61108],[-8.07647,41.61189],[-8.07595,41.61255],[-8.075,41.61221]]]},"properties":{"firedate":"2026-09-24","area_ha":3.0,"country":"PT"}},{"type":"Feature","geometry":{"type":"Polygon","coordinates":[[[14.99423,40.22324],[14.99525,40.22324],[14.99599,40.22216],[14.99518,40.2218],[14.9935,40.22195],[14.99326,40.2211],[14.99233,40.22224],[14.99278,40.22256],[14.99353,40.22247],[14.99423,40.22324]]]},"properties":{"firedate":"2026-09-24","area_ha":3.0,"country":"IT"}},{"type":"Feature","geometry":{"type":"Polygon","coordinates":[[[-7.39003,41.30436],[-7.38924,41.30386],[-7.39008,41.30247],[-7.39103,41.30222],[-7.39104,41.3036],[-7.39003,41.30436]]]},"properties":{"firedate":"2026-09-24","area_ha":3.0,"country":"PT"}},{"type":"Feature","geometry":{"type":"Polygon","coordinates":[[[6.27846,36.66525],[6.27892,36.66522],[6.27906,36.66468],[6.27985,36.66432],[6.2798,36.66322],[6.27751,36.6634],[6.27746,36.66378],[6.27814,36.66386],[6.27788,36.66413],[6.27846,36.66525]]]},"properties":{"firedate":"2026-09-24","area_ha":3.0,"country":"DZ"}},{"type":"Feature","geometry":{"type":"Polygon","coordinates":[[[-8.47347,41.76227],[-8.47254,41.76153],[-8.47487,41.76031],[-8.47583,41.76015],[-8.47633,41.76085],[-8.4758,41.76139],[-8.47408,41.76151],[-8.47347,41.76227]]]},"properties":{"firedate":"2026-09-24","area_ha":3.0,"country":"PT"}},{"type":"Feature","geometry":{"type":"Polygon","coordinates":[[[-4.81752,43.30973],[-4.81774,43.30876],[-4.81836,43.3081],[-4.8202,43.30782],[-4.82069,43.30828],[-4.82071,43.3086],[-4.81965,43.30878],[-4.8195,43.30922],[-4.81859,43.30978],[-4.81854,43.30944],[-4.81752,43.30973]]]},"properties":{"firedate":"2026-09-24","area_ha":3.0,"country":"ES"}},{"type":"Feature","geometry":{"type":"Polygon","coordinates":[[[15.52498,40.11006],[15.52517,40.10942],[15.52472,40.10902],[15.52237,40.109],[15.52165,40.10918],[15.52093,40.11017],[15.52498,40.11006]]]},"properties":{"firedate":"2026-09-24","area_ha":4.0,"country":"IT"}},{"type":"Feature","geometry":{"type":"Polygon","coordinates":[[[19.64474,40.30772],[19.64457,40.30721],[19.64355,40.30682],[19.64264,40.30588],[19.64211,40.30586],[19.64152,40.30653],[19.64332,40.30812],[19.64439,40.30819],[19.64474,40.30772]]]},"properties":{"firedate":"2026-09-24","area_ha":4.0,"country":"AL"}},{"type":"Feature","geometry":{"type":"Polygon","coordinates":[[[19.60635,40.39343],[19.60524,40.39404],[19.60513,40.3949],[19.60594,40.39644],[19.60719,40.39738],[19.60686,40.3964],[19.60733,40.39399],[19.60635,40.39343]]]},"properties":{"firedate":"2026-09-24","area_ha":5.0,"country":"AL"}},{"type":"Feature","geometry":{"type":"Polygon","coordinates":[[[-5.20386,42.56086],[-5.20294,42.5599],[-5.20321,42.55795],[-5.20367,42.55815],[-5.20401,42.55924],[-5.20549,42.5594],[-5.20602,42.56084],[-5.20538,42.56135],[-5.20386,42.56086]]]},"properties":{"firedate":"2026-09-24","area_ha":5.0,"country":"ES"}},{"type":"Feature","geometry":{"type":"Polygon","coordinates":[[[-5.21655,43.21024],[-5.21747,43.21031],[-5.21838,43.2114],[-5.21854,43.21216],[-5.2174,43.21277],[-5.21615,43.21234],[-5.21624,43.21284],[-5.21678,43.21307],[-5.21595,43.21322],[-5.21525,43.21206],[-5.21562,43.21118],[-5.21512,43.21084],[-5.21655,43.21024]]]},"properties":{"firedate":"2026-09-24","area_ha":6.0,"country":"ES"}},{"type":"Feature","geometry":{"type":"Polygon","coordinates":[[[16.23022,41.03712],[16.22922,41.03279],[16.22865,41.03197],[16.2279,41.03196],[16.22768,41.03235],[16.2282,41.03337],[16.22812,41.0356],[16.22918,41.0371],[16.22985,41.0374],[16.23022,41.03712]]]},"properties":{"firedate":"2026-09-24","area_ha":7.0,"country":"IT"}},{"type":"Feature","geometry":{"type":"Polygon","coordinates":[[[19.67515,41.26945],[19.67599,41.27161],[19.67661,41.2711],[19.6787,41.27065],[19.6786,41.26999],[19.67783,41.26949],[19.67768,41.26855],[19.67713,41.26818],[19.67523,41.26886],[19.67515,41.26945]]]},"properties":{"firedate":"2026-09-24","area_ha":7.0,"country":"AL"}},{"type":"Feature","geometry":{"type":"Polygon","coordinates":[[[13.7461,37.48172],[13.74493,37.48227],[13.74496,37.48262],[13.74617,37.48479],[13.74883,37.48502],[13.74977,37.48435],[13.74964,37.48375],[13.74894,37.48358],[13.74819,37.48387],[13.74738,37.48321],[13.7477,37.48258],[13.74677,37.4825],[13.7461,37.48172]]]},"properties":{"firedate":"2026-09-24","area_ha":8.0,"country":"IT"}},{"type":"Feature","geometry":{"type":"Polygon","coordinates":[[[18.89328,42.48222],[18.89312,42.48314],[18.89227,42.48369],[18.89154,42.48513],[18.89179,42.48531],[18.89347,42.48471],[18.89533,42.48555],[18.89477,42.48264],[18.89515,42.48214],[18.89505,42.48094],[18.89426,42.4808],[18.89382,42.4812],[18.89294,42.48127],[18.89328,42.48222]]]},"properties":{"firedate":"2026-09-24","area_ha":9.0,"country":"ME"}},{"type":"Feature","geometry":{"type":"Polygon","coordinates":[[[8.86472,36.65172],[8.86497,36.65118],[8.8639,36.65076],[8.86385,36.65046],[8.86346,36.65043],[8.86315,36.65089],[8.8621,36.6503],[8.86145,36.65051],[8.86124,36.65028],[8.86148,36.64993],[8.86087,36.65028],[8.85998,36.64927],[8.85912,36.64971],[8.85923,36.65003],[8.85864,36.65077],[8.85885,36.65185],[8.85856,36.65223],[8.86021,36.65172],[8.86114,36.65182],[8.86182,36.65102],[8.86259,36.65127],[8.86193,36.65137],[8.86181,36.65168],[8.86345,36.65227],[8.86472,36.65172]]]},"properties":{"firedate":"2026-09-24","area_ha":9.0,"country":"TN"}},{"type":"Feature","geometry":{"type":"Polygon","coordinates":[[[-4.21957,43.10085],[-4.22003,43.10205],[-4.2199,43.10242],[-4.21731,43.10339],[-4.21694,43.10337],[-4.21813,43.10237],[-4.2175,43.10259],[-4.21694,43.10206],[-4.21587,43.10193],[-4.21751,43.10143],[-4.21762,43.10094],[-4.21727,43.10052],[-4.21751,43.10033],[-4.21649,43.10014],[-4.21894,43.09858],[-4.22041,43.09916],[-4.2198,43.09942],[-4.21918,43.10044],[-4.21833,43.10061],[-4.21892,43.1011],[-4.21957,43.10085]]]},"properties":{"firedate":"2026-09-24","area_ha":9.0,"country":"ES"}},{"type":"Feature","geometry":{"type":"Polygon","coordinates":[[[-4.22876,43.1033],[-4.22819,43.10303],[-4.2279,43.1023],[-4.22705,43.10205],[-4.22651,43.10088],[-4.22498,43.09983],[-4.22483,43.09908],[-4.22667,43.09917],[-4.22688,43.09938],[-4.2266,43.09971],[-4.2271,43.0997],[-4.22828,43.10055],[-4.22851,43.09996],[-4.22933,43.10065],[-4.22997,43.10168],[-4.22961,43.10181],[-4.23008,43.10198],[-4.23024,43.10261],[-4.2297,43.10312],[-4.22876,43.1033]]]},"properties":{"firedate":"2026-09-24","area_ha":9.0,"country":"ES"}},{"type":"Feature","geometry":{"type":"Polygon","coordinates":[[[15.80514,39.84773],[15.80794,39.84649],[15.80786,39.84531],[15.80644,39.8443],[15.80568,39.84415],[15.80505,39.84471],[15.80396,39.84481],[15.80333,39.84576],[15.80349,39.84612],[15.8045,39.84634],[15.80426,39.84791],[15.80505,39.84837],[15.80514,39.84773]]]},"properties":{"firedate":"2026-09-24","area_ha":10.0,"country":"IT"}},{"type":"Feature","geometry":{"type":"Polygon","coordinates":[[[15.52515,40.10833],[15.52612,40.10772],[15.52705,40.10791],[15.52706,40.10756],[15.52678,40.10637],[15.52568,40.10546],[15.5257,40.10332],[15.52462,40.10291],[15.5248,40.10401],[15.52392,40.10525],[15.52422,40.10725],[15.52363,40.10804],[15.52515,40.10833]]]},"properties":{"firedate":"2026-09-24","area_ha":10.0,"country":"IT"}},{"type":"Feature","geometry":{"type":"Polygon","coordinates":[[[14.16319,37.15662],[14.16299,37.15585],[14.16205,37.15504],[14.15881,37.15501],[14.15865,37.15581],[14.15912,37.15635],[14.15874,37.15687],[14.15917,37.1571],[14.15904,37.15733],[14.16016,37.15761],[14.1611,37.1572],[14.16159,37.1578],[14.16216,37.15783],[14.163,37.15708],[14.16319,37.15662]]]},"properties":{"firedate":"2026-09-24","area_ha":10.0,"country":"IT"}},{"type":"Feature","geometry":{"type":"Polygon","coordinates":[[[15.1724,37.82457],[15.17405,37.82322],[15.17386,37.82255],[15.17192,37.82105],[15.1701,37.82134],[15.16891,37.82231],[15.16899,37.82368],[15.1695,37.82407],[15.1724,37.82457]]]},"properties":{"firedate":"2026-09-24","area_ha":13.0,"country":"IT"}},{"type":"Feature","geometry":{"type":"Polygon","coordinates":[[[16.10058,39.13491],[16.10119,39.13413],[16.10095,39.1337],[16.09905,39.13356],[16.09715,39.13227],[16.09662,39.13232],[16.09612,39.13331],[16.09458,39.13278],[16.0931,39.13284],[16.09322,39.13486],[16.09358,39.13531],[16.09481,39.13433],[16.09576,39.1348],[16.09809,39.13411],[16.09956,39.13498],[16.09941,39.13557],[16.10017,39.13601],[16.10059,39.13573],[16.10058,39.13491]]]},"properties":{"firedate":"2026-09-24","area_ha":13.0,"country":"IT"}},{"type":"Feature","geometry":{"type":"Polygon","coordinates":[[[17.0785,39.18679],[17.07719,39.18935],[17.07821,39.19127],[17.0793,39.19461],[17.07996,39.19504],[17.08037,39.19445],[17.08002,39.19144],[17.07869,39.18979],[17.07872,39.18783],[17.07906,39.18706],[17.08022,39.18605],[17.08252,39.18576],[17.08249,39.18518],[17.08356,39.18505],[17.08285,39.18467],[17.08114,39.18504],[17.07948,39.18583],[17.0785,39.18679]]]},"properties":{"firedate":"2026-09-24","area_ha":13.0,"country":"IT"}},{"type":"Feature","geometry":{"type":"Polygon","coordinates":[[[19.66906,40.3009],[19.66748,40.30104],[19.66741,40.30294],[19.66646,40.30318],[19.66671,40.30375],[19.6686,40.30484],[19.66991,40.30432],[19.67112,40.30206],[19.67209,40.30151],[19.6729,40.29978],[19.67029,40.2992],[19.66996,40.29961],[19.67067,40.30009],[19.66961,40.30031],[19.66906,40.3009]]]},"properties":{"firedate":"2026-09-24","area_ha":17.0,"country":"AL"}},{"type":"Feature","geometry":{"type":"Polygon","coordinates":[[[13.80293,37.43852],[13.80349,37.43782],[13.80147,37.43614],[13.80082,37.43598],[13.79769,37.43696],[13.79795,37.43883],[13.79766,37.43929],[13.79689,37.43923],[13.79597,37.43809],[13.79493,37.43861],[13.79624,37.44003],[13.79651,37.44081],[13.79736,37.44124],[13.79864,37.44002],[13.79848,37.4385],[13.80293,37.43852]]]},"properties":{"firedate":"2026-09-24","area_ha":17.0,"country":"IT"}},{"type":"Feature","geometry":{"type":"Polygon","coordinates":[[[16.09712,38.0093],[16.09679,38.00846],[16.09704,38.00742],[16.09666,38.00657],[16.09499,38.00521],[16.0941,38.00527],[16.09384,38.00573],[16.09388,38.00786],[16.09312,38.00934],[16.09306,38.01152],[16.09472,38.01185],[16.09712,38.0093]]]},"properties":{"firedate":"2026-09-24","area_ha":18.0,"country":"IT"}},{"type":"Feature","geometry":{"type":"Polygon","coordinates":[[[-8.2534,42.64116],[-8.25334,42.64402],[-8.2539,42.64522],[-8.25338,42.64585],[-8.25112,42.64535],[-8.2501,42.64554],[-8.24831,42.64417],[-8.24857,42.64354],[-8.24819,42.64213],[-8.2492,42.64129],[-8.24967,42.6412],[-8.25008,42.64182],[-8.25097,42.64188],[-8.25294,42.64075],[-8.2534,42.64116]]]},"properties":{"firedate":"2026-09-24","area_ha":19.0,"country":"ES"}},{"type":"Feature","geometry":{"type":"Polygon","coordinates":[[[30.09604,46.43814],[30.09701,46.43703],[30.0977,46.43686],[30.09799,46.43578],[30.09873,46.43581],[30.09964,46.43509],[30.1005,46.43358],[30.10087,46.43208],[30.1017,46.43128],[30.10021,46.43069],[30.09917,46.431],[30.09828,46.4331],[30.09573,46.43557],[30.09412,46.4363],[30.09296,46.43746],[30.09315,46.43835],[30.09401,46.43883],[30.09604,46.43814]]]},"properties":{"firedate":"2026-09-24","area_ha":20.0,"country":"MD"}},{"type":"Feature","geometry":{"type":"Polygon","coordinates":[[[21.29179,41.74776],[21.29747,41.74739],[21.29737,41.74703],[21.29326,41.74599],[21.28949,41.7437],[21.28603,41.74219],[21.28525,41.7421],[21.28495,41.74244],[21.28519,41.74299],[21.28692,41.74411],[21.28633,41.74497],[21.28646,41.74558],[21.28934,41.74701],[21.29179,41.74776]]]},"properties":{"firedate":"2026-09-24","area_ha":24.0,"country":"MK"}},{"type":"Feature","geometry":{"type":"Polygon","coordinates":[[[19.51726,40.40638],[19.51677,40.40559],[19.51691,40.40364],[19.5164,40.40346],[19.51536,40.40477],[19.51525,40.40598],[19.51592,40.4078],[19.51529,40.40858],[19.51523,40.40961],[19.51537,40.40981],[19.51578,40.40924],[19.51632,40.40931],[19.51628,40.41163],[19.51725,40.41189],[19.51903,40.41162],[19.51989,40.41206],[19.52343,40.41186],[19.52342,40.41147],[19.52246,40.41098],[19.51955,40.41018],[19.5204,40.40853],[19.51726,40.40638]]]},"properties":{"firedate":"2026-09-24","area_ha":26.0,"country":"AL"}},{"type":"Feature","geometry":{"type":"Polygon","coordinates":[[[17.02022,39.1137],[17.02125,39.11252],[17.02503,39.11126],[17.02634,39.11144],[17.03038,39.11017],[17.03207,39.11002],[17.0321,39.10892],[17.03153,39.10874],[17.03036,39.10954],[17.02794,39.10965],[17.02627,39.10855],[17.02503,39.10828],[17.02188,39.10932],[17.02088,39.11001],[17.01911,39.11243],[17.0194,39.11329],[17.02022,39.1137]]]},"properties":{"firedate":"2026-09-24","area_ha":26.0,"country":"IT"}},{"type":"Feature","geometry":{"type":"Polygon","coordinates":[[[13.74095,37.49226],[13.74287,37.49331],[13.74309,37.49245],[13.74426,37.49252],[13.74532,37.49208],[13.74607,37.49253],[13.74771,37.49194],[13.7488,37.49049],[13.75011,37.48733],[13.74802,37.48705],[13.7452,37.48854],[13.743,37.48907],[13.74088,37.49016],[13.73996,37.4912],[13.74095,37.49226]]]},"properties":{"firedate":"2026-09-24","area_ha":34.0,"country":"IT"}},{"type":"Feature","geometry":{"type":"Polygon","coordinates":[[[19.12729,42.29219],[19.12647,42.29159],[19.12531,42.29172],[19.1232,42.29403],[19.12404,42.29425],[19.12482,42.29367],[19.12573,42.29402],[19.12696,42.29384],[19.12621,42.29458],[19.12631,42.29493],[19.1276,42.29504],[19.1291,42.29569],[19.13281,42.29796],[19.13358,42.29709],[19.13359,42.29572],[19.13487,42.29577],[19.13583,42.29654],[19.13706,42.2959],[19.1385,42.29573],[19.13892,42.29529],[19.13783,42.2934],[19.13595,42.29221],[19.13425,42.29204],[19.13264,42.29258],[19.13104,42.29132],[19.13004,42.29103],[19.12729,42.29219]]]},"properties":{"firedate":"2026-09-24","area_ha":50.0,"country":"ME"}},{"type":"Feature","geometry":{"type":"Polygon","coordinates":[[[2.00572,42.71604],[2.00264,42.71538],[2.00182,42.71386],[2.00147,42.71223],[2.00017,42.71211],[1.99896,42.71132],[2.00036,42.70976],[2.00117,42.70976],[2.00155,42.70916],[2.00107,42.70825],[1.99936,42.70931],[1.99919,42.70992],[1.99831,42.70922],[1.99826,42.7089],[1.99903,42.70862],[1.99945,42.70771],[2.0006,42.70733],[1.99995,42.70649],[1.99858,42.70717],[1.99867,42.70654],[1.99836,42.7063],[1.99592,42.70674],[1.99526,42.70753],[1.99447,42.70769],[1.99432,42.7091],[1.99129,42.70797],[1.99091,42.7092],[1.99256,42.71064],[1.99489,42.71143],[1.99592,42.71111],[1.99694,42.7124],[1.99939,42.71298],[1.99948,42.71421],[2.00074,42.71615],[2.00231,42.71711],[2.0033,42.71828],[2.00451,42.71838],[2.00662,42.71791],[2.00849,42.71683],[2.00611,42.71617],[2.00438,42.71704],[2.00452,42.71644],[2.00572,42.71604]]]},"properties":{"firedate":"2026-09-24","area_ha":51.0,"country":"FR"}},{"type":"Feature","geometry":{"type":"Polygon","coordinates":[[[-8.36456,40.12238],[-8.36569,40.12243],[-8.36605,40.12384],[-8.36747,40.12529],[-8.3689,40.12822],[-8.37134,40.12992],[-8.37167,40.13225],[-8.3705,40.13452],[-8.36957,40.13432],[-8.36923,40.1332],[-8.3672,40.13195],[-8.36663,40.131],[-8.36502,40.13069],[-8.36277,40.12897],[-8.36236,40.1262],[-8.36402,40.12547],[-8.36456,40.1245],[-8.36152,40.12176],[-8.36281,40.12051],[-8.36376,40.12117],[-8.36456,40.12238]]]},"properties":{"firedate":"2026-09-24","area_ha":53.0,"country":"PT"}},{"type":"Feature","geometry":{"type":"Polygon","coordinates":[[[-7.28676,41.69365],[-7.28536,41.69466],[-7.28559,41.69543],[-7.28721,41.69622],[-7.28782,41.69719],[-7.28755,41.69815],[-7.28777,41.69865],[-7.2869,41.69962],[-7.28675,41.70166],[-7.28737,41.70242],[-7.2882,41.70176],[-7.28885,41.70202],[-7.28837,41.70261],[-7.28806,41.70418],[-7.28689,41.7043],[-7.28653,41.70343],[-7.2853,41.70358],[-7.2847,41.70304],[-7.28434,41.70203],[-7.28363,41.70168],[-7.28143,41.70201],[-7.27953,41.70097],[-7.27831,41.70187],[-7.27753,41.70168],[-7.27677,41.69929],[-7.27573,41.69851],[-7.27721,41.69793],[-7.27691,41.69721],[-7.27736,41.69631],[-7.28088,41.69584],[-7.2848,41.69409],[-7.28676,41.69365]]]},"properties":{"firedate":"2026-09-24","area_ha":67.0,"country":"PT"}},{"type":"Feature","geometry":{"type":"Polygon","coordinates":[[[15.82364,41.80566],[15.8209,41.80547],[15.81993,41.8047],[15.81787,41.80521],[15.81686,41.80608],[15.81708,41.80742],[15.81524,41.81075],[15.81283,41.81114],[15.81232,41.81069],[15.813,41.81008],[15.813,41.80947],[15.81131,41.80946],[15.81072,41.80998],[15.81044,41.81161],[15.80882,41.81267],[15.8086,41.81383],[15.80927,41.8141],[15.81203,41.81392],[15.81733,41.81211],[15.81852,41.81212],[15.8207,41.81118],[15.82181,41.8113],[15.82484,41.80899],[15.82569,41.80691],[15.82671,41.80686],[15.82798,41.80589],[15.82763,41.80552],[15.82629,41.80531],[15.82364,41.80566]]]},"properties":{"firedate":"2026-09-24","area_ha":69.0,"country":"IT"}},{"type":"Feature","geometry":{"type":"Polygon","coordinates":[[[23.06238,43.63136],[23.06074,43.63099],[23.05775,43.63205],[23.05543,43.63214],[23.05487,43.63296],[23.05267,43.63285],[23.05223,43.63323],[23.05249,43.63401],[23.05112,43.63346],[23.0519,43.63247],[23.05074,43.63139],[23.05004,43.63016],[23.04863,43.62992],[23.04788,43.63053],[23.04718,43.62936],[23.04618,43.62912],[23.04533,43.62941],[23.04523,43.62979],[23.04699,43.63061],[23.04385,43.6311],[23.04276,43.63088],[23.04157,43.63124],[23.04143,43.63158],[23.04189,43.63173],[23.04296,43.63119],[23.04361,43.63134],[23.04375,43.63305],[23.04293,43.63345],[23.04069,43.63327],[23.04035,43.63369],[23.04223,43.63534],[23.04694,43.63648],[23.04936,43.63529],[23.05094,43.6359],[23.05585,43.63589],[23.05771,43.63524],[23.06127,43.6331],[23.06238,43.63136]]]},"properties":{"firedate":"2026-09-24","area_ha":71.0,"country":"BG"}},{"type":"Feature","geometry":{"type":"Polygon","coordinates":[[[15.59018,40.92794],[15.58878,40.92807],[15.58578,40.9307],[15.58401,40.93071],[15.58275,40.93132],[15.58077,40.93144],[15.57604,40.93091],[15.57391,40.93242],[15.57363,40.93329],[15.57597,40.93394],[15.57864,40.93555],[15.57989,40.93572],[15.58241,40.93501],[15.5849,40.9349],[15.58664,40.93404],[15.58817,40.93276],[15.58986,40.93347],[15.59059,40.93337],[15.59137,40.93288],[15.59221,40.9306],[15.6,40.92489],[15.59947,40.92462],[15.59641,40.92506],[15.59441,40.92489],[15.5914,40.92546],[15.59086,40.92584],[15.59078,40.92739],[15.59018,40.92794]]]},"properties":{"firedate":"2026-09-24","area_ha":92.0,"country":"IT"}},{"type":"Feature","geometry":{"type":"Polygon","coordinates":[[[19.78685,41.46431],[19.78746,41.46493],[19.78809,41.4667],[19.78882,41.46691],[19.78859,41.46501],[19.785,41.46248],[19.78836,41.46273],[19.78914,41.46349],[19.78976,41.46359],[19.79009,41.46327],[19.7894,41.4609],[19.78531,41.46058],[19.78524,41.46001],[19.78624,41.4598],[19.78639,41.45938],[19.78557,41.45874],[19.78389,41.45853],[19.78279,41.45671],[19.78148,41.4572],[19.78062,41.45671],[19.77899,41.45665],[19.77725,41.45705],[19.77714,41.4574],[19.77814,41.45765],[19.77665,41.45792],[19.77585,41.45852],[19.77435,41.45816],[19.77364,41.4615],[19.77394,41.4619],[19.77239,41.46253],[19.76955,41.46261],[19.76971,41.46414],[19.77071,41.46498],[19.77281,41.46546],[19.77546,41.46546],[19.7767,41.46588],[19.77886,41.46547],[19.78129,41.46574],[19.78059,41.46531],[19.78106,41.4646],[19.78029,41.4638],[19.77867,41.46369],[19.77823,41.46316],[19.7771,41.46287],[19.77738,41.46206],[19.7782,41.46192],[19.77906,41.46314],[19.7797,41.46304],[19.78018,41.46243],[19.78124,41.46251],[19.78126,41.4634],[19.78197,41.46369],[19.78219,41.46436],[19.78299,41.46447],[19.78353,41.464],[19.78418,41.46402],[19.78448,41.46333],[19.78685,41.46431]]]},"properties":{"firedate":"2026-09-24","area_ha":97.0,"country":"AL"}},{"type":"Feature","geometry":{"type":"Polygon","coordinates":[[[16.62002,40.85803],[16.6175,40.85561],[16.61469,40.85446],[16.61255,40.85235],[16.6101,40.85086],[16.60814,40.85119],[16.60721,40.8525],[16.60358,40.85322],[16.6021,40.85283],[16.60158,40.85311],[16.60258,40.8546],[16.60182,40.8557],[16.60219,40.85665],[16.60128,40.85743],[16.60181,40.8581],[16.60336,40.85877],[16.6083,40.8593],[16.61359,40.86167],[16.61489,40.86139],[16.61547,40.86206],[16.61711,40.86219],[16.61742,40.86146],[16.61636,40.86006],[16.61635,40.85954],[16.61685,40.85925],[16.61814,40.85947],[16.6192,40.85919],[16.62002,40.85803]]]},"properties":{"firedate":"2026-09-24","area_ha":110.0,"country":"IT"}},{"type":"Feature","geometry":{"type":"Polygon","coordinates":[[[27.30663,36.98954],[27.30968,36.98972],[27.30818,36.98908],[27.30503,36.98874],[27.30378,36.98931],[27.30326,36.98922],[27.30356,36.98823],[27.30555,36.98777],[27.30613,36.98682],[27.30453,36.98653],[27.30352,36.98543],[27.30124,36.98563],[27.30105,36.9851],[27.30142,36.98353],[27.30103,36.98322],[27.29916,36.98429],[27.29963,36.98598],[27.30025,36.98645],[27.29978,36.98686],[27.29963,36.98803],[27.29843,36.98838],[27.29782,36.98936],[27.29822,36.99042],[27.29755,36.99174],[27.29687,36.99226],[27.29674,36.99324],[27.29511,36.99346],[27.29416,36.99493],[27.2931,36.9956],[27.29515,36.99744],[27.29565,36.99851],[27.29788,36.9995],[27.30023,36.99917],[27.30196,36.99783],[27.30204,36.99724],[27.30405,36.99734],[27.30435,36.99667],[27.30417,36.99614],[27.30515,36.99475],[27.30628,36.99412],[27.30683,36.99339],[27.30657,36.99273],[27.30552,36.99215],[27.30459,36.99106],[27.30543,36.99003],[27.30663,36.98954]]]},"properties":{"firedate":"2026-09-24","area_ha":113.0,"country":"TR"}},{"type":"Feature","geometry":{"type":"Polygon","coordinates":[[[-7.8651,41.12758],[-7.86605,41.12877],[-7.8665,41.12872],[-7.86698,41.12809],[-7.86753,41.12882],[-7.86769,41.13014],[-7.87007,41.13103],[-7.87017,41.13296],[-7.87122,41.13384],[-7.87099,41.13427],[-7.86895,41.13369],[-7.8684,41.13488],[-7.86884,41.13623],[-7.87147,41.1385],[-7.87062,41.13966],[-7.87105,41.14085],[-7.87058,41.14121],[-7.86891,41.14122],[-7.86931,41.14238],[-7.86835,41.14276],[-7.86756,41.14256],[-7.86706,41.14139],[-7.86613,41.14145],[-7.86578,41.14209],[-7.86518,41.14209],[-7.86475,41.14044],[-7.86356,41.14045],[-7.86332,41.13983],[-7.86413,41.13863],[-7.86169,41.13864],[-7.86127,41.1379],[-7.86066,41.13767],[-7.86031,41.13781],[-7.86031,41.13867],[-7.8592,41.13866],[-7.85876,41.13774],[-7.85659,41.13614],[-7.85903,41.13273],[-7.85851,41.1315],[-7.85872,41.12982],[-7.85727,41.12875],[-7.85708,41.12814],[-7.85996,41.12627],[-7.86015,41.12577],[-7.85975,41.12516],[-7.8602,41.12517],[-7.86166,41.12638],[-7.86381,41.12676],[-7.8651,41.12758]]]},"properties":{"firedate":"2026-09-24","area_ha":140.0,"country":"PT"}},{"type":"Feature","geometry":{"type":"MultiPolygon","coordinates":[[[[19.30288,42.28279],[19.30377,42.28239],[19.3045,42.28253],[19.30419,42.28157],[19.30501,42.28091],[19.30391,42.28015],[19.30636,42.27974],[19.30649,42.27907],[19.30762,42.27817],[19.30779,42.2773],[19.30878,42.27761],[19.31078,42.27649],[19.31216,42.27616],[19.31151,42.27527],[19.31103,42.27518],[19.31022,42.27541],[19.30936,42.27629],[19.30833,42.27563],[19.30919,42.27656],[19.30817,42.27644],[19.30635,42.2743],[19.30522,42.27417],[19.30551,42.27381],[19.30527,42.27338],[19.30615,42.27338],[19.30617,42.27311],[19.30508,42.27074],[19.30416,42.27051],[19.30381,42.27055],[19.30396,42.27115],[19.30217,42.27176],[19.30223,42.2722],[19.3027,42.27229],[19.30228,42.27279],[19.30154,42.27282],[19.30132,42.27239],[19.30084,42.27266],[19.30125,42.2736],[19.30075,42.27327],[19.29979,42.2744],[19.29981,42.2731],[19.30074,42.27244],[19.29971,42.27194],[19.29972,42.27152],[19.29879,42.27133],[19.29916,42.2706],[19.29883,42.2704],[19.29962,42.26941],[19.30042,42.26909],[19.30006,42.2688],[19.30123,42.26759],[19.30111,42.26678],[19.30435,42.26637],[19.30609,42.26488],[19.30756,42.265],[19.30851,42.26463],[19.30853,42.26399],[19.30803,42.26352],[19.30849,42.26289],[19.30717,42.26203],[19.3065,42.26198],[19.30571,42.26228],[19.30524,42.26303],[19.30443,42.26318],[19.30385,42.26218],[19.3041,42.26139],[19.30383,42.26097],[19.30189,42.26207],[19.30059,42.2618],[19.30078,42.26007],[19.29963,42.25866],[19.29885,42.25881],[19.29798,42.25961],[19.29531,42.25981],[19.29367,42.25951],[19.29083,42.26036],[19.29014,42.25988],[19.28923,42.25992],[19.28873,42.25864],[19.28932,42.25755],[19.28923,42.25673],[19.28984,42.25593],[19.28972,42.25447],[19.28926,42.25403],[19.28832,42.25416],[19.28852,42.25533],[19.28801,42.25554],[19.28714,42.25453],[19.28678,42.25457],[19.28659,42.25559],[19.28706,42.25615],[19.28617,42.25658],[19.28523,42.25787],[19.2836,42.25823],[19.28316,42.25963],[19.28741,42.26169],[19.28767,42.2637],[19.28684,42.26518],[19.28666,42.26636],[19.28861,42.26648],[19.28937,42.26685],[19.28964,42.26737],[19.28906,42.2683],[19.28928,42.2691],[19.29107,42.27044],[19.29344,42.27146],[19.29619,42.27187],[19.29634,42.27232],[19.29757,42.27186],[19.29838,42.27244],[19.29962,42.27266],[19.29911,42.27316],[19.29911,42.27404],[19.29817,42.27541],[19.29777,42.27744],[19.2993,42.27776],[19.29871,42.27922],[19.29955,42.28124],[19.29984,42.28147],[19.30087,42.28097],[19.30213,42.28122],[19.30288,42.28279]]],[[[19.30517,42.26604],[19.30514,42.26603],[19.30516,42.26604],[19.30517,42.26604]]],[[[19.30528,42.26568],[19.30532,42.26564],[19.3053,42.26566],[19.30528,42.26568]]],[[[19.30519,42.26576],[19.30523,42.26572],[19.30521,42.26575],[19.30519,42.26576]]],[[[19.30513,42.26582],[19.30516,42.26579],[19.30515,42.2658],[19.30513,42.26582]]],[[[19.30508,42.26588],[19.3051,42.26585],[19.30509,42.26587],[19.30508,42.26588]]],[[[19.30504,42.26592],[19.30506,42.2659],[19.30505,42.26591],[19.30504,42.26592]]],[[[19.30501,42.26595],[19.30502,42.26594],[19.30501,42.26595],[19.30501,42.26595]]],[[[19.30499,42.26597],[19.305,42.26596],[19.30499,42.26597],[19.30499,42.26597]]],[[[19.30499,42.26599],[19.30499,42.26598],[19.30499,42.26599],[19.30499,42.26599]]],[[[19.305,42.26599],[19.30499,42.26599],[19.30499,42.26599],[19.305,42.26599]]],[[[19.30504,42.26601],[19.30501,42.266],[19.30502,42.266],[19.30504,42.26601]]],[[[19.30509,42.26602],[19.30506,42.26601],[19.30507,42.26602],[19.30509,42.26602]]]]},"properties":{"firedate":"2026-09-24","area_ha":252.0,"country":"ME"}},{"type":"Feature","geometry":{"type":"Polygon","coordinates":[[[22.44432,44.86843],[22.44394,44.86909],[22.44433,44.87],[22.44395,44.87045],[22.44319,44.87049],[22.44179,44.86983],[22.44061,44.87026],[22.44061,44.87119],[22.43955,44.87152],[22.43964,44.87243],[22.43846,44.87373],[22.43821,44.87453],[22.43627,44.87595],[22.43659,44.87659],[22.43868,44.87666],[22.43969,44.87722],[22.43786,44.8778],[22.43095,44.87801],[22.4295,44.8789],[22.42646,44.87816],[22.42481,44.87855],[22.42502,44.87952],[22.42644,44.88118],[22.42674,44.8828],[22.42855,44.8839],[22.42914,44.88486],[22.43158,44.88596],[22.43626,44.88648],[22.43757,44.8875],[22.43846,44.88727],[22.43881,44.88666],[22.43946,44.88328],[22.44112,44.8829],[22.44287,44.88175],[22.44427,44.88308],[22.44446,44.88709],[22.44482,44.88772],[22.44695,44.88902],[22.44786,44.8913],[22.4468,44.89246],[22.44642,44.8935],[22.44367,44.89437],[22.44034,44.89671],[22.44006,44.8972],[22.44048,44.89876],[22.44017,44.89928],[22.43755,44.90044],[22.43767,44.90096],[22.43831,44.90126],[22.44054,44.90107],[22.44337,44.90025],[22.44786,44.89798],[22.45104,44.89788],[22.45292,44.89699],[22.45192,44.89558],[22.44967,44.89403],[22.45004,44.89187],[22.44947,44.89129],[22.45255,44.88803],[22.45272,44.88737],[22.45216,44.88611],[22.45346,44.88509],[22.45421,44.88386],[22.45382,44.88254],[22.45535,44.87778],[22.45529,44.87712],[22.4506,44.87611],[22.451,44.87567],[22.45029,44.87378],[22.45089,44.87267],[22.45082,44.87189],[22.44925,44.87142],[22.44768,44.87039],[22.44658,44.8703],[22.44658,44.86937],[22.44798,44.86954],[22.44836,44.86912],[22.44828,44.86766],[22.44883,44.86658],[22.44839,44.86613],[22.44764,44.86632],[22.44682,44.86733],[22.4439,44.86674],[22.44326,44.86709],[22.44335,44.86764],[22.44405,44.8679],[22.44432,44.86843]]]},"properties":{"firedate":"2026-09-24","area_ha":358.0,"country":"RO"}},{"type":"Feature","geometry":{"type":"Polygon","coordinates":[[[-8.43378,37.38836],[-8.43637,37.39118],[-8.43714,37.39115],[-8.43712,37.39173],[-8.43744,37.39192],[-8.43853,37.39177],[-8.43947,37.39332],[-8.43953,37.39376],[-8.43823,37.39511],[-8.43927,37.39481],[-8.44071,37.3965],[-8.44193,37.3968],[-8.44216,37.39755],[-8.4416,37.39873],[-8.44239,37.39995],[-8.44217,37.40099],[-8.44289,37.40197],[-8.44271,37.40238],[-8.44236,37.40246],[-8.44101,37.40146],[-8.44067,37.40159],[-8.4405,37.40265],[-8.44015,37.40286],[-8.43986,37.4026],[-8.4395,37.40288],[-8.4388,37.4027],[-8.43836,37.40188],[-8.4376,37.40149],[-8.43693,37.40169],[-8.43697,37.40231],[-8.4366,37.40229],[-8.43638,37.40208],[-8.43675,37.40187],[-8.43667,37.40155],[-8.43443,37.40081],[-8.4336,37.40105],[-8.43354,37.39999],[-8.4331,37.39955],[-8.43313,37.40015],[-8.43243,37.40041],[-8.43234,37.40011],[-8.43186,37.40057],[-8.43167,37.39992],[-8.43127,37.40026],[-8.43017,37.40017],[-8.42845,37.39921],[-8.42803,37.39851],[-8.42751,37.3986],[-8.42707,37.39814],[-8.42658,37.3983],[-8.42672,37.39785],[-8.42635,37.39732],[-8.42669,37.39648],[-8.42542,37.39649],[-8.42526,37.39583],[-8.42283,37.3968],[-8.42172,37.39553],[-8.42049,37.3955],[-8.4198,37.39521],[-8.41983,37.3949],[-8.41911,37.39545],[-8.4189,37.3962],[-8.41697,37.39621],[-8.41624,37.39497],[-8.41011,37.39214],[-8.40948,37.39081],[-8.40808,37.38924],[-8.40876,37.3859],[-8.4064,37.38566],[-8.40491,37.38499],[-8.4042,37.38436],[-8.40376,37.38307],[-8.40389,37.38273],[-8.40433,37.38282],[-8.40483,37.38425],[-8.40674,37.38425],[-8.40954,37.38233],[-8.41088,37.38208],[-8.40891,37.38149],[-8.40852,37.38077],[-8.40773,37.38044],[-8.40844,37.37798],[-8.40747,37.37462],[-8.40767,37.37244],[-8.40824,37.3722],[-8.40924,37.37288],[-8.40998,37.37512],[-8.40987,37.37606],[-8.4107,37.37537],[-8.4109,37.37452],[-8.41129,37.37427],[-8.41388,37.37496],[-8.41563,37.37484],[-8.41706,37.37589],[-8.41706,37.37858],[-8.41837,37.37838],[-8.41935,37.37869],[-8.41913,37.37968],[-8.41984,37.37996],[-8.42072,37.37953],[-8.42085,37.37861],[-8.42129,37.37862],[-8.42228,37.37964],[-8.42259,37.38079],[-8.42597,37.38146],[-8.42697,37.38233],[-8.4292,37.38311],[-8.42978,37.38468],[-8.43184,37.386],[-8.43119,37.38639],[-8.43114,37.38697],[-8.43378,37.38836]]]},"properties":{"firedate":"2026-09-24","area_ha":496.0,"country":"PT"}},{"type":"Feature","geometry":{"type":"Polygon","coordinates":[[[-7.85368,41.9293],[-7.85375,41.93365],[-7.85461,41.93434],[-7.85279,41.93706],[-7.84494,41.93615],[-7.84336,41.93919],[-7.83386,41.94228],[-7.83317,41.94148],[-7.8346,41.94089],[-7.83447,41.94044],[-7.83244,41.94011],[-7.83032,41.94098],[-7.82887,41.94014],[-7.83059,41.93944],[-7.83006,41.94043],[-7.83117,41.94009],[-7.83219,41.93772],[-7.83204,41.93649],[-7.83097,41.93616],[-7.82778,41.93767],[-7.8261,41.9345],[-7.82692,41.9305],[-7.82608,41.92879],[-7.82738,41.92797],[-7.82714,41.92644],[-7.82807,41.927],[-7.82769,41.9258],[-7.82928,41.92551],[-7.83107,41.92783],[-7.83298,41.92531],[-7.83307,41.9241],[-7.83468,41.92254],[-7.83529,41.92021],[-7.83849,41.92],[-7.83833,41.92273],[-7.83898,41.92302],[-7.83944,41.92194],[-7.83892,41.9203],[-7.83944,41.91952],[-7.84001,41.91946],[-7.84084,41.92071],[-7.84197,41.9197],[-7.84084,41.91823],[-7.84195,41.91781],[-7.84187,41.91735],[-7.84139,41.91641],[-7.84009,41.91586],[-7.84008,41.91501],[-7.84616,41.91398],[-7.84658,41.91308],[-7.84883,41.91217],[-7.85332,41.91278],[-7.85497,41.91426],[-7.85601,41.92031],[-7.85316,41.92344],[-7.85282,41.92471],[-7.85473,41.92748],[-7.85368,41.9293]]]},"properties":{"firedate":"2026-09-24","area_ha":508.0,"country":"ES"}},{"type":"Feature","geometry":{"type":"Polygon","coordinates":[[[-5.55775,43.0317],[-5.55755,43.03107],[-5.55889,43.03036],[-5.56073,43.03022],[-5.56129,43.02959],[-5.56208,43.02969],[-5.56002,43.03106],[-5.55942,43.03083],[-5.55775,43.0317]]]},"properties":{"firedate":"2026-09-25","area_ha":2.0,"country":"ES"}},{"type":"Feature","geometry":{"type":"Polygon","coordinates":[[[13.9981,41.44382],[13.99636,41.44293],[13.99534,41.44292],[13.99494,41.44332],[13.99598,41.44377],[13.99566,41.44434],[13.99591,41.44466],[13.9981,41.44382]]]},"properties":{"firedate":"2026-09-25","area_ha":3.0,"country":"IT"}},{"type":"Feature","geometry":{"type":"Polygon","coordinates":[[[30.01407,51.26648],[30.01524,51.26536],[30.01598,51.26525],[30.01583,51.26491],[30.01373,51.26392],[30.01135,51.26458],[30.0121,51.26476],[30.01235,51.26598],[30.01407,51.26648]]]},"properties":{"firedate":"2026-09-25","area_ha":5.0,"country":"UA"}},{"type":"Feature","geometry":{"type":"Polygon","coordinates":[[[-3.41064,41.10016],[-3.41084,41.09738],[-3.41173,41.09716],[-3.41274,41.09843],[-3.41278,41.09934],[-3.41118,41.1005],[-3.41064,41.10016]]]},"properties":{"firedate":"2026-09-25","area_ha":5.0,"country":"ES"}},{"type":"Feature","geometry":{"type":"Polygon","coordinates":[[[-5.55797,43.02911],[-5.55908,43.02771],[-5.56118,43.0273],[-5.56242,43.02643],[-5.563,43.02663],[-5.56249,43.02679],[-5.56231,43.02731],[-5.56366,43.027],[-5.56421,43.02737],[-5.56315,43.02827],[-5.56279,43.02906],[-5.56239,43.0276],[-5.56093,43.02776],[-5.55797,43.02911]]]},"properties":{"firedate":"2026-09-25","area_ha":5.0,"country":"ES"}},{"type":"Feature","geometry":{"type":"Polygon","coordinates":[[[9.97849,37.09204],[9.97848,37.09106],[9.97789,37.09098],[9.97649,37.09228],[9.9755,37.09257],[9.97428,37.09368],[9.97418,37.09453],[9.97535,37.09483],[9.97621,37.09465],[9.97717,37.09291],[9.97849,37.09204]]]},"properties":{"firedate":"2026-09-25","area_ha":7.0,"country":"TN"}},{"type":"Feature","geometry":{"type":"Polygon","coordinates":[[[-7.16471,42.25194],[-7.16383,42.25097],[-7.16429,42.24963],[-7.16676,42.24908],[-7.16753,42.24938],[-7.1675,42.25134],[-7.16698,42.25187],[-7.16643,42.25234],[-7.16471,42.25194]]]},"properties":{"firedate":"2026-09-25","area_ha":9.0,"country":"ES"}},{"type":"Feature","geometry":{"type":"Polygon","coordinates":[[[5.16467,36.55322],[5.16501,36.55291],[5.1638,36.55167],[5.16316,36.55024],[5.16106,36.54995],[5.16045,36.55022],[5.16055,36.55076],[5.16149,36.55127],[5.16048,36.55249],[5.16056,36.55305],[5.16467,36.55322]]]},"properties":{"firedate":"2026-09-25","area_ha":10.0,"country":"DZ"}},{"type":"Feature","geometry":{"type":"Polygon","coordinates":[[[37.59186,49.70622],[37.58557,49.70632],[37.58463,49.70719],[37.58736,49.70896],[37.59019,49.70848],[37.5921,49.7077],[37.5922,49.70647],[37.59186,49.70622]]]},"properties":{"firedate":"2026-09-25","area_ha":12.0,"country":"UA"}},{"type":"Feature","geometry":{"type":"Polygon","coordinates":[[[-3.68625,41.17606],[-3.68743,41.1752],[-3.68686,41.17502],[-3.68674,41.17444],[-3.68603,41.1739],[-3.68574,41.17274],[-3.68642,41.17172],[-3.68717,41.17179],[-3.68736,41.17212],[-3.68791,41.17062],[-3.69165,41.17292],[-3.69236,41.17404],[-3.69246,41.17459],[-3.69208,41.17495],[-3.69011,41.17542],[-3.68952,41.17595],[-3.68646,41.17651],[-3.68625,41.17606]]]},"properties":{"firedate":"2026-09-25","area_ha":21.0,"country":"ES"}},{"type":"Feature","geometry":{"type":"Polygon","coordinates":[[[8.70664,36.58929],[8.70808,36.58884],[8.70916,36.58923],[8.71089,36.58876],[8.71107,36.58835],[8.71,36.58739],[8.71043,36.58713],[8.71153,36.5885],[8.71145,36.58724],[8.71206,36.58812],[8.71294,36.58863],[8.71284,36.58793],[8.71213,36.58717],[8.71308,36.58677],[8.71237,36.58614],[8.71144,36.58653],[8.7117,36.586],[8.7113,36.58611],[8.71113,36.58582],[8.70972,36.5861],[8.71044,36.58462],[8.71026,36.58428],[8.70924,36.58485],[8.70863,36.58481],[8.70855,36.58447],[8.70838,36.58526],[8.70797,36.58541],[8.70802,36.58499],[8.70685,36.58489],[8.70787,36.58476],[8.70815,36.58434],[8.70758,36.58445],[8.70693,36.58386],[8.70776,36.58414],[8.70746,36.58378],[8.70773,36.5837],[8.70845,36.58421],[8.70854,36.58366],[8.70781,36.58332],[8.70696,36.58357],[8.70709,36.58316],[8.70596,36.58358],[8.70665,36.58394],[8.70629,36.58462],[8.70743,36.58547],[8.70704,36.58565],[8.70786,36.58658],[8.70554,36.58461],[8.70493,36.58333],[8.70455,36.58405],[8.70477,36.58472],[8.70446,36.58495],[8.70513,36.58555],[8.70469,36.58763],[8.70532,36.58815],[8.70666,36.58833],[8.70681,36.58878],[8.70642,36.58895],[8.70664,36.58929]]]},"properties":{"firedate":"2026-09-25","area_ha":28.0,"country":"TN"}},{"type":"Feature","geometry":{"type":"Polygon","coordinates":[[[35.85494,47.69721],[35.85592,47.6959],[35.85395,47.69521],[35.85437,47.69493],[35.85527,47.69519],[35.85602,47.69462],[35.85589,47.69421],[35.85441,47.69376],[35.85621,47.69292],[35.85631,47.69199],[35.85522,47.69129],[35.85375,47.69319],[35.84375,47.69194],[35.84577,47.69306],[35.84823,47.69285],[35.85047,47.69336],[35.85053,47.69376],[35.84999,47.69442],[35.84532,47.69545],[35.843,47.69531],[35.84256,47.6962],[35.84339,47.69668],[35.84904,47.69609],[35.85175,47.69723],[35.85242,47.6968],[35.85494,47.69721]]]},"properties":{"firedate":"2026-09-25","area_ha":33.0,"country":"UA"}},{"type":"Feature","geometry":{"type":"Polygon","coordinates":[[[13.54649,41.45391],[13.54514,41.45323],[13.54447,41.45245],[13.54293,41.45205],[13.54226,41.4511],[13.5417,41.45099],[13.54055,41.4513],[13.5375,41.45099],[13.53699,41.45244],[13.53583,41.45307],[13.53551,41.4538],[13.53659,41.456],[13.53907,41.45611],[13.53956,41.45562],[13.53967,41.45473],[13.54091,41.45413],[13.54125,41.45425],[13.54144,41.45496],[13.54285,41.45588],[13.54319,41.45666],[13.54614,41.45491],[13.54649,41.45391]]]},"properties":{"firedate":"2026-09-25","area_ha":36.0,"country":"IT"}},{"type":"Feature","geometry":{"type":"Polygon","coordinates":[[[14.00302,41.44773],[14.0031,41.44736],[14.00665,41.44757],[14.00817,41.44852],[14.01221,41.44751],[14.01282,41.44724],[14.0134,41.44638],[14.01311,41.44398],[14.01142,41.44179],[14.01047,41.44147],[14.01054,41.44224],[14.0098,41.44344],[14.00882,41.44378],[14.00679,41.44321],[14.00566,41.44442],[14.00399,41.44481],[14.00304,41.4458],[14.00271,41.44749],[14.00218,41.44824],[14.0023,41.44872],[14.00342,41.44927],[14.0056,41.44941],[14.00635,41.44904],[14.0057,41.44823],[14.00302,41.44773]]]},"properties":{"firedate":"2026-09-25","area_ha":45.0,"country":"IT"}},{"type":"Feature","geometry":{"type":"Polygon","coordinates":[[[3.852,36.73996],[3.85542,36.73873],[3.85474,36.73676],[3.85297,36.73558],[3.85272,36.73406],[3.85198,36.73359],[3.85005,36.73326],[3.84674,36.7338],[3.84651,36.73477],[3.84443,36.73623],[3.84461,36.73693],[3.84676,36.73795],[3.84784,36.73927],[3.852,36.73996]]]},"properties":{"firedate":"2026-09-25","area_ha":48.0,"country":"DZ"}},{"type":"Feature","geometry":{"type":"Polygon","coordinates":[[[19.56801,40.33756],[19.56858,40.33944],[19.56825,40.33986],[19.56612,40.33848],[19.56587,40.33874],[19.56633,40.33949],[19.56444,40.33995],[19.56583,40.34162],[19.56936,40.34366],[19.56944,40.34396],[19.56843,40.34423],[19.5686,40.34472],[19.57013,40.34499],[19.57114,40.3457],[19.57566,40.34727],[19.5757,40.346],[19.57406,40.34552],[19.574,40.34496],[19.57422,40.34463],[19.57553,40.34448],[19.57664,40.34507],[19.57682,40.34446],[19.57365,40.34238],[19.57173,40.34169],[19.57072,40.34053],[19.57123,40.34021],[19.57431,40.34089],[19.57571,40.34203],[19.57804,40.34147],[19.57825,40.34091],[19.57793,40.34034],[19.57684,40.34002],[19.57622,40.34107],[19.57577,40.34113],[19.57485,40.33974],[19.57325,40.33899],[19.572,40.33918],[19.56935,40.3383],[19.56837,40.33728],[19.56801,40.33756]]]},"properties":{"firedate":"2026-09-25","area_ha":52.0,"country":"AL"}},{"type":"Feature","geometry":{"type":"Polygon","coordinates":[[[1.76697,42.70536],[1.76726,42.70613],[1.76828,42.70627],[1.76817,42.70679],[1.76944,42.70724],[1.77005,42.70913],[1.77076,42.70916],[1.77128,42.70979],[1.77309,42.70975],[1.77341,42.71025],[1.77446,42.71052],[1.77467,42.71105],[1.77428,42.71155],[1.77438,42.71236],[1.77624,42.71171],[1.77566,42.71118],[1.77759,42.70918],[1.7779,42.70905],[1.77875,42.71018],[1.7785,42.70886],[1.77714,42.70803],[1.77787,42.70745],[1.77729,42.70644],[1.77789,42.70577],[1.77711,42.70485],[1.77506,42.70594],[1.77481,42.70669],[1.77524,42.70798],[1.77458,42.70862],[1.77432,42.70785],[1.7735,42.70733],[1.77368,42.70628],[1.77302,42.70532],[1.77233,42.70558],[1.77223,42.70659],[1.7716,42.70598],[1.77201,42.70558],[1.77168,42.70511],[1.77047,42.70447],[1.76943,42.7042],[1.76726,42.70451],[1.76771,42.70371],[1.76758,42.70265],[1.76819,42.70015],[1.76735,42.69832],[1.76755,42.6973],[1.76618,42.69695],[1.76578,42.69643],[1.76572,42.69409],[1.76519,42.69356],[1.76607,42.69277],[1.76591,42.69249],[1.76447,42.69283],[1.76457,42.69402],[1.76422,42.69419],[1.76154,42.69354],[1.76019,42.69379],[1.76006,42.69573],[1.75766,42.69679],[1.75778,42.69799],[1.759,42.6997],[1.76135,42.70084],[1.76527,42.70152],[1.7656,42.70268],[1.76631,42.70339],[1.76602,42.70471],[1.76697,42.70536]]]},"properties":{"firedate":"2026-09-25","area_ha":98.0,"country":"FR"}},{"type":"Feature","geometry":{"type":"Polygon","coordinates":[[[1.50975,42.9035],[1.513,42.90083],[1.51462,42.90024],[1.51503,42.89931],[1.51583,42.89899],[1.51579,42.89831],[1.51645,42.89787],[1.51616,42.89691],[1.51689,42.89652],[1.5168,42.89558],[1.51565,42.89451],[1.51511,42.89486],[1.51491,42.89462],[1.5144,42.89519],[1.51466,42.89584],[1.51578,42.89654],[1.51581,42.89702],[1.5151,42.89755],[1.51399,42.89753],[1.51339,42.89675],[1.51264,42.89667],[1.51254,42.89605],[1.5147,42.89595],[1.51309,42.89549],[1.5121,42.89586],[1.51184,42.89652],[1.51093,42.89597],[1.50798,42.89601],[1.50508,42.89766],[1.5045,42.89836],[1.5048,42.8988],[1.50408,42.8997],[1.50528,42.90015],[1.50492,42.90056],[1.50564,42.90071],[1.50501,42.90126],[1.50373,42.90027],[1.50361,42.90109],[1.50425,42.90131],[1.50314,42.90157],[1.50363,42.90227],[1.50338,42.90247],[1.50261,42.90208],[1.50284,42.90127],[1.50252,42.89962],[1.50256,42.89935],[1.50332,42.89928],[1.50335,42.89983],[1.5037,42.89972],[1.50374,42.8989],[1.50328,42.89848],[1.50379,42.89833],[1.50191,42.89685],[1.5017,42.89628],[1.50217,42.89585],[1.50129,42.89471],[1.50107,42.89601],[1.50041,42.89669],[1.50079,42.89769],[1.50007,42.89749],[1.49882,42.89791],[1.49839,42.89946],[1.4981,42.89821],[1.49664,42.89803],[1.49675,42.89749],[1.4964,42.89738],[1.49457,42.89761],[1.49507,42.89704],[1.49473,42.89652],[1.49328,42.89651],[1.49313,42.89573],[1.49201,42.89574],[1.4913,42.89599],[1.49102,42.89651],[1.49057,42.89642],[1.49054,42.89532],[1.48978,42.8949],[1.48912,42.89613],[1.48804,42.89643],[1.48777,42.8972],[1.48835,42.89788],[1.49025,42.89788],[1.49179,42.89923],[1.49124,42.8995],[1.49052,42.89933],[1.49047,42.90045],[1.49009,42.9005],[1.48945,42.89976],[1.48875,42.89987],[1.48842,42.89943],[1.48487,42.89979],[1.48388,42.90017],[1.48365,42.90153],[1.48306,42.90093],[1.48164,42.90095],[1.481,42.9018],[1.48134,42.90255],[1.48076,42.90291],[1.48058,42.90234],[1.48022,42.90226],[1.4794,42.90277],[1.48003,42.9015],[1.47952,42.89967],[1.47915,42.89961],[1.47871,42.90035],[1.47771,42.90004],[1.4768,42.9009],[1.47779,42.90206],[1.47716,42.90228],[1.4766,42.90333],[1.47731,42.9046],[1.47454,42.90288],[1.47358,42.90332],[1.47247,42.90331],[1.47216,42.90315],[1.47247,42.90301],[1.47259,42.90192],[1.47187,42.90175],[1.47117,42.90271],[1.47026,42.90307],[1.47059,42.90343],[1.47024,42.9045],[1.46915,42.90433],[1.46904,42.90459],[1.46953,42.90559],[1.47091,42.9048],[1.47295,42.90588],[1.47352,42.90557],[1.47325,42.90539],[1.47502,42.90498],[1.47704,42.9057],[1.47797,42.90503],[1.4789,42.9055],[1.48117,42.90528],[1.48188,42.90553],[1.48315,42.90495],[1.48357,42.90499],[1.48383,42.90578],[1.48503,42.9058],[1.49084,42.90479],[1.49155,42.90439],[1.49297,42.90462],[1.49323,42.90484],[1.49301,42.90534],[1.49409,42.9056],[1.49413,42.90595],[1.49495,42.90561],[1.49707,42.90597],[1.49842,42.90557],[1.50102,42.90618],[1.50279,42.90577],[1.50491,42.90608],[1.50788,42.9054],[1.50909,42.90424],[1.50928,42.90343],[1.50975,42.9035]]]},"properties":{"firedate":"2026-09-25","area_ha":253.0,"country":"FR"}},{"type":"Feature","geometry":{"type":"Polygon","coordinates":[[[-5.16588,34.97361],[-5.16674,34.97446],[-5.16681,34.97548],[-5.16561,34.97679],[-5.16431,34.97742],[-5.16385,34.97953],[-5.16032,34.97931],[-5.15749,34.98013],[-5.15631,34.98114],[-5.1493,34.97918],[-5.14772,34.97725],[-5.14789,34.97684],[-5.14858,34.97684],[-5.14941,34.97841],[-5.14986,34.97857],[-5.14989,34.97662],[-5.15226,34.9762],[-5.15215,34.97519],[-5.15247,34.97465],[-5.15632,34.97299],[-5.15764,34.97173],[-5.15896,34.97178],[-5.15984,34.96952],[-5.16153,34.96788],[-5.16156,34.96723],[-5.16084,34.96643],[-5.16118,34.96562],[-5.16196,34.96473],[-5.16377,34.96479],[-5.16423,34.96435],[-5.16403,34.9638],[-5.16316,34.96378],[-5.16202,34.96287],[-5.16176,34.96232],[-5.16209,34.96151],[-5.16164,34.96105],[-5.15821,34.96027],[-5.1587,34.95865],[-5.16097,34.95778],[-5.16197,34.95645],[-5.16277,34.95657],[-5.16299,34.95578],[-5.16426,34.95477],[-5.16594,34.95435],[-5.1666,34.9523],[-5.16869,34.95121],[-5.16981,34.95102],[-5.17209,34.95197],[-5.17198,34.95262],[-5.17093,34.95276],[-5.17077,34.9532],[-5.17122,34.95399],[-5.17243,34.9541],[-5.17274,34.95532],[-5.17504,34.95527],[-5.17582,34.95615],[-5.17822,34.95578],[-5.17923,34.95701],[-5.17898,34.95827],[-5.17697,34.95963],[-5.17859,34.96214],[-5.17865,34.96279],[-5.17805,34.96361],[-5.17645,34.96442],[-5.17605,34.96525],[-5.17737,34.96507],[-5.18112,34.9657],[-5.18214,34.96718],[-5.18216,34.96812],[-5.18103,34.97042],[-5.18105,34.97137],[-5.18013,34.97214],[-5.17885,34.97211],[-5.1753,34.97326],[-5.17255,34.97322],[-5.17044,34.97233],[-5.16682,34.97306],[-5.16588,34.97361]]]},"properties":{"firedate":"2026-09-25","area_ha":456.0,"country":"MA"}},{"type":"Feature","geometry":{"type":"Polygon","coordinates":[[[-3.14116,57.18653],[-3.14096,57.18629],[-3.14148,57.18588],[-3.14128,57.18526],[-3.14184,57.18508],[-3.14234,57.18596],[-3.14217,57.18636],[-3.14116,57.18653]]]},"properties":{"firedate":"2026-09-26","area_ha":1.0,"country":"UK"}},{"type":"Feature","geometry":{"type":"Polygon","coordinates":[[[-3.14848,57.19289],[-3.14812,57.19228],[-3.14964,57.19135],[-3.14984,57.19224],[-3.14848,57.19289]]]},"properties":{"firedate":"2026-09-26","area_ha":1.0,"country":"UK"}},{"type":"Feature","geometry":{"type":"Polygon","coordinates":[[[-3.14969,57.19061],[-3.14876,57.19047],[-3.15279,57.18883],[-3.15294,57.18921],[-3.1525,57.18956],[-3.14969,57.19061]]]},"properties":{"firedate":"2026-09-26","area_ha":2.0,"country":"UK"}},{"type":"Feature","geometry":{"type":"Polygon","coordinates":[[[-3.94704,39.36427],[-3.94694,39.3634],[-3.94828,39.36301],[-3.94835,39.36213],[-3.95018,39.36448],[-3.94834,39.36406],[-3.94704,39.36427]]]},"properties":{"firedate":"2026-09-26","area_ha":3.0,"country":"ES"}},{"type":"Feature","geometry":{"type":"Polygon","coordinates":[[[-4.88632,41.00937],[-4.8837,41.00847],[-4.88294,41.00774],[-4.88281,41.00698],[-4.88496,41.00743],[-4.88563,41.00807],[-4.88539,41.00836],[-4.88756,41.00876],[-4.88632,41.00937]]]},"properties":{"firedate":"2026-09-26","area_ha":4.0,"country":"ES"}},{"type":"Feature","geometry":{"type":"Polygon","coordinates":[[[37.87749,48.36483],[37.87604,48.3641],[37.8731,48.36557],[37.87424,48.36646],[37.87535,48.36619],[37.8755,48.36588],[37.87478,48.36534],[37.8753,48.36503],[37.87619,48.3656],[37.8773,48.36529],[37.87749,48.36483]]]},"properties":{"firedate":"2026-09-26","area_ha":4.0,"country":"UA"}},{"type":"Feature","geometry":{"type":"Polygon","coordinates":[[[-8.00937,41.60811],[-8.00874,41.60745],[-8.00893,41.60689],[-8.00945,41.60699],[-8.00942,41.60564],[-8.00901,41.6051],[-8.01018,41.60449],[-8.01117,41.60502],[-8.01019,41.60625],[-8.0107,41.60627],[-8.01106,41.6073],[-8.01161,41.6072],[-8.01095,41.6081],[-8.00937,41.60811]]]},"properties":{"firedate":"2026-09-26","area_ha":6.0,"country":"PT"}},{"type":"Feature","geometry":{"type":"Polygon","coordinates":[[[-5.83178,42.99124],[-5.83361,42.99091],[-5.83359,42.99066],[-5.83299,42.99073],[-5.83424,42.99001],[-5.83433,42.99035],[-5.83386,42.99049],[-5.83549,42.99118],[-5.83602,42.99124],[-5.83615,42.99078],[-5.8363,42.99121],[-5.837,42.99134],[-5.83664,42.99166],[-5.83591,42.99144],[-5.83495,42.99177],[-5.83574,42.9926],[-5.83521,42.9928],[-5.83496,42.99249],[-5.83437,42.9931],[-5.83132,42.99188],[-5.83178,42.99124]]]},"properties":{"firedate":"2026-09-26","area_ha":7.0,"country":"ES"}},{"type":"Feature","geometry":{"type":"Polygon","coordinates":[[[14.10703,37.33377],[14.10678,37.33243],[14.10576,37.33208],[14.10363,37.33243],[14.10283,37.33421],[14.10348,37.3344],[14.10521,37.33371],[14.1067,37.33423],[14.10703,37.33377]]]},"properties":{"firedate":"2026-09-26","area_ha":7.0,"country":"IT"}},{"type":"Feature","geometry":{"type":"Polygon","coordinates":[[[4.12827,44.56882],[4.12678,44.5662],[4.12586,44.56576],[4.1249,44.56592],[4.12433,44.56708],[4.12331,44.56793],[4.12405,44.56896],[4.12738,44.56923],[4.12827,44.56882]]]},"properties":{"firedate":"2026-09-26","area_ha":10.0,"country":"FR"}},{"type":"Feature","geometry":{"type":"Polygon","coordinates":[[[13.90973,41.29145],[13.90966,41.29173],[13.90863,41.292],[13.90775,41.29153],[13.90719,41.29202],[13.9066,41.29142],[13.90635,41.29236],[13.90778,41.29365],[13.90939,41.2936],[13.90993,41.2941],[13.91163,41.29442],[13.91173,41.29384],[13.91067,41.29275],[13.91135,41.29227],[13.91122,41.29133],[13.91034,41.29115],[13.90962,41.28963],[13.90921,41.28983],[13.90912,41.291],[13.90973,41.29145]]]},"properties":{"firedate":"2026-09-26","area_ha":11.0,"country":"IT"}},{"type":"Feature","geometry":{"type":"Polygon","coordinates":[[[13.85612,41.14285],[13.85435,41.14307],[13.85627,41.14387],[13.85937,41.1445],[13.86009,41.14528],[13.8628,41.14498],[13.86224,41.14435],[13.86093,41.1441],[13.86048,41.14343],[13.85935,41.14355],[13.85853,41.14245],[13.85702,41.14199],[13.85658,41.1427],[13.85532,41.14161],[13.85458,41.14208],[13.85612,41.14285]]]},"properties":{"firedate":"2026-09-26","area_ha":11.0,"country":"IT"}},{"type":"Feature","geometry":{"type":"Polygon","coordinates":[[[14.09053,37.35038],[14.08997,37.34975],[14.08979,37.34831],[14.09027,37.34775],[14.08992,37.34705],[14.08851,37.34745],[14.08705,37.34665],[14.08588,37.34724],[14.08668,37.34828],[14.08691,37.34969],[14.08788,37.35105],[14.09053,37.35038]]]},"properties":{"firedate":"2026-09-26","area_ha":12.0,"country":"IT"}},{"type":"Feature","geometry":{"type":"Polygon","coordinates":[[[30.8599,51.49792],[30.86274,51.49852],[30.86442,51.49945],[30.86582,51.49924],[30.86694,51.49662],[30.86552,51.49619],[30.86192,51.49599],[30.85939,51.49686],[30.85943,51.49757],[30.8599,51.49792]]]},"properties":{"firedate":"2026-09-26","area_ha":14.0,"country":"UA"}},{"type":"Feature","geometry":{"type":"Polygon","coordinates":[[[4.47074,45.93271],[4.47312,45.9318],[4.4741,45.93087],[4.47557,45.93126],[4.47662,45.93027],[4.47699,45.92957],[4.47685,45.92907],[4.47503,45.93047],[4.47405,45.93065],[4.47447,45.92977],[4.47426,45.92877],[4.47587,45.9283],[4.47559,45.92887],[4.47587,45.92915],[4.47712,45.92848],[4.47942,45.92806],[4.47983,45.92651],[4.4794,45.92614],[4.47693,45.9259],[4.47548,45.92704],[4.47501,45.9269],[4.47484,45.92758],[4.47385,45.92804],[4.47348,45.92783],[4.4738,45.92887],[4.4725,45.92928],[4.47172,45.93096],[4.47192,45.93131],[4.47089,45.93175],[4.47074,45.93271]]]},"properties":{"firedate":"2026-09-26","area_ha":18.0,"country":"FR"}},{"type":"Feature","geometry":{"type":"Polygon","coordinates":[[[13.6997,37.46666],[13.69999,37.46627],[13.69573,37.46378],[13.69481,37.46378],[13.69269,37.46491],[13.69306,37.46728],[13.69164,37.46818],[13.693,37.46847],[13.69506,37.46757],[13.69561,37.46659],[13.69779,37.46696],[13.6997,37.46666]]]},"properties":{"firedate":"2026-09-26","area_ha":18.0,"country":"IT"}},{"type":"Feature","geometry":{"type":"Polygon","coordinates":[[[-5.81432,42.98517],[-5.8133,42.98514],[-5.81051,42.98294],[-5.80785,42.98225],[-5.80689,42.98094],[-5.80218,42.97821],[-5.8043,42.97852],[-5.80527,42.97909],[-5.80519,42.97971],[-5.80655,42.97895],[-5.8078,42.97921],[-5.80748,42.98017],[-5.80866,42.97928],[-5.81031,42.97904],[-5.81051,42.97954],[-5.80908,42.97987],[-5.81093,42.97975],[-5.81078,42.98023],[-5.80878,42.98044],[-5.80865,42.98099],[-5.81074,42.98054],[-5.81078,42.98083],[-5.8097,42.98121],[-5.81023,42.9815],[-5.811,42.98127],[-5.81143,42.98164],[-5.81063,42.98219],[-5.81343,42.98222],[-5.81208,42.98325],[-5.81247,42.98365],[-5.81269,42.98321],[-5.81328,42.98332],[-5.81367,42.98459],[-5.81432,42.98517]]]},"properties":{"firedate":"2026-09-26","area_ha":18.0,"country":"ES"}},{"type":"Feature","geometry":{"type":"Polygon","coordinates":[[[13.7811,37.77259],[13.78705,37.76951],[13.78707,37.76894],[13.78593,37.76823],[13.78506,37.76669],[13.78404,37.76666],[13.78128,37.76806],[13.77833,37.77061],[13.77782,37.77172],[13.77851,37.77227],[13.7811,37.77259]]]},"properties":{"firedate":"2026-09-26","area_ha":30.0,"country":"IT"}},{"type":"Feature","geometry":{"type":"Polygon","coordinates":[[[13.57354,37.51102],[13.57185,37.5121],[13.572,37.5125],[13.57483,37.51326],[13.574,37.51216],[13.5748,37.51186],[13.57503,37.51128],[13.57534,37.50951],[13.57499,37.50896],[13.57659,37.50867],[13.57699,37.50665],[13.57628,37.50634],[13.57394,37.5064],[13.5726,37.50587],[13.56848,37.50572],[13.56748,37.50804],[13.56812,37.51001],[13.56872,37.51025],[13.57203,37.50991],[13.57376,37.51008],[13.57354,37.51102]]]},"properties":{"firedate":"2026-09-26","area_ha":39.0,"country":"IT"}},{"type":"Feature","geometry":{"type":"Polygon","coordinates":[[[36.85897,48.39073],[36.8583,48.39252],[36.85645,48.39323],[36.85585,48.39315],[36.8556,48.39262],[36.85517,48.39269],[36.85448,48.39325],[36.85256,48.39379],[36.85216,48.39445],[36.8541,48.39578],[36.85423,48.3963],[36.8537,48.39682],[36.85448,48.39751],[36.85506,48.40011],[36.85707,48.40058],[36.85872,48.39901],[36.85818,48.39816],[36.86034,48.3986],[36.85991,48.39772],[36.86153,48.39659],[36.86174,48.39569],[36.86139,48.39454],[36.8618,48.39399],[36.86078,48.39243],[36.86041,48.39052],[36.85897,48.39073]]]},"properties":{"firedate":"2026-09-26","area_ha":44.0,"country":"UA"}},{"type":"Feature","geometry":{"type":"Polygon","coordinates":[[[-1.84545,43.07909],[-1.84367,43.07839],[-1.84372,43.07814],[-1.84503,43.07765],[-1.84498,43.07809],[-1.84689,43.07855],[-1.84692,43.07799],[-1.84745,43.07855],[-1.84545,43.07909]]]},"properties":{"firedate":"2026-09-27","area_ha":2.0,"country":"ES"}},{"type":"Feature","geometry":{"type":"Polygon","coordinates":[[[28.9628,45.22838],[28.96193,45.22829],[28.96117,45.22746],[28.96043,45.22873],[28.96229,45.22887],[28.9628,45.22838]]]},"properties":{"firedate":"2026-09-27","area_ha":2.0,"country":"RO"}},{"type":"Feature","geometry":{"type":"Polygon","coordinates":[[[6.51607,36.68948],[6.51648,36.68901],[6.51623,36.68875],[6.51438,36.68846],[6.51336,36.68934],[6.51381,36.68968],[6.51607,36.68948]]]},"properties":{"firedate":"2026-09-27","area_ha":3.0,"country":"DZ"}},{"type":"Feature","geometry":{"type":"Polygon","coordinates":[[[16.175,38.66577],[16.17704,38.6642],[16.17772,38.66401],[16.17762,38.66259],[16.17627,38.66344],[16.17612,38.66449],[16.1758,38.66439],[16.1757,38.6638],[16.17527,38.66389],[16.17515,38.66476],[16.17433,38.66547],[16.175,38.66577]]]},"properties":{"firedate":"2026-09-27","area_ha":4.0,"country":"IT"}},{"type":"Feature","geometry":{"type":"Polygon","coordinates":[[[-0.40136,42.94402],[-0.40143,42.94458],[-0.40274,42.94538],[-0.40215,42.9458],[-0.40361,42.94653],[-0.40232,42.94685],[-0.40393,42.94843],[-0.40467,42.94868],[-0.4046,42.94903],[-0.40398,42.94925],[-0.40239,42.94863],[-0.40179,42.94739],[-0.40057,42.94692],[-0.40082,42.94592],[-0.40117,42.94598],[-0.40149,42.94554],[-0.40063,42.94414],[-0.40136,42.94402]]]},"properties":{"firedate":"2026-09-27","area_ha":7.0,"country":"FR"}},{"type":"Feature","geometry":{"type":"Polygon","coordinates":[[[28.96159,45.21761],[28.9614,45.21728],[28.96015,45.21699],[28.95974,45.21613],[28.95891,45.21613],[28.95983,45.21824],[28.95898,45.21914],[28.95959,45.22093],[28.96001,45.22096],[28.96016,45.22051],[28.96125,45.22001],[28.96119,45.21793],[28.96159,45.21761]]]},"properties":{"firedate":"2026-09-27","area_ha":7.0,"country":"RO"}},{"type":"Feature","geometry":{"type":"Polygon","coordinates":[[[-5.43385,39.05022],[-5.43512,39.05043],[-5.43571,39.04974],[-5.436,39.05001],[-5.43637,39.04983],[-5.43643,39.05051],[-5.4373,39.05044],[-5.43793,39.05143],[-5.43943,39.05187],[-5.43866,39.05234],[-5.43666,39.05242],[-5.43289,39.05126],[-5.43402,39.05104],[-5.43385,39.05022]]]},"properties":{"firedate":"2026-09-27","area_ha":8.0,"country":"ES"}},{"type":"Feature","geometry":{"type":"Polygon","coordinates":[[[3.8669,36.74295],[3.86558,36.74197],[3.86475,36.74271],[3.86391,36.74277],[3.8633,36.74139],[3.86268,36.74087],[3.86183,36.74109],[3.86164,36.74145],[3.8617,36.74334],[3.86356,36.74463],[3.86624,36.74388],[3.86694,36.74337],[3.8669,36.74295]]]},"properties":{"firedate":"2026-09-27","area_ha":11.0,"country":"DZ"}},{"type":"Feature","geometry":{"type":"Polygon","coordinates":[[[5.22988,36.36215],[5.22847,36.36371],[5.22858,36.36444],[5.23026,36.36451],[5.23135,36.36408],[5.23273,36.36468],[5.23333,36.36424],[5.23447,36.36435],[5.2343,36.36521],[5.23621,36.36479],[5.23584,36.36411],[5.23476,36.36382],[5.23519,36.36332],[5.23446,36.36251],[5.22988,36.36215]]]},"properties":{"firedate":"2026-09-27","area_ha":14.0,"country":"DZ"}},{"type":"Feature","geometry":{"type":"Polygon","coordinates":[[[16.17738,38.65941],[16.17655,38.66048],[16.17618,38.66153],[16.17533,38.66139],[16.17543,38.66083],[16.17664,38.65936],[16.17937,38.65689],[16.17845,38.65732],[16.17755,38.6565],[16.17625,38.65706],[16.17709,38.65778],[16.17519,38.6593],[16.17476,38.66284],[16.1735,38.66342],[16.17221,38.66479],[16.17114,38.66479],[16.17134,38.66555],[16.17272,38.6669],[16.17371,38.66684],[16.17341,38.66654],[16.17365,38.66616],[16.1728,38.66542],[16.17305,38.66484],[16.17391,38.66434],[16.17744,38.66065],[16.17897,38.65823],[16.17855,38.65826],[16.17738,38.65941]]]},"properties":{"firedate":"2026-09-27","area_ha":14.0,"country":"IT"}},{"type":"Feature","geometry":{"type":"Polygon","coordinates":[[[9.05634,36.84048],[9.05698,36.84039],[9.05691,36.8399],[9.05281,36.83766],[9.05292,36.8369],[9.05405,36.83564],[9.05323,36.83455],[9.05168,36.83468],[9.04995,36.83632],[9.04755,36.83723],[9.04791,36.83789],[9.05058,36.83804],[9.05308,36.83941],[9.05634,36.84048]]]},"properties":{"firedate":"2026-09-27","area_ha":19.0,"country":"TN"}},{"type":"Feature","geometry":{"type":"Polygon","coordinates":[[[-4.66613,34.84077],[-4.66647,34.84185],[-4.66767,34.84191],[-4.66785,34.84225],[-4.66599,34.84331],[-4.66542,34.844],[-4.66439,34.84428],[-4.6628,34.84328],[-4.6612,34.84139],[-4.6608,34.84016],[-4.66159,34.83987],[-4.66279,34.84121],[-4.6649,34.84133],[-4.66531,34.84074],[-4.66482,34.83995],[-4.66276,34.83938],[-4.66273,34.83853],[-4.66362,34.83833],[-4.66696,34.84],[-4.66705,34.84048],[-4.66613,34.84077]]]},"properties":{"firedate":"2026-09-27","area_ha":20.0,"country":"MA"}},{"type":"Feature","geometry":{"type":"Polygon","coordinates":[[[22.66735,44.27772],[22.66712,44.27832],[22.66848,44.27851],[22.66903,44.27804],[22.66849,44.27745],[22.66853,44.27693],[22.66926,44.27608],[22.67216,44.27533],[22.67338,44.27429],[22.67278,44.27383],[22.67054,44.27476],[22.66828,44.27383],[22.66598,44.27384],[22.66536,44.27464],[22.66451,44.27358],[22.66045,44.27563],[22.66082,44.27592],[22.66037,44.27628],[22.66058,44.27673],[22.66144,44.27623],[22.66377,44.27586],[22.66543,44.27627],[22.66625,44.27712],[22.66612,44.27741],[22.66735,44.27772]]]},"properties":{"firedate":"2026-09-27","area_ha":24.0,"country":"RS"}},{"type":"Feature","geometry":{"type":"Polygon","coordinates":[[[30.02894,46.75897],[30.0298,46.75823],[30.02915,46.75696],[30.03054,46.75573],[30.03287,46.75501],[30.03385,46.75356],[30.03311,46.75227],[30.03319,46.75057],[30.03164,46.7505],[30.03003,46.75145],[30.02846,46.75356],[30.02785,46.75521],[30.02597,46.75628],[30.02533,46.75847],[30.02894,46.75897]]]},"properties":{"firedate":"2026-09-27","area_ha":28.0,"country":"UA"}},{"type":"Feature","geometry":{"type":"Polygon","coordinates":[[[28.94645,45.2241],[28.94716,45.22481],[28.94822,45.22458],[28.94732,45.22625],[28.94761,45.22658],[28.95054,45.22703],[28.95196,45.22763],[28.95425,45.22695],[28.95376,45.22595],[28.95245,45.22562],[28.95137,45.22473],[28.95295,45.22331],[28.95211,45.22277],[28.95111,45.22282],[28.9507,45.22182],[28.95137,45.22089],[28.9513,45.22044],[28.94816,45.22152],[28.94781,45.22044],[28.94703,45.22108],[28.94453,45.221],[28.94389,45.22192],[28.94439,45.22246],[28.94471,45.22415],[28.94645,45.2241]]]},"properties":{"firedate":"2026-09-27","area_ha":34.0,"country":"RO"}},{"type":"Feature","geometry":{"type":"Polygon","coordinates":[[[29.01752,45.20658],[29.01619,45.20606],[29.01515,45.20695],[29.01387,45.20704],[29.0135,45.20746],[29.01641,45.20738],[29.01923,45.20798],[29.02164,45.20681],[29.02228,45.20677],[29.02262,45.20711],[29.02254,45.20784],[29.02119,45.2084],[29.02177,45.20892],[29.02196,45.21051],[29.0201,45.21167],[29.01983,45.21232],[29.02004,45.21265],[29.02398,45.21183],[29.02689,45.21183],[29.02781,45.21109],[29.02556,45.21063],[29.0244,45.20952],[29.02498,45.20824],[29.02703,45.20704],[29.0272,45.20545],[29.02416,45.20495],[29.0227,45.20576],[29.02,45.20585],[29.01752,45.20658]]]},"properties":{"firedate":"2026-09-27","area_ha":35.0,"country":"RO"}},{"type":"Feature","geometry":{"type":"Polygon","coordinates":[[[-8.08045,41.6678],[-8.07227,41.66769],[-8.07036,41.66661],[-8.07026,41.6657],[-8.06915,41.66532],[-8.06869,41.66577],[-8.06588,41.66608],[-8.06451,41.66568],[-8.06449,41.66493],[-8.06355,41.66479],[-8.06277,41.66411],[-8.06437,41.66291],[-8.06765,41.6624],[-8.06912,41.66085],[-8.07082,41.66065],[-8.07123,41.66021],[-8.07222,41.65997],[-8.07351,41.66034],[-8.07486,41.66145],[-8.07548,41.66243],[-8.07683,41.66289],[-8.07685,41.66344],[-8.07773,41.6638],[-8.08363,41.66475],[-8.08416,41.66512],[-8.08587,41.66488],[-8.08533,41.6662],[-8.0827,41.668],[-8.08093,41.66807],[-8.08045,41.6678]]]},"properties":{"firedate":"2026-09-27","area_ha":87.0,"country":"PT"}},{"type":"Feature","geometry":{"type":"Polygon","coordinates":[[[32.42203,46.20753],[32.42536,46.19376],[32.42509,46.19283],[32.41825,46.19223],[32.4176,46.19291],[32.41482,46.20426],[32.41595,46.20434],[32.41722,46.20526],[32.41863,46.20568],[32.42203,46.20753]]]},"properties":{"firedate":"2026-09-27","area_ha":92.0,"country":"UA"}},{"type":"Feature","geometry":{"type":"Polygon","coordinates":[[[29.58057,45.46243],[29.57983,45.46052],[29.57737,45.45797],[29.57613,45.45603],[29.57135,45.45538],[29.56955,45.45459],[29.56748,45.4552],[29.56487,45.45306],[29.56094,45.45384],[29.56181,45.4556],[29.55807,45.45468],[29.55756,45.45494],[29.55806,45.45548],[29.56003,45.45612],[29.56129,45.45692],[29.56192,45.45784],[29.56503,45.45849],[29.56414,45.45961],[29.56447,45.45992],[29.56606,45.46007],[29.5638,45.46245],[29.56919,45.46466],[29.5723,45.4652],[29.5736,45.46585],[29.57685,45.46624],[29.57902,45.46777],[29.58431,45.46928],[29.58636,45.46893],[29.58911,45.47113],[29.58984,45.47071],[29.5879,45.46626],[29.58707,45.46587],[29.58581,45.46636],[29.58405,45.46545],[29.58448,45.46601],[29.58414,45.46608],[29.58057,45.46243]]]},"properties":{"firedate":"2026-09-27","area_ha":173.0,"country":"UA"}},{"type":"Feature","geometry":{"type":"Polygon","coordinates":[[[-5.09095,36.63821],[-5.09,36.63833],[-5.09072,36.63392],[-5.09305,36.63416],[-5.09417,36.63311],[-5.09801,36.63299],[-5.10045,36.63195],[-5.106,36.63239],[-5.10554,36.63315],[-5.10254,36.63303],[-5.10172,36.63382],[-5.10213,36.63429],[-5.10387,36.63366],[-5.10419,36.63471],[-5.10584,36.63498],[-5.10861,36.63337],[-5.11145,36.63321],[-5.11323,36.63346],[-5.11633,36.63538],[-5.11581,36.6367],[-5.11746,36.63871],[-5.11728,36.64084],[-5.11901,36.64181],[-5.11912,36.64297],[-5.11844,36.64292],[-5.11903,36.64441],[-5.11486,36.64379],[-5.11444,36.64456],[-5.11564,36.64487],[-5.1141,36.64607],[-5.11173,36.64575],[-5.11152,36.64671],[-5.10654,36.64761],[-5.10919,36.64819],[-5.11094,36.64703],[-5.11196,36.64726],[-5.1114,36.64838],[-5.10757,36.65078],[-5.10895,36.65123],[-5.11008,36.65422],[-5.1122,36.65498],[-5.11092,36.65616],[-5.11215,36.65566],[-5.11345,36.65685],[-5.11242,36.6587],[-5.11267,36.66016],[-5.11146,36.66138],[-5.11219,36.66199],[-5.11087,36.66246],[-5.11145,36.66307],[-5.10926,36.66337],[-5.1094,36.66393],[-5.10758,36.6646],[-5.10663,36.66604],[-5.10724,36.66637],[-5.10643,36.66669],[-5.10697,36.66758],[-5.10495,36.6693],[-5.10573,36.66973],[-5.10586,36.67096],[-5.10409,36.6715],[-5.10268,36.67014],[-5.10172,36.67091],[-5.1011,36.66807],[-5.10226,36.66835],[-5.10267,36.66786],[-5.10205,36.66711],[-5.10282,36.66663],[-5.10116,36.66637],[-5.10241,36.66285],[-5.09983,36.65998],[-5.1005,36.65875],[-5.10292,36.65792],[-5.10278,36.65738],[-5.10394,36.65666],[-5.10341,36.65599],[-5.10432,36.6565],[-5.10487,36.65578],[-5.1057,36.65611],[-5.10604,36.65584],[-5.10425,36.65472],[-5.10435,36.65418],[-5.10392,36.6545],[-5.10366,36.65314],[-5.10194,36.65173],[-5.10101,36.65191],[-5.10062,36.65116],[-5.09659,36.64984],[-5.09612,36.64897],[-5.0951,36.6489],[-5.09623,36.64939],[-5.09498,36.64952],[-5.09291,36.64843],[-5.0878,36.64818],[-5.08797,36.64692],[-5.08709,36.64602],[-5.08818,36.64263],[-5.09071,36.64106],[-5.09074,36.63993],[-5.09138,36.63952],[-5.09095,36.63821]],[[-5.09612,36.64618],[-5.09549,36.64464],[-5.09479,36.64498],[-5.09559,36.64581],[-5.09393,36.64547],[-5.09548,36.64697],[-5.09808,36.6474],[-5.09691,36.64646],[-5.09724,36.64594],[-5.09612,36.64618]],[[-5.10049,36.64707],[-5.10494,36.64708],[-5.10325,36.6464],[-5.10617,36.6463],[-5.10432,36.64551],[-5.10654,36.64482],[-5.10441,36.64465],[-5.10126,36.64565],[-5.10034,36.64524],[-5.1009,36.64584],[-5.1003,36.64595],[-5.10049,36.64707]],[[-5.09894,36.64875],[-5.10156,36.64952],[-5.10383,36.64852],[-5.10459,36.64884],[-5.1062,36.64766],[-5.10175,36.64752],[-5.10133,36.64821],[-5.09894,36.64875]],[[-5.09302,36.64425],[-5.09424,36.64452],[-5.09785,36.64379],[-5.09639,36.64383],[-5.09574,36.64259],[-5.09422,36.64337],[-5.0941,36.64277],[-5.09302,36.64425]],[[-5.09314,36.64548],[-5.09175,36.64467],[-5.09038,36.64663],[-5.09164,36.64559],[-5.09314,36.64548]],[[-5.10903,36.6582],[-5.1093,36.65678],[-5.1102,36.6563],[-5.10853,36.6564],[-5.1074,36.65822],[-5.10775,36.659],[-5.10903,36.6582]],[[-5.10586,36.66414],[-5.10498,36.66184],[-5.10334,36.66227],[-5.10448,36.664],[-5.10586,36.66414]]]},"properties":{"firedate":"2026-09-27","area_ha":542.0,"country":"ES"}},{"type":"Feature","geometry":{"type":"Polygon","coordinates":[[[9.82442,53.12058],[9.82452,53.12026],[9.82414,53.12011],[9.82336,53.12069],[9.82442,53.12058]]]},"properties":{"firedate":"2026-09-28","area_ha":0.0,"country":"DE"}},{"type":"Feature","geometry":{"type":"Polygon","coordinates":[[[9.75444,52.80495],[9.75408,52.80442],[9.75336,52.80458],[9.75374,52.80494],[9.75444,52.80495]]]},"properties":{"firedate":"2026-09-28","area_ha":0.0,"country":"DE"}},{"type":"Feature","geometry":{"type":"Polygon","coordinates":[[[9.75142,52.8043],[9.75249,52.80431],[9.75205,52.80392],[9.75126,52.80394],[9.75142,52.8043]]]},"properties":{"firedate":"2026-09-28","area_ha":0.0,"country":"DE"}},{"type":"Feature","geometry":{"type":"Polygon","coordinates":[[[9.74794,52.80568],[9.74721,52.80546],[9.74687,52.80553],[9.74765,52.80585],[9.74794,52.80568]]]},"properties":{"firedate":"2026-09-28","area_ha":0.0,"country":"DE"}},{"type":"Feature","geometry":{"type":"Polygon","coordinates":[[[9.74656,52.80523],[9.74651,52.80496],[9.74561,52.80515],[9.74587,52.80533],[9.74656,52.80523]]]},"properties":{"firedate":"2026-09-28","area_ha":0.0,"country":"DE"}},{"type":"Feature","geometry":{"type":"Polygon","coordinates":[[[9.73368,52.80158],[9.73232,52.80131],[9.7328,52.80163],[9.73368,52.80158]]]},"properties":{"firedate":"2026-09-28","area_ha":0.0,"country":"DE"}},{"type":"Feature","geometry":{"type":"Polygon","coordinates":[[[-4.24457,43.03719],[-4.24462,43.03645],[-4.24558,43.037],[-4.24457,43.03719]]]},"properties":{"firedate":"2026-09-28","area_ha":0.0,"country":"ES"}},{"type":"Feature","geometry":{"type":"Polygon","coordinates":[[[-4.24145,43.03908],[-4.24144,43.03872],[-4.24189,43.03862],[-4.24217,43.03915],[-4.24145,43.03908]]]},"properties":{"firedate":"2026-09-28","area_ha":0.0,"country":"ES"}},{"type":"Feature","geometry":{"type":"Polygon","coordinates":[[[19.68316,40.29845],[19.68293,40.29801],[19.68201,40.29799],[19.68278,40.2986],[19.68316,40.29845]]]},"properties":{"firedate":"2026-09-28","area_ha":0.0,"country":"AL"}},{"type":"Feature","geometry":{"type":"Polygon","coordinates":[[[19.73023,40.25094],[19.72984,40.25066],[19.72821,40.25121],[19.72894,40.2514],[19.73023,40.25094]]]},"properties":{"firedate":"2026-09-28","area_ha":1.0,"country":"AL"}},{"type":"Feature","geometry":{"type":"Polygon","coordinates":[[[19.72765,40.24954],[19.72851,40.24834],[19.7283,40.24789],[19.72713,40.2493],[19.72765,40.24954]]]},"properties":{"firedate":"2026-09-28","area_ha":1.0,"country":"AL"}},{"type":"Feature","geometry":{"type":"Polygon","coordinates":[[[9.45115,37.15596],[9.45126,37.15553],[9.45068,37.1557],[9.45058,37.155],[9.45006,37.15495],[9.45022,37.15658],[9.45115,37.15596]]]},"properties":{"firedate":"2026-09-28","area_ha":1.0,"country":"TN"}},{"type":"Feature","geometry":{"type":"Polygon","coordinates":[[[9.46101,37.15421],[9.46056,37.15348],[9.45988,37.1535],[9.46033,37.15428],[9.46101,37.15421]]]},"properties":{"firedate":"2026-09-28","area_ha":1.0,"country":"TN"}},{"type":"Feature","geometry":{"type":"Polygon","coordinates":[[[18.24255,42.85344],[18.24186,42.85265],[18.24112,42.85269],[18.24182,42.85396],[18.24213,42.85403],[18.24255,42.85344]]]},"properties":{"firedate":"2026-09-28","area_ha":1.0,"country":"BA"}},{"type":"Feature","geometry":{"type":"Polygon","coordinates":[[[9.53576,37.25065],[9.53558,37.25031],[9.53453,37.25022],[9.53371,37.25063],[9.53408,37.25089],[9.53576,37.25065]]]},"properties":{"firedate":"2026-09-28","area_ha":1.0,"country":"TN"}},{"type":"Feature","geometry":{"type":"Polygon","coordinates":[[[9.82796,53.12238],[9.82689,53.12071],[9.82636,53.12073],[9.82675,53.12201],[9.82751,53.12257],[9.82796,53.12238]]]},"properties":{"firedate":"2026-09-28","area_ha":1.0,"country":"DE"}},{"type":"Feature","geometry":{"type":"Polygon","coordinates":[[[9.82305,53.12355],[9.82277,53.12252],[9.82245,53.12251],[9.82161,53.12339],[9.82305,53.12355]]]},"properties":{"firedate":"2026-09-28","area_ha":1.0,"country":"DE"}},{"type":"Feature","geometry":{"type":"Polygon","coordinates":[[[9.82258,53.12104],[9.82242,53.12059],[9.82135,53.12095],[9.82176,53.12159],[9.82258,53.12104]]]},"properties":{"firedate":"2026-09-28","area_ha":1.0,"country":"DE"}},{"type":"Feature","geometry":{"type":"Polygon","coordinates":[[[9.73278,52.80463],[9.73212,52.80432],[9.7312,52.80501],[9.73206,52.8052],[9.73278,52.80463]]]},"properties":{"firedate":"2026-09-28","area_ha":1.0,"country":"DE"}},{"type":"Feature","geometry":{"type":"Polygon","coordinates":[[[29.01756,45.20937],[29.01728,45.20887],[29.01644,45.21014],[29.01708,45.21025],[29.01756,45.20937]]]},"properties":{"firedate":"2026-09-28","area_ha":1.0,"country":"RO"}},{"type":"Feature","geometry":{"type":"Polygon","coordinates":[[[9.57963,37.25937],[9.57991,37.25873],[9.57926,37.25821],[9.57865,37.25835],[9.57886,37.25872],[9.5786,37.25895],[9.57924,37.25918],[9.57843,37.26005],[9.57963,37.25937]]]},"properties":{"firedate":"2026-09-28","area_ha":1.0,"country":"TN"}},{"type":"Feature","geometry":{"type":"Polygon","coordinates":[[[21.52756,42.57916],[21.52725,42.57847],[21.52624,42.57871],[21.5266,42.57961],[21.52734,42.5796],[21.52756,42.57916]]]},"properties":{"firedate":"2026-09-28","area_ha":1.0,"country":"KS"}},{"type":"Feature","geometry":{"type":"Polygon","coordinates":[[[21.52552,42.58027],[21.5251,42.57899],[21.52451,42.57894],[21.52455,42.57954],[21.52552,42.58027]]]},"properties":{"firedate":"2026-09-28","area_ha":1.0,"country":"KS"}},{"type":"Feature","geometry":{"type":"Polygon","coordinates":[[[13.38407,37.48866],[13.38383,37.4882],[13.38336,37.48812],[13.38208,37.48919],[13.38297,37.48934],[13.38407,37.48866]]]},"properties":{"firedate":"2026-09-28","area_ha":2.0,"country":"IT"}},{"type":"Feature","geometry":{"type":"Polygon","coordinates":[[[9.57744,37.25908],[9.57541,37.25944],[9.57485,37.26007],[9.57556,37.25983],[9.57782,37.26035],[9.57795,37.2598],[9.57744,37.25908]]]},"properties":{"firedate":"2026-09-28","area_ha":2.0,"country":"TN"}},{"type":"Feature","geometry":{"type":"Polygon","coordinates":[[[-4.24784,43.04295],[-4.24713,43.04313],[-4.24693,43.0426],[-4.246,43.04248],[-4.24815,43.04227],[-4.24914,43.04304],[-4.24817,43.04346],[-4.24784,43.04295]]]},"properties":{"firedate":"2026-09-28","area_ha":2.0,"country":"ES"}},{"type":"Feature","geometry":{"type":"Polygon","coordinates":[[[-4.24591,43.03519],[-4.24553,43.03537],[-4.2451,43.03495],[-4.24572,43.03481],[-4.24546,43.03375],[-4.245,43.03353],[-4.24611,43.03367],[-4.24608,43.03415],[-4.24706,43.03547],[-4.24635,43.03564],[-4.24591,43.03519]]]},"properties":{"firedate":"2026-09-28","area_ha":2.0,"country":"ES"}},{"type":"Feature","geometry":{"type":"Polygon","coordinates":[[[19.68462,40.29754],[19.6851,40.29627],[19.68461,40.2961],[19.68278,40.2966],[19.68321,40.29713],[19.68462,40.29754]]]},"properties":{"firedate":"2026-09-28","area_ha":2.0,"country":"AL"}},{"type":"Feature","geometry":{"type":"Polygon","coordinates":[[[19.72701,40.28264],[19.7253,40.28257],[19.72603,40.28339],[19.72613,40.2842],[19.72695,40.28366],[19.72667,40.28307],[19.72701,40.28264]]]},"properties":{"firedate":"2026-09-28","area_ha":2.0,"country":"AL"}},{"type":"Feature","geometry":{"type":"Polygon","coordinates":[[[14.81876,38.00969],[14.81716,38.01079],[14.81911,38.01205],[14.81898,38.0112],[14.81975,38.00993],[14.81876,38.00969]]]},"properties":{"firedate":"2026-09-28","area_ha":3.0,"country":"IT"}},{"type":"Feature","geometry":{"type":"Polygon","coordinates":[[[9.65222,37.30733],[9.65149,37.30526],[9.65059,37.30487],[9.65061,37.30614],[9.65134,37.30731],[9.65222,37.30733]]]},"properties":{"firedate":"2026-09-28","area_ha":3.0,"country":"TN"}},{"type":"Feature","geometry":{"type":"Polygon","coordinates":[[[22.7275,44.51575],[22.72711,44.51548],[22.72524,44.51559],[22.72478,44.51595],[22.72531,44.5168],[22.72695,44.5171],[22.72727,44.51699],[22.72713,44.5165],[22.7275,44.51575]]]},"properties":{"firedate":"2026-09-28","area_ha":3.0,"country":"RO"}},{"type":"Feature","geometry":{"type":"Polygon","coordinates":[[[-4.25119,43.03688],[-4.25098,43.03603],[-4.2503,43.03583],[-4.25047,43.03548],[-4.25148,43.03449],[-4.25182,43.03498],[-4.25267,43.03475],[-4.25207,43.03532],[-4.25264,43.03627],[-4.25119,43.03688]]]},"properties":{"firedate":"2026-09-28","area_ha":3.0,"country":"ES"}},{"type":"Feature","geometry":{"type":"Polygon","coordinates":[[[30.5427,46.3285],[30.54434,46.32732],[30.54423,46.32694],[30.54272,46.32652],[30.54234,46.32674],[30.54224,46.32747],[30.5418,46.32761],[30.5427,46.3285]]]},"properties":{"firedate":"2026-09-28","area_ha":3.0,"country":"UA"}},{"type":"Feature","geometry":{"type":"Polygon","coordinates":[[[21.53028,42.58037],[21.53012,42.57987],[21.5288,42.58017],[21.52814,42.58061],[21.52811,42.58125],[21.5276,42.58143],[21.5272,42.58134],[21.5273,42.58061],[21.52696,42.58053],[21.52677,42.58152],[21.52811,42.58174],[21.53028,42.58037]]]},"properties":{"firedate":"2026-09-28","area_ha":3.0,"country":"KS"}},{"type":"Feature","geometry":{"type":"Polygon","coordinates":[[[14.8201,38.00919],[14.82196,38.00961],[14.82289,38.01051],[14.82455,38.00962],[14.82422,38.00872],[14.82272,38.00836],[14.82189,38.0086],[14.82305,38.00872],[14.82305,38.0091],[14.8201,38.00919]]]},"properties":{"firedate":"2026-09-28","area_ha":4.0,"country":"IT"}},{"type":"Feature","geometry":{"type":"Polygon","coordinates":[[[37.39467,48.03844],[37.39536,48.0374],[37.39666,48.037],[37.3964,48.03616],[37.39511,48.03604],[37.39384,48.03656],[37.39368,48.03714],[37.39426,48.03745],[37.3933,48.03869],[37.39371,48.03887],[37.39467,48.03844]]]},"properties":{"firedate":"2026-09-28","area_ha":4.0,"country":"UA"}},{"type":"Feature","geometry":{"type":"Polygon","coordinates":[[[29.01134,45.21415],[29.01396,45.21429],[29.014,45.21463],[29.01527,45.21475],[29.01565,45.21447],[29.01516,45.21371],[29.01437,45.21427],[29.01396,45.21391],[29.01178,45.21367],[29.01047,45.21199],[29.00968,45.21198],[29.00941,45.2131],[29.00977,45.21367],[29.01134,45.21415]]]},"properties":{"firedate":"2026-09-28","area_ha":4.0,"country":"RO"}},{"type":"Feature","geometry":{"type":"Polygon","coordinates":[[[15.48699,41.8241],[15.48838,41.82373],[15.48729,41.82256],[15.48759,41.82191],[15.48729,41.82149],[15.4863,41.82105],[15.48598,41.82197],[15.48505,41.82187],[15.48568,41.82315],[15.48699,41.8241]]]},"properties":{"firedate":"2026-09-28","area_ha":5.0,"country":"IT"}},{"type":"Feature","geometry":{"type":"Polygon","coordinates":[[[13.38917,37.48951],[13.38719,37.48841],[13.3862,37.48851],[13.38589,37.48915],[13.38632,37.49055],[13.38698,37.49093],[13.38797,37.49074],[13.38837,37.48953],[13.38965,37.49076],[13.38917,37.48951]]]},"properties":{"firedate":"2026-09-28","area_ha":6.0,"country":"IT"}},{"type":"Feature","geometry":{"type":"Polygon","coordinates":[[[21.39248,45.0833],[21.3939,45.08182],[21.39443,45.08222],[21.39489,45.08206],[21.39526,45.08013],[21.39479,45.07947],[21.39368,45.07951],[21.39358,45.08065],[21.39158,45.08291],[21.39248,45.0833]]]},"properties":{"firedate":"2026-09-28","area_ha":6.0,"country":"RS"}},{"type":"Feature","geometry":{"type":"Polygon","coordinates":[[[-4.23836,43.04186],[-4.23791,43.04065],[-4.23928,43.03994],[-4.24101,43.04004],[-4.24097,43.0406],[-4.24147,43.04066],[-4.24232,43.04149],[-4.24321,43.04164],[-4.24293,43.04194],[-4.23958,43.04217],[-4.2401,43.04164],[-4.23956,43.04107],[-4.23998,43.04033],[-4.23941,43.04067],[-4.23915,43.04203],[-4.23836,43.04186]]]},"properties":{"firedate":"2026-09-28","area_ha":6.0,"country":"ES"}},{"type":"Feature","geometry":{"type":"Polygon","coordinates":[[[19.74762,40.28355],[19.74789,40.28302],[19.74755,40.28264],[19.74658,40.28251],[19.74444,40.28345],[19.74394,40.28459],[19.74221,40.28436],[19.74079,40.28515],[19.74394,40.28514],[19.74762,40.28355]]]},"properties":{"firedate":"2026-09-28","area_ha":7.0,"country":"AL"}},{"type":"Feature","geometry":{"type":"Polygon","coordinates":[[[19.61893,41.34225],[19.61674,41.34003],[19.61457,41.34277],[19.61651,41.34355],[19.61856,41.34289],[19.61893,41.34225]]]},"properties":{"firedate":"2026-09-28","area_ha":8.0,"country":"AL"}},{"type":"Feature","geometry":{"type":"Polygon","coordinates":[[[-8.07599,41.56536],[-8.07658,41.56515],[-8.07693,41.5645],[-8.07604,41.56411],[-8.07616,41.56373],[-8.07871,41.56383],[-8.07885,41.56417],[-8.07997,41.56388],[-8.08079,41.56442],[-8.08045,41.56506],[-8.08085,41.56518],[-8.08068,41.56546],[-8.0795,41.56588],[-8.07846,41.56581],[-8.07822,41.56676],[-8.07906,41.56648],[-8.07907,41.56693],[-8.07942,41.56709],[-8.07907,41.56731],[-8.07822,41.56705],[-8.07715,41.56517],[-8.07645,41.56553],[-8.07599,41.56536]]]},"properties":{"firedate":"2026-09-28","area_ha":8.0,"country":"PT"}},{"type":"Feature","geometry":{"type":"Polygon","coordinates":[[[10.08961,52.92864],[10.09221,52.92869],[10.09273,52.92829],[10.0927,52.92778],[10.09241,52.92635],[10.09102,52.92534],[10.09045,52.92445],[10.08976,52.92428],[10.08905,52.92582],[10.08752,52.9266],[10.08949,52.92767],[10.08961,52.92864]]]},"properties":{"firedate":"2026-09-28","area_ha":9.0,"country":"DE"}},{"type":"Feature","geometry":{"type":"Polygon","coordinates":[[[13.38703,37.37692],[13.38727,37.37564],[13.3883,37.37547],[13.38843,37.37492],[13.38621,37.37418],[13.38549,37.37424],[13.38488,37.37528],[13.38371,37.3751],[13.3828,37.37575],[13.38318,37.37635],[13.38481,37.37631],[13.386,37.37683],[13.38703,37.37692]]]},"properties":{"firedate":"2026-09-28","area_ha":9.0,"country":"IT"}},{"type":"Feature","geometry":{"type":"Polygon","coordinates":[[[9.74712,52.80697],[9.74708,52.808],[9.74781,52.8086],[9.75226,52.80917],[9.75322,52.80884],[9.75518,52.80734],[9.75468,52.80699],[9.75144,52.80638],[9.75125,52.80667],[9.75172,52.80699],[9.75397,52.80713],[9.75137,52.80769],[9.74991,52.80697],[9.74712,52.80697]]]},"properties":{"firedate":"2026-09-28","area_ha":10.0,"country":"DE"}},{"type":"Feature","geometry":{"type":"Polygon","coordinates":[[[18.45978,40.08074],[18.45984,40.07916],[18.45941,40.07851],[18.4571,40.07892],[18.45619,40.07978],[18.45568,40.0818],[18.45585,40.08231],[18.45692,40.08241],[18.45792,40.08157],[18.45978,40.08074]]]},"properties":{"firedate":"2026-09-28","area_ha":10.0,"country":"IT"}},{"type":"Feature","geometry":{"type":"Polygon","coordinates":[[[-4.13683,43.03953],[-4.1372,43.03885],[-4.1364,43.03852],[-4.1365,43.03795],[-4.13568,43.03864],[-4.13467,43.03854],[-4.13538,43.03696],[-4.13491,43.03552],[-4.13539,43.03469],[-4.13507,43.0343],[-4.13542,43.0342],[-4.1348,43.03395],[-4.13482,43.03357],[-4.13549,43.0341],[-4.13599,43.03534],[-4.13771,43.03625],[-4.13758,43.03656],[-4.13708,43.0364],[-4.13875,43.03716],[-4.13753,43.03741],[-4.13665,43.03656],[-4.1367,43.03722],[-4.13571,43.03749],[-4.1395,43.03792],[-4.13915,43.03831],[-4.1397,43.03885],[-4.13944,43.03921],[-4.13808,43.03961],[-4.13683,43.03953]]]},"properties":{"firedate":"2026-09-28","area_ha":10.0,"country":"ES"}},{"type":"Feature","geometry":{"type":"Polygon","coordinates":[[[9.45481,37.15241],[9.45358,37.15287],[9.45406,37.15463],[9.45509,37.15435],[9.45635,37.15481],[9.45705,37.15454],[9.45949,37.15227],[9.45891,37.15195],[9.45667,37.1533],[9.45568,37.15327],[9.45608,37.15252],[9.45826,37.15154],[9.4581,37.15119],[9.4566,37.15094],[9.45481,37.15241]]]},"properties":{"firedate":"2026-09-28","area_ha":11.0,"country":"TN"}},{"type":"Feature","geometry":{"type":"Polygon","coordinates":[[[6.9632,36.58189],[6.96345,36.58144],[6.96226,36.5803],[6.9646,36.57872],[6.96472,36.57997],[6.96514,36.57983],[6.96482,36.58095],[6.96556,36.5821],[6.96729,36.58162],[6.96725,36.58073],[6.96651,36.58056],[6.96573,36.57985],[6.96614,36.57847],[6.96525,36.57837],[6.96504,36.57791],[6.96439,36.57796],[6.96435,36.57835],[6.96311,36.57819],[6.96242,36.57878],[6.96252,36.57926],[6.96177,36.58021],[6.96074,36.58043],[6.96123,36.58069],[6.96091,36.5812],[6.96117,36.58178],[6.9632,36.58189]]]},"properties":{"firedate":"2026-09-28","area_ha":11.0,"country":"DZ"}},{"type":"Feature","geometry":{"type":"Polygon","coordinates":[[[18.6377,42.89928],[18.63972,42.8967],[18.63889,42.89577],[18.639,42.8951],[18.63845,42.89486],[18.63404,42.89829],[18.63379,42.89907],[18.63462,42.89931],[18.63618,42.8988],[18.6377,42.89928]]]},"properties":{"firedate":"2026-09-28","area_ha":12.0,"country":"ME"}},{"type":"Feature","geometry":{"type":"Polygon","coordinates":[[[5.98948,36.7969],[5.99149,36.79508],[5.99123,36.79491],[5.98977,36.79475],[5.98826,36.79538],[5.98708,36.79542],[5.98584,36.79653],[5.98563,36.79721],[5.98733,36.79941],[5.98837,36.79872],[5.98948,36.7969]]]},"properties":{"firedate":"2026-09-28","area_ha":13.0,"country":"DZ"}},{"type":"Feature","geometry":{"type":"Polygon","coordinates":[[[-4.07523,40.14584],[-4.07517,40.14502],[-4.07568,40.14505],[-4.07656,40.14599],[-4.07695,40.14574],[-4.077,40.14516],[-4.07553,40.14416],[-4.07486,40.14196],[-4.07516,40.14082],[-4.07457,40.13998],[-4.07456,40.13903],[-4.07419,40.13879],[-4.0747,40.13866],[-4.0745,40.13832],[-4.07537,40.13862],[-4.07589,40.1395],[-4.07665,40.13989],[-4.07691,40.14082],[-4.07669,40.14177],[-4.07739,40.14322],[-4.07859,40.14324],[-4.07754,40.14376],[-4.0798,40.14451],[-4.07882,40.14563],[-4.07764,40.14436],[-4.07786,40.14509],[-4.07742,40.14593],[-4.07678,40.14629],[-4.07582,40.14604],[-4.07596,40.14575],[-4.07523,40.14584]]]},"properties":{"firedate":"2026-09-28","area_ha":14.0,"country":"ES"}},{"type":"Feature","geometry":{"type":"Polygon","coordinates":[[[19.84932,47.34075],[19.85294,47.34114],[19.85299,47.34159],[19.85222,47.34244],[19.85282,47.34305],[19.85556,47.34236],[19.85613,47.34127],[19.85614,47.34092],[19.85547,47.34078],[19.85386,47.34134],[19.85018,47.33928],[19.8464,47.33852],[19.84516,47.33777],[19.84434,47.33799],[19.84441,47.33864],[19.84506,47.33913],[19.84932,47.34075]]]},"properties":{"firedate":"2026-09-28","area_ha":14.0,"country":"HU"}},{"type":"Feature","geometry":{"type":"Polygon","coordinates":[[[23.05277,44.76063],[23.05316,44.76194],[23.05241,44.76265],[23.05252,44.76297],[23.05301,44.76298],[23.05429,44.76197],[23.05514,44.76239],[23.05644,44.76196],[23.05749,44.76101],[23.05896,44.76114],[23.06095,44.75934],[23.05983,44.75907],[23.05924,44.75839],[23.05868,44.75962],[23.05813,44.75999],[23.05568,44.75995],[23.05327,44.75902],[23.05302,44.75967],[23.05157,44.75987],[23.05277,44.76063]]]},"properties":{"firedate":"2026-09-28","area_ha":15.0,"country":"RO"}},{"type":"Feature","geometry":{"type":"Polygon","coordinates":[[[9.43603,37.09757],[9.43748,37.09658],[9.43736,37.09619],[9.43804,37.09534],[9.4379,37.09476],[9.43716,37.09465],[9.43639,37.09545],[9.43582,37.09459],[9.43543,37.09521],[9.43591,37.09517],[9.436,37.09574],[9.43564,37.09628],[9.43516,37.09634],[9.43469,37.09565],[9.435,37.09517],[9.43433,37.09508],[9.43385,37.09557],[9.43428,37.09571],[9.4343,37.0961],[9.43347,37.09771],[9.43314,37.09755],[9.4331,37.09656],[9.43166,37.0967],[9.4315,37.09631],[9.42989,37.09683],[9.42889,37.09659],[9.42906,37.09698],[9.42867,37.09725],[9.42945,37.0979],[9.43001,37.09724],[9.43099,37.09728],[9.43072,37.09783],[9.43024,37.09779],[9.42995,37.09815],[9.43057,37.09866],[9.43122,37.09795],[9.43306,37.09798],[9.43131,37.09904],[9.43067,37.09888],[9.43028,37.09962],[9.43047,37.09995],[9.43133,37.09925],[9.43296,37.0988],[9.43265,37.09946],[9.43327,37.09962],[9.43322,37.09903],[9.4339,37.09818],[9.43486,37.09774],[9.43579,37.09835],[9.43603,37.09757]]]},"properties":{"firedate":"2026-09-28","area_ha":16.0,"country":"TN"}},{"type":"Feature","geometry":{"type":"Polygon","coordinates":[[[23.06951,44.76547],[23.06858,44.76642],[23.06952,44.76748],[23.06873,44.7678],[23.06854,44.76835],[23.06932,44.76952],[23.07037,44.76924],[23.07034,44.76992],[23.07238,44.77043],[23.07223,44.76867],[23.0711,44.76789],[23.07066,44.76708],[23.07083,44.76561],[23.07275,44.76436],[23.07134,44.7635],[23.07247,44.76321],[23.07239,44.76279],[23.06775,44.7627],[23.06832,44.76357],[23.06949,44.7641],[23.0687,44.76461],[23.06951,44.76547]]]},"properties":{"firedate":"2026-09-28","area_ha":18.0,"country":"RO"}},{"type":"Feature","geometry":{"type":"Polygon","coordinates":[[[40.5385,39.15495],[40.53803,39.15175],[40.53742,39.15121],[40.53758,39.1507],[40.53561,39.14951],[40.53444,39.15127],[40.53453,39.15306],[40.53378,39.15374],[40.53375,39.15452],[40.53544,39.15566],[40.5385,39.15495]]]},"properties":{"firedate":"2026-09-28","area_ha":19.0,"country":"TR"}},{"type":"Feature","geometry":{"type":"Polygon","coordinates":[[[13.37222,37.49138],[13.37161,37.4917],[13.37161,37.49213],[13.37287,37.49325],[13.37338,37.49322],[13.37417,37.49213],[13.37628,37.49125],[13.37593,37.48946],[13.37731,37.48907],[13.37747,37.48851],[13.37371,37.48851],[13.37264,37.4888],[13.37079,37.48811],[13.37007,37.48828],[13.36975,37.48961],[13.3711,37.49005],[13.37162,37.49088],[13.37229,37.49088],[13.37222,37.49138]]]},"properties":{"firedate":"2026-09-28","area_ha":20.0,"country":"IT"}},{"type":"Feature","geometry":{"type":"Polygon","coordinates":[[[23.08368,44.81903],[23.08454,44.82039],[23.08371,44.82094],[23.08417,44.82221],[23.08306,44.8224],[23.08298,44.82267],[23.08505,44.82257],[23.08594,44.82328],[23.08631,44.8239],[23.08616,44.82439],[23.08709,44.82574],[23.08923,44.8265],[23.08903,44.82521],[23.08826,44.82482],[23.08833,44.82394],[23.08745,44.82359],[23.08775,44.823],[23.08893,44.82222],[23.08826,44.8216],[23.08779,44.82026],[23.08838,44.81932],[23.08745,44.81965],[23.08639,44.81935],[23.0858,44.81793],[23.08491,44.81814],[23.08341,44.81766],[23.08323,44.818],[23.08448,44.81882],[23.08368,44.81903]]]},"properties":{"firedate":"2026-09-28","area_ha":22.0,"country":"RO"}},{"type":"Feature","geometry":{"type":"Polygon","coordinates":[[[23.04843,44.79081],[23.0494,44.79245],[23.04931,44.79381],[23.04867,44.79254],[23.04733,44.79175],[23.04685,44.79183],[23.04774,44.79275],[23.04816,44.79418],[23.04865,44.79446],[23.04988,44.79434],[23.05142,44.79308],[23.05344,44.79368],[23.0545,44.79343],[23.05543,44.79376],[23.05567,44.79091],[23.05662,44.79053],[23.05387,44.78972],[23.05308,44.79],[23.05233,44.78978],[23.05134,44.79025],[23.0498,44.78957],[23.05004,44.79088],[23.05114,44.79208],[23.0507,44.79215],[23.0501,44.79127],[23.04906,44.79065],[23.04843,44.79081]]]},"properties":{"firedate":"2026-09-28","area_ha":23.0,"country":"RO"}},{"type":"Feature","geometry":{"type":"Polygon","coordinates":[[[16.54116,40.87162],[16.54154,40.87065],[16.54076,40.86973],[16.54095,40.86843],[16.5404,40.86739],[16.54013,40.8654],[16.53779,40.86454],[16.53517,40.86434],[16.53474,40.86459],[16.53513,40.86582],[16.53425,40.86666],[16.53429,40.86748],[16.53824,40.86811],[16.53873,40.86865],[16.53952,40.87124],[16.54116,40.87162]]]},"properties":{"firedate":"2026-09-28","area_ha":24.0,"country":"IT"}},{"type":"Feature","geometry":{"type":"Polygon","coordinates":[[[15.55595,41.08446],[15.55663,41.08531],[15.55661,41.08639],[15.5555,41.08598],[15.55501,41.08484],[15.55421,41.08435],[15.55499,41.08328],[15.55469,41.08285],[15.55369,41.08216],[15.5516,41.08204],[15.55084,41.08144],[15.55106,41.08243],[15.5527,41.08347],[15.55342,41.085],[15.55559,41.08676],[15.55673,41.08696],[15.55762,41.08756],[15.55891,41.08881],[15.55908,41.08932],[15.55824,41.09033],[15.55819,41.09109],[15.55958,41.09212],[15.56101,41.09173],[15.5627,41.09215],[15.5637,41.09091],[15.56165,41.09008],[15.5603,41.08852],[15.55885,41.08777],[15.55857,41.08647],[15.55677,41.08394],[15.55607,41.08392],[15.55595,41.08446]]]},"properties":{"firedate":"2026-09-28","area_ha":26.0,"country":"IT"}},{"type":"Feature","geometry":{"type":"Polygon","coordinates":[[[14.12545,37.1515],[14.12554,37.15242],[14.12509,37.15344],[14.12554,37.15386],[14.12618,37.15272],[14.1267,37.15283],[14.12733,37.156],[14.12882,37.15708],[14.12964,37.15874],[14.12972,37.16008],[14.13027,37.16],[14.13038,37.15898],[14.1314,37.15905],[14.13241,37.15866],[14.13241,37.15767],[14.13326,37.15763],[14.13396,37.157],[14.13462,37.15774],[14.13494,37.1576],[14.1347,37.157],[14.13287,37.15614],[14.13081,37.15588],[14.12838,37.1561],[14.1275,37.15502],[14.12747,37.15356],[14.12908,37.15374],[14.12953,37.15271],[14.12868,37.15298],[14.12768,37.15183],[14.12884,37.15136],[14.12843,37.15065],[14.12635,37.15053],[14.1269,37.14894],[14.12604,37.14889],[14.12529,37.14957],[14.12515,37.1508],[14.12416,37.15175],[14.12444,37.15199],[14.12545,37.1515]]]},"properties":{"firedate":"2026-09-28","area_ha":26.0,"country":"IT"}},{"type":"Feature","geometry":{"type":"Polygon","coordinates":[[[18.6298,42.90869],[18.62931,42.90761],[18.62937,42.90647],[18.63095,42.90258],[18.62959,42.90148],[18.62823,42.90106],[18.62724,42.90113],[18.6258,42.9022],[18.62455,42.90554],[18.62663,42.90624],[18.62743,42.90794],[18.62862,42.90802],[18.6298,42.90869]]]},"properties":{"firedate":"2026-09-28","area_ha":26.0,"country":"ME"}},{"type":"Feature","geometry":{"type":"Polygon","coordinates":[[[20.3804,48.25065],[20.38402,48.25306],[20.38597,48.2536],[20.38591,48.25587],[20.38908,48.25607],[20.39008,48.25532],[20.39154,48.25488],[20.39035,48.2534],[20.38707,48.25315],[20.38598,48.25229],[20.38519,48.25212],[20.38475,48.2512],[20.38355,48.25062],[20.38273,48.24837],[20.3797,48.24902],[20.37895,48.24964],[20.37676,48.24897],[20.37601,48.24927],[20.37701,48.2504],[20.3804,48.25065]]]},"properties":{"firedate":"2026-09-28","area_ha":26.0,"country":"HU"}},{"type":"Feature","geometry":{"type":"Polygon","coordinates":[[[13.87934,37.52267],[13.87733,37.52247],[13.87555,37.52158],[13.87428,37.5217],[13.87398,37.52303],[13.87284,37.52469],[13.87322,37.52602],[13.87433,37.527],[13.87673,37.52462],[13.87901,37.52408],[13.87958,37.52587],[13.87881,37.52627],[13.87756,37.52609],[13.87733,37.52631],[13.87754,37.52669],[13.87935,37.52727],[13.87977,37.52668],[13.88196,37.52604],[13.88202,37.52475],[13.88123,37.52287],[13.87983,37.52241],[13.87934,37.52267]]]},"properties":{"firedate":"2026-09-28","area_ha":30.0,"country":"IT"}},{"type":"Feature","geometry":{"type":"Polygon","coordinates":[[[37.58405,47.51257],[37.58472,47.50823],[37.58082,47.50798],[37.57942,47.50846],[37.57755,47.50852],[37.57653,47.50791],[37.57606,47.50817],[37.57674,47.50916],[37.57577,47.50964],[37.5767,47.51139],[37.57643,47.5126],[37.58355,47.51284],[37.58405,47.51257]]]},"properties":{"firedate":"2026-09-28","area_ha":31.0,"country":"UA"}},{"type":"Feature","geometry":{"type":"Polygon","coordinates":[[[33.46317,51.37875],[33.4621,51.37712],[33.46032,51.37696],[33.45962,51.37649],[33.46011,51.37515],[33.45897,51.37417],[33.45953,51.37344],[33.46079,51.37341],[33.46098,51.37433],[33.46289,51.37444],[33.46332,51.37178],[33.46306,51.37096],[33.46034,51.37085],[33.45964,51.37112],[33.45991,51.37157],[33.46088,51.37175],[33.45873,51.37322],[33.45547,51.37434],[33.4547,51.37508],[33.4555,51.37604],[33.45596,51.37816],[33.45763,51.37997],[33.46317,51.37875]]]},"properties":{"firedate":"2026-09-28","area_ha":32.0,"country":"UA"}},{"type":"Feature","geometry":{"type":"Polygon","coordinates":[[[-4.01655,40.08942],[-4.01533,40.08879],[-4.01462,40.08784],[-4.01384,40.08778],[-4.01449,40.08589],[-4.0156,40.08635],[-4.01581,40.08616],[-4.01473,40.08558],[-4.01456,40.08504],[-4.01292,40.08464],[-4.0125,40.08514],[-4.01175,40.08505],[-4.01276,40.0844],[-4.01298,40.084],[-4.01275,40.08378],[-4.01188,40.08409],[-4.01113,40.08357],[-4.01087,40.08406],[-4.01054,40.08332],[-4.00968,40.083],[-4.0085,40.08491],[-4.00804,40.08514],[-4.0092,40.0829],[-4.00799,40.08333],[-4.00645,40.08545],[-4.00613,40.08465],[-4.00696,40.08348],[-4.00505,40.08351],[-4.00618,40.08305],[-4.00552,40.08248],[-4.00683,40.08307],[-4.00833,40.08294],[-4.00838,40.08268],[-4.00663,40.08142],[-4.00746,40.08178],[-4.00826,40.08158],[-4.00787,40.08215],[-4.00876,40.08265],[-4.00961,40.08209],[-4.01085,40.08215],[-4.01137,40.08303],[-4.01293,40.08342],[-4.01528,40.08333],[-4.01509,40.08265],[-4.01598,40.08252],[-4.01604,40.08336],[-4.01709,40.08295],[-4.01897,40.08383],[-4.01833,40.08427],[-4.01917,40.08521],[-4.0215,40.08503],[-4.01894,40.08643],[-4.0181,40.08636],[-4.01789,40.0869],[-4.01825,40.0867],[-4.0187,40.08718],[-4.01909,40.08778],[-4.01887,40.08818],[-4.01794,40.08849],[-4.01813,40.08807],[-4.01762,40.0875],[-4.01705,40.088],[-4.01759,40.08888],[-4.01655,40.08942]]]},"properties":{"firedate":"2026-09-28","area_ha":33.0,"country":"ES"}},{"type":"Feature","geometry":{"type":"Polygon","coordinates":[[[35.61419,47.70662],[35.60688,47.70504],[35.60638,47.70398],[35.60562,47.70333],[35.59895,47.7016],[35.59788,47.70052],[35.59564,47.6995],[35.5946,47.69844],[35.59454,47.6989],[35.59548,47.69988],[35.59761,47.70088],[35.59738,47.70204],[35.59839,47.70261],[35.59799,47.70305],[35.59632,47.70325],[35.59648,47.70384],[35.60127,47.70563],[35.60671,47.7061],[35.60759,47.70647],[35.60754,47.70716],[35.60801,47.70766],[35.61274,47.70728],[35.61419,47.70662]]]},"properties":{"firedate":"2026-09-28","area_ha":35.0,"country":"UA"}},{"type":"Feature","geometry":{"type":"Polygon","coordinates":[[[34.08705,51.65828],[34.08917,51.656],[34.0873,51.65447],[34.08431,51.65279],[34.07962,51.65086],[34.07822,51.65104],[34.07728,51.65243],[34.07736,51.65314],[34.07824,51.65381],[34.07793,51.65472],[34.08007,51.65629],[34.07987,51.6568],[34.08089,51.65838],[34.08273,51.65787],[34.08556,51.65881],[34.08705,51.65828]]]},"properties":{"firedate":"2026-09-28","area_ha":42.0,"country":"UA"}},{"type":"Feature","geometry":{"type":"Polygon","coordinates":[[[35.7658,47.68895],[35.76606,47.68518],[35.76586,47.68376],[35.76549,47.68336],[35.7624,47.68354],[35.76199,47.68392],[35.76123,47.68377],[35.76172,47.68296],[35.76164,47.68242],[35.76099,47.68232],[35.75859,47.68404],[35.75519,47.68407],[35.75451,47.68439],[35.75554,47.68537],[35.75558,47.68659],[35.75768,47.68691],[35.76009,47.68673],[35.76022,47.68837],[35.75711,47.68828],[35.75656,47.68893],[35.76062,47.68933],[35.7658,47.68895]]]},"properties":{"firedate":"2026-09-28","area_ha":43.0,"country":"UA"}},{"type":"Feature","geometry":{"type":"Polygon","coordinates":[[[26.11386,39.14535],[26.11413,39.14445],[26.11385,39.14327],[26.11273,39.14213],[26.11223,39.14221],[26.11227,39.14262],[26.11314,39.14306],[26.11345,39.14366],[26.11164,39.14365],[26.1112,39.14476],[26.1073,39.14427],[26.10635,39.14356],[26.1066,39.14444],[26.10841,39.14518],[26.10759,39.14633],[26.10609,39.14745],[26.1039,39.14658],[26.10436,39.14776],[26.10494,39.14798],[26.10452,39.14848],[26.10476,39.14935],[26.10362,39.14974],[26.10227,39.14946],[26.10153,39.14986],[26.10266,39.15084],[26.10721,39.15185],[26.10821,39.15249],[26.11004,39.15234],[26.11225,39.15103],[26.11319,39.14968],[26.11486,39.1487],[26.11476,39.14805],[26.1157,39.14752],[26.11525,39.14582],[26.11419,39.1461],[26.11386,39.14535]]]},"properties":{"firedate":"2026-09-28","area_ha":67.0,"country":"EL"}},{"type":"Feature","geometry":{"type":"Polygon","coordinates":[[[23.50676,43.80337],[23.51095,43.80656],[23.51292,43.80592],[23.51349,43.80543],[23.51189,43.8056],[23.51075,43.80504],[23.51184,43.80457],[23.51213,43.80404],[23.51061,43.80202],[23.51516,43.80245],[23.51601,43.802],[23.51588,43.801],[23.51667,43.80033],[23.52059,43.79988],[23.52048,43.79943],[23.51914,43.79903],[23.51881,43.7986],[23.52216,43.79752],[23.52195,43.7969],[23.52067,43.79639],[23.52195,43.79617],[23.52226,43.79568],[23.52082,43.79481],[23.5182,43.79459],[23.51753,43.79393],[23.51609,43.79341],[23.51555,43.79473],[23.5142,43.79491],[23.51452,43.79564],[23.51413,43.79608],[23.51269,43.7956],[23.51063,43.79599],[23.51082,43.79768],[23.51042,43.79827],[23.51164,43.79904],[23.51176,43.79968],[23.50824,43.79879],[23.50821,43.79749],[23.50753,43.79706],[23.50249,43.79779],[23.50267,43.79887],[23.50676,43.80337]]]},"properties":{"firedate":"2026-09-28","area_ha":98.0,"country":"BG"}},{"type":"Feature","geometry":{"type":"Polygon","coordinates":[[[9.74728,37.06739],[9.75144,37.07082],[9.75121,37.07298],[9.75156,37.07398],[9.75671,37.07343],[9.75808,37.07215],[9.75636,37.06627],[9.75436,37.06316],[9.75419,37.05875],[9.7531,37.05788],[9.75046,37.05739],[9.74963,37.05779],[9.74843,37.06336],[9.74678,37.06444],[9.74652,37.06524],[9.74728,37.06739]]]},"properties":{"firedate":"2026-09-28","area_ha":109.0,"country":"TN"}},{"type":"Feature","geometry":{"type":"Polygon","coordinates":[[[37.4378,47.99434],[37.43829,47.99285],[37.4366,47.99248],[37.43651,47.99132],[37.43612,47.99072],[37.43387,47.99113],[37.43411,47.99185],[37.4335,47.99236],[37.43239,47.9921],[37.43165,47.99062],[37.43237,47.98936],[37.43193,47.98887],[37.43015,47.98925],[37.42784,47.98818],[37.42662,47.98804],[37.42517,47.98852],[37.42364,47.98844],[37.4233,47.98804],[37.42368,47.98723],[37.42337,47.98655],[37.42259,47.98592],[37.42034,47.98552],[37.41365,47.98591],[37.41307,47.98961],[37.41325,47.99268],[37.42027,47.99286],[37.42046,47.99351],[37.4215,47.99421],[37.42471,47.9946],[37.4378,47.99434]]]},"properties":{"firedate":"2026-09-28","area_ha":120.0,"country":"UA"}},{"type":"Feature","geometry":{"type":"Polygon","coordinates":[[[-5.69094,43.04961],[-5.69129,43.0464],[-5.69167,43.04592],[-5.69436,43.04524],[-5.7006,43.04516],[-5.70508,43.04657],[-5.70742,43.04804],[-5.7136,43.05334],[-5.71413,43.05446],[-5.7137,43.05553],[-5.71272,43.05642],[-5.70839,43.05773],[-5.70617,43.05802],[-5.70068,43.05714],[-5.69625,43.0562],[-5.69435,43.05529],[-5.69268,43.05339],[-5.692,43.05087],[-5.69094,43.04961]]]},"properties":{"firedate":"2026-09-28","area_ha":190.0,"country":"ES"}},{"type":"Feature","geometry":{"type":"Polygon","coordinates":[[[37.62575,47.8512],[37.62642,47.84726],[37.62078,47.84119],[37.61875,47.84142],[37.61512,47.84305],[37.61298,47.84289],[37.6087,47.84147],[37.61101,47.84075],[37.61161,47.83963],[37.60504,47.83902],[37.60247,47.83994],[37.60109,47.84292],[37.60097,47.84466],[37.59859,47.84647],[37.59268,47.84767],[37.58966,47.84676],[37.5862,47.84474],[37.583,47.84531],[37.57749,47.84403],[37.57343,47.844],[37.57058,47.84628],[37.56972,47.84944],[37.57326,47.85342],[37.57736,47.85396],[37.58266,47.85053],[37.58679,47.85057],[37.58641,47.85191],[37.58137,47.85635],[37.57751,47.85801],[37.58206,47.86064],[37.5872,47.86186],[37.59082,47.85972],[37.59625,47.859],[37.60159,47.85403],[37.60613,47.85693],[37.6112,47.85791],[37.62047,47.85591],[37.62219,47.85266],[37.62575,47.8512]]]},"properties":{"firedate":"2026-09-28","area_ha":583.0,"country":"UA"}},{"type":"Feature","geometry":{"type":"Polygon","coordinates":[[[9.56118,37.24787],[9.5607,37.24743],[9.56028,37.24807],[9.56098,37.24814],[9.56118,37.24787]]]},"properties":{"firedate":"2026-09-29","area_ha":0.0,"country":"TN"}},{"type":"Feature","geometry":{"type":"Polygon","coordinates":[[[13.38508,37.35427],[13.38497,37.35332],[13.38397,37.35392],[13.38449,37.3545],[13.38508,37.35427]]]},"properties":{"firedate":"2026-09-29","area_ha":1.0,"country":"IT"}},{"type":"Feature","geometry":{"type":"Polygon","coordinates":[[[9.4987,37.25266],[9.49935,37.25129],[9.49892,37.25103],[9.49805,37.25213],[9.4987,37.25266]]]},"properties":{"firedate":"2026-09-29","area_ha":1.0,"country":"TN"}},{"type":"Feature","geometry":{"type":"Polygon","coordinates":[[[9.6176,37.30282],[9.61818,37.30203],[9.61761,37.30194],[9.6169,37.30244],[9.6176,37.30282]]]},"properties":{"firedate":"2026-09-29","area_ha":1.0,"country":"TN"}},{"type":"Feature","geometry":{"type":"Polygon","coordinates":[[[9.61627,37.30109],[9.61445,37.30063],[9.61449,37.29978],[9.61417,37.29994],[9.61422,37.30111],[9.61494,37.30135],[9.61627,37.30109]]]},"properties":{"firedate":"2026-09-29","area_ha":1.0,"country":"TN"}},{"type":"Feature","geometry":{"type":"Polygon","coordinates":[[[9.51298,37.26675],[9.51319,37.26578],[9.51262,37.26487],[9.51262,37.26664],[9.51298,37.26675]]]},"properties":{"firedate":"2026-09-29","area_ha":1.0,"country":"TN"}},{"type":"Feature","geometry":{"type":"Polygon","coordinates":[[[9.34145,39.95243],[9.34145,39.95133],[9.34073,39.95095],[9.33986,39.95126],[9.33961,39.95185],[9.3397,39.95234],[9.34014,39.95248],[9.34145,39.95243]]]},"properties":{"firedate":"2026-09-29","area_ha":2.0,"country":"IT"}},{"type":"Feature","geometry":{"type":"Polygon","coordinates":[[[15.21045,40.20256],[15.21041,40.20208],[15.2088,40.20144],[15.20795,40.20162],[15.20855,40.2025],[15.21045,40.20256]]]},"properties":{"firedate":"2026-09-29","area_ha":2.0,"country":"IT"}},{"type":"Feature","geometry":{"type":"Polygon","coordinates":[[[13.49777,37.50718],[13.49742,37.5067],[13.49778,37.50631],[13.4995,37.50591],[13.49828,37.50573],[13.49793,37.50523],[13.49739,37.50542],[13.49677,37.50703],[13.49745,37.50756],[13.49777,37.50718]]]},"properties":{"firedate":"2026-09-29","area_ha":2.0,"country":"IT"}},{"type":"Feature","geometry":{"type":"Polygon","coordinates":[[[9.55881,37.25034],[9.55862,37.25001],[9.55727,37.24985],[9.55743,37.25045],[9.55688,37.25093],[9.55737,37.25114],[9.5565,37.25152],[9.55782,37.25135],[9.55881,37.25034]]]},"properties":{"firedate":"2026-09-29","area_ha":2.0,"country":"TN"}},{"type":"Feature","geometry":{"type":"Polygon","coordinates":[[[9.61794,37.30484],[9.61792,37.30454],[9.61717,37.30443],[9.61489,37.30452],[9.61551,37.30535],[9.61794,37.30484]]]},"properties":{"firedate":"2026-09-29","area_ha":2.0,"country":"TN"}},{"type":"Feature","geometry":{"type":"Polygon","coordinates":[[[9.51469,37.2634],[9.51349,37.26242],[9.51149,37.26277],[9.51157,37.26293],[9.51469,37.2634]]]},"properties":{"firedate":"2026-09-29","area_ha":2.0,"country":"TN"}},{"type":"Feature","geometry":{"type":"Polygon","coordinates":[[[9.50725,37.27305],[9.5064,37.27279],[9.50543,37.27339],[9.50411,37.27357],[9.50335,37.27471],[9.50581,37.2743],[9.50725,37.27305]]]},"properties":{"firedate":"2026-09-29","area_ha":3.0,"country":"TN"}},{"type":"Feature","geometry":{"type":"Polygon","coordinates":[[[9.51031,37.26231],[9.50853,37.26195],[9.50808,37.26293],[9.50621,37.26383],[9.50599,37.26423],[9.50638,37.26436],[9.50962,37.26298],[9.51031,37.26231]]]},"properties":{"firedate":"2026-09-29","area_ha":3.0,"country":"TN"}},{"type":"Feature","geometry":{"type":"Polygon","coordinates":[[[9.65701,37.29221],[9.65585,37.29099],[9.65434,37.2902],[9.65273,37.2906],[9.65439,37.29064],[9.65483,37.29181],[9.65541,37.29181],[9.65607,37.29301],[9.65701,37.29221]]]},"properties":{"firedate":"2026-09-29","area_ha":3.0,"country":"TN"}},{"type":"Feature","geometry":{"type":"Polygon","coordinates":[[[17.22806,48.53707],[17.22698,48.53657],[17.22546,48.53651],[17.22436,48.5372],[17.22204,48.53752],[17.22118,48.5383],[17.22198,48.53859],[17.22581,48.5374],[17.22806,48.53707]]]},"properties":{"firedate":"2026-09-29","area_ha":4.0,"country":"SK"}},{"type":"Feature","geometry":{"type":"Polygon","coordinates":[[[17.03116,39.05481],[17.03159,39.05501],[17.03274,39.05471],[17.03519,39.05546],[17.03714,39.05506],[17.03506,39.05476],[17.03381,39.05402],[17.03293,39.05446],[17.03157,39.0542],[17.03116,39.05481]]]},"properties":{"firedate":"2026-09-29","area_ha":4.0,"country":"IT"}},{"type":"Feature","geometry":{"type":"Polygon","coordinates":[[[39.58902,48.60567],[39.58874,48.60524],[39.58799,48.60518],[39.58745,48.6043],[39.58861,48.60421],[39.5888,48.60384],[39.58749,48.60337],[39.58646,48.60436],[39.58521,48.60392],[39.58451,48.60451],[39.58456,48.60487],[39.58574,48.60493],[39.58547,48.60534],[39.58567,48.60559],[39.58765,48.60542],[39.58856,48.60596],[39.58902,48.60567]]]},"properties":{"firedate":"2026-09-29","area_ha":4.0,"country":"UA"}},{"type":"Feature","geometry":{"type":"Polygon","coordinates":[[[29.01505,45.21778],[29.01164,45.21802],[29.01386,45.21968],[29.01424,45.21926],[29.01383,45.21822],[29.01458,45.21826],[29.01565,45.22],[29.01641,45.22034],[29.01591,45.21855],[29.01505,45.21778]]]},"properties":{"firedate":"2026-09-29","area_ha":4.0,"country":"RO"}},{"type":"Feature","geometry":{"type":"Polygon","coordinates":[[[9.56273,37.25088],[9.56267,37.24981],[9.56017,37.24939],[9.55959,37.24973],[9.5597,37.2503],[9.56034,37.25085],[9.56273,37.25088]]]},"properties":{"firedate":"2026-09-29","area_ha":4.0,"country":"TN"}},{"type":"Feature","geometry":{"type":"Polygon","coordinates":[[[9.52157,37.26352],[9.52221,37.26479],[9.52324,37.26522],[9.5238,37.26504],[9.5226,37.26376],[9.52369,37.2627],[9.5237,37.26204],[9.52187,37.263],[9.52031,37.26288],[9.51995,37.26313],[9.52079,37.26377],[9.52157,37.26352]]]},"properties":{"firedate":"2026-09-29","area_ha":5.0,"country":"TN"}},{"type":"Feature","geometry":{"type":"Polygon","coordinates":[[[9.5498,37.24957],[9.54879,37.25023],[9.54747,37.25016],[9.54832,37.25065],[9.54934,37.25044],[9.54971,37.25108],[9.54955,37.25155],[9.55061,37.25144],[9.5516,37.25069],[9.55234,37.24891],[9.55141,37.24827],[9.55069,37.24945],[9.55087,37.24994],[9.55019,37.25072],[9.54978,37.25001],[9.55027,37.24887],[9.5498,37.24957]]]},"properties":{"firedate":"2026-09-29","area_ha":6.0,"country":"TN"}},{"type":"Feature","geometry":{"type":"Polygon","coordinates":[[[14.91532,40.54082],[14.9157,40.53994],[14.91275,40.53943],[14.91203,40.53967],[14.91158,40.54114],[14.91393,40.54209],[14.91532,40.54082]]]},"properties":{"firedate":"2026-09-29","area_ha":7.0,"country":"IT"}},{"type":"Feature","geometry":{"type":"Polygon","coordinates":[[[9.50063,37.26941],[9.49902,37.26798],[9.49855,37.26792],[9.49695,37.26919],[9.49723,37.26985],[9.49703,37.27036],[9.49821,37.27092],[9.49894,37.27034],[9.5,37.27013],[9.50063,37.26941]]]},"properties":{"firedate":"2026-09-29","area_ha":7.0,"country":"TN"}},{"type":"Feature","geometry":{"type":"Polygon","coordinates":[[[15.3885,40.9942],[15.38901,40.9933],[15.38876,40.99234],[15.3883,40.99219],[15.38758,40.99284],[15.38731,40.99369],[15.38624,40.99416],[15.38591,40.99545],[15.38734,40.99634],[15.38856,40.99606],[15.389,40.99565],[15.3885,40.9942]]]},"properties":{"firedate":"2026-09-29","area_ha":8.0,"country":"IT"}},{"type":"Feature","geometry":{"type":"Polygon","coordinates":[[[22.36225,44.74134],[22.36152,44.74044],[22.36011,44.74036],[22.3593,44.74093],[22.35889,44.74216],[22.35785,44.74283],[22.35856,44.74325],[22.36244,44.74361],[22.36154,44.74239],[22.36161,44.74187],[22.36225,44.74134]]]},"properties":{"firedate":"2026-09-29","area_ha":8.0,"country":"RO"}},{"type":"Feature","geometry":{"type":"Polygon","coordinates":[[[37.58173,48.42225],[37.58165,48.42167],[37.57887,48.42127],[37.57839,48.41984],[37.57746,48.41941],[37.57517,48.41919],[37.57383,48.41954],[37.57398,48.42029],[37.57573,48.42044],[37.57615,48.42079],[37.57616,48.42146],[37.57713,48.42204],[37.58173,48.42225]]]},"properties":{"firedate":"2026-09-29","area_ha":9.0,"country":"UA"}},{"type":"Feature","geometry":{"type":"Polygon","coordinates":[[[36.00905,48.3825],[36.00394,48.37981],[36.00264,48.37844],[36.00094,48.37977],[36.0058,48.38262],[36.00786,48.3831],[36.00905,48.3825]]]},"properties":{"firedate":"2026-09-29","area_ha":10.0,"country":"UA"}},{"type":"Feature","geometry":{"type":"Polygon","coordinates":[[[37.91323,48.33679],[37.91074,48.33452],[37.90775,48.33275],[37.90692,48.33258],[37.90673,48.33351],[37.90706,48.33455],[37.91075,48.33667],[37.91264,48.33724],[37.91323,48.33679]]]},"properties":{"firedate":"2026-09-29","area_ha":10.0,"country":"UA"}},{"type":"Feature","geometry":{"type":"Polygon","coordinates":[[[13.3953,37.34947],[13.3943,37.34994],[13.39269,37.35159],[13.39269,37.35344],[13.39214,37.35435],[13.39378,37.35423],[13.39639,37.35108],[13.39652,37.35043],[13.3953,37.34947]]]},"properties":{"firedate":"2026-09-29","area_ha":11.0,"country":"IT"}},{"type":"Feature","geometry":{"type":"Polygon","coordinates":[[[22.96395,44.8602],[22.96622,44.8587],[22.96458,44.8589],[22.96418,44.85801],[22.96236,44.85692],[22.96118,44.85663],[22.95999,44.8575],[22.96041,44.85906],[22.96164,44.86029],[22.96395,44.8602]]]},"properties":{"firedate":"2026-09-29","area_ha":11.0,"country":"RO"}},{"type":"Feature","geometry":{"type":"Polygon","coordinates":[[[17.37205,43.32281],[17.37245,43.3218],[17.37108,43.32101],[17.3671,43.32206],[17.36679,43.32246],[17.36683,43.32359],[17.36733,43.32419],[17.3682,43.32424],[17.37037,43.32387],[17.37205,43.32281]]]},"properties":{"firedate":"2026-09-29","area_ha":11.0,"country":"BA"}},{"type":"Feature","geometry":{"type":"Polygon","coordinates":[[[13.49908,37.5081],[13.49548,37.50919],[13.49508,37.51048],[13.49427,37.51091],[13.49377,37.51178],[13.49419,37.51187],[13.49455,37.5114],[13.49502,37.51178],[13.4957,37.5114],[13.4984,37.5119],[13.5004,37.511],[13.50101,37.51038],[13.50074,37.50999],[13.49905,37.51016],[13.49805,37.50977],[13.49875,37.50951],[13.49858,37.50864],[13.49908,37.5081]]]},"properties":{"firedate":"2026-09-29","area_ha":14.0,"country":"IT"}},{"type":"Feature","geometry":{"type":"Polygon","coordinates":[[[35.5933,47.71138],[35.59447,47.7057],[35.59407,47.70436],[35.59525,47.70377],[35.59426,47.70344],[35.5929,47.7035],[35.5912,47.70541],[35.59204,47.70645],[35.59207,47.70708],[35.59038,47.71136],[35.59186,47.71302],[35.5922,47.71291],[35.59218,47.71206],[35.5933,47.71138]]]},"properties":{"firedate":"2026-09-29","area_ha":19.0,"country":"UA"}},{"type":"Feature","geometry":{"type":"Polygon","coordinates":[[[16.58108,40.87671],[16.58028,40.87777],[16.58061,40.87783],[16.58119,40.87716],[16.58185,40.87718],[16.582,40.87647],[16.58399,40.87557],[16.5838,40.87509],[16.5826,40.87583],[16.58184,40.8754],[16.58344,40.87325],[16.58393,40.86977],[16.58366,40.86923],[16.58196,40.86798],[16.5796,40.86805],[16.57953,40.86751],[16.58005,40.86672],[16.57833,40.86581],[16.57717,40.86457],[16.57571,40.86689],[16.57651,40.86958],[16.57708,40.87022],[16.58053,40.87129],[16.5815,40.87286],[16.5824,40.87326],[16.58245,40.87414],[16.58202,40.87448],[16.5805,40.8743],[16.58021,40.87454],[16.58021,40.87487],[16.58141,40.87545],[16.58108,40.87671]]]},"properties":{"firedate":"2026-09-29","area_ha":37.0,"country":"IT"}},{"type":"Feature","geometry":{"type":"Polygon","coordinates":[[[13.32345,37.46579],[13.32352,37.46667],[13.32283,37.46732],[13.3218,37.46764],[13.32242,37.46866],[13.32309,37.46836],[13.32327,37.46771],[13.32437,37.4677],[13.32509,37.46701],[13.32599,37.46735],[13.32822,37.46707],[13.33024,37.46776],[13.33239,37.46942],[13.33403,37.46832],[13.33164,37.467],[13.33351,37.46756],[13.33434,37.46718],[13.33324,37.46719],[13.33264,37.46652],[13.33153,37.4664],[13.33105,37.46594],[13.33002,37.46606],[13.33032,37.46476],[13.3312,37.46541],[13.33159,37.46502],[13.33144,37.46366],[13.33058,37.46183],[13.32973,37.46132],[13.32777,37.46179],[13.32765,37.46377],[13.32726,37.46422],[13.32425,37.46408],[13.32327,37.46459],[13.32149,37.46443],[13.32283,37.465],[13.32345,37.46579]]]},"properties":{"firedate":"2026-09-29","area_ha":40.0,"country":"IT"}},{"type":"Feature","geometry":{"type":"Polygon","coordinates":[[[23.22079,44.72816],[23.223,44.72969],[23.22323,44.73062],[23.22443,44.73133],[23.22402,44.73274],[23.22666,44.73261],[23.22929,44.73346],[23.23175,44.73274],[23.23329,44.73363],[23.23384,44.73337],[23.23361,44.73234],[23.2369,44.73145],[23.23479,44.73025],[23.22903,44.73036],[23.22513,44.72868],[23.22418,44.72795],[23.22335,44.72782],[23.22286,44.72726],[23.22261,44.7279],[23.22235,44.72785],[23.22074,44.72656],[23.21963,44.72692],[23.21868,44.7262],[23.2167,44.72605],[23.21542,44.72638],[23.21504,44.72705],[23.21904,44.72757],[23.22079,44.72816]]]},"properties":{"firedate":"2026-09-29","area_ha":43.0,"country":"RO"}},{"type":"Feature","geometry":{"type":"Polygon","coordinates":[[[33.77076,46.68895],[33.77106,46.68711],[33.77451,46.68746],[33.77488,46.68728],[33.77476,46.68661],[33.77059,46.68608],[33.77053,46.685],[33.76759,46.6848],[33.76752,46.68448],[33.7649,46.68414],[33.76522,46.68314],[33.76588,46.68293],[33.76585,46.68247],[33.7579,46.68175],[33.75717,46.68506],[33.75789,46.68571],[33.76098,46.68646],[33.76659,46.68705],[33.76953,46.68891],[33.77076,46.68895]]]},"properties":{"firedate":"2026-09-29","area_ha":48.0,"country":"UA"}},{"type":"Feature","geometry":{"type":"Polygon","coordinates":[[[16.43036,40.69924],[16.4328,40.69572],[16.43208,40.69594],[16.43066,40.69507],[16.42956,40.69494],[16.42645,40.69559],[16.42468,40.69668],[16.4231,40.69666],[16.42059,40.6982],[16.42258,40.69965],[16.42872,40.70003],[16.42647,40.70054],[16.42249,40.7026],[16.42246,40.70338],[16.4233,40.70362],[16.42784,40.70237],[16.42953,40.7014],[16.43026,40.70048],[16.43036,40.69924]]]},"properties":{"firedate":"2026-09-29","area_ha":49.0,"country":"IT"}},{"type":"Feature","geometry":{"type":"Polygon","coordinates":[[[14.10768,37.15272],[14.10775,37.15141],[14.10822,37.15103],[14.10983,37.15172],[14.11094,37.1507],[14.11181,37.15075],[14.11187,37.15456],[14.1114,37.15875],[14.11739,37.16005],[14.12057,37.16125],[14.11856,37.15809],[14.11711,37.15706],[14.11726,37.15576],[14.11849,37.15456],[14.11783,37.15309],[14.11622,37.15213],[14.11356,37.15187],[14.11281,37.1507],[14.11162,37.14978],[14.10927,37.14885],[14.10875,37.14901],[14.10855,37.15033],[14.1071,37.15134],[14.10712,37.1526],[14.10768,37.15272]]]},"properties":{"firedate":"2026-09-29","area_ha":59.0,"country":"IT"}},{"type":"Feature","geometry":{"type":"Polygon","coordinates":[[[13.34112,37.36819],[13.34063,37.36855],[13.34041,37.36972],[13.33852,37.3713],[13.33831,37.37288],[13.3397,37.37367],[13.34071,37.37533],[13.34171,37.37596],[13.34265,37.3772],[13.34392,37.37783],[13.34458,37.37769],[13.34517,37.37676],[13.34817,37.37477],[13.3487,37.3739],[13.35223,37.37288],[13.35441,37.37131],[13.3541,37.37082],[13.3528,37.37088],[13.35141,37.37175],[13.35011,37.37207],[13.34892,37.37135],[13.34722,37.37157],[13.34464,37.37016],[13.34443,37.36953],[13.34174,37.36721],[13.34121,37.36728],[13.34112,37.36819]]]},"properties":{"firedate":"2026-09-29","area_ha":69.0,"country":"IT"}},{"type":"Feature","geometry":{"type":"Polygon","coordinates":[[[31.40029,46.88347],[31.40043,46.88288],[31.39968,46.88216],[31.40068,46.88205],[31.40029,46.88033],[31.39756,46.87762],[31.39646,46.87721],[31.39481,46.87597],[31.39475,46.87407],[31.39431,46.87273],[31.39223,46.87117],[31.39185,46.87035],[31.38961,46.86937],[31.38664,46.86872],[31.38562,46.86909],[31.38529,46.87021],[31.38872,46.87193],[31.39071,46.87717],[31.39314,46.88126],[31.39316,46.88151],[31.39113,46.88154],[31.39213,46.88204],[31.39642,46.88274],[31.3987,46.88444],[31.40029,46.88347]]]},"properties":{"firedate":"2026-09-29","area_ha":72.0,"country":"UA"}},{"type":"Feature","geometry":{"type":"Polygon","coordinates":[[[19.58024,41.20251],[19.57997,41.2052],[19.58089,41.20577],[19.58195,41.2057],[19.58331,41.2047],[19.58395,41.20488],[19.58423,41.20783],[19.58601,41.20983],[19.58662,41.21111],[19.58889,41.21231],[19.59163,41.2121],[19.59122,41.21081],[19.5929,41.20903],[19.5936,41.20667],[19.5927,41.20565],[19.58942,41.20493],[19.58987,41.20475],[19.59025,41.20394],[19.5894,41.20214],[19.59018,41.20064],[19.58992,41.20012],[19.58612,41.20057],[19.58575,41.20106],[19.58586,41.2022],[19.58539,41.20261],[19.58278,41.20276],[19.58055,41.20223],[19.58024,41.20251]]]},"properties":{"firedate":"2026-09-29","area_ha":80.0,"country":"AL"}},{"type":"Feature","geometry":{"type":"Polygon","coordinates":[[[16.97336,39.07059],[16.97277,39.0716],[16.97507,39.07351],[16.9769,39.07392],[16.9783,39.07498],[16.97999,39.07486],[16.98185,39.07581],[16.98286,39.07539],[16.98391,39.07547],[16.98579,39.07688],[16.98431,39.07728],[16.98276,39.07709],[16.98149,39.07782],[16.9826,39.07865],[16.98207,39.07997],[16.98076,39.07926],[16.98,39.07738],[16.97961,39.07736],[16.97927,39.07795],[16.97735,39.07796],[16.9773,39.07843],[16.97815,39.07946],[16.97969,39.07958],[16.98134,39.08126],[16.98581,39.08085],[16.98596,39.08011],[16.98681,39.07933],[16.98517,39.07856],[16.98521,39.07772],[16.98575,39.07726],[16.98683,39.07719],[16.987,39.07842],[16.98891,39.07744],[16.99003,39.07751],[16.98832,39.07616],[16.98724,39.07613],[16.98663,39.07571],[16.98667,39.07295],[16.98477,39.07144],[16.98444,39.07088],[16.9846,39.07025],[16.98391,39.06959],[16.98396,39.06854],[16.98201,39.06525],[16.97661,39.06579],[16.97518,39.06632],[16.97608,39.06726],[16.97569,39.07023],[16.97498,39.07089],[16.97336,39.07059]]]},"properties":{"firedate":"2026-09-29","area_ha":114.0,"country":"IT"}},{"type":"Feature","geometry":{"type":"Polygon","coordinates":[[[33.94652,46.55149],[33.94483,46.55697],[33.94631,46.55833],[33.94788,46.5579],[33.94868,46.55892],[33.95036,46.55938],[33.95031,46.5606],[33.94356,46.56002],[33.94346,46.56224],[33.94692,46.56293],[33.94812,46.56414],[33.95453,46.56444],[33.95695,46.55631],[33.95704,46.55232],[33.9582,46.55051],[33.95848,46.54861],[33.94655,46.5478],[33.94652,46.55149]]]},"properties":{"firedate":"2026-09-29","area_ha":143.0,"country":"UA"}},{"type":"Feature","geometry":{"type":"Polygon","coordinates":[[[33.89162,46.57912],[33.89239,46.57619],[33.89444,46.57744],[33.89551,46.57962],[33.8992,46.57983],[33.90141,46.579],[33.90052,46.57764],[33.8935,46.5739],[33.89496,46.57337],[33.90079,46.57636],[33.90131,46.57694],[33.90323,46.57762],[33.90361,46.57699],[33.90432,46.57284],[33.90371,46.57251],[33.89409,46.57179],[33.89345,46.57147],[33.89377,46.56747],[33.89311,46.56716],[33.8831,46.56659],[33.88233,46.56692],[33.88096,46.57294],[33.88106,46.57581],[33.88336,46.57678],[33.88557,46.5787],[33.89162,46.57912]]]},"properties":{"firedate":"2026-09-29","area_ha":166.0,"country":"UA"}},{"type":"Feature","geometry":{"type":"Polygon","coordinates":[[[34.11144,46.48083],[34.11556,46.48083],[34.11645,46.48134],[34.1184,46.47982],[34.11857,46.4756],[34.11947,46.47303],[34.12039,46.46607],[34.11926,46.46307],[34.11913,46.46092],[34.11184,46.45908],[34.11124,46.4596],[34.10906,46.46949],[34.10796,46.47068],[34.10798,46.47183],[34.10629,46.47941],[34.1063,46.4799],[34.11144,46.48083]]]},"properties":{"firedate":"2026-09-29","area_ha":190.0,"country":"UA"}},{"type":"Feature","geometry":{"type":"Polygon","coordinates":[[[33.72163,45.88253],[33.73126,45.88281],[33.73482,45.88388],[33.73462,45.88562],[33.74122,45.88717],[33.74123,45.88787],[33.73227,45.88806],[33.73199,45.88922],[33.73317,45.88979],[33.72934,45.88998],[33.72972,45.89281],[33.74202,45.89294],[33.74279,45.89137],[33.74397,45.8913],[33.74382,45.88325],[33.74415,45.88272],[33.7491,45.88248],[33.74943,45.88183],[33.74929,45.87246],[33.74885,45.87178],[33.74245,45.87109],[33.72207,45.87073],[33.72081,45.87142],[33.72101,45.88181],[33.72163,45.88253]]]},"properties":{"firedate":"2026-09-29","area_ha":376.0,"country":"UA"}},{"type":"Feature","geometry":{"type":"Polygon","coordinates":[[[9.51291,37.26365],[9.5125,37.26332],[9.51219,37.26381],[9.5125,37.26389],[9.51291,37.26365]]]},"properties":{"firedate":"2026-09-30","area_ha":0.0,"country":"TN"}},{"type":"Feature","geometry":{"type":"Polygon","coordinates":[[[23.01506,44.80603],[23.01445,44.80449],[23.01399,44.80446],[23.014,44.80522],[23.01506,44.80603]]]},"properties":{"firedate":"2026-09-30","area_ha":1.0,"country":"RO"}},{"type":"Feature","geometry":{"type":"Polygon","coordinates":[[[13.28098,38.05521],[13.28114,38.05488],[13.28063,38.0544],[13.27981,38.05428],[13.27966,38.0536],[13.27845,38.05411],[13.27908,38.05482],[13.28098,38.05521]]]},"properties":{"firedate":"2026-09-30","area_ha":2.0,"country":"IT"}},{"type":"Feature","geometry":{"type":"Polygon","coordinates":[[[15.50045,49.26813],[15.50096,49.26715],[15.50038,49.26648],[15.49975,49.26669],[15.49931,49.26748],[15.49972,49.26821],[15.50045,49.26813]]]},"properties":{"firedate":"2026-09-30","area_ha":2.0,"country":"CZ"}},{"type":"Feature","geometry":{"type":"Polygon","coordinates":[[[4.45438,46.05508],[4.45458,46.05459],[4.45549,46.05434],[4.45522,46.05301],[4.45406,46.05312],[4.45348,46.05509],[4.45438,46.05508]]]},"properties":{"firedate":"2026-09-30","area_ha":2.0,"country":"FR"}},{"type":"Feature","geometry":{"type":"Polygon","coordinates":[[[23.02654,44.79506],[23.02681,44.79468],[23.02641,44.79447],[23.02347,44.7947],[23.02454,44.79558],[23.02543,44.79506],[23.02654,44.79506]]]},"properties":{"firedate":"2026-09-30","area_ha":2.0,"country":"RO"}},{"type":"Feature","geometry":{"type":"Polygon","coordinates":[[[9.55659,37.25367],[9.55679,37.25344],[9.55651,37.2529],[9.55753,37.25322],[9.55729,37.25242],[9.55565,37.25262],[9.5558,37.25333],[9.55659,37.25367]]]},"properties":{"firedate":"2026-09-30","area_ha":2.0,"country":"TN"}},{"type":"Feature","geometry":{"type":"Polygon","coordinates":[[[13.53097,41.38544],[13.53097,41.38496],[13.53066,41.38491],[13.52788,41.38501],[13.52739,41.38535],[13.52932,41.38625],[13.53097,41.38544]]]},"properties":{"firedate":"2026-09-30","area_ha":3.0,"country":"IT"}},{"type":"Feature","geometry":{"type":"Polygon","coordinates":[[[19.63927,40.30471],[19.63926,40.30377],[19.63837,40.30373],[19.63728,40.30251],[19.63664,40.30254],[19.63734,40.30372],[19.63681,40.30429],[19.63692,40.3046],[19.63889,40.30446],[19.63927,40.30471]]]},"properties":{"firedate":"2026-09-30","area_ha":3.0,"country":"AL"}},{"type":"Feature","geometry":{"type":"Polygon","coordinates":[[[24.29966,42.9949],[24.29983,42.99692],[24.30066,42.99716],[24.30091,42.99623],[24.30158,42.99571],[24.30147,42.99531],[24.30007,42.99422],[24.29966,42.9949]]]},"properties":{"firedate":"2026-09-30","area_ha":3.0,"country":"BG"}},{"type":"Feature","geometry":{"type":"Polygon","coordinates":[[[5.16465,36.54495],[5.16641,36.54304],[5.16614,36.54249],[5.16471,36.54281],[5.16367,36.54405],[5.16465,36.54495]]]},"properties":{"firedate":"2026-09-30","area_ha":3.0,"country":"DZ"}},{"type":"Feature","geometry":{"type":"Polygon","coordinates":[[[19.2457,42.50231],[19.24608,42.50132],[19.2453,42.50054],[19.2455,42.49996],[19.24485,42.49969],[19.24436,42.50021],[19.24414,42.50128],[19.24473,42.50226],[19.2457,42.50231]]]},"properties":{"firedate":"2026-09-30","area_ha":3.0,"country":"ME"}},{"type":"Feature","geometry":{"type":"Polygon","coordinates":[[[22.43769,42.57108],[22.43475,42.57019],[22.4341,42.57054],[22.43359,42.57152],[22.43452,42.57182],[22.43515,42.57152],[22.43684,42.57174],[22.43769,42.57108]]]},"properties":{"firedate":"2026-09-30","area_ha":4.0,"country":"RS"}},{"type":"Feature","geometry":{"type":"Polygon","coordinates":[[[9.31691,37.00942],[9.31513,37.00927],[9.31394,37.00987],[9.31388,37.01057],[9.31657,37.01113],[9.31809,37.01069],[9.31806,37.01014],[9.31761,37.01021],[9.31691,37.00942]]]},"properties":{"firedate":"2026-09-30","area_ha":5.0,"country":"TN"}},{"type":"Feature","geometry":{"type":"Polygon","coordinates":[[[9.48522,36.98746],[9.48556,36.98704],[9.48485,36.98651],[9.48522,36.98596],[9.48372,36.98593],[9.48302,36.98548],[9.48238,36.98658],[9.48322,36.98625],[9.48256,36.98709],[9.4835,36.98662],[9.48378,36.98684],[9.48125,36.98829],[9.48296,36.98837],[9.48411,36.98719],[9.48522,36.98746]]]},"properties":{"firedate":"2026-09-30","area_ha":5.0,"country":"TN"}},{"type":"Feature","geometry":{"type":"Polygon","coordinates":[[[21.99581,44.31782],[21.99513,44.31645],[21.99396,44.31566],[21.99028,44.31552],[21.98983,44.31577],[21.9903,44.31606],[21.99334,44.31618],[21.99386,44.31786],[21.99491,44.31853],[21.99572,44.31842],[21.99581,44.31782]]]},"properties":{"firedate":"2026-09-30","area_ha":6.0,"country":"RS"}},{"type":"Feature","geometry":{"type":"Polygon","coordinates":[[[9.4312,36.94755],[9.42826,36.94628],[9.42702,36.94807],[9.42814,36.94898],[9.42886,36.94907],[9.4312,36.94755]]]},"properties":{"firedate":"2026-09-30","area_ha":7.0,"country":"TN"}},{"type":"Feature","geometry":{"type":"Polygon","coordinates":[[[34.38806,46.93572],[34.38938,46.93412],[34.38448,46.93285],[34.38355,46.93404],[34.38347,46.93429],[34.38411,46.93456],[34.3838,46.93497],[34.38473,46.93491],[34.38806,46.93572]]]},"properties":{"firedate":"2026-09-30","area_ha":8.0,"country":"UA"}},{"type":"Feature","geometry":{"type":"Polygon","coordinates":[[[29.01328,45.20973],[29.01223,45.2084],[29.0103,45.2075],[29.00905,45.20822],[29.00882,45.21031],[29.01078,45.21027],[29.01328,45.20973]]]},"properties":{"firedate":"2026-09-30","area_ha":8.0,"country":"RO"}},{"type":"Feature","geometry":{"type":"Polygon","coordinates":[[[13.79406,37.45004],[13.79184,37.44669],[13.78823,37.44603],[13.78725,37.44628],[13.78759,37.44677],[13.78977,37.44686],[13.78976,37.44714],[13.78897,37.44742],[13.79057,37.44771],[13.79139,37.44858],[13.79177,37.44963],[13.79406,37.45004]]]},"properties":{"firedate":"2026-09-30","area_ha":9.0,"country":"IT"}},{"type":"Feature","geometry":{"type":"Polygon","coordinates":[[[34.83118,46.10919],[34.83151,46.10828],[34.83034,46.1081],[34.83117,46.10721],[34.83152,46.10526],[34.82961,46.10562],[34.82756,46.1075],[34.82753,46.10798],[34.82856,46.10865],[34.82886,46.10937],[34.83118,46.10919]]]},"properties":{"firedate":"2026-09-30","area_ha":9.0,"country":"UA"}},{"type":"Feature","geometry":{"type":"Polygon","coordinates":[[[28.97325,45.25039],[28.97202,45.24893],[28.97137,45.24876],[28.97082,45.24949],[28.96899,45.24995],[28.96848,45.25124],[28.96999,45.25198],[28.97263,45.25213],[28.97291,45.2518],[28.9724,45.25086],[28.97325,45.25039]]]},"properties":{"firedate":"2026-09-30","area_ha":9.0,"country":"RO"}},{"type":"Feature","geometry":{"type":"Polygon","coordinates":[[[13.78898,37.44353],[13.79024,37.44504],[13.79044,37.44587],[13.79136,37.44642],[13.79204,37.44609],[13.79286,37.4465],[13.79325,37.44783],[13.79446,37.44724],[13.79314,37.44517],[13.79205,37.44465],[13.79057,37.44283],[13.78903,37.44315],[13.78898,37.44353]]]},"properties":{"firedate":"2026-09-30","area_ha":10.0,"country":"IT"}},{"type":"Feature","geometry":{"type":"Polygon","coordinates":[[[19.51812,40.41191],[19.51811,40.41243],[19.52128,40.41392],[19.52299,40.41399],[19.52435,40.41318],[19.52437,40.41232],[19.52346,40.41181],[19.51989,40.41206],[19.51871,40.4116],[19.51812,40.41191]]]},"properties":{"firedate":"2026-09-30","area_ha":10.0,"country":"AL"}},{"type":"Feature","geometry":{"type":"Polygon","coordinates":[[[20.49578,41.49993],[20.49732,41.50031],[20.49892,41.50124],[20.4982,41.50181],[20.49895,41.5024],[20.49807,41.50279],[20.49866,41.50352],[20.50122,41.50418],[20.50253,41.5037],[20.50215,41.50283],[20.49976,41.50265],[20.50013,41.50061],[20.4993,41.5005],[20.49873,41.49949],[20.49649,41.49913],[20.49578,41.49993]]]},"properties":{"firedate":"2026-09-30","area_ha":10.0,"country":"MK"}},{"type":"Feature","geometry":{"type":"Polygon","coordinates":[[[33.68779,46.24388],[33.69113,46.24386],[33.69111,46.24049],[33.68699,46.24052],[33.68708,46.24216],[33.68777,46.24308],[33.68779,46.24388]]]},"properties":{"firedate":"2026-09-30","area_ha":11.0,"country":"UA"}},{"type":"Feature","geometry":{"type":"Polygon","coordinates":[[[34.83017,46.10321],[34.82965,46.10256],[34.83099,46.10202],[34.83098,46.10167],[34.82971,46.10117],[34.83015,46.10073],[34.83135,46.10048],[34.8314,46.09999],[34.83077,46.09875],[34.82859,46.09813],[34.82805,46.09827],[34.82746,46.09934],[34.82793,46.09985],[34.82817,46.1012],[34.82715,46.1027],[34.82812,46.103],[34.82821,46.10339],[34.83017,46.10321]]]},"properties":{"firedate":"2026-09-30","area_ha":12.0,"country":"UA"}},{"type":"Feature","geometry":{"type":"Polygon","coordinates":[[[9.41073,36.935],[9.40935,36.93346],[9.40664,36.93369],[9.40488,36.93611],[9.40532,36.93675],[9.40737,36.93731],[9.40905,36.93555],[9.41073,36.935]]]},"properties":{"firedate":"2026-09-30","area_ha":13.0,"country":"TN"}},{"type":"Feature","geometry":{"type":"Polygon","coordinates":[[[9.49608,36.98715],[9.49591,36.98632],[9.49446,36.9858],[9.49377,36.98508],[9.49323,36.98511],[9.49239,36.98551],[9.49223,36.98578],[9.49253,36.98599],[9.49137,36.98655],[9.49092,36.98743],[9.48837,36.98948],[9.4882,36.99007],[9.48899,36.99015],[9.49231,36.9883],[9.49405,36.98832],[9.49608,36.98715]]]},"properties":{"firedate":"2026-09-30","area_ha":15.0,"country":"TN"}},{"type":"Feature","geometry":{"type":"Polygon","coordinates":[[[9.94665,37.12027],[9.94634,37.11975],[9.94522,37.11964],[9.94565,37.11845],[9.94543,37.11793],[9.94465,37.11801],[9.94418,37.11883],[9.94352,37.1191],[9.94238,37.11793],[9.93945,37.11917],[9.94006,37.12027],[9.93955,37.12101],[9.9398,37.1219],[9.94208,37.12085],[9.94388,37.12102],[9.94665,37.12027]]]},"properties":{"firedate":"2026-09-30","area_ha":16.0,"country":"TN"}},{"type":"Feature","geometry":{"type":"Polygon","coordinates":[[[19.52409,40.38791],[19.52353,40.3884],[19.52456,40.3906],[19.52224,40.39007],[19.52237,40.39133],[19.52127,40.39198],[19.52388,40.39234],[19.52503,40.39118],[19.52632,40.39086],[19.52659,40.39014],[19.52597,40.3895],[19.52551,40.38815],[19.52656,40.38757],[19.5265,40.38635],[19.52746,40.38572],[19.52743,40.38537],[19.5262,40.38487],[19.5253,40.38491],[19.52409,40.38791]]]},"properties":{"firedate":"2026-09-30","area_ha":16.0,"country":"AL"}},{"type":"Feature","geometry":{"type":"Polygon","coordinates":[[[22.48438,42.53108],[22.48588,42.52985],[22.48556,42.52925],[22.48502,42.52873],[22.48332,42.52822],[22.48279,42.52704],[22.48122,42.52799],[22.48118,42.52906],[22.47985,42.52967],[22.47947,42.53026],[22.48079,42.53197],[22.48438,42.53108]]]},"properties":{"firedate":"2026-09-30","area_ha":16.0,"country":"RS"}},{"type":"Feature","geometry":{"type":"Polygon","coordinates":[[[21.39367,42.41066],[21.39154,42.40895],[21.39061,42.40893],[21.38934,42.41036],[21.3888,42.41282],[21.38684,42.41468],[21.38861,42.41529],[21.39147,42.41396],[21.39215,42.41312],[21.39235,42.412],[21.39367,42.41066]]]},"properties":{"firedate":"2026-09-30","area_ha":18.0,"country":"KS"}},{"type":"Feature","geometry":{"type":"Polygon","coordinates":[[[27.14733,36.81508],[27.1487,36.81765],[27.14842,36.81852],[27.14923,36.81929],[27.15007,36.81912],[27.1503,36.81835],[27.15102,36.81847],[27.15259,36.81781],[27.15255,36.81723],[27.15159,36.81625],[27.151,36.81474],[27.15005,36.81519],[27.14986,36.81359],[27.14902,36.813],[27.14793,36.81328],[27.14733,36.81508]]]},"properties":{"firedate":"2026-09-30","area_ha":18.0,"country":"EL"}},{"type":"Feature","geometry":{"type":"Polygon","coordinates":[[[23.08855,44.84239],[23.08587,44.84049],[23.08527,44.83952],[23.08383,44.83916],[23.08237,44.83825],[23.07996,44.83748],[23.07853,44.838],[23.08144,44.84044],[23.08159,44.84135],[23.08532,44.84334],[23.08624,44.84335],[23.08855,44.84239]]]},"properties":{"firedate":"2026-09-30","area_ha":21.0,"country":"RO"}},{"type":"Feature","geometry":{"type":"Polygon","coordinates":[[[21.26932,42.3177],[21.26918,42.31808],[21.27013,42.31857],[21.26985,42.31898],[21.27043,42.31939],[21.27277,42.32012],[21.27522,42.31994],[21.27675,42.31873],[21.27578,42.31731],[21.27303,42.31729],[21.27206,42.31794],[21.27044,42.3176],[21.27093,42.31731],[21.27197,42.31772],[21.27249,42.31679],[21.27188,42.31603],[21.26888,42.31474],[21.26853,42.31724],[21.26932,42.3177]]]},"properties":{"firedate":"2026-09-30","area_ha":21.0,"country":"KS"}},{"type":"Feature","geometry":{"type":"Polygon","coordinates":[[[21.11367,47.96865],[21.11169,47.96989],[21.1124,47.97109],[21.11649,47.97265],[21.1202,47.97338],[21.12075,47.97315],[21.12018,47.97125],[21.11853,47.97072],[21.11659,47.96936],[21.11644,47.96821],[21.11418,47.96733],[21.11384,47.96752],[21.11367,47.96865]]]},"properties":{"firedate":"2026-09-30","area_ha":22.0,"country":"HU"}},{"type":"Feature","geometry":{"type":"Polygon","coordinates":[[[19.52239,40.39491],[19.52152,40.39506],[19.52229,40.39592],[19.52521,40.39645],[19.52501,40.39745],[19.5264,40.39857],[19.52354,40.39968],[19.52638,40.40032],[19.52731,40.40016],[19.52806,40.39957],[19.52927,40.39972],[19.53007,40.39896],[19.52992,40.39774],[19.5293,40.3979],[19.5292,40.39868],[19.52835,40.39867],[19.52699,40.39529],[19.52539,40.39515],[19.52496,40.39457],[19.52412,40.39446],[19.5225,40.39326],[19.52153,40.39337],[19.52077,40.39414],[19.52107,40.39464],[19.52222,40.3941],[19.52264,40.39436],[19.52239,40.39491]]]},"properties":{"firedate":"2026-09-30","area_ha":22.0,"country":"AL"}},{"type":"Feature","geometry":{"type":"Polygon","coordinates":[[[9.42965,36.92351],[9.42996,36.9224],[9.42827,36.92145],[9.42774,36.91894],[9.427,36.91792],[9.42641,36.91774],[9.42596,36.91811],[9.42532,36.92026],[9.42426,36.92149],[9.42425,36.92219],[9.42166,36.92525],[9.42235,36.92559],[9.42346,36.92539],[9.42654,36.92293],[9.42965,36.92351]]]},"properties":{"firedate":"2026-09-30","area_ha":23.0,"country":"TN"}},{"type":"Feature","geometry":{"type":"Polygon","coordinates":[[[22.18109,42.99473],[22.18262,42.99374],[22.18258,42.99249],[22.18218,42.99207],[22.17918,42.99161],[22.17733,42.9908],[22.17573,42.99092],[22.17557,42.9922],[22.17441,42.9923],[22.174,42.99318],[22.17464,42.99485],[22.17505,42.99506],[22.17551,42.9949],[22.17573,42.99419],[22.17735,42.99417],[22.17882,42.99481],[22.18109,42.99473]]]},"properties":{"firedate":"2026-09-30","area_ha":23.0,"country":"RS"}},{"type":"Feature","geometry":{"type":"Polygon","coordinates":[[[9.54526,36.99552],[9.54398,36.99407],[9.54512,36.99265],[9.54429,36.99176],[9.54313,36.99191],[9.54418,36.99258],[9.54371,36.9929],[9.53895,36.9917],[9.53699,36.99226],[9.53333,36.99223],[9.53282,36.99251],[9.53654,36.99368],[9.53834,36.99376],[9.53925,36.99445],[9.54171,36.99516],[9.54373,36.99618],[9.54526,36.99552]]]},"properties":{"firedate":"2026-09-30","area_ha":24.0,"country":"TN"}},{"type":"Feature","geometry":{"type":"Polygon","coordinates":[[[21.92713,43.11967],[21.92872,43.12014],[21.92859,43.1212],[21.92775,43.12242],[21.92739,43.12377],[21.92769,43.12393],[21.92816,43.12317],[21.92895,43.12294],[21.93061,43.12341],[21.93145,43.12274],[21.93162,43.12179],[21.93159,43.12106],[21.93067,43.11985],[21.93219,43.11836],[21.93219,43.1172],[21.93093,43.11656],[21.92622,43.11674],[21.92603,43.11902],[21.92713,43.11967]]]},"properties":{"firedate":"2026-09-30","area_ha":25.0,"country":"RS"}},{"type":"Feature","geometry":{"type":"Polygon","coordinates":[[[13.58759,37.52038],[13.58831,37.51865],[13.59044,37.51791],[13.59009,37.51743],[13.58837,37.51703],[13.5893,37.51474],[13.58938,37.5137],[13.58904,37.51341],[13.5871,37.51382],[13.5864,37.51491],[13.58516,37.51511],[13.58466,37.51557],[13.58535,37.51734],[13.58477,37.51857],[13.58498,37.5205],[13.58678,37.52077],[13.58759,37.52038]]]},"properties":{"firedate":"2026-09-30","area_ha":25.0,"country":"IT"}},{"type":"Feature","geometry":{"type":"Polygon","coordinates":[[[23.2217,44.97621],[23.22196,44.97548],[23.2214,44.9748],[23.22128,44.97266],[23.2199,44.97136],[23.21901,44.97163],[23.21824,44.97142],[23.21566,44.97273],[23.21545,44.97339],[23.21607,44.9745],[23.21539,44.97524],[23.21565,44.97556],[23.21626,44.97517],[23.21629,44.9758],[23.21698,44.97611],[23.21579,44.97779],[23.21635,44.97852],[23.21833,44.97701],[23.21985,44.97726],[23.22106,44.97623],[23.2217,44.97621]]]},"properties":{"firedate":"2026-09-30","area_ha":26.0,"country":"RO"}},{"type":"Feature","geometry":{"type":"MultiPolygon","coordinates":[[[[21.71474,45.11746],[21.71492,45.11647],[21.71364,45.11588],[21.71264,45.11464],[21.71108,45.1143],[21.70965,45.11289],[21.7087,45.11292],[21.7084,45.11209],[21.70637,45.11111],[21.70447,45.11057],[21.70391,45.11117],[21.70327,45.11074],[21.70197,45.11087],[21.7016,45.11159],[21.70354,45.11208],[21.70464,45.11319],[21.70429,45.11359],[21.70576,45.11389],[21.70531,45.11488],[21.70601,45.11548],[21.70448,45.11565],[21.7048,45.11659],[21.70854,45.11603],[21.70775,45.11566],[21.70909,45.11506],[21.70991,45.11577],[21.71156,45.11559],[21.7132,45.11645],[21.7139,45.11781],[21.71474,45.11746]]],[[[21.70865,45.11744],[21.71074,45.11753],[21.71133,45.11701],[21.71017,45.11675],[21.70865,45.11744]]]]},"properties":{"firedate":"2026-09-30","area_ha":29.0,"country":"RO"}},{"type":"Feature","geometry":{"type":"Polygon","coordinates":[[[21.558,44.56863],[21.55973,44.56688],[21.56118,44.56635],[21.56179,44.56659],[21.56321,44.56562],[21.56279,44.56475],[21.56359,44.56423],[21.56515,44.56488],[21.56697,44.56353],[21.56659,44.56316],[21.56731,44.56249],[21.56716,44.56205],[21.56585,44.56179],[21.56472,44.56243],[21.56547,44.56318],[21.56435,44.56303],[21.564,44.56207],[21.56222,44.56207],[21.56156,44.5627],[21.55756,44.5635],[21.55709,44.56447],[21.55743,44.56601],[21.5588,44.56475],[21.55925,44.56487],[21.55797,44.56673],[21.55606,44.56743],[21.55464,44.5669],[21.5563,44.56812],[21.55558,44.56926],[21.558,44.56863]]]},"properties":{"firedate":"2026-09-30","area_ha":30.0,"country":"RS"}},{"type":"Feature","geometry":{"type":"Polygon","coordinates":[[[21.36382,42.38715],[21.36275,42.38953],[21.36369,42.39084],[21.36595,42.39241],[21.36909,42.39356],[21.36964,42.39349],[21.36988,42.39289],[21.36958,42.3922],[21.37029,42.39126],[21.36906,42.38939],[21.36861,42.38765],[21.36613,42.38583],[21.36577,42.38614],[21.36614,42.38677],[21.36486,42.38761],[21.36435,42.38628],[21.36336,42.3856],[21.36271,42.38568],[21.36261,42.38618],[21.36382,42.38715]]]},"properties":{"firedate":"2026-09-30","area_ha":32.0,"country":"KS"}},{"type":"Feature","geometry":{"type":"Polygon","coordinates":[[[7.85456,36.30354],[7.85488,36.30219],[7.85597,36.30083],[7.85593,36.29988],[7.85763,36.29777],[7.85722,36.29612],[7.85632,36.2956],[7.85446,36.29603],[7.85442,36.29774],[7.85397,36.29859],[7.85338,36.2994],[7.85195,36.30006],[7.85062,36.3021],[7.85078,36.30277],[7.85228,36.30417],[7.8523,36.30486],[7.85147,36.30607],[7.85206,36.30648],[7.85258,36.30652],[7.85325,36.30577],[7.85456,36.30354]]]},"properties":{"firedate":"2026-09-30","area_ha":33.0,"country":"DZ"}},{"type":"Feature","geometry":{"type":"Polygon","coordinates":[[[9.355,37.1187],[9.35872,37.12224],[9.36181,37.12314],[9.3629,37.12307],[9.36542,37.12201],[9.37029,37.12231],[9.37087,37.12179],[9.36736,37.12019],[9.36485,37.1202],[9.36163,37.11916],[9.3611,37.11936],[9.36003,37.12083],[9.35925,37.12077],[9.35797,37.12029],[9.35663,37.11919],[9.35598,37.11792],[9.35337,37.11672],[9.35264,37.11778],[9.35298,37.11863],[9.35365,37.11898],[9.355,37.1187]]]},"properties":{"firedate":"2026-09-30","area_ha":35.0,"country":"TN"}},{"type":"Feature","geometry":{"type":"Polygon","coordinates":[[[12.99395,37.94244],[12.99375,37.94126],[12.9922,37.93963],[12.99274,37.93867],[12.99259,37.93825],[12.992,37.93816],[12.99168,37.93907],[12.99112,37.93893],[12.99099,37.93784],[12.99137,37.93687],[12.99028,37.93678],[12.98982,37.938],[12.98778,37.93818],[12.98595,37.93769],[12.98554,37.93792],[12.98512,37.9391],[12.98609,37.94169],[12.98743,37.94285],[12.98893,37.9434],[12.98945,37.94426],[12.98997,37.94431],[12.99148,37.94266],[12.99395,37.94244]]]},"properties":{"firedate":"2026-09-30","area_ha":37.0,"country":"IT"}},{"type":"Feature","geometry":{"type":"Polygon","coordinates":[[[15.8314,37.93119],[15.8309,37.9308],[15.83145,37.93041],[15.83113,37.92974],[15.82979,37.92958],[15.82943,37.93104],[15.83007,37.93229],[15.82963,37.93269],[15.82905,37.93146],[15.82785,37.93226],[15.82728,37.93193],[15.82793,37.93084],[15.82776,37.92997],[15.82639,37.93086],[15.82563,37.9302],[15.82341,37.92981],[15.82303,37.93074],[15.82377,37.93127],[15.82389,37.9319],[15.82259,37.93197],[15.82249,37.93231],[15.82285,37.93269],[15.8254,37.93346],[15.82753,37.93588],[15.82963,37.93694],[15.83001,37.93658],[15.82958,37.93571],[15.82973,37.93537],[15.83159,37.93524],[15.83314,37.93473],[15.83276,37.93268],[15.83138,37.93247],[15.8314,37.93119]]]},"properties":{"firedate":"2026-09-30","area_ha":38.0,"country":"IT"}},{"type":"Feature","geometry":{"type":"Polygon","coordinates":[[[21.38722,45.104],[21.38607,45.10444],[21.38477,45.10439],[21.38294,45.10577],[21.38427,45.10685],[21.38544,45.10852],[21.38523,45.10887],[21.38366,45.10925],[21.38369,45.10961],[21.38588,45.11074],[21.3866,45.11169],[21.38631,45.11198],[21.38365,45.11157],[21.38395,45.11259],[21.38508,45.11326],[21.38375,45.11346],[21.38353,45.11378],[21.38468,45.1146],[21.38425,45.11534],[21.38508,45.11582],[21.38972,45.11218],[21.3892,45.11044],[21.38982,45.10892],[21.38996,45.10746],[21.38903,45.10684],[21.389,45.10643],[21.38993,45.10545],[21.39002,45.10486],[21.38882,45.10304],[21.38772,45.10318],[21.38722,45.104]]]},"properties":{"firedate":"2026-09-30","area_ha":47.0,"country":"RS"}},{"type":"Feature","geometry":{"type":"Polygon","coordinates":[[[31.41522,46.63316],[31.41692,46.63215],[31.41625,46.63157],[31.41621,46.63123],[31.41689,46.63077],[31.41653,46.62991],[31.41555,46.62998],[31.41445,46.62916],[31.41334,46.62885],[31.40932,46.62869],[31.40819,46.62818],[31.40607,46.62861],[31.40647,46.63061],[31.40627,46.63086],[31.40524,46.63079],[31.4044,46.63116],[31.40435,46.63225],[31.40222,46.63238],[31.40204,46.63322],[31.40442,46.63326],[31.40573,46.63369],[31.40815,46.63355],[31.40989,46.63301],[31.41104,46.63312],[31.4104,46.63373],[31.4061,46.63425],[31.40631,46.63466],[31.40776,46.63509],[31.41522,46.63316]]]},"properties":{"firedate":"2026-09-30","area_ha":50.0,"country":"UA"}},{"type":"Feature","geometry":{"type":"Polygon","coordinates":[[[14.98679,37.21572],[14.98479,37.21747],[14.98507,37.21811],[14.9862,37.21862],[14.98612,37.21898],[14.98438,37.22012],[14.98549,37.22063],[14.98731,37.22052],[14.9881,37.22081],[14.98994,37.21979],[14.9917,37.21973],[14.99335,37.21832],[14.99438,37.21809],[14.99449,37.21674],[14.99741,37.21603],[14.99707,37.21568],[14.99603,37.21565],[14.99575,37.21437],[14.99458,37.21403],[14.9863,37.21422],[14.98593,37.21519],[14.98679,37.21572]]]},"properties":{"firedate":"2026-09-30","area_ha":53.0,"country":"IT"}},{"type":"Feature","geometry":{"type":"Polygon","coordinates":[[[30.1835,38.41413],[30.18409,38.41333],[30.18708,38.41258],[30.18905,38.41089],[30.18707,38.4105],[30.18681,38.41183],[30.18568,38.41221],[30.1835,38.41047],[30.18065,38.40949],[30.17756,38.40924],[30.17403,38.40782],[30.17307,38.40812],[30.17373,38.41091],[30.17501,38.41252],[30.17571,38.41422],[30.17836,38.41529],[30.1835,38.41413]]]},"properties":{"firedate":"2026-09-30","area_ha":57.0,"country":"TR"}},{"type":"Feature","geometry":{"type":"Polygon","coordinates":[[[23.22868,44.6784],[23.22752,44.67903],[23.22719,44.67977],[23.2252,44.67982],[23.22489,44.68047],[23.22558,44.68191],[23.22705,44.68292],[23.2274,44.68359],[23.22799,44.68368],[23.22826,44.68265],[23.22729,44.68069],[23.22868,44.68002],[23.23097,44.67975],[23.2315,44.68023],[23.23174,44.68118],[23.22994,44.68093],[23.22962,44.68101],[23.22967,44.68134],[23.232,44.68202],[23.23413,44.68201],[23.23469,44.68319],[23.23474,44.68435],[23.23674,44.68411],[23.23691,44.68457],[23.23561,44.68582],[23.23581,44.6863],[23.23667,44.68638],[23.23723,44.68791],[23.24005,44.68758],[23.23982,44.68642],[23.24003,44.68595],[23.24077,44.68592],[23.24157,44.68647],[23.24327,44.68614],[23.24419,44.68509],[23.24317,44.68449],[23.24328,44.68425],[23.24432,44.68473],[23.24516,44.68413],[23.24495,44.68337],[23.2438,44.68291],[23.24389,44.68224],[23.24271,44.68259],[23.24183,44.68221],[23.24083,44.6824],[23.24021,44.68185],[23.23946,44.68218],[23.23823,44.68184],[23.23777,44.68145],[23.2383,44.68073],[23.23696,44.67973],[23.23655,44.67975],[23.23658,44.68035],[23.23619,44.68049],[23.23402,44.67921],[23.23283,44.67962],[23.23171,44.6791],[23.22967,44.67702],[23.22833,44.67704],[23.22888,44.67784],[23.22868,44.6784]]]},"properties":{"firedate":"2026-09-30","area_ha":64.0,"country":"RO"}},{"type":"Feature","geometry":{"type":"Polygon","coordinates":[[[7.84188,36.30001],[7.84386,36.29922],[7.84426,36.29847],[7.84664,36.29754],[7.847,36.29691],[7.84692,36.29532],[7.84826,36.29424],[7.84929,36.29278],[7.84804,36.29249],[7.84551,36.29061],[7.8446,36.28922],[7.84384,36.28939],[7.84384,36.29013],[7.84288,36.2907],[7.83957,36.29429],[7.83975,36.29492],[7.84181,36.29674],[7.84162,36.2978],[7.84069,36.29787],[7.84009,36.29595],[7.83913,36.29573],[7.8387,36.29736],[7.83765,36.29858],[7.83878,36.30029],[7.83977,36.30064],[7.84025,36.29958],[7.84188,36.30001]]]},"properties":{"firedate":"2026-09-30","area_ha":64.0,"country":"DZ"}},{"type":"Feature","geometry":{"type":"Polygon","coordinates":[[[16.81305,40.68546],[16.80915,40.68913],[16.80679,40.68962],[16.80663,40.69045],[16.80913,40.69062],[16.81102,40.69245],[16.81968,40.69354],[16.8222,40.6943],[16.82258,40.69411],[16.82342,40.69148],[16.82145,40.68981],[16.8224,40.68851],[16.82146,40.68767],[16.8212,40.68568],[16.82039,40.68546],[16.81932,40.68662],[16.81713,40.68804],[16.81522,40.68662],[16.81439,40.68559],[16.81305,40.68546]]]},"properties":{"firedate":"2026-09-30","area_ha":81.0,"country":"IT"}},{"type":"Feature","geometry":{"type":"Polygon","coordinates":[[[21.37927,42.39366],[21.37809,42.39391],[21.37758,42.3948],[21.37643,42.39511],[21.37713,42.39597],[21.37722,42.39695],[21.37621,42.39761],[21.37624,42.39814],[21.37523,42.39803],[21.37505,42.39739],[21.37445,42.39706],[21.37404,42.39728],[21.37456,42.39776],[21.37311,42.39762],[21.37282,42.39801],[21.3755,42.39957],[21.3769,42.39957],[21.37819,42.40031],[21.3796,42.40037],[21.37981,42.40081],[21.37925,42.40131],[21.37938,42.40165],[21.38294,42.4042],[21.38553,42.40486],[21.38813,42.40458],[21.38876,42.40381],[21.38806,42.40278],[21.38838,42.40175],[21.38722,42.40035],[21.38703,42.39933],[21.38791,42.3985],[21.3881,42.39777],[21.38709,42.3972],[21.38799,42.39673],[21.38812,42.39627],[21.38784,42.39603],[21.38644,42.39612],[21.38622,42.39667],[21.38551,42.39697],[21.38571,42.39746],[21.38462,42.39771],[21.38414,42.39686],[21.38463,42.39552],[21.38581,42.39509],[21.38639,42.39449],[21.38674,42.3933],[21.38559,42.39308],[21.38536,42.39185],[21.38361,42.39185],[21.38388,42.39066],[21.38259,42.3916],[21.38239,42.39287],[21.38079,42.39272],[21.38046,42.39199],[21.38211,42.38978],[21.38191,42.38946],[21.37968,42.39169],[21.37902,42.39292],[21.37927,42.39366]]]},"properties":{"firedate":"2026-09-30","area_ha":103.0,"country":"KS"}},{"type":"Feature","geometry":{"type":"Polygon","coordinates":[[[36.36747,45.38041],[36.37047,45.38077],[36.37244,45.38149],[36.37472,45.3816],[36.37866,45.38299],[36.38158,45.3819],[36.38272,45.38017],[36.38264,45.37946],[36.38089,45.37821],[36.37792,45.37747],[36.37408,45.37587],[36.37079,45.37185],[36.36957,45.37099],[36.3674,45.3705],[36.36362,45.37166],[36.36182,45.37489],[36.36431,45.37797],[36.36503,45.3795],[36.36747,45.38041]]]},"properties":{"firedate":"2026-09-30","area_ha":116.0,"country":"UA"}},{"type":"Feature","geometry":{"type":"Polygon","coordinates":[[[19.69974,40.3314],[19.70104,40.33213],[19.702,40.33146],[19.70208,40.33094],[19.7011,40.32957],[19.70233,40.32762],[19.70267,40.32602],[19.70245,40.32505],[19.69952,40.32316],[19.69768,40.3237],[19.6965,40.32363],[19.69453,40.32431],[19.69456,40.32464],[19.69624,40.325],[19.69704,40.32557],[19.69616,40.32648],[19.69676,40.32725],[19.69674,40.32815],[19.69618,40.32854],[19.69675,40.32901],[19.69616,40.32955],[19.69507,40.32959],[19.69469,40.32886],[19.69351,40.32807],[19.69378,40.32723],[19.69507,40.32608],[19.69491,40.32587],[19.69336,40.32574],[19.69222,40.32635],[19.68801,40.32648],[19.68754,40.32676],[19.68761,40.32727],[19.68842,40.32817],[19.68687,40.32829],[19.68409,40.32967],[19.68367,40.33202],[19.68429,40.3325],[19.68531,40.33245],[19.68616,40.33328],[19.68715,40.3336],[19.68767,40.33328],[19.68762,40.3313],[19.68874,40.33123],[19.68938,40.33208],[19.68912,40.33316],[19.69013,40.33485],[19.69329,40.33375],[19.69419,40.33376],[19.69438,40.33425],[19.69329,40.33649],[19.69421,40.33721],[19.69472,40.33857],[19.69568,40.33887],[19.69749,40.33801],[19.70011,40.3379],[19.70418,40.33641],[19.70397,40.33599],[19.70219,40.33625],[19.70061,40.33558],[19.69939,40.33568],[19.69921,40.33535],[19.69957,40.33449],[19.69885,40.33447],[19.69818,40.33504],[19.697,40.33408],[19.69763,40.33282],[19.69974,40.3314]]]},"properties":{"firedate":"2026-09-30","area_ha":142.0,"country":"AL"}},{"type":"Feature","geometry":{"type":"Polygon","coordinates":[[[22.80617,44.5079],[22.80115,44.51138],[22.79918,44.5123],[22.79616,44.51271],[22.79419,44.51411],[22.79128,44.51525],[22.79078,44.51646],[22.79014,44.51706],[22.79028,44.51767],[22.78992,44.51821],[22.7877,44.51903],[22.78797,44.51998],[22.78889,44.52067],[22.78891,44.52123],[22.78493,44.52164],[22.78386,44.52204],[22.78342,44.52263],[22.78354,44.52313],[22.78541,44.52484],[22.78412,44.52527],[22.78246,44.52491],[22.78168,44.52509],[22.78085,44.52603],[22.78101,44.52721],[22.78154,44.52743],[22.78566,44.527],[22.78878,44.52835],[22.78988,44.52989],[22.7876,44.53133],[22.78903,44.53165],[22.79382,44.52984],[22.796,44.52809],[22.79794,44.5275],[22.79945,44.52661],[22.80145,44.52625],[22.80524,44.52431],[22.80879,44.52404],[22.80884,44.52213],[22.8095,44.52058],[22.81159,44.51935],[22.81441,44.51511],[22.81289,44.514],[22.81002,44.5147],[22.80942,44.51455],[22.80773,44.51286],[22.80798,44.51207],[22.80887,44.51141],[22.80861,44.51111],[22.80368,44.51061],[22.81007,44.50868],[22.81163,44.50767],[22.812,44.50706],[22.81187,44.50643],[22.81119,44.50578],[22.8098,44.50599],[22.80842,44.50737],[22.80617,44.5079]]]},"properties":{"firedate":"2026-09-30","area_ha":324.0,"country":"RO"}},{"type":"Feature","geometry":{"type":"Polygon","coordinates":[[[15.38341,40.16352],[15.38283,40.16328],[15.38249,40.16365],[15.38337,40.16399],[15.38341,40.16352]]]},"properties":{"firedate":"2026-10-01","area_ha":0.0,"country":"IT"}},{"type":"Feature","geometry":{"type":"Polygon","coordinates":[[[19.96422,41.6308],[19.96417,41.63012],[19.96318,41.63055],[19.96366,41.63126],[19.96422,41.6308]]]},"properties":{"firedate":"2026-10-01","area_ha":1.0,"country":"AL"}},{"type":"Feature","geometry":{"type":"Polygon","coordinates":[[[14.93499,40.92385],[14.93511,40.92332],[14.93436,40.92369],[14.93412,40.9233],[14.93286,40.92359],[14.93369,40.92393],[14.93499,40.92385]]]},"properties":{"firedate":"2026-10-01","area_ha":1.0,"country":"IT"}},{"type":"Feature","geometry":{"type":"Polygon","coordinates":[[[14.93175,40.92121],[14.93183,40.92037],[14.93111,40.9205],[14.93068,40.92114],[14.93119,40.92181],[14.93175,40.92121]]]},"properties":{"firedate":"2026-10-01","area_ha":1.0,"country":"IT"}},{"type":"Feature","geometry":{"type":"Polygon","coordinates":[[[19.58261,40.37411],[19.58468,40.37162],[19.58584,40.37082],[19.58494,40.37067],[19.5833,40.37105],[19.58323,40.37128],[19.58397,40.3712],[19.58419,40.37156],[19.58256,40.37329],[19.58261,40.37411]]]},"properties":{"firedate":"2026-10-01","area_ha":2.0,"country":"AL"}},{"type":"Feature","geometry":{"type":"Polygon","coordinates":[[[19.61418,40.34193],[19.61424,40.34164],[19.61256,40.34121],[19.612,40.34066],[19.61159,40.34084],[19.61169,40.34223],[19.61418,40.34193]]]},"properties":{"firedate":"2026-10-01","area_ha":2.0,"country":"AL"}},{"type":"Feature","geometry":{"type":"Polygon","coordinates":[[[19.61785,40.34002],[19.61737,40.3395],[19.6174,40.33904],[19.61706,40.33898],[19.61641,40.34062],[19.61749,40.34087],[19.61785,40.34002]]]},"properties":{"firedate":"2026-10-01","area_ha":2.0,"country":"AL"}},{"type":"Feature","geometry":{"type":"Polygon","coordinates":[[[15.48606,38.08688],[15.48589,38.08651],[15.48483,38.08634],[15.48439,38.08711],[15.48537,38.08779],[15.48606,38.08688]]]},"properties":{"firedate":"2026-10-01","area_ha":2.0,"country":"IT"}},{"type":"Feature","geometry":{"type":"Polygon","coordinates":[[[14.48002,40.63739],[14.48152,40.63665],[14.47887,40.63612],[14.4784,40.63691],[14.48002,40.63739]]]},"properties":{"firedate":"2026-10-01","area_ha":2.0,"country":"IT"}},{"type":"Feature","geometry":{"type":"Polygon","coordinates":[[[14.94231,40.49046],[14.94019,40.48882],[14.93895,40.48893],[14.94066,40.49045],[14.94214,40.49089],[14.94231,40.49046]]]},"properties":{"firedate":"2026-10-01","area_ha":3.0,"country":"IT"}},{"type":"Feature","geometry":{"type":"Polygon","coordinates":[[[16.71227,40.77322],[16.70937,40.77284],[16.70937,40.7733],[16.70873,40.77358],[16.71195,40.77419],[16.71227,40.77322]]]},"properties":{"firedate":"2026-10-01","area_ha":3.0,"country":"IT"}},{"type":"Feature","geometry":{"type":"Polygon","coordinates":[[[14.87334,40.76653],[14.87404,40.76488],[14.87457,40.76453],[14.87382,40.76417],[14.87292,40.76501],[14.87201,40.76508],[14.8715,40.76572],[14.87334,40.76653]]]},"properties":{"firedate":"2026-10-01","area_ha":3.0,"country":"IT"}},{"type":"Feature","geometry":{"type":"Polygon","coordinates":[[[13.48613,41.40816],[13.48595,41.40771],[13.48366,41.40726],[13.48288,41.40756],[13.48255,41.40819],[13.48406,41.40963],[13.48447,41.40951],[13.48473,41.40862],[13.48613,41.40816]]]},"properties":{"firedate":"2026-10-01","area_ha":5.0,"country":"IT"}},{"type":"Feature","geometry":{"type":"Polygon","coordinates":[[[9.45742,37.12861],[9.45906,37.12683],[9.45787,37.12623],[9.45611,37.12722],[9.45585,37.12777],[9.45662,37.12888],[9.45742,37.12861]]]},"properties":{"firedate":"2026-10-01","area_ha":5.0,"country":"TN"}},{"type":"Feature","geometry":{"type":"Polygon","coordinates":[[[25.30585,41.60307],[25.30697,41.60305],[25.30801,41.60039],[25.30688,41.60031],[25.30608,41.60185],[25.30475,41.60164],[25.3049,41.60241],[25.30585,41.60307]]]},"properties":{"firedate":"2026-10-01","area_ha":5.0,"country":"BG"}},{"type":"Feature","geometry":{"type":"Polygon","coordinates":[[[15.82412,39.97196],[15.8246,39.97106],[15.82529,39.97093],[15.82626,39.97144],[15.82752,39.97131],[15.826,39.97032],[15.82434,39.9705],[15.82333,39.96997],[15.82237,39.97004],[15.82192,39.97085],[15.82263,39.97194],[15.82342,39.97169],[15.82412,39.97196]]]},"properties":{"firedate":"2026-10-01","area_ha":6.0,"country":"IT"}},{"type":"Feature","geometry":{"type":"Polygon","coordinates":[[[14.99285,40.86016],[14.99369,40.85724],[14.99306,40.85672],[14.99294,40.85604],[14.99224,40.85596],[14.992,40.85678],[14.9907,40.85686],[14.99091,40.85712],[14.99239,40.85717],[14.99198,40.85828],[14.99089,40.85896],[14.99148,40.8598],[14.99182,40.85991],[14.99214,40.85944],[14.99285,40.86016]]]},"properties":{"firedate":"2026-10-01","area_ha":6.0,"country":"IT"}},{"type":"Feature","geometry":{"type":"Polygon","coordinates":[[[17.40646,43.36333],[17.4098,43.36276],[17.41026,43.36192],[17.40985,43.36171],[17.40859,43.3623],[17.40718,43.36235],[17.40648,43.36293],[17.40495,43.36205],[17.40308,43.36194],[17.40204,43.36256],[17.40181,43.36333],[17.4053,43.3628],[17.40646,43.36333]]]},"properties":{"firedate":"2026-10-01","area_ha":6.0,"country":"BA"}},{"type":"Feature","geometry":{"type":"Polygon","coordinates":[[[38.99952,49.45391],[38.99959,49.45313],[39.00015,49.45293],[39.00004,49.45214],[38.99879,49.45162],[38.99823,49.45101],[38.99857,49.45056],[38.99825,49.45025],[38.99769,49.45007],[38.99691,49.45039],[38.99726,49.45114],[38.99628,49.45112],[38.99595,49.45219],[38.99724,49.45248],[38.99863,49.45422],[38.99952,49.45391]]]},"properties":{"firedate":"2026-10-01","area_ha":7.0,"country":"UA"}},{"type":"Feature","geometry":{"type":"Polygon","coordinates":[[[15.82765,39.96219],[15.83089,39.96117],[15.83203,39.96019],[15.83152,39.95904],[15.83089,39.95902],[15.83048,39.95996],[15.82772,39.96041],[15.82656,39.96164],[15.82765,39.96219]]]},"properties":{"firedate":"2026-10-01","area_ha":7.0,"country":"IT"}},{"type":"Feature","geometry":{"type":"Polygon","coordinates":[[[15.24188,41.22526],[15.24292,41.22562],[15.24271,41.22682],[15.24234,41.22761],[15.24127,41.22798],[15.24316,41.22871],[15.24371,41.22811],[15.24458,41.22539],[15.24275,41.22373],[15.24198,41.22355],[15.24145,41.22426],[15.24241,41.22467],[15.24188,41.22526]]]},"properties":{"firedate":"2026-10-01","area_ha":8.0,"country":"IT"}},{"type":"Feature","geometry":{"type":"Polygon","coordinates":[[[15.27015,41.11985],[15.27011,41.12043],[15.27211,41.12115],[15.2736,41.12123],[15.2729,41.12392],[15.27435,41.12421],[15.27493,41.1219],[15.2732,41.1198],[15.27089,41.1194],[15.27015,41.11985]]]},"properties":{"firedate":"2026-10-01","area_ha":9.0,"country":"IT"}},{"type":"Feature","geometry":{"type":"Polygon","coordinates":[[[9.22061,36.9989],[9.22205,36.99807],[9.2215,36.99721],[9.21866,36.99687],[9.2176,36.99504],[9.21693,36.99466],[9.21622,36.99487],[9.21628,36.99638],[9.21569,36.99733],[9.21813,36.99767],[9.22061,36.9989]]]},"properties":{"firedate":"2026-10-01","area_ha":10.0,"country":"TN"}},{"type":"Feature","geometry":{"type":"Polygon","coordinates":[[[16.1169,38.09273],[16.1179,38.09282],[16.11765,38.0924],[16.1178,38.09099],[16.11737,38.09042],[16.11814,38.09008],[16.11807,38.08962],[16.11737,38.08917],[16.11701,38.08828],[16.11588,38.08895],[16.11431,38.08893],[16.11427,38.08948],[16.11508,38.09025],[16.11495,38.09194],[16.11646,38.0933],[16.11688,38.09315],[16.1169,38.09273]]]},"properties":{"firedate":"2026-10-01","area_ha":12.0,"country":"IT"}},{"type":"Feature","geometry":{"type":"Polygon","coordinates":[[[13.73362,37.22123],[13.73375,37.22021],[13.73325,37.21982],[13.73114,37.22033],[13.72842,37.22006],[13.727,37.22127],[13.7272,37.22197],[13.72868,37.22127],[13.72888,37.22175],[13.72977,37.22225],[13.7318,37.22264],[13.73287,37.22236],[13.73362,37.22123]]]},"properties":{"firedate":"2026-10-01","area_ha":13.0,"country":"IT"}},{"type":"Feature","geometry":{"type":"Polygon","coordinates":[[[13.42133,41.44327],[13.41567,41.44093],[13.41521,41.44123],[13.4152,41.44199],[13.41446,41.44303],[13.42054,41.44472],[13.42128,41.44458],[13.42161,41.44403],[13.42133,41.44327]]]},"properties":{"firedate":"2026-10-01","area_ha":13.0,"country":"IT"}},{"type":"Feature","geometry":{"type":"Polygon","coordinates":[[[13.89899,41.44386],[13.89973,41.4421],[13.89678,41.4405],[13.89573,41.44057],[13.89587,41.4415],[13.89504,41.44256],[13.89484,41.44372],[13.89774,41.44512],[13.89899,41.44386]]]},"properties":{"firedate":"2026-10-01","area_ha":13.0,"country":"IT"}},{"type":"Feature","geometry":{"type":"Polygon","coordinates":[[[21.07633,42.84144],[21.07631,42.84082],[21.07521,42.83941],[21.07441,42.83956],[21.07197,42.83897],[21.07089,42.83914],[21.0701,42.83989],[21.07295,42.84217],[21.07493,42.84298],[21.07545,42.84288],[21.07633,42.84144]]]},"properties":{"firedate":"2026-10-01","area_ha":14.0,"country":"KS"}},{"type":"Feature","geometry":{"type":"Polygon","coordinates":[[[18.27852,42.83323],[18.2785,42.83443],[18.27989,42.83546],[18.28276,42.8339],[18.28288,42.83296],[18.28175,42.83222],[18.28285,42.83171],[18.28279,42.83091],[18.2803,42.83038],[18.27995,42.83116],[18.27878,42.83223],[18.27852,42.83323]]]},"properties":{"firedate":"2026-10-01","area_ha":14.0,"country":"BA"}},{"type":"Feature","geometry":{"type":"Polygon","coordinates":[[[15.57347,40.92518],[15.57301,40.92573],[15.57076,40.92669],[15.57064,40.92718],[15.57099,40.92735],[15.57329,40.92652],[15.57429,40.92511],[15.5773,40.9235],[15.57714,40.92275],[15.57429,40.92186],[15.57245,40.92304],[15.57132,40.92322],[15.57055,40.92254],[15.56947,40.92234],[15.56976,40.92293],[15.57347,40.92518]]]},"properties":{"firedate":"2026-10-01","area_ha":15.0,"country":"IT"}},{"type":"Feature","geometry":{"type":"Polygon","coordinates":[[[20.57653,41.42963],[20.57608,41.42905],[20.57482,41.42884],[20.57229,41.42994],[20.5715,41.42987],[20.5715,41.42933],[20.57249,41.42874],[20.57316,41.42721],[20.57272,41.42679],[20.57151,41.42752],[20.5706,41.42915],[20.56905,41.42805],[20.56837,41.42829],[20.56807,41.42899],[20.56807,41.42973],[20.5687,41.43026],[20.57239,41.43053],[20.5733,41.43142],[20.57641,41.43031],[20.57653,41.42963]]]},"properties":{"firedate":"2026-10-01","area_ha":15.0,"country":"MK"}},{"type":"Feature","geometry":{"type":"Polygon","coordinates":[[[9.12676,36.92207],[9.1265,36.91553],[9.12454,36.91466],[9.12329,36.915],[9.12359,36.91691],[9.12556,36.91932],[9.12506,36.92019],[9.12544,36.92133],[9.12403,36.9213],[9.12454,36.92275],[9.12581,36.92282],[9.12676,36.92207]]]},"properties":{"firedate":"2026-10-01","area_ha":17.0,"country":"TN"}},{"type":"Feature","geometry":{"type":"Polygon","coordinates":[[[27.67366,38.11905],[27.67388,38.11671],[27.67271,38.1154],[27.67086,38.11468],[27.66789,38.11472],[27.66785,38.11545],[27.66885,38.11711],[27.66989,38.11728],[27.67072,38.11808],[27.67306,38.11907],[27.67366,38.11905]]]},"properties":{"firedate":"2026-10-01","area_ha":17.0,"country":"TR"}},{"type":"Feature","geometry":{"type":"Polygon","coordinates":[[[36.25513,48.6635],[36.25377,48.66158],[36.25083,48.65988],[36.24731,48.65908],[36.24625,48.66098],[36.24691,48.66167],[36.25345,48.66428],[36.25513,48.6635]]]},"properties":{"firedate":"2026-10-01","area_ha":19.0,"country":"UA"}},{"type":"Feature","geometry":{"type":"Polygon","coordinates":[[[19.58943,40.37558],[19.58937,40.37364],[19.58827,40.3734],[19.58532,40.37424],[19.58406,40.3753],[19.5821,40.37609],[19.58239,40.37677],[19.58353,40.37765],[19.58571,40.37771],[19.58791,40.37697],[19.58943,40.37558]]]},"properties":{"firedate":"2026-10-01","area_ha":20.0,"country":"AL"}},{"type":"Feature","geometry":{"type":"Polygon","coordinates":[[[14.84093,40.84599],[14.84271,40.8448],[14.84261,40.84421],[14.84189,40.84357],[14.84208,40.84288],[14.8411,40.84269],[14.84059,40.8433],[14.84044,40.84219],[14.83917,40.84227],[14.83835,40.84264],[14.83755,40.84408],[14.83634,40.84436],[14.83556,40.84497],[14.83523,40.84626],[14.83356,40.8461],[14.83314,40.84644],[14.83314,40.84704],[14.83473,40.84744],[14.8358,40.84691],[14.84093,40.84599]]]},"properties":{"firedate":"2026-10-01","area_ha":22.0,"country":"IT"}},{"type":"Feature","geometry":{"type":"Polygon","coordinates":[[[9.54124,37.1648],[9.54194,37.16321],[9.54331,37.1633],[9.54379,37.16254],[9.54463,37.16224],[9.54845,37.16181],[9.54855,37.16096],[9.54812,37.1605],[9.54613,37.16152],[9.54503,37.16177],[9.54466,37.16154],[9.54401,37.1595],[9.54623,37.1582],[9.54672,37.1573],[9.54605,37.15717],[9.5431,37.15803],[9.54223,37.15992],[9.54057,37.16084],[9.54019,37.16172],[9.54055,37.16293],[9.5392,37.16401],[9.54124,37.1648]]]},"properties":{"firedate":"2026-10-01","area_ha":24.0,"country":"TN"}},{"type":"Feature","geometry":{"type":"Polygon","coordinates":[[[13.91303,40.71038],[13.91347,40.71097],[13.91354,40.71029],[13.9125,40.70986],[13.91342,40.70968],[13.91127,40.70875],[13.91276,40.70717],[13.91424,40.70795],[13.91444,40.70757],[13.91347,40.70718],[13.91304,40.70646],[13.91198,40.70629],[13.91172,40.70441],[13.91041,40.70455],[13.9098,40.70396],[13.90945,40.70495],[13.9099,40.7055],[13.90964,40.70587],[13.90885,40.70504],[13.90928,40.70463],[13.90927,40.70313],[13.9082,40.70307],[13.90817,40.70364],[13.90721,40.70379],[13.90742,40.70583],[13.90693,40.70713],[13.90719,40.70768],[13.91002,40.70964],[13.91303,40.71038]]]},"properties":{"firedate":"2026-10-01","area_ha":25.0,"country":"IT"}},{"type":"Feature","geometry":{"type":"Polygon","coordinates":[[[15.57332,40.9185],[15.57245,40.91827],[15.56875,40.91936],[15.5684,40.91817],[15.56559,40.91792],[15.56519,40.9184],[15.5654,40.91954],[15.56374,40.9201],[15.56289,40.92129],[15.56336,40.92239],[15.56335,40.92376],[15.56569,40.92279],[15.56813,40.92126],[15.57142,40.92087],[15.57195,40.9196],[15.57332,40.9185]]]},"properties":{"firedate":"2026-10-01","area_ha":26.0,"country":"IT"}},{"type":"Feature","geometry":{"type":"Polygon","coordinates":[[[9.12229,36.91092],[9.12188,36.91024],[9.11958,36.90938],[9.11907,36.90741],[9.11814,36.90673],[9.11408,36.90765],[9.11617,36.90938],[9.11649,36.91082],[9.11776,36.91303],[9.11967,36.91501],[9.1205,36.91474],[9.12037,36.91346],[9.12198,36.91223],[9.12229,36.91092]],[[9.11919,36.91039],[9.11829,36.91116],[9.11714,36.91013],[9.119,36.90983],[9.11919,36.91039]]]},"properties":{"firedate":"2026-10-01","area_ha":30.0,"country":"TN"}},{"type":"Feature","geometry":{"type":"Polygon","coordinates":[[[20.34321,41.61736],[20.34516,41.61746],[20.34666,41.61676],[20.34786,41.61535],[20.34774,41.61304],[20.34549,41.61256],[20.34434,41.61307],[20.34181,41.61316],[20.33761,41.61252],[20.33554,41.60988],[20.3327,41.61085],[20.33299,41.61121],[20.3361,41.61174],[20.3375,41.61303],[20.33784,41.6139],[20.33986,41.61367],[20.34106,41.61429],[20.34321,41.61736]]]},"properties":{"firedate":"2026-10-01","area_ha":32.0,"country":"AL"}},{"type":"Feature","geometry":{"type":"Polygon","coordinates":[[[9.53465,37.15932],[9.53521,37.15835],[9.53466,37.15779],[9.53355,37.15823],[9.53022,37.15767],[9.52753,37.15807],[9.52546,37.1591],[9.52474,37.16035],[9.52341,37.1614],[9.5233,37.16219],[9.52516,37.16254],[9.53027,37.16144],[9.53167,37.16023],[9.53465,37.15932]]]},"properties":{"firedate":"2026-10-01","area_ha":32.0,"country":"TN"}},{"type":"Feature","geometry":{"type":"Polygon","coordinates":[[[13.4672,41.3676],[13.46808,41.36986],[13.46933,41.37126],[13.46918,41.37202],[13.47067,41.37339],[13.47223,41.3734],[13.47248,41.37263],[13.47438,41.37326],[13.47437,41.37206],[13.47379,41.37134],[13.47463,41.37149],[13.47533,41.37091],[13.47407,41.37022],[13.47371,41.36954],[13.47439,41.36958],[13.47572,41.3704],[13.47627,41.36986],[13.47614,41.36933],[13.4751,41.36853],[13.47265,41.36795],[13.47155,41.36821],[13.47127,41.36756],[13.47032,41.3676],[13.46963,41.36664],[13.46904,41.36643],[13.46718,41.36671],[13.4672,41.3676]]]},"properties":{"firedate":"2026-10-01","area_ha":34.0,"country":"IT"}},{"type":"Feature","geometry":{"type":"Polygon","coordinates":[[[17.0375,39.25099],[17.03983,39.24981],[17.04208,39.24977],[17.04271,39.24891],[17.04319,39.24912],[17.04345,39.24989],[17.04464,39.24969],[17.04445,39.2476],[17.04483,39.24748],[17.04502,39.24602],[17.04419,39.24429],[17.04319,39.24469],[17.04389,39.24589],[17.04362,39.24623],[17.04176,39.24547],[17.04017,39.24674],[17.03759,39.24748],[17.03451,39.24734],[17.03452,39.24846],[17.03341,39.24965],[17.03354,39.25007],[17.03404,39.25018],[17.0356,39.24906],[17.0375,39.25099]]]},"properties":{"firedate":"2026-10-01","area_ha":34.0,"country":"IT"}},{"type":"Feature","geometry":{"type":"Polygon","coordinates":[[[19.56785,40.62503],[19.56575,40.62587],[19.56561,40.62647],[19.56631,40.62733],[19.56635,40.62795],[19.56564,40.62853],[19.56556,40.62952],[19.56484,40.63008],[19.56434,40.63253],[19.56329,40.63394],[19.56327,40.63516],[19.56418,40.63532],[19.56471,40.63396],[19.56765,40.63265],[19.56817,40.63164],[19.56909,40.63132],[19.56955,40.62903],[19.5692,40.62678],[19.57133,40.624],[19.5697,40.62333],[19.57018,40.62215],[19.56925,40.62222],[19.56794,40.6234],[19.56782,40.62382],[19.56831,40.62427],[19.56785,40.62503]]]},"properties":{"firedate":"2026-10-01","area_ha":37.0,"country":"AL"}},{"type":"Feature","geometry":{"type":"Polygon","coordinates":[[[20.15911,41.46045],[20.15678,41.46074],[20.1557,41.46166],[20.15566,41.46225],[20.15772,41.46207],[20.15864,41.46269],[20.16235,41.46184],[20.16636,41.45937],[20.1683,41.45846],[20.17058,41.45792],[20.16837,41.45592],[20.1665,41.45585],[20.16443,41.45655],[20.16273,41.45774],[20.16016,41.45837],[20.15911,41.46045]]]},"properties":{"firedate":"2026-10-01","area_ha":39.0,"country":"AL"}},{"type":"Feature","geometry":{"type":"Polygon","coordinates":[[[14.52012,41.093],[14.5215,41.09292],[14.52325,41.0917],[14.52165,41.08806],[14.51937,41.08798],[14.51785,41.0867],[14.51463,41.08595],[14.5137,41.08614],[14.51216,41.08745],[14.51208,41.08857],[14.51307,41.09018],[14.51507,41.0903],[14.51539,41.09157],[14.51724,41.09149],[14.51764,41.09246],[14.51979,41.09239],[14.52012,41.093]]]},"properties":{"firedate":"2026-10-01","area_ha":45.0,"country":"IT"}},{"type":"Feature","geometry":{"type":"Polygon","coordinates":[[[21.0897,42.83277],[21.09345,42.83445],[21.0925,42.835],[21.09168,42.83487],[21.09042,42.83385],[21.0878,42.83257],[21.08768,42.83203],[21.08721,42.83213],[21.0866,42.83415],[21.08865,42.8384],[21.08961,42.83851],[21.09277,42.83735],[21.0942,42.83755],[21.09491,42.83704],[21.09627,42.8374],[21.09691,42.83707],[21.0964,42.83449],[21.09587,42.8344],[21.09487,42.83513],[21.09433,42.83503],[21.09296,42.83059],[21.09147,42.83],[21.08915,42.82974],[21.08884,42.83045],[21.08767,42.83096],[21.08798,42.83167],[21.08944,42.83225],[21.0897,42.83277]]]},"properties":{"firedate":"2026-10-01","area_ha":45.0,"country":"KS"}},{"type":"Feature","geometry":{"type":"Polygon","coordinates":[[[8.65994,40.30493],[8.66038,40.30389],[8.65984,40.30308],[8.66159,40.30143],[8.66206,40.30169],[8.66074,40.30271],[8.66077,40.30352],[8.6622,40.30281],[8.6632,40.30288],[8.66674,40.30558],[8.6684,40.30441],[8.66861,40.30309],[8.66721,40.30145],[8.66528,40.30043],[8.66378,40.30027],[8.66289,40.29978],[8.66228,40.30016],[8.6606,40.30023],[8.65859,40.30201],[8.65494,40.30192],[8.65403,40.30328],[8.65475,40.30411],[8.65365,40.3046],[8.6546,40.30483],[8.6564,40.30456],[8.65673,40.30477],[8.65657,40.30568],[8.6591,40.30645],[8.66099,40.30622],[8.66098,40.30571],[8.65994,40.30493]]]},"properties":{"firedate":"2026-10-01","area_ha":46.0,"country":"IT"}},{"type":"Feature","geometry":{"type":"Polygon","coordinates":[[[21.3858,45.11572],[21.38655,45.11473],[21.3877,45.11414],[21.38818,45.11329],[21.38894,45.11316],[21.38986,45.11199],[21.38906,45.11028],[21.3898,45.10951],[21.39018,45.1072],[21.38907,45.10702],[21.38897,45.10671],[21.38924,45.10582],[21.39021,45.10548],[21.38995,45.10418],[21.3889,45.10301],[21.3875,45.10334],[21.38679,45.10444],[21.38568,45.10477],[21.38555,45.10528],[21.38475,45.10527],[21.38489,45.10482],[21.38459,45.10439],[21.38275,45.10579],[21.38473,45.10728],[21.3859,45.1089],[21.38501,45.10865],[21.38313,45.10908],[21.38661,45.11162],[21.38622,45.11219],[21.38459,45.11158],[21.38344,45.11157],[21.38343,45.11226],[21.38392,45.11291],[21.3854,45.11322],[21.3862,45.11377],[21.38577,45.11403],[21.38363,45.11335],[21.3833,45.11396],[21.38517,45.11479],[21.3848,45.11518],[21.38425,45.11494],[21.38426,45.11548],[21.3858,45.11572]]]},"properties":{"firedate":"2026-10-01","area_ha":48.0,"country":"RS"}},{"type":"Feature","geometry":{"type":"Polygon","coordinates":[[[21.03326,42.83927],[21.03658,42.84157],[21.03797,42.84096],[21.03921,42.8411],[21.03975,42.84071],[21.03804,42.84015],[21.03842,42.83973],[21.03946,42.83963],[21.04188,42.84048],[21.04272,42.84116],[21.04405,42.84094],[21.04429,42.84121],[21.04293,42.8414],[21.04243,42.84193],[21.04254,42.8427],[21.04211,42.84317],[21.04252,42.8439],[21.04298,42.84402],[21.04403,42.84325],[21.04584,42.84266],[21.04648,42.84072],[21.0471,42.83988],[21.0454,42.83969],[21.04493,42.8404],[21.04429,42.84033],[21.0436,42.83901],[21.04266,42.83869],[21.04211,42.83717],[21.04111,42.83665],[21.03994,42.83668],[21.03901,42.83553],[21.03755,42.83495],[21.03626,42.8349],[21.03469,42.83555],[21.03224,42.83485],[21.03199,42.83524],[21.03264,42.83663],[21.03059,42.83727],[21.03033,42.83765],[21.03082,42.83794],[21.03182,42.8378],[21.03188,42.83841],[21.03129,42.83899],[21.03151,42.83941],[21.03326,42.83927]]]},"properties":{"firedate":"2026-10-01","area_ha":59.0,"country":"KS"}},{"type":"Feature","geometry":{"type":"Polygon","coordinates":[[[13.84056,37.96007],[13.84288,37.95962],[13.84413,37.96046],[13.84394,37.95869],[13.84325,37.95807],[13.84323,37.95737],[13.84464,37.95713],[13.84525,37.95874],[13.84607,37.95837],[13.84691,37.9571],[13.84559,37.95653],[13.84629,37.95559],[13.84667,37.95401],[13.84585,37.95395],[13.84551,37.95304],[13.84576,37.9525],[13.84685,37.952],[13.84433,37.95126],[13.84487,37.9506],[13.84492,37.94879],[13.84349,37.94618],[13.84387,37.94598],[13.84477,37.94634],[13.84496,37.94581],[13.84308,37.94424],[13.84262,37.94434],[13.84263,37.94532],[13.8411,37.94654],[13.84033,37.94799],[13.83878,37.94904],[13.83771,37.94912],[13.83688,37.94962],[13.83604,37.95186],[13.83618,37.95331],[13.83805,37.95426],[13.83815,37.9547],[13.83903,37.95473],[13.83722,37.95539],[13.83896,37.95686],[13.83909,37.95757],[13.8385,37.95825],[13.83893,37.95948],[13.8402,37.9597],[13.84056,37.96007]]]},"properties":{"firedate":"2026-10-01","area_ha":97.0,"country":"IT"}},{"type":"Feature","geometry":{"type":"Polygon","coordinates":[[[33.92624,47.0103],[33.92236,47.00615],[33.92464,47.00495],[33.92497,47.00442],[33.92192,47.00444],[33.92242,47.00287],[33.92606,47.00122],[33.92654,46.9999],[33.92615,46.99936],[33.92492,46.99944],[33.92473,46.99799],[33.92312,46.99821],[33.92299,46.99685],[33.92375,46.99558],[33.9236,46.99524],[33.92276,46.99537],[33.91515,46.99915],[33.91493,46.99962],[33.91877,47.003],[33.91871,47.00339],[33.91388,47.0058],[33.91401,47.0064],[33.92079,47.01271],[33.92157,47.01298],[33.92619,47.01071],[33.92624,47.0103]]]},"properties":{"firedate":"2026-10-01","area_ha":100.0,"country":"UA"}},{"type":"Feature","geometry":{"type":"Polygon","coordinates":[[[24.13216,43.20977],[24.13822,43.21057],[24.14214,43.20952],[24.14545,43.21026],[24.1485,43.20948],[24.14923,43.20875],[24.14654,43.20625],[24.13613,43.20328],[24.13269,43.20258],[24.13042,43.2028],[24.12784,43.20235],[24.12612,43.2029],[24.12504,43.20388],[24.12415,43.20392],[24.12346,43.20339],[24.12356,43.20199],[24.12316,43.20127],[24.12171,43.20109],[24.1204,43.20157],[24.11956,43.20402],[24.11874,43.20524],[24.11888,43.20571],[24.1225,43.20654],[24.12328,43.20635],[24.12373,43.2054],[24.12431,43.20509],[24.12682,43.20554],[24.13104,43.20493],[24.1317,43.20553],[24.13169,43.20599],[24.1286,43.20713],[24.12815,43.20772],[24.13216,43.20977]]]},"properties":{"firedate":"2026-10-01","area_ha":124.0,"country":"BG"}},{"type":"Feature","geometry":{"type":"Polygon","coordinates":[[[19.8516,41.09607],[19.85176,41.09165],[19.84892,41.09042],[19.84716,41.09108],[19.84724,41.09016],[19.84468,41.08872],[19.84163,41.08942],[19.83867,41.08865],[19.83589,41.08875],[19.83577,41.08934],[19.83843,41.08946],[19.83892,41.08997],[19.8381,41.09093],[19.83646,41.09102],[19.83696,41.09251],[19.83379,41.09208],[19.8329,41.09077],[19.83308,41.08964],[19.83211,41.0888],[19.83371,41.08828],[19.83345,41.08762],[19.83461,41.08542],[19.83349,41.08492],[19.83297,41.08354],[19.83083,41.08326],[19.83013,41.08492],[19.82751,41.08691],[19.82769,41.08767],[19.82198,41.08775],[19.81944,41.08576],[19.81743,41.08508],[19.81614,41.08651],[19.81758,41.08829],[19.81492,41.08796],[19.8115,41.08863],[19.81201,41.08965],[19.81138,41.09025],[19.81326,41.09024],[19.81263,41.09147],[19.81554,41.0927],[19.81586,41.09379],[19.81222,41.09284],[19.81006,41.093],[19.80961,41.09356],[19.81104,41.09372],[19.81542,41.09691],[19.81891,41.09816],[19.82195,41.1005],[19.82326,41.10236],[19.82568,41.1036],[19.82586,41.10423],[19.82418,41.10556],[19.82426,41.10826],[19.82826,41.11069],[19.82559,41.11281],[19.82247,41.11387],[19.82149,41.1161],[19.81922,41.11731],[19.81986,41.11792],[19.82145,41.11791],[19.8214,41.11962],[19.8246,41.12183],[19.83053,41.12075],[19.83612,41.1182],[19.83756,41.11861],[19.83687,41.11554],[19.8413,41.11318],[19.84151,41.11244],[19.84067,41.11117],[19.84338,41.1104],[19.84561,41.10799],[19.84654,41.1061],[19.84567,41.10515],[19.84824,41.10417],[19.85019,41.10138],[19.85182,41.10119],[19.85183,41.10182],[19.85373,41.10205],[19.85745,41.10003],[19.85663,41.09801],[19.8516,41.09607]]]},"properties":{"firedate":"2026-10-01","area_ha":801.0,"country":"AL"}},{"type":"Feature","geometry":{"type":"Polygon","coordinates":[[[14.93651,40.92384],[14.93687,40.92318],[14.93619,40.9234],[14.93651,40.92384]]]},"properties":{"firedate":"2026-10-02","area_ha":0.0,"country":"IT"}},{"type":"Feature","geometry":{"type":"Polygon","coordinates":[[[13.37581,37.36782],[13.37517,37.36569],[13.37289,37.36656],[13.37319,37.36756],[13.37581,37.36782]]]},"properties":{"firedate":"2026-10-02","area_ha":4.0,"country":"IT"}},{"type":"Feature","geometry":{"type":"Polygon","coordinates":[[[35.62271,47.71162],[35.62281,47.71017],[35.62097,47.70964],[35.62033,47.70979],[35.6199,47.71053],[35.61972,47.71149],[35.62271,47.71162]]]},"properties":{"firedate":"2026-10-02","area_ha":4.0,"country":"UA"}},{"type":"Feature","geometry":{"type":"Polygon","coordinates":[[[9.60131,37.27788],[9.60204,37.27621],[9.60135,37.27597],[9.59997,37.27666],[9.59883,37.27791],[9.60004,37.27839],[9.60131,37.27788]]]},"properties":{"firedate":"2026-10-02","area_ha":4.0,"country":"TN"}},{"type":"Feature","geometry":{"type":"Polygon","coordinates":[[[16.8555,39.14004],[16.85682,39.13735],[16.8564,39.13727],[16.85521,39.13788],[16.85443,39.13754],[16.85385,39.13826],[16.8555,39.14004]]]},"properties":{"firedate":"2026-10-02","area_ha":4.0,"country":"IT"}},{"type":"Feature","geometry":{"type":"Polygon","coordinates":[[[9.5856,37.2637],[9.5856,37.26308],[9.58516,37.26295],[9.58478,37.26438],[9.58166,37.2669],[9.5811,37.26834],[9.58002,37.26906],[9.57826,37.27115],[9.57829,37.2719],[9.58037,37.26932],[9.58375,37.26651],[9.5856,37.2637]]]},"properties":{"firedate":"2026-10-02","area_ha":6.0,"country":"TN"}},{"type":"Feature","geometry":{"type":"Polygon","coordinates":[[[9.52887,37.24628],[9.52675,37.24603],[9.52449,37.2465],[9.52251,37.24732],[9.52227,37.24792],[9.52295,37.2483],[9.52887,37.24628]]]},"properties":{"firedate":"2026-10-02","area_ha":6.0,"country":"TN"}},{"type":"Feature","geometry":{"type":"Polygon","coordinates":[[[9.52468,37.24602],[9.52083,37.24578],[9.5183,37.24661],[9.52044,37.24744],[9.52468,37.24602]]]},"properties":{"firedate":"2026-10-02","area_ha":6.0,"country":"TN"}},{"type":"Feature","geometry":{"type":"Polygon","coordinates":[[[35.62691,47.70757],[35.62649,47.70724],[35.62659,47.70692],[35.62544,47.70689],[35.62547,47.70601],[35.6245,47.70564],[35.62112,47.70777],[35.62164,47.7085],[35.62267,47.70886],[35.62345,47.70865],[35.62359,47.7083],[35.62559,47.7083],[35.62691,47.70757]]]},"properties":{"firedate":"2026-10-02","area_ha":8.0,"country":"UA"}},{"type":"Feature","geometry":{"type":"Polygon","coordinates":[[[17.08517,39.03667],[17.08568,39.03464],[17.08512,39.03463],[17.08537,39.03524],[17.08502,39.03604],[17.08444,39.03525],[17.08245,39.03425],[17.08168,39.03466],[17.08176,39.03545],[17.0814,39.03558],[17.08075,39.03486],[17.07981,39.03494],[17.07915,39.0336],[17.079,39.03239],[17.07828,39.03229],[17.07782,39.03278],[17.07942,39.03487],[17.08155,39.0363],[17.08322,39.03638],[17.08437,39.03696],[17.08517,39.03667]]]},"properties":{"firedate":"2026-10-02","area_ha":9.0,"country":"IT"}},{"type":"Feature","geometry":{"type":"Polygon","coordinates":[[[17.58552,43.63503],[17.58921,43.63346],[17.589,43.63234],[17.58706,43.63096],[17.58562,43.63126],[17.58569,43.63188],[17.58668,43.63292],[17.58525,43.63377],[17.58552,43.63503]]]},"properties":{"firedate":"2026-10-02","area_ha":9.0,"country":"BA"}},{"type":"Feature","geometry":{"type":"Polygon","coordinates":[[[23.84304,45.76101],[23.84277,45.76013],[23.84227,45.7598],[23.84079,45.76007],[23.83909,45.76104],[23.83649,45.76066],[23.83582,45.76104],[23.83843,45.76227],[23.83969,45.76251],[23.84148,45.76229],[23.84162,45.76158],[23.84304,45.76101]]]},"properties":{"firedate":"2026-10-02","area_ha":9.0,"country":"RO"}},{"type":"Feature","geometry":{"type":"Polygon","coordinates":[[[23.89669,41.79],[23.89595,41.78739],[23.89395,41.7874],[23.89203,41.78785],[23.89167,41.78823],[23.89198,41.78903],[23.89269,41.78943],[23.89553,41.79006],[23.89669,41.79]]]},"properties":{"firedate":"2026-10-02","area_ha":9.0,"country":"BG"}},{"type":"Feature","geometry":{"type":"Polygon","coordinates":[[[14.88311,40.77989],[14.88268,40.77961],[14.88138,40.77995],[14.88006,40.77873],[14.87943,40.77736],[14.8795,40.77608],[14.87888,40.77529],[14.87777,40.77501],[14.87695,40.77536],[14.87781,40.77635],[14.87789,40.77725],[14.87875,40.77786],[14.87948,40.779],[14.87981,40.78112],[14.88163,40.78102],[14.88311,40.77989]]]},"properties":{"firedate":"2026-10-02","area_ha":10.0,"country":"IT"}},{"type":"Feature","geometry":{"type":"Polygon","coordinates":[[[24.90644,37.75527],[24.90617,37.75368],[24.90418,37.75263],[24.90327,37.75274],[24.90332,37.75563],[24.90483,37.75711],[24.90576,37.75716],[24.90644,37.75527]]]},"properties":{"firedate":"2026-10-02","area_ha":10.0,"country":"EL"}},{"type":"Feature","geometry":{"type":"Polygon","coordinates":[[[9.53375,36.98526],[9.53504,36.98455],[9.5338,36.98397],[9.5331,36.98316],[9.53218,36.98313],[9.53177,36.98384],[9.53239,36.98435],[9.53082,36.98681],[9.52945,36.98743],[9.53015,36.98812],[9.53067,36.98943],[9.53161,36.98914],[9.53112,36.98852],[9.53136,36.98815],[9.53216,36.98809],[9.53269,36.9887],[9.53331,36.98842],[9.53325,36.98795],[9.53193,36.98645],[9.53224,36.9861],[9.53317,36.986],[9.53375,36.98526]]]},"properties":{"firedate":"2026-10-02","area_ha":12.0,"country":"TN"}},{"type":"Feature","geometry":{"type":"Polygon","coordinates":[[[13.13353,37.84634],[13.13341,37.8441],[13.13286,37.84348],[13.1329,37.84254],[13.13083,37.84192],[13.12982,37.84264],[13.12942,37.84315],[13.12946,37.84407],[13.12838,37.84503],[13.12872,37.8454],[13.13204,37.84519],[13.13319,37.84653],[13.13353,37.84634]]]},"properties":{"firedate":"2026-10-02","area_ha":12.0,"country":"IT"}},{"type":"Feature","geometry":{"type":"Polygon","coordinates":[[[17.139,39.19532],[17.13898,39.1986],[17.14007,39.19876],[17.14067,39.19927],[17.14148,39.19886],[17.14095,39.19831],[17.14142,39.19771],[17.14191,39.19778],[17.14239,39.19861],[17.1429,39.19809],[17.14264,39.19656],[17.14099,39.1947],[17.13976,39.19533],[17.139,39.19532]]]},"properties":{"firedate":"2026-10-02","area_ha":12.0,"country":"IT"}},{"type":"Feature","geometry":{"type":"Polygon","coordinates":[[[22.42999,43.2431],[22.42945,43.24563],[22.4312,43.24659],[22.43059,43.2476],[22.43256,43.24761],[22.43306,43.246],[22.43228,43.24416],[22.43285,43.24278],[22.42999,43.2431]]]},"properties":{"firedate":"2026-10-02","area_ha":12.0,"country":"RS"}},{"type":"Feature","geometry":{"type":"Polygon","coordinates":[[[17.08415,39.0305],[17.08602,39.03135],[17.08497,39.03172],[17.08458,39.0326],[17.0867,39.03186],[17.08626,39.03093],[17.08509,39.02996],[17.08495,39.02911],[17.0854,39.02833],[17.08502,39.02786],[17.08429,39.0281],[17.0841,39.02903],[17.08125,39.0275],[17.08049,39.02752],[17.07958,39.02809],[17.08003,39.02962],[17.08173,39.02991],[17.0824,39.03136],[17.08415,39.0305]]]},"properties":{"firedate":"2026-10-02","area_ha":14.0,"country":"IT"}},{"type":"Feature","geometry":{"type":"Polygon","coordinates":[[[13.51549,37.48138],[13.51423,37.48121],[13.51408,37.47984],[13.51294,37.48033],[13.51144,37.48015],[13.51108,37.48083],[13.5112,37.48351],[13.51165,37.48389],[13.51363,37.48351],[13.51527,37.48452],[13.51622,37.48376],[13.51549,37.48138]]]},"properties":{"firedate":"2026-10-02","area_ha":16.0,"country":"IT"}},{"type":"Feature","geometry":{"type":"Polygon","coordinates":[[[38.60945,48.86407],[38.60956,48.86322],[38.60884,48.86224],[38.60728,48.86173],[38.60383,48.86338],[38.60351,48.86437],[38.60406,48.86559],[38.60593,48.8663],[38.60875,48.86507],[38.60945,48.86407]]]},"properties":{"firedate":"2026-10-02","area_ha":16.0,"country":"UA"}},{"type":"Feature","geometry":{"type":"Polygon","coordinates":[[[9.59223,37.27905],[9.59495,37.27723],[9.59425,37.2767],[9.59302,37.27689],[9.59178,37.27609],[9.58949,37.27588],[9.58731,37.27656],[9.5879,37.27802],[9.5894,37.27798],[9.5894,37.27839],[9.58814,37.27849],[9.58784,37.27884],[9.58676,37.27851],[9.58643,37.27878],[9.58775,37.27941],[9.58927,37.27897],[9.59071,37.27903],[9.59156,37.27854],[9.59223,37.27905]]]},"properties":{"firedate":"2026-10-02","area_ha":17.0,"country":"TN"}},{"type":"Feature","geometry":{"type":"Polygon","coordinates":[[[9.36496,37.00445],[9.36449,37.00319],[9.36321,37.00298],[9.36178,37.00376],[9.35988,37.00366],[9.35869,37.00474],[9.35698,37.00517],[9.35672,37.00551],[9.35861,37.00701],[9.35911,37.00705],[9.36363,37.00552],[9.36473,37.00494],[9.36496,37.00445]]]},"properties":{"firedate":"2026-10-02","area_ha":18.0,"country":"TN"}},{"type":"Feature","geometry":{"type":"Polygon","coordinates":[[[16.96773,39.03754],[16.96821,39.03555],[16.96913,39.03511],[16.96967,39.03425],[16.96866,39.03448],[16.96782,39.03424],[16.96687,39.03462],[16.96595,39.03395],[16.96557,39.03276],[16.96398,39.0317],[16.96202,39.03166],[16.96226,39.03316],[16.96413,39.03261],[16.96409,39.03529],[16.96511,39.03639],[16.96545,39.03761],[16.9668,39.03834],[16.96819,39.03847],[16.96773,39.03754]]]},"properties":{"firedate":"2026-10-02","area_ha":19.0,"country":"IT"}},{"type":"Feature","geometry":{"type":"Polygon","coordinates":[[[16.18313,41.06752],[16.18036,41.06826],[16.18049,41.06872],[16.18164,41.06927],[16.18018,41.07144],[16.18123,41.07239],[16.18188,41.07231],[16.18716,41.06876],[16.18977,41.06741],[16.19027,41.06676],[16.18313,41.06752]]]},"properties":{"firedate":"2026-10-02","area_ha":22.0,"country":"IT"}},{"type":"Feature","geometry":{"type":"Polygon","coordinates":[[[13.14156,37.99409],[13.14242,37.99415],[13.14288,37.99513],[13.1422,37.99607],[13.14266,37.99713],[13.14411,37.99729],[13.14518,37.99702],[13.14681,37.99643],[13.14744,37.99579],[13.14656,37.9947],[13.14597,37.99174],[13.14619,37.99157],[13.14511,37.99128],[13.14247,37.99207],[13.14174,37.99107],[13.14299,37.98988],[13.14086,37.98957],[13.14128,37.99079],[13.14115,37.99157],[13.14184,37.99243],[13.14002,37.99219],[13.1404,37.99344],[13.14001,37.99427],[13.1406,37.99452],[13.14156,37.99409]]]},"properties":{"firedate":"2026-10-02","area_ha":28.0,"country":"IT"}},{"type":"Feature","geometry":{"type":"Polygon","coordinates":[[[16.79103,39.50945],[16.79022,39.50984],[16.78897,39.5096],[16.78842,39.50998],[16.78827,39.51117],[16.78964,39.51164],[16.78911,39.51215],[16.78953,39.51291],[16.78939,39.51475],[16.79039,39.5153],[16.79322,39.51527],[16.79361,39.51461],[16.79247,39.5138],[16.79198,39.51274],[16.79401,39.51099],[16.79435,39.51014],[16.79422,39.50935],[16.79321,39.50822],[16.79308,39.50753],[16.7919,39.50688],[16.79103,39.50751],[16.79103,39.50945]]]},"properties":{"firedate":"2026-10-02","area_ha":28.0,"country":"IT"}},{"type":"Feature","geometry":{"type":"Polygon","coordinates":[[[18.15694,43.15462],[18.15384,43.15283],[18.1531,43.15196],[18.15157,43.15259],[18.15138,43.15343],[18.15046,43.15278],[18.15136,43.15205],[18.15127,43.15172],[18.14892,43.15224],[18.14731,43.15376],[18.14692,43.15457],[18.14546,43.15544],[18.14567,43.15571],[18.14707,43.15571],[18.14567,43.15672],[18.14802,43.15704],[18.14876,43.15644],[18.15118,43.1557],[18.1541,43.15604],[18.15515,43.15541],[18.15687,43.15511],[18.15694,43.15462]]]},"properties":{"firedate":"2026-10-02","area_ha":29.0,"country":"BA"}},{"type":"Feature","geometry":{"type":"Polygon","coordinates":[[[23.23782,42.99222],[23.23774,42.99094],[23.2366,42.99016],[23.23633,42.99066],[23.23551,42.99045],[23.23447,42.9909],[23.23395,42.98973],[23.23237,42.98984],[23.23038,42.99108],[23.22792,42.99122],[23.22754,42.99204],[23.22641,42.99261],[23.22676,42.99344],[23.22633,42.99413],[23.22676,42.99468],[23.22744,42.99485],[23.232,42.99456],[23.23324,42.9936],[23.23344,42.99252],[23.23299,42.99165],[23.23369,42.9916],[23.23374,42.99217],[23.23493,42.99216],[23.23578,42.99276],[23.23782,42.99222]]]},"properties":{"firedate":"2026-10-02","area_ha":30.0,"country":"BG"}},{"type":"Feature","geometry":{"type":"Polygon","coordinates":[[[19.38216,41.92851],[19.38049,41.92848],[19.37936,41.92919],[19.38053,41.93064],[19.38171,41.93109],[19.38596,41.93053],[19.38746,41.92946],[19.38926,41.92955],[19.39019,41.92902],[19.3859,41.92709],[19.38577,41.92664],[19.38661,41.92511],[19.3853,41.92423],[19.38291,41.92593],[19.38216,41.92851]]]},"properties":{"firedate":"2026-10-02","area_ha":32.0,"country":"AL"}},{"type":"Feature","geometry":{"type":"Polygon","coordinates":[[[22.65297,44.27886],[22.64829,44.2801],[22.64564,44.28168],[22.6478,44.2839],[22.65059,44.28281],[22.65278,44.28257],[22.65271,44.28307],[22.65164,44.28389],[22.65185,44.28458],[22.65962,44.28148],[22.65959,44.28102],[22.65868,44.28023],[22.65791,44.28009],[22.65755,44.28071],[22.65697,44.28052],[22.65504,44.2809],[22.65448,44.28067],[22.65485,44.27997],[22.653,44.27971],[22.65297,44.27886]]]},"properties":{"firedate":"2026-10-02","area_ha":35.0,"country":"RS"}},{"type":"Feature","geometry":{"type":"Polygon","coordinates":[[[13.51867,41.6838],[13.51785,41.68234],[13.51694,41.68182],[13.51702,41.6808],[13.51622,41.68021],[13.51595,41.67814],[13.51419,41.67829],[13.51041,41.67971],[13.50924,41.68188],[13.50909,41.68399],[13.5097,41.68445],[13.51213,41.68481],[13.51365,41.68462],[13.51403,41.68399],[13.51607,41.68322],[13.51682,41.68332],[13.51763,41.68397],[13.51867,41.6838]]]},"properties":{"firedate":"2026-10-02","area_ha":37.0,"country":"IT"}},{"type":"Feature","geometry":{"type":"Polygon","coordinates":[[[17.39112,43.36665],[17.38812,43.36831],[17.38704,43.36945],[17.38716,43.3706],[17.38661,43.37224],[17.38717,43.37339],[17.38869,43.37332],[17.39027,43.37187],[17.39011,43.37045],[17.39402,43.37004],[17.39362,43.36692],[17.39424,43.36605],[17.39673,43.36609],[17.39865,43.36775],[17.39992,43.3682],[17.40055,43.36794],[17.39915,43.36714],[17.39904,43.36559],[17.39619,43.36466],[17.39392,43.3648],[17.39185,43.36588],[17.39112,43.36665]]]},"properties":{"firedate":"2026-10-02","area_ha":37.0,"country":"BA"}},{"type":"Feature","geometry":{"type":"Polygon","coordinates":[[[34.60844,46.18721],[34.60592,46.18159],[34.60349,46.18227],[34.60352,46.18198],[34.60548,46.18093],[34.60526,46.17936],[34.60452,46.1784],[34.60393,46.17923],[34.60387,46.18091],[34.59932,46.18302],[34.6048,46.18945],[34.60636,46.1888],[34.60632,46.18818],[34.60844,46.18721]]]},"properties":{"firedate":"2026-10-02","area_ha":39.0,"country":"UA"}},{"type":"Feature","geometry":{"type":"Polygon","coordinates":[[[13.86481,37.52492],[13.86414,37.52509],[13.86314,37.52818],[13.8623,37.52866],[13.8627,37.52904],[13.86241,37.52941],[13.86087,37.5291],[13.86055,37.52872],[13.86059,37.52733],[13.86233,37.52692],[13.8614,37.52583],[13.8616,37.52521],[13.86128,37.52469],[13.86022,37.52445],[13.85982,37.52385],[13.85745,37.52322],[13.85627,37.52499],[13.85688,37.52544],[13.85923,37.52562],[13.85966,37.52511],[13.86031,37.52511],[13.86039,37.52561],[13.86081,37.52571],[13.85963,37.52768],[13.85969,37.52839],[13.8601,37.52862],[13.86001,37.52965],[13.86112,37.53019],[13.86216,37.53145],[13.86345,37.5317],[13.86453,37.53165],[13.86553,37.53082],[13.86475,37.52966],[13.86656,37.52879],[13.86566,37.52663],[13.86645,37.52639],[13.86671,37.52526],[13.86735,37.52514],[13.86778,37.52453],[13.86681,37.52355],[13.86664,37.52283],[13.86551,37.52256],[13.8645,37.52159],[13.86421,37.52204],[13.86483,37.5229],[13.86329,37.52404],[13.86304,37.52497],[13.86366,37.52525],[13.86433,37.52426],[13.86481,37.52492]]]},"properties":{"firedate":"2026-10-02","area_ha":41.0,"country":"IT"}},{"type":"Feature","geometry":{"type":"Polygon","coordinates":[[[8.36207,39.05243],[8.35965,39.05466],[8.35923,39.05649],[8.362,39.05582],[8.36252,39.05521],[8.36291,39.05532],[8.36305,39.05605],[8.36342,39.05626],[8.36631,39.05394],[8.36804,39.05383],[8.37219,39.05135],[8.37307,39.05045],[8.36789,39.04972],[8.36664,39.04983],[8.36577,39.05054],[8.36222,39.05109],[8.36191,39.05162],[8.36207,39.05243]]]},"properties":{"firedate":"2026-10-02","area_ha":43.0,"country":"IT"}},{"type":"Feature","geometry":{"type":"Polygon","coordinates":[[[13.68908,37.57923],[13.68719,37.57945],[13.68715,37.58052],[13.68676,37.5811],[13.68701,37.58311],[13.68948,37.58426],[13.69336,37.58452],[13.69413,37.58381],[13.69545,37.58435],[13.6977,37.58367],[13.69838,37.58378],[13.69975,37.58305],[13.69955,37.5823],[13.69849,37.58204],[13.69774,37.58281],[13.69704,37.58268],[13.69671,37.5823],[13.69693,37.58125],[13.69538,37.5806],[13.69444,37.58111],[13.69406,37.58049],[13.69342,37.58041],[13.69342,37.58144],[13.693,37.5815],[13.69261,37.58019],[13.69225,37.58031],[13.69199,37.58142],[13.69144,37.58135],[13.69094,37.58034],[13.69067,37.58148],[13.69014,37.58163],[13.68953,37.58071],[13.68901,37.58192],[13.68835,37.58203],[13.688,37.58135],[13.68942,37.58028],[13.69237,37.57984],[13.69232,37.57894],[13.69304,37.57825],[13.69257,37.57759],[13.6914,37.57808],[13.69088,37.57729],[13.68943,37.57714],[13.68908,37.57923]]]},"properties":{"firedate":"2026-10-02","area_ha":44.0,"country":"IT"}},{"type":"Feature","geometry":{"type":"Polygon","coordinates":[[[19.6808,41.76476],[19.68064,41.76255],[19.67783,41.76181],[19.67674,41.7625],[19.67652,41.76384],[19.67563,41.76448],[19.67391,41.76477],[19.67199,41.76568],[19.671,41.76553],[19.67018,41.76489],[19.66974,41.76505],[19.66862,41.76717],[19.66915,41.76821],[19.67108,41.76907],[19.67657,41.76922],[19.67879,41.76747],[19.67922,41.76595],[19.6808,41.76476]]]},"properties":{"firedate":"2026-10-02","area_ha":47.0,"country":"AL"}},{"type":"Feature","geometry":{"type":"Polygon","coordinates":[[[34.76832,46.59001],[34.76925,46.58724],[34.76773,46.58653],[34.7625,46.58535],[34.75756,46.58502],[34.75412,46.58409],[34.7526,46.58466],[34.75102,46.58362],[34.74899,46.58372],[34.75422,46.58662],[34.75423,46.58715],[34.75374,46.58733],[34.75381,46.58784],[34.75696,46.58923],[34.76142,46.58971],[34.76111,46.58873],[34.76832,46.59001]]]},"properties":{"firedate":"2026-10-02","area_ha":56.0,"country":"UA"}},{"type":"Feature","geometry":{"type":"Polygon","coordinates":[[[14.65735,41.92994],[14.65813,41.93207],[14.65946,41.93313],[14.65873,41.93508],[14.66112,41.93544],[14.66192,41.93632],[14.66185,41.93719],[14.66315,41.938],[14.66306,41.93879],[14.66235,41.93909],[14.6614,41.93847],[14.65969,41.93824],[14.66006,41.93925],[14.65841,41.93947],[14.65831,41.94066],[14.66135,41.9421],[14.66239,41.94124],[14.66418,41.94131],[14.66503,41.93921],[14.6648,41.93863],[14.66524,41.93774],[14.6649,41.93651],[14.66543,41.93556],[14.66462,41.93443],[14.66387,41.93434],[14.66333,41.93332],[14.66341,41.9328],[14.66402,41.93229],[14.66358,41.93039],[14.66231,41.92961],[14.66111,41.92935],[14.66025,41.92805],[14.659,41.92798],[14.65856,41.92736],[14.65797,41.92728],[14.65679,41.92762],[14.65678,41.92894],[14.65633,41.92938],[14.65735,41.92994]]]},"properties":{"firedate":"2026-10-02","area_ha":60.0,"country":"IT"}},{"type":"Feature","geometry":{"type":"Polygon","coordinates":[[[22.33058,44.75521],[22.32954,44.75261],[22.32692,44.75219],[22.3234,44.75238],[22.31886,44.75158],[22.31652,44.75182],[22.31551,44.75241],[22.31579,44.75392],[22.31537,44.75462],[22.31446,44.75503],[22.30925,44.75583],[22.30799,44.75763],[22.30581,44.75904],[22.30558,44.75973],[22.30628,44.76018],[22.30798,44.76018],[22.30853,44.75986],[22.30937,44.75849],[22.31046,44.75784],[22.3114,44.75746],[22.31489,44.75713],[22.31881,44.75541],[22.32375,44.75571],[22.32646,44.7589],[22.32857,44.75872],[22.3292,44.75792],[22.32816,44.75654],[22.32818,44.75607],[22.3289,44.75552],[22.33058,44.75521]]]},"properties":{"firedate":"2026-10-02","area_ha":74.0,"country":"RO"}},{"type":"Feature","geometry":{"type":"Polygon","coordinates":[[[17.03132,39.26826],[17.03198,39.26993],[17.03097,39.26993],[17.03085,39.26919],[17.03043,39.26886],[17.02845,39.26899],[17.02528,39.27207],[17.02588,39.27277],[17.02717,39.27304],[17.02721,39.27368],[17.02796,39.27427],[17.02822,39.27506],[17.02899,39.27543],[17.02852,39.27668],[17.02974,39.27929],[17.03048,39.28004],[17.0314,39.28033],[17.03286,39.2793],[17.03198,39.27826],[17.03285,39.27687],[17.03379,39.27688],[17.03439,39.27622],[17.03373,39.27525],[17.03486,39.2745],[17.03612,39.2745],[17.03658,39.27322],[17.0355,39.27178],[17.03418,39.27135],[17.03327,39.27156],[17.03331,39.27038],[17.03255,39.27009],[17.03275,39.26947],[17.0342,39.26934],[17.03544,39.26772],[17.03474,39.26611],[17.03398,39.26565],[17.03297,39.26569],[17.03077,39.2674],[17.03089,39.26801],[17.03132,39.26826]]]},"properties":{"firedate":"2026-10-02","area_ha":74.0,"country":"IT"}},{"type":"Feature","geometry":{"type":"Polygon","coordinates":[[[22.24658,42.56279],[22.24581,42.56313],[22.245,42.56487],[22.2453,42.56606],[22.24712,42.56832],[22.24776,42.57134],[22.24709,42.57319],[22.24859,42.57484],[22.24922,42.57717],[22.24839,42.57859],[22.24705,42.57933],[22.24434,42.57946],[22.24565,42.58068],[22.24742,42.58065],[22.249,42.57799],[22.25015,42.57723],[22.25158,42.57908],[22.25305,42.57873],[22.25397,42.57745],[22.25357,42.57692],[22.25281,42.5767],[22.25425,42.57613],[22.25511,42.57507],[22.25684,42.57406],[22.25636,42.57323],[22.25654,42.57305],[22.2619,42.57214],[22.26275,42.57172],[22.26261,42.5714],[22.26046,42.57064],[22.25936,42.56908],[22.25684,42.56907],[22.25465,42.56811],[22.2539,42.56731],[22.25189,42.56725],[22.25164,42.56663],[22.25289,42.56466],[22.25044,42.56313],[22.24868,42.56072],[22.24767,42.56121],[22.24658,42.56279]]]},"properties":{"firedate":"2026-10-02","area_ha":126.0,"country":"RS"}},{"type":"Feature","geometry":{"type":"Polygon","coordinates":[[[9.25997,37.09868],[9.2617,37.09834],[9.26208,37.09793],[9.261,37.09595],[9.26134,37.09482],[9.2608,37.09416],[9.25759,37.09357],[9.25513,37.09461],[9.25268,37.09469],[9.2508,37.09592],[9.24958,37.09442],[9.25003,37.09338],[9.24957,37.0929],[9.24712,37.09529],[9.24409,37.09556],[9.24334,37.09631],[9.24252,37.09655],[9.24201,37.09766],[9.24221,37.09858],[9.24417,37.09987],[9.24503,37.10085],[9.24488,37.10163],[9.24351,37.10298],[9.24369,37.10391],[9.2446,37.10425],[9.24975,37.10424],[9.25167,37.10545],[9.25231,37.10737],[9.25269,37.10756],[9.2532,37.10722],[9.25275,37.10479],[9.25137,37.10321],[9.25143,37.10261],[9.25224,37.10214],[9.25538,37.10145],[9.25656,37.10175],[9.25775,37.10282],[9.25867,37.1028],[9.2592,37.10216],[9.25871,37.10063],[9.25997,37.09868]]]},"properties":{"firedate":"2026-10-02","area_ha":147.0,"country":"TN"}},{"type":"Feature","geometry":{"type":"Polygon","coordinates":[[[18.87292,42.9347],[18.87228,42.93621],[18.86794,42.93857],[18.86688,42.94015],[18.86942,42.94041],[18.87228,42.93939],[18.87394,42.94067],[18.87497,42.94069],[18.87547,42.93949],[18.87647,42.93896],[18.88016,42.93954],[18.88339,42.94162],[18.88898,42.94144],[18.89206,42.93888],[18.89366,42.93499],[18.893,42.93356],[18.89561,42.93263],[18.89576,42.9307],[18.89766,42.92963],[18.89903,42.92946],[18.90151,42.93092],[18.90648,42.93221],[18.90863,42.93052],[18.91142,42.9295],[18.91137,42.927],[18.91317,42.92411],[18.9156,42.92395],[18.91951,42.92202],[18.92537,42.92225],[18.92575,42.92045],[18.92354,42.91553],[18.9228,42.911],[18.91604,42.90619],[18.91126,42.90517],[18.9092,42.90591],[18.90482,42.90931],[18.89949,42.90858],[18.89136,42.90873],[18.88864,42.91064],[18.88847,42.91364],[18.88771,42.9144],[18.88417,42.91406],[18.88259,42.91147],[18.87999,42.91252],[18.87801,42.91246],[18.87754,42.91349],[18.87826,42.9153],[18.87788,42.91834],[18.8783,42.91916],[18.87468,42.92366],[18.87545,42.92414],[18.87734,42.92386],[18.87768,42.92454],[18.87573,42.92774],[18.87319,42.93027],[18.8716,42.93055],[18.87052,42.93175],[18.8688,42.93234],[18.86946,42.93331],[18.87221,42.93368],[18.87292,42.9347]]]},"properties":{"firedate":"2026-10-02","area_ha":1040.0,"country":"ME"}},{"type":"Feature","geometry":{"type":"Polygon","coordinates":[[[9.57418,37.26033],[9.57436,37.25969],[9.57359,37.25952],[9.57332,37.26001],[9.57361,37.26052],[9.57418,37.26033]]]},"properties":{"firedate":"2026-10-03","area_ha":1.0,"country":"TN"}},{"type":"Feature","geometry":{"type":"Polygon","coordinates":[[[13.89621,41.12641],[13.89497,41.12581],[13.8939,41.12618],[13.89429,41.12647],[13.89621,41.12641]]]},"properties":{"firedate":"2026-10-03","area_ha":1.0,"country":"IT"}},{"type":"Feature","geometry":{"type":"Polygon","coordinates":[[[16.07118,39.58316],[16.07071,39.58279],[16.06971,39.58324],[16.07042,39.58352],[16.07118,39.58316]]]},"properties":{"firedate":"2026-10-03","area_ha":1.0,"country":"IT"}},{"type":"Feature","geometry":{"type":"Polygon","coordinates":[[[15.73539,40.72957],[15.73707,40.72898],[15.73658,40.7282],[15.73544,40.7284],[15.73502,40.72903],[15.73539,40.72957]]]},"properties":{"firedate":"2026-10-03","area_ha":2.0,"country":"IT"}},{"type":"Feature","geometry":{"type":"Polygon","coordinates":[[[8.78089,44.44416],[8.7805,44.44343],[8.77966,44.44342],[8.77922,44.44381],[8.77971,44.44484],[8.78051,44.44475],[8.78089,44.44416]]]},"properties":{"firedate":"2026-10-03","area_ha":2.0,"country":"IT"}},{"type":"Feature","geometry":{"type":"Polygon","coordinates":[[[22.58541,46.07443],[22.58328,46.07355],[22.58188,46.07394],[22.58343,46.07456],[22.58491,46.07475],[22.58541,46.07443]]]},"properties":{"firedate":"2026-10-03","area_ha":2.0,"country":"RO"}},{"type":"Feature","geometry":{"type":"Polygon","coordinates":[[[13.35738,37.5106],[13.35743,37.50941],[13.35683,37.50899],[13.3557,37.51019],[13.35557,37.51157],[13.35633,37.51173],[13.35738,37.5106]]]},"properties":{"firedate":"2026-10-03","area_ha":4.0,"country":"IT"}},{"type":"Feature","geometry":{"type":"Polygon","coordinates":[[[16.23556,38.72409],[16.2345,38.72343],[16.23444,38.72249],[16.23334,38.72238],[16.23319,38.72308],[16.23369,38.72442],[16.23472,38.72573],[16.23514,38.72571],[16.23517,38.72468],[16.23556,38.72409]]]},"properties":{"firedate":"2026-10-03","area_ha":4.0,"country":"IT"}},{"type":"Feature","geometry":{"type":"Polygon","coordinates":[[[9.4997,37.25361],[9.4994,37.25315],[9.4979,37.25303],[9.49761,37.25264],[9.49771,37.25128],[9.49682,37.25117],[9.49637,37.25305],[9.49674,37.2537],[9.49849,37.25406],[9.4997,37.25361]]]},"properties":{"firedate":"2026-10-03","area_ha":4.0,"country":"TN"}},{"type":"Feature","geometry":{"type":"Polygon","coordinates":[[[20.91172,42.88304],[20.9102,42.8816],[20.90909,42.88135],[20.90728,42.88326],[20.90695,42.8841],[20.90738,42.88422],[20.90799,42.88356],[20.911,42.88354],[20.91172,42.88304]]]},"properties":{"firedate":"2026-10-03","area_ha":7.0,"country":"KS"}},{"type":"Feature","geometry":{"type":"Polygon","coordinates":[[[16.40104,38.37249],[16.40012,38.37245],[16.4004,38.37335],[16.40106,38.37361],[16.40215,38.37344],[16.40282,38.37254],[16.40408,38.37199],[16.40471,38.37093],[16.40334,38.3705],[16.40294,38.36933],[16.40211,38.36918],[16.40133,38.37027],[16.39993,38.37074],[16.40105,38.37174],[16.40206,38.37148],[16.40195,38.37319],[16.40132,38.37303],[16.40104,38.37249]]]},"properties":{"firedate":"2026-10-03","area_ha":10.0,"country":"IT"}},{"type":"Feature","geometry":{"type":"Polygon","coordinates":[[[17.13316,39.18673],[17.13396,39.18898],[17.13344,39.18964],[17.13378,39.19081],[17.13307,39.19121],[17.1336,39.19202],[17.13455,39.19126],[17.1353,39.18918],[17.13395,39.18583],[17.13418,39.18523],[17.13467,39.18575],[17.13498,39.18545],[17.13462,39.185],[17.13369,39.18476],[17.13317,39.18387],[17.1323,39.18387],[17.13185,39.18425],[17.13234,39.18533],[17.13194,39.18588],[17.13316,39.18673]]]},"properties":{"firedate":"2026-10-03","area_ha":11.0,"country":"IT"}},{"type":"Feature","geometry":{"type":"Polygon","coordinates":[[[20.32126,39.8008],[20.32122,39.80031],[20.31961,39.79972],[20.31614,39.79974],[20.31534,39.80022],[20.31558,39.80074],[20.31509,39.80209],[20.31978,39.80192],[20.32126,39.8008]]]},"properties":{"firedate":"2026-10-03","area_ha":12.0,"country":"EL"}},{"type":"Feature","geometry":{"type":"Polygon","coordinates":[[[23.09862,44.826],[23.09908,44.82533],[23.09886,44.82471],[23.09941,44.82427],[23.09876,44.82309],[23.09658,44.82381],[23.09547,44.82316],[23.09476,44.82395],[23.09418,44.82391],[23.09352,44.82331],[23.09246,44.82451],[23.09355,44.82446],[23.09363,44.82471],[23.09245,44.82516],[23.09166,44.82606],[23.09252,44.82622],[23.09606,44.82531],[23.09677,44.82549],[23.09723,44.82633],[23.09862,44.826]]]},"properties":{"firedate":"2026-10-03","area_ha":13.0,"country":"RO"}},{"type":"Feature","geometry":{"type":"Polygon","coordinates":[[[22.68027,44.9336],[22.68027,44.93265],[22.6797,44.9324],[22.6798,44.93171],[22.67912,44.93126],[22.67916,44.9303],[22.67872,44.92996],[22.67313,44.9373],[22.67289,44.93867],[22.67586,44.93725],[22.67683,44.93493],[22.68027,44.9336]]]},"properties":{"firedate":"2026-10-03","area_ha":18.0,"country":"RO"}},{"type":"Feature","geometry":{"type":"Polygon","coordinates":[[[17.59469,43.64965],[17.59624,43.64809],[17.59362,43.64825],[17.59248,43.64777],[17.58815,43.64715],[17.58572,43.64775],[17.58482,43.64837],[17.58606,43.64869],[17.5865,43.64965],[17.58834,43.65008],[17.58894,43.65109],[17.5895,43.65137],[17.59136,43.65055],[17.59203,43.64977],[17.59469,43.64965]]]},"properties":{"firedate":"2026-10-03","area_ha":22.0,"country":"BA"}},{"type":"Feature","geometry":{"type":"Polygon","coordinates":[[[24.25748,43.01928],[24.25747,43.01848],[24.25689,43.01755],[24.25449,43.01752],[24.25366,43.01654],[24.25197,43.01696],[24.25164,43.01614],[24.25113,43.01592],[24.24921,43.01618],[24.24895,43.01716],[24.24722,43.01638],[24.24654,43.01684],[24.24802,43.01861],[24.25197,43.01949],[24.25306,43.01992],[24.25337,43.02066],[24.25481,43.02022],[24.25507,43.01924],[24.25585,43.01912],[24.25677,43.01963],[24.25748,43.01928]]]},"properties":{"firedate":"2026-10-03","area_ha":24.0,"country":"BG"}},{"type":"Feature","geometry":{"type":"Polygon","coordinates":[[[23.64531,44.59594],[23.64431,44.59515],[23.63848,44.59437],[23.63839,44.59405],[23.64086,44.59405],[23.6422,44.59356],[23.64207,44.59237],[23.64107,44.59198],[23.63878,44.59189],[23.63719,44.59261],[23.6351,44.59268],[23.63707,44.59399],[23.6409,44.59749],[23.64356,44.59739],[23.64459,44.59848],[23.6454,44.59776],[23.64589,44.59839],[23.64555,44.59901],[23.64703,44.59946],[23.64622,44.59763],[23.64642,44.59655],[23.64629,44.59634],[23.64585,44.59686],[23.64496,44.59694],[23.64458,44.59629],[23.64531,44.59594]]]},"properties":{"firedate":"2026-10-03","area_ha":26.0,"country":"RO"}},{"type":"Feature","geometry":{"type":"Polygon","coordinates":[[[21.76431,43.48439],[21.76443,43.48096],[21.76402,43.48021],[21.76249,43.47929],[21.75917,43.47812],[21.75826,43.47839],[21.75896,43.48058],[21.75864,43.48155],[21.75966,43.48423],[21.76205,43.48497],[21.76431,43.48439]]]},"properties":{"firedate":"2026-10-03","area_ha":28.0,"country":"RS"}},{"type":"Feature","geometry":{"type":"Polygon","coordinates":[[[22.58705,46.07206],[22.5861,46.07369],[22.58676,46.07449],[22.59033,46.07477],[22.59248,46.07375],[22.59631,46.07453],[22.59584,46.07366],[22.59444,46.07285],[22.59444,46.07229],[22.59129,46.07157],[22.59211,46.07051],[22.59307,46.07013],[22.5919,46.06957],[22.59351,46.06756],[22.59364,46.06566],[22.59295,46.06556],[22.59192,46.06609],[22.59071,46.06592],[22.58891,46.06671],[22.5888,46.06722],[22.58938,46.06831],[22.58904,46.06921],[22.58921,46.07006],[22.58866,46.07024],[22.5887,46.0707],[22.58705,46.07206]]]},"properties":{"firedate":"2026-10-03","area_ha":38.0,"country":"RO"}},{"type":"Feature","geometry":{"type":"Polygon","coordinates":[[[17.59316,43.05246],[17.59327,43.04994],[17.59177,43.04939],[17.58963,43.04936],[17.58815,43.05045],[17.58611,43.05066],[17.58576,43.05265],[17.58439,43.05451],[17.58449,43.05733],[17.58317,43.05918],[17.58328,43.06003],[17.58508,43.06079],[17.58691,43.06084],[17.58652,43.05927],[17.58583,43.05817],[17.58598,43.05761],[17.58657,43.05721],[17.58767,43.05738],[17.58872,43.05692],[17.59316,43.05246]]]},"properties":{"firedate":"2026-10-03","area_ha":52.0,"country":"HR"}},{"type":"Feature","geometry":{"type":"Polygon","coordinates":[[[9.47033,36.84172],[9.46923,36.84131],[9.46882,36.84041],[9.46955,36.83997],[9.47016,36.84053],[9.47096,36.84048],[9.47045,36.83935],[9.47048,36.83846],[9.46868,36.83704],[9.46713,36.837],[9.46391,36.83581],[9.46211,36.8366],[9.4611,36.83997],[9.46138,36.84148],[9.4619,36.84211],[9.46519,36.84386],[9.47069,36.84283],[9.4708,36.84245],[9.47169,36.84203],[9.47259,36.84225],[9.47324,36.84314],[9.47394,36.84274],[9.47353,36.84186],[9.47302,36.84157],[9.47033,36.84172]]]},"properties":{"firedate":"2026-10-03","area_ha":59.0,"country":"TN"}},{"type":"Feature","geometry":{"type":"Polygon","coordinates":[[[22.09658,44.15434],[22.09394,44.15562],[22.09361,44.15628],[22.0958,44.15775],[22.09474,44.15904],[22.09232,44.16052],[22.09244,44.16206],[22.0932,44.1624],[22.09483,44.16232],[22.09541,44.16086],[22.09679,44.16066],[22.0977,44.16121],[22.09766,44.1617],[22.10001,44.1627],[22.10117,44.16085],[22.10161,44.15914],[22.1029,44.15787],[22.10288,44.15747],[22.10219,44.15721],[22.10225,44.15627],[22.1025,44.15524],[22.10336,44.15424],[22.10058,44.15373],[22.10009,44.15252],[22.09961,44.15219],[22.0981,44.15252],[22.09694,44.15229],[22.09619,44.15295],[22.09658,44.15434]]]},"properties":{"firedate":"2026-10-03","area_ha":61.0,"country":"RS"}},{"type":"Feature","geometry":{"type":"Polygon","coordinates":[[[21.45072,41.72109],[21.45216,41.72216],[21.45432,41.72276],[21.45576,41.72243],[21.45562,41.72129],[21.45494,41.72003],[21.45904,41.71928],[21.46043,41.71871],[21.46097,41.7179],[21.46022,41.71565],[21.45909,41.7149],[21.4546,41.71396],[21.45226,41.71415],[21.44969,41.71544],[21.44931,41.71655],[21.4497,41.71706],[21.45121,41.71771],[21.45145,41.71835],[21.44689,41.71973],[21.44573,41.72068],[21.44613,41.72123],[21.44814,41.72093],[21.45072,41.72109]]]},"properties":{"firedate":"2026-10-03","area_ha":67.0,"country":"MK"}},{"type":"Feature","geometry":{"type":"Polygon","coordinates":[[[20.91178,42.87612],[20.91006,42.87824],[20.91252,42.88017],[20.91736,42.8817],[20.92308,42.88155],[20.92402,42.88055],[20.92405,42.87597],[20.9208,42.87317],[20.91692,42.87297],[20.91639,42.87342],[20.91683,42.87478],[20.91295,42.8755],[20.91178,42.87612]]]},"properties":{"firedate":"2026-10-03","area_ha":80.0,"country":"KS"}},{"type":"Feature","geometry":{"type":"Polygon","coordinates":[[[22.97085,44.41431],[22.96618,44.41598],[22.96209,44.41658],[22.96214,44.41765],[22.96056,44.4194],[22.95874,44.42019],[22.95232,44.4213],[22.951,44.4228],[22.95229,44.42306],[22.95145,44.42403],[22.95285,44.42474],[22.95308,44.42324],[22.95386,44.4229],[22.95598,44.42376],[22.95835,44.42359],[22.95903,44.42288],[22.96118,44.42268],[22.96314,44.42287],[22.96023,44.42414],[22.96365,44.42507],[22.96666,44.42308],[22.9653,44.42239],[22.96714,44.42068],[22.96826,44.42036],[22.96828,44.41987],[22.97151,44.4189],[22.97107,44.41753],[22.97125,44.41684],[22.97085,44.41431]]]},"properties":{"firedate":"2026-10-03","area_ha":80.0,"country":"RO"}},{"type":"Feature","geometry":{"type":"Polygon","coordinates":[[[9.32301,37.00776],[9.32273,37.009],[9.32308,37.00958],[9.32266,37.01006],[9.31951,37.01126],[9.31832,37.01242],[9.31612,37.01291],[9.31911,37.01347],[9.31992,37.01397],[9.31976,37.01477],[9.31871,37.01569],[9.31821,37.01734],[9.31871,37.01825],[9.31998,37.01817],[9.32152,37.01667],[9.32487,37.01604],[9.32694,37.01464],[9.32772,37.01462],[9.32907,37.01533],[9.33087,37.01505],[9.331,37.0141],[9.3325,37.01324],[9.33319,37.01119],[9.33302,37.01081],[9.33229,37.01077],[9.33069,37.0115],[9.32893,37.01019],[9.32631,37.00978],[9.32597,37.00949],[9.32585,37.00807],[9.32438,37.00716],[9.32301,37.00776]]]},"properties":{"firedate":"2026-10-03","area_ha":82.0,"country":"TN"}},{"type":"Feature","geometry":{"type":"Polygon","coordinates":[[[16.56916,40.55522],[16.56697,40.55522],[16.56546,40.55583],[16.56325,40.55578],[16.56344,40.55535],[16.5649,40.55454],[16.56496,40.55406],[16.5645,40.55389],[16.56299,40.55428],[16.56159,40.55558],[16.55918,40.55519],[16.5588,40.55543],[16.55892,40.55567],[16.557,40.55562],[16.55667,40.55604],[16.55839,40.55703],[16.55832,40.55765],[16.55905,40.55892],[16.56063,40.55994],[16.56147,40.56105],[16.5636,40.56045],[16.56586,40.56162],[16.5673,40.56134],[16.56888,40.56012],[16.57387,40.55858],[16.57503,40.55746],[16.57625,40.55744],[16.57792,40.55646],[16.57667,40.55409],[16.57321,40.55458],[16.5728,40.55436],[16.57267,40.55336],[16.57224,40.55288],[16.57115,40.55286],[16.56957,40.55341],[16.56971,40.55433],[16.56916,40.55522]]]},"properties":{"firedate":"2026-10-03","area_ha":92.0,"country":"IT"}},{"type":"Feature","geometry":{"type":"Polygon","coordinates":[[[22.92383,44.71544],[22.92155,44.71389],[22.92098,44.71396],[22.92111,44.71473],[22.92036,44.71417],[22.91887,44.71401],[22.91805,44.71345],[22.9167,44.71379],[22.91639,44.71485],[22.91706,44.71597],[22.91523,44.71749],[22.91679,44.71911],[22.91386,44.72191],[22.91428,44.72316],[22.91512,44.72383],[22.91442,44.72422],[22.91443,44.72454],[22.91594,44.72608],[22.91697,44.72573],[22.91705,44.72477],[22.91772,44.72458],[22.92006,44.72461],[22.92055,44.72561],[22.92255,44.72622],[22.9259,44.72547],[22.9263,44.72585],[22.92571,44.72665],[22.92761,44.72853],[22.92876,44.72857],[22.93014,44.72811],[22.927,44.72555],[22.92742,44.72498],[22.92928,44.72413],[22.92918,44.72316],[22.92958,44.72259],[22.92924,44.72219],[22.92786,44.72227],[22.92734,44.72133],[22.92636,44.72076],[22.9267,44.7191],[22.92791,44.7183],[22.928,44.71787],[22.92693,44.71675],[22.92644,44.71486],[22.92584,44.7145],[22.92383,44.71544]]]},"properties":{"firedate":"2026-10-03","area_ha":124.0,"country":"RO"}},{"type":"Feature","geometry":{"type":"Polygon","coordinates":[[[16.99714,38.96168],[16.9972,38.96224],[16.99809,38.96109],[16.99933,38.96082],[16.9978,38.96011],[16.99789,38.95942],[17.0003,38.9594],[17.00137,38.95975],[17.00182,38.95943],[17.0017,38.95851],[16.99885,38.95526],[16.99604,38.95662],[16.99538,38.95653],[16.99484,38.956],[16.99309,38.95723],[16.99267,38.9572],[16.99215,38.95571],[16.99166,38.95545],[16.99048,38.9554],[16.9898,38.95606],[16.98913,38.95607],[16.98979,38.9571],[16.98956,38.9585],[16.99034,38.95927],[16.98976,38.96017],[16.98584,38.95854],[16.9843,38.95844],[16.98625,38.9614],[16.98587,38.9625],[16.98826,38.96662],[16.98923,38.96698],[16.99015,38.96651],[16.99179,38.96653],[16.99357,38.97001],[16.99342,38.97216],[16.9954,38.97261],[16.99569,38.97361],[16.99757,38.97483],[16.99783,38.97625],[16.99858,38.97657],[17.00027,38.97654],[17.00101,38.97601],[17.00072,38.97437],[17.00191,38.97305],[17.00075,38.97151],[17.00118,38.97115],[16.99923,38.96806],[16.99804,38.96822],[16.9957,38.96705],[16.99534,38.96639],[16.99797,38.96674],[16.99853,38.96726],[16.99895,38.96702],[16.99922,38.96598],[17.00048,38.96535],[16.99703,38.96399],[16.99706,38.96253],[16.99382,38.96255],[16.99305,38.96213],[16.99335,38.96164],[16.99714,38.96168]]]},"properties":{"firedate":"2026-10-03","area_ha":169.0,"country":"IT"}},{"type":"Feature","geometry":{"type":"Polygon","coordinates":[[[20.55051,41.53702],[20.55068,41.53775],[20.5515,41.53836],[20.55142,41.54017],[20.54214,41.53894],[20.54131,41.53945],[20.54121,41.54095],[20.5416,41.54179],[20.54326,41.54288],[20.54463,41.54496],[20.54472,41.54663],[20.54523,41.54747],[20.54717,41.54892],[20.54694,41.5501],[20.55064,41.55103],[20.55163,41.55182],[20.5527,41.55146],[20.55312,41.54828],[20.55363,41.54791],[20.55484,41.54874],[20.55489,41.55094],[20.55569,41.55185],[20.5567,41.5516],[20.558,41.54963],[20.55875,41.54963],[20.55995,41.55036],[20.56047,41.54764],[20.56022,41.54703],[20.56484,41.54549],[20.56421,41.54251],[20.56488,41.54158],[20.56687,41.54039],[20.56547,41.53925],[20.56379,41.5385],[20.56123,41.53911],[20.55955,41.53777],[20.55908,41.53604],[20.55671,41.53575],[20.55585,41.53432],[20.55464,41.53484],[20.55458,41.53533],[20.55314,41.535],[20.55252,41.53601],[20.55124,41.53634],[20.55051,41.53702]]]},"properties":{"firedate":"2026-10-03","area_ha":229.0,"country":"MK"}},{"type":"Feature","geometry":{"type":"Polygon","coordinates":[[[19.87843,45.05823],[19.87912,45.05589],[19.87915,45.05144],[19.88167,45.05211],[19.8817,45.05449],[19.88592,45.05352],[19.88683,45.0512],[19.89282,45.04643],[19.89865,45.04093],[19.89949,45.03923],[19.90323,45.03434],[19.90293,45.03184],[19.89981,45.03127],[19.89806,45.03214],[19.89581,45.03538],[19.89537,45.0355],[19.89049,45.0343],[19.88414,45.03973],[19.88339,45.04142],[19.88016,45.04417],[19.87674,45.04828],[19.87729,45.05035],[19.87519,45.05068],[19.87507,45.051],[19.87542,45.05586],[19.87396,45.05945],[19.87843,45.05823]]]},"properties":{"firedate":"2026-10-03","area_ha":257.0,"country":"RS"}},{"type":"Feature","geometry":{"type":"Polygon","coordinates":[[[16.88851,39.29267],[16.88842,39.29116],[16.88664,39.29184],[16.887,39.29283],[16.88851,39.29267]]]},"properties":{"firedate":"2026-10-04","area_ha":2.0,"country":"IT"}},{"type":"Feature","geometry":{"type":"Polygon","coordinates":[[[13.76289,37.51065],[13.76301,37.50969],[13.76208,37.50934],[13.76115,37.50959],[13.76069,37.51079],[13.762,37.51105],[13.76289,37.51065]]]},"properties":{"firedate":"2026-10-04","area_ha":3.0,"country":"IT"}},{"type":"Feature","geometry":{"type":"Polygon","coordinates":[[[22.3074,41.32537],[22.30686,41.32452],[22.30613,41.32448],[22.30525,41.32585],[22.30597,41.32627],[22.30725,41.32606],[22.3074,41.32537]]]},"properties":{"firedate":"2026-10-04","area_ha":3.0,"country":"MK"}},{"type":"Feature","geometry":{"type":"Polygon","coordinates":[[[9.54855,37.24328],[9.5497,37.24112],[9.55057,37.2406],[9.55034,37.23996],[9.54748,37.24085],[9.5473,37.24213],[9.54799,37.24336],[9.54855,37.24328]]]},"properties":{"firedate":"2026-10-04","area_ha":5.0,"country":"TN"}},{"type":"Feature","geometry":{"type":"Polygon","coordinates":[[[13.75399,37.80673],[13.75475,37.80562],[13.75434,37.80477],[13.75159,37.80475],[13.75096,37.80537],[13.75137,37.8061],[13.75291,37.80664],[13.75399,37.80673]]]},"properties":{"firedate":"2026-10-04","area_ha":6.0,"country":"IT"}},{"type":"Feature","geometry":{"type":"Polygon","coordinates":[[[19.58102,40.36314],[19.58095,40.36285],[19.57846,40.36289],[19.57629,40.36245],[19.57533,40.36285],[19.5761,40.36457],[19.57808,40.36367],[19.58006,40.36369],[19.58102,40.36314]]]},"properties":{"firedate":"2026-10-04","area_ha":6.0,"country":"AL"}},{"type":"Feature","geometry":{"type":"Polygon","coordinates":[[[16.2711,38.72338],[16.27111,38.723],[16.27187,38.72292],[16.27188,38.72259],[16.26902,38.72195],[16.26744,38.72328],[16.26778,38.72379],[16.26892,38.72419],[16.2711,38.72338]]]},"properties":{"firedate":"2026-10-04","area_ha":6.0,"country":"IT"}},{"type":"Feature","geometry":{"type":"Polygon","coordinates":[[[28.84335,45.22796],[28.8436,45.22616],[28.84304,45.22448],[28.84251,45.22409],[28.84172,45.22418],[28.84122,45.22492],[28.84222,45.22606],[28.84071,45.22703],[28.8406,45.22758],[28.8414,45.22811],[28.84335,45.22796]]]},"properties":{"firedate":"2026-10-04","area_ha":7.0,"country":"RO"}},{"type":"Feature","geometry":{"type":"Polygon","coordinates":[[[23.57571,45.34522],[23.57303,45.34315],[23.57171,45.34348],[23.57101,45.34431],[23.57205,45.3462],[23.57315,45.34625],[23.57418,45.34558],[23.5755,45.34535],[23.57571,45.34522]]]},"properties":{"firedate":"2026-10-04","area_ha":8.0,"country":"RO"}},{"type":"Feature","geometry":{"type":"Polygon","coordinates":[[[9.72216,37.06897],[9.72426,37.06781],[9.72388,37.06706],[9.72267,37.06673],[9.72142,37.06702],[9.72059,37.06817],[9.72046,37.07024],[9.72093,37.07054],[9.72217,37.07012],[9.72244,37.06972],[9.72216,37.06897]]]},"properties":{"firedate":"2026-10-04","area_ha":8.0,"country":"TN"}},{"type":"Feature","geometry":{"type":"Polygon","coordinates":[[[15.47209,38.083],[15.47288,38.08277],[15.47343,38.0821],[15.47389,38.08265],[15.47456,38.08256],[15.4728,38.08101],[15.47296,38.07984],[15.47118,38.08011],[15.47109,38.0814],[15.46991,38.08238],[15.47018,38.0828],[15.47209,38.083]]]},"properties":{"firedate":"2026-10-04","area_ha":8.0,"country":"IT"}},{"type":"Feature","geometry":{"type":"Polygon","coordinates":[[[22.80501,45.99246],[22.8052,45.99224],[22.8047,45.99178],[22.80448,45.99077],[22.80204,45.99015],[22.80084,45.99056],[22.7994,45.98849],[22.79885,45.98841],[22.79848,45.98875],[22.79848,45.98963],[22.80039,45.9913],[22.80222,45.99227],[22.80386,45.99194],[22.80501,45.99246]]]},"properties":{"firedate":"2026-10-04","area_ha":8.0,"country":"RO"}},{"type":"Feature","geometry":{"type":"Polygon","coordinates":[[[20.22199,41.01945],[20.22101,41.01753],[20.2198,41.01685],[20.21877,41.01664],[20.21788,41.01701],[20.21801,41.01899],[20.21874,41.01962],[20.2198,41.01996],[20.2216,41.0198],[20.22199,41.01945]]]},"properties":{"firedate":"2026-10-04","area_ha":9.0,"country":"AL"}},{"type":"Feature","geometry":{"type":"Polygon","coordinates":[[[21.50628,42.1479],[21.50566,42.14691],[21.50436,42.14644],[21.50397,42.14556],[21.50274,42.14535],[21.50226,42.14565],[21.50154,42.14738],[21.5,42.14846],[21.50073,42.14878],[21.50232,42.14794],[21.50337,42.14781],[21.50571,42.14862],[21.50628,42.1479]]]},"properties":{"firedate":"2026-10-04","area_ha":9.0,"country":"MK"}},{"type":"Feature","geometry":{"type":"Polygon","coordinates":[[[16.54574,40.27636],[16.54456,40.2743],[16.54532,40.27292],[16.54418,40.27258],[16.54337,40.27292],[16.542,40.27433],[16.54223,40.27556],[16.54099,40.27673],[16.54135,40.2768],[16.54367,40.27546],[16.54522,40.27639],[16.54574,40.27636]]]},"properties":{"firedate":"2026-10-04","area_ha":9.0,"country":"IT"}},{"type":"Feature","geometry":{"type":"Polygon","coordinates":[[[16.106,39.65036],[16.10597,39.64989],[16.10488,39.64932],[16.10457,39.64867],[16.10205,39.64827],[16.10152,39.64881],[16.10149,39.65007],[16.1008,39.65071],[16.10313,39.65146],[16.10381,39.65048],[16.10483,39.65055],[16.10534,39.65097],[16.106,39.65036]]]},"properties":{"firedate":"2026-10-04","area_ha":10.0,"country":"IT"}},{"type":"Feature","geometry":{"type":"Polygon","coordinates":[[[16.39226,38.32517],[16.39161,38.32387],[16.39067,38.32368],[16.38964,38.32217],[16.38851,38.322],[16.38831,38.323],[16.38706,38.32356],[16.38766,38.32428],[16.38732,38.32503],[16.38936,38.32499],[16.3901,38.32573],[16.39226,38.32517]]]},"properties":{"firedate":"2026-10-04","area_ha":11.0,"country":"IT"}},{"type":"Feature","geometry":{"type":"Polygon","coordinates":[[[19.57688,40.36074],[19.57653,40.36014],[19.57534,40.35991],[19.57261,40.36015],[19.57186,40.36149],[19.57031,40.36112],[19.56962,40.3613],[19.5693,40.36181],[19.57011,40.36256],[19.56873,40.36288],[19.57029,40.36354],[19.57137,40.36257],[19.57206,40.3631],[19.57313,40.36311],[19.57348,40.36289],[19.57352,40.36212],[19.57442,40.36122],[19.57688,40.36074]]]},"properties":{"firedate":"2026-10-04","area_ha":12.0,"country":"AL"}},{"type":"Feature","geometry":{"type":"Polygon","coordinates":[[[28.57552,39.11704],[28.57536,39.11631],[28.57422,39.11521],[28.56939,39.11461],[28.56872,39.11481],[28.57146,39.11725],[28.57409,39.11751],[28.57552,39.11704]]]},"properties":{"firedate":"2026-10-04","area_ha":12.0,"country":"TR"}},{"type":"Feature","geometry":{"type":"Polygon","coordinates":[[[19.24201,42.51928],[19.24189,42.51843],[19.24398,42.51816],[19.244,42.51746],[19.24202,42.51693],[19.24109,42.51723],[19.24133,42.51638],[19.23963,42.5159],[19.23852,42.51622],[19.23764,42.5181],[19.23781,42.51887],[19.2372,42.51944],[19.2376,42.5199],[19.23873,42.51914],[19.24201,42.51928]]]},"properties":{"firedate":"2026-10-04","area_ha":13.0,"country":"ME"}},{"type":"Feature","geometry":{"type":"Polygon","coordinates":[[[22.89133,44.94378],[22.89301,44.94055],[22.89362,44.94042],[22.8943,44.93951],[22.89379,44.93917],[22.89403,44.93839],[22.89373,44.93775],[22.89338,44.93772],[22.8931,44.93904],[22.89132,44.93878],[22.8904,44.94051],[22.88965,44.94069],[22.88867,44.94299],[22.89005,44.94334],[22.89012,44.94401],[22.89133,44.94378]]]},"properties":{"firedate":"2026-10-04","area_ha":14.0,"country":"RO"}},{"type":"Feature","geometry":{"type":"Polygon","coordinates":[[[9.54503,37.24791],[9.54464,37.24669],[9.54615,37.24603],[9.54682,37.24493],[9.54564,37.24337],[9.54403,37.24281],[9.54393,37.24581],[9.54326,37.24632],[9.54188,37.24616],[9.54178,37.24752],[9.54209,37.24796],[9.54285,37.24812],[9.54449,37.2482],[9.54503,37.24791]]]},"properties":{"firedate":"2026-10-04","area_ha":14.0,"country":"TN"}},{"type":"Feature","geometry":{"type":"Polygon","coordinates":[[[16.09496,39.66549],[16.09407,39.6645],[16.09449,39.66357],[16.09294,39.66291],[16.09169,39.66277],[16.09129,39.66377],[16.09032,39.66363],[16.0898,39.66403],[16.0902,39.6649],[16.0898,39.66567],[16.09001,39.66617],[16.09089,39.66625],[16.09209,39.66571],[16.0928,39.66609],[16.09288,39.6665],[16.09229,39.66735],[16.09258,39.6678],[16.09452,39.6669],[16.09504,39.66616],[16.09496,39.66549]]]},"properties":{"firedate":"2026-10-04","area_ha":15.0,"country":"IT"}},{"type":"Feature","geometry":{"type":"Polygon","coordinates":[[[16.40759,40.61112],[16.40706,40.61041],[16.40761,40.60854],[16.40723,40.60738],[16.40763,40.60657],[16.40712,40.60623],[16.40587,40.60641],[16.40454,40.6085],[16.40369,40.60877],[16.40328,40.60953],[16.4013,40.61061],[16.40079,40.61122],[16.40138,40.61149],[16.40346,40.6113],[16.40484,40.60965],[16.40612,40.61048],[16.40596,40.6108],[16.40516,40.61066],[16.40528,40.6113],[16.40759,40.61112]]]},"properties":{"firedate":"2026-10-04","area_ha":15.0,"country":"IT"}},{"type":"Feature","geometry":{"type":"Polygon","coordinates":[[[21.44705,41.8484],[21.44437,41.84729],[21.44235,41.84705],[21.44094,41.84604],[21.44046,41.84664],[21.44072,41.84827],[21.43776,41.84855],[21.43635,41.85146],[21.43708,41.85187],[21.43796,41.85159],[21.43838,41.85114],[21.43843,41.85004],[21.43927,41.84942],[21.44323,41.84994],[21.44389,41.84895],[21.44506,41.84872],[21.44639,41.84907],[21.44705,41.8484]]]},"properties":{"firedate":"2026-10-04","area_ha":18.0,"country":"MK"}},{"type":"Feature","geometry":{"type":"Polygon","coordinates":[[[19.97507,44.75692],[19.96536,44.75432],[19.96713,44.75517],[19.96649,44.75668],[19.9668,44.75719],[19.96893,44.75635],[19.96937,44.75704],[19.96849,44.75798],[19.9708,44.75884],[19.97111,44.7585],[19.97249,44.75949],[19.97507,44.75692]]]},"properties":{"firedate":"2026-10-04","area_ha":18.0,"country":"RS"}},{"type":"Feature","geometry":{"type":"Polygon","coordinates":[[[15.31852,38.01993],[15.32119,38.01718],[15.32143,38.01633],[15.3212,38.0157],[15.32192,38.01496],[15.32173,38.01447],[15.32105,38.01436],[15.32032,38.01472],[15.31904,38.01435],[15.31774,38.01482],[15.31658,38.01607],[15.31635,38.01786],[15.31774,38.02009],[15.31852,38.01993]]]},"properties":{"firedate":"2026-10-04","area_ha":20.0,"country":"IT"}},{"type":"Feature","geometry":{"type":"Polygon","coordinates":[[[22.79703,45.99886],[22.79716,45.99811],[22.79833,45.99737],[22.7998,45.99526],[22.79951,45.9939],[22.79901,45.99413],[22.79876,45.99562],[22.79732,45.99486],[22.79317,45.99586],[22.79125,45.99785],[22.79168,45.99818],[22.79318,45.99792],[22.79342,45.99879],[22.79416,45.99947],[22.79703,45.99886]]]},"properties":{"firedate":"2026-10-04","area_ha":20.0,"country":"RO"}},{"type":"Feature","geometry":{"type":"Polygon","coordinates":[[[23.57536,45.3363],[23.57563,45.3346],[23.57518,45.33415],[23.57143,45.33443],[23.56845,45.3386],[23.56877,45.33986],[23.56929,45.34025],[23.57057,45.33974],[23.57179,45.33891],[23.57223,45.33806],[23.57536,45.3363]]]},"properties":{"firedate":"2026-10-04","area_ha":20.0,"country":"RO"}},{"type":"Feature","geometry":{"type":"Polygon","coordinates":[[[21.81975,43.16996],[21.82013,43.16851],[21.82123,43.1671],[21.82066,43.16644],[21.81933,43.16673],[21.81948,43.16592],[21.8192,43.16573],[21.81769,43.16704],[21.81634,43.16664],[21.81524,43.16679],[21.81371,43.16857],[21.81472,43.16987],[21.81639,43.17012],[21.81768,43.17075],[21.81864,43.17009],[21.81975,43.16996]]]},"properties":{"firedate":"2026-10-04","area_ha":20.0,"country":"RS"}},{"type":"Feature","geometry":{"type":"Polygon","coordinates":[[[19.58165,40.35722],[19.58092,40.3567],[19.58078,40.35569],[19.58145,40.35535],[19.58077,40.35414],[19.5795,40.35384],[19.57781,40.35441],[19.57691,40.35539],[19.57511,40.35552],[19.57479,40.35763],[19.57541,40.3586],[19.57723,40.35954],[19.57814,40.359],[19.57793,40.35776],[19.57901,40.35761],[19.58051,40.35828],[19.58147,40.35784],[19.58165,40.35722]]]},"properties":{"firedate":"2026-10-04","area_ha":23.0,"country":"AL"}},{"type":"Feature","geometry":{"type":"Polygon","coordinates":[[[20.65209,40.15076],[20.65201,40.15273],[20.65086,40.15241],[20.65048,40.15058],[20.65108,40.14913],[20.65053,40.14873],[20.64814,40.14937],[20.64775,40.14973],[20.64789,40.15015],[20.647,40.15063],[20.64768,40.15309],[20.65039,40.15458],[20.65298,40.15348],[20.65377,40.15186],[20.6546,40.15184],[20.65603,40.15295],[20.65674,40.1528],[20.65644,40.15191],[20.655,40.15135],[20.65397,40.15038],[20.65309,40.15021],[20.65209,40.15076]]]},"properties":{"firedate":"2026-10-04","area_ha":24.0,"country":"AL"}},{"type":"Feature","geometry":{"type":"Polygon","coordinates":[[[28.93125,45.20807],[28.93144,45.20842],[28.93353,45.20855],[28.93406,45.20911],[28.93593,45.2099],[28.93829,45.21012],[28.94135,45.21108],[28.94417,45.21221],[28.94488,45.2129],[28.94527,45.21276],[28.94318,45.21059],[28.94036,45.20982],[28.94034,45.2087],[28.94096,45.20734],[28.93964,45.2065],[28.93904,45.20655],[28.93822,45.20734],[28.93545,45.20593],[28.93419,45.20647],[28.93471,45.20766],[28.93454,45.20842],[28.93254,45.20797],[28.93125,45.20807]]]},"properties":{"firedate":"2026-10-04","area_ha":24.0,"country":"RO"}},{"type":"Feature","geometry":{"type":"Polygon","coordinates":[[[35.74467,47.6058],[35.74366,47.60145],[35.74283,47.60104],[35.73944,47.60169],[35.73786,47.60469],[35.74038,47.60682],[35.74443,47.60603],[35.74467,47.6058]]]},"properties":{"firedate":"2026-10-04","area_ha":24.0,"country":"UA"}},{"type":"Feature","geometry":{"type":"Polygon","coordinates":[[[17.90159,43.72707],[17.90206,43.72555],[17.90287,43.72577],[17.90453,43.72662],[17.90608,43.72807],[17.90837,43.72781],[17.90909,43.72715],[17.90898,43.7268],[17.90813,43.7266],[17.90488,43.72622],[17.90352,43.72484],[17.90095,43.72384],[17.89991,43.72184],[17.89865,43.72133],[17.89766,43.72163],[17.89752,43.72244],[17.898,43.72366],[17.89764,43.72472],[17.8983,43.72659],[17.89993,43.72735],[17.90159,43.72707]]]},"properties":{"firedate":"2026-10-04","area_ha":25.0,"country":"BA"}},{"type":"Feature","geometry":{"type":"Polygon","coordinates":[[[23.13883,44.65633],[23.14061,44.65741],[23.14389,44.65818],[23.14575,44.65975],[23.14702,44.66019],[23.14887,44.65904],[23.14608,44.65644],[23.14455,44.65555],[23.14136,44.65511],[23.14036,44.65447],[23.13947,44.65493],[23.13722,44.65439],[23.13672,44.65493],[23.13528,44.65493],[23.13883,44.65633]]]},"properties":{"firedate":"2026-10-04","area_ha":26.0,"country":"RO"}},{"type":"Feature","geometry":{"type":"Polygon","coordinates":[[[13.04185,37.90338],[13.04356,37.90293],[13.04389,37.90232],[13.04323,37.90149],[13.04277,37.8993],[13.04159,37.89836],[13.0404,37.89855],[13.04133,37.90172],[13.04086,37.90197],[13.03861,37.90218],[13.03577,37.90167],[13.03537,37.90135],[13.03558,37.90078],[13.03438,37.9002],[13.03181,37.90095],[13.02958,37.89999],[13.02886,37.90077],[13.02907,37.90136],[13.02969,37.90135],[13.03063,37.90192],[13.03031,37.90304],[13.0307,37.9034],[13.03152,37.90332],[13.0324,37.90237],[13.03318,37.90212],[13.03501,37.90258],[13.03649,37.90227],[13.04185,37.90338]]]},"properties":{"firedate":"2026-10-04","area_ha":27.0,"country":"IT"}},{"type":"Feature","geometry":{"type":"Polygon","coordinates":[[[22.8505,44.57173],[22.85297,44.57248],[22.85077,44.5724],[22.85071,44.57269],[22.85198,44.57281],[22.85311,44.57369],[22.85367,44.5725],[22.85561,44.57285],[22.85554,44.57325],[22.85411,44.57321],[22.85432,44.57408],[22.85495,44.57433],[22.85638,44.57391],[22.85872,44.57242],[22.86048,44.57242],[22.86088,44.57165],[22.85934,44.57064],[22.85842,44.57162],[22.85769,44.57178],[22.8566,44.57142],[22.85579,44.57198],[22.85367,44.57109],[22.85366,44.56989],[22.85256,44.5675],[22.85106,44.56755],[22.8483,44.56853],[22.84813,44.56905],[22.84903,44.57015],[22.85096,44.57033],[22.85114,44.57085],[22.8505,44.57173]]]},"properties":{"firedate":"2026-10-04","area_ha":27.0,"country":"RO"}},{"type":"Feature","geometry":{"type":"Polygon","coordinates":[[[28.81413,39.64721],[28.81564,39.64385],[28.81851,39.64343],[28.81865,39.64257],[28.81667,39.64141],[28.8145,39.64083],[28.8128,39.6409],[28.81213,39.64126],[28.81146,39.64276],[28.8106,39.6433],[28.80972,39.64578],[28.81038,39.64697],[28.81229,39.64709],[28.81325,39.64749],[28.81413,39.64721]]]},"properties":{"firedate":"2026-10-04","area_ha":32.0,"country":"TR"}},{"type":"Feature","geometry":{"type":"Polygon","coordinates":[[[22.88391,44.69549],[22.8826,44.6963],[22.88276,44.69797],[22.88328,44.69881],[22.88465,44.69976],[22.88472,44.70057],[22.8861,44.70077],[22.88658,44.70157],[22.88867,44.70272],[22.89087,44.70452],[22.89158,44.70453],[22.89193,44.70385],[22.89299,44.70365],[22.89171,44.70254],[22.88967,44.70202],[22.88774,44.70115],[22.88746,44.70069],[22.88795,44.69984],[22.88743,44.69854],[22.88955,44.69841],[22.89068,44.6979],[22.89063,44.69729],[22.88828,44.69708],[22.88749,44.69614],[22.88609,44.69548],[22.88575,44.69483],[22.88583,44.69397],[22.88438,44.69343],[22.88328,44.69396],[22.88391,44.69549]]]},"properties":{"firedate":"2026-10-04","area_ha":34.0,"country":"RO"}},{"type":"Feature","geometry":{"type":"Polygon","coordinates":[[[16.05601,40.1058],[16.05324,40.10311],[16.05115,40.1029],[16.05058,40.10374],[16.04842,40.10387],[16.04877,40.10484],[16.04824,40.10629],[16.0469,40.10746],[16.04624,40.10869],[16.04633,40.10928],[16.04725,40.10988],[16.05097,40.10868],[16.05227,40.10733],[16.0555,40.10669],[16.05601,40.1058]]]},"properties":{"firedate":"2026-10-04","area_ha":35.0,"country":"IT"}},{"type":"Feature","geometry":{"type":"Polygon","coordinates":[[[29.83073,46.19886],[29.83155,46.19705],[29.8323,46.19683],[29.83296,46.19476],[29.83262,46.19435],[29.83141,46.19495],[29.83151,46.19458],[29.83293,46.19316],[29.83157,46.1915],[29.83095,46.19014],[29.82963,46.18965],[29.82826,46.19505],[29.82675,46.19435],[29.82485,46.19268],[29.8246,46.19292],[29.82594,46.19435],[29.82583,46.19486],[29.82506,46.19537],[29.82525,46.19596],[29.82601,46.19675],[29.82655,46.19622],[29.82638,46.19685],[29.82511,46.19822],[29.82598,46.19888],[29.82669,46.19853],[29.82826,46.19889],[29.83073,46.19886]]]},"properties":{"firedate":"2026-10-04","area_ha":36.0,"country":"UA"}},{"type":"Feature","geometry":{"type":"Polygon","coordinates":[[[17.61665,43.07315],[17.61534,43.07518],[17.61541,43.0767],[17.61756,43.07816],[17.61813,43.078],[17.61855,43.07703],[17.61995,43.07692],[17.62064,43.07751],[17.62068,43.07888],[17.62252,43.07971],[17.62591,43.07885],[17.62667,43.0783],[17.6268,43.07726],[17.62814,43.07675],[17.62642,43.07539],[17.62563,43.07521],[17.62529,43.07557],[17.62425,43.07564],[17.62345,43.07495],[17.62238,43.07473],[17.62212,43.07421],[17.6202,43.07359],[17.61867,43.0737],[17.61665,43.07315]]]},"properties":{"firedate":"2026-10-04","area_ha":42.0,"country":"HR"}},{"type":"Feature","geometry":{"type":"Polygon","coordinates":[[[16.42819,40.28404],[16.42671,40.28557],[16.42696,40.28597],[16.4281,40.286],[16.43111,40.28804],[16.43364,40.289],[16.43463,40.28981],[16.43537,40.28984],[16.43574,40.28953],[16.43581,40.28882],[16.43653,40.28832],[16.43671,40.28744],[16.43768,40.28704],[16.43825,40.28529],[16.4392,40.28382],[16.43966,40.28374],[16.4407,40.28466],[16.44146,40.28468],[16.43991,40.28254],[16.44169,40.28225],[16.44222,40.28175],[16.44131,40.28069],[16.43959,40.28198],[16.4357,40.28254],[16.43471,40.285],[16.43402,40.28478],[16.43427,40.28364],[16.43286,40.28338],[16.43211,40.28355],[16.43171,40.28421],[16.43082,40.28435],[16.4295,40.28417],[16.42928,40.28352],[16.42819,40.28404]]]},"properties":{"firedate":"2026-10-04","area_ha":52.0,"country":"IT"}},{"type":"Feature","geometry":{"type":"Polygon","coordinates":[[[20.97807,42.60443],[20.97776,42.60333],[20.9768,42.60253],[20.9765,42.60145],[20.97579,42.60069],[20.97593,42.59905],[20.97516,42.59863],[20.97388,42.5986],[20.97304,42.59766],[20.96886,42.59813],[20.96734,42.59875],[20.96709,42.59944],[20.96783,42.60059],[20.96791,42.60134],[20.96592,42.60301],[20.9663,42.60421],[20.96898,42.60443],[20.97082,42.6056],[20.97211,42.60513],[20.97355,42.60511],[20.97465,42.60448],[20.97807,42.60443]]]},"properties":{"firedate":"2026-10-04","area_ha":58.0,"country":"KS"}},{"type":"Feature","geometry":{"type":"Polygon","coordinates":[[[8.67141,40.27208],[8.67412,40.27241],[8.67591,40.27187],[8.67541,40.27113],[8.6762,40.27037],[8.67606,40.26965],[8.67817,40.26982],[8.67635,40.26753],[8.67634,40.26692],[8.67693,40.26625],[8.67677,40.26422],[8.6774,40.2637],[8.68042,40.26396],[8.68148,40.26374],[8.68208,40.26259],[8.68125,40.26174],[8.68308,40.26105],[8.6827,40.25954],[8.68332,40.2584],[8.68552,40.25839],[8.68585,40.258],[8.6857,40.25738],[8.6826,40.25619],[8.68216,40.25666],[8.68227,40.25726],[8.6799,40.25784],[8.67749,40.26009],[8.67682,40.26018],[8.67583,40.25973],[8.67481,40.26033],[8.67406,40.26173],[8.67569,40.26137],[8.67448,40.26289],[8.67523,40.26351],[8.67523,40.26485],[8.67468,40.26509],[8.67458,40.26554],[8.67491,40.26655],[8.67472,40.267],[8.67365,40.26743],[8.67244,40.27063],[8.6713,40.27172],[8.67141,40.27208]]]},"properties":{"firedate":"2026-10-04","area_ha":66.0,"country":"IT"}},{"type":"Feature","geometry":{"type":"Polygon","coordinates":[[[29.99318,46.66521],[29.99644,46.6641],[29.99719,46.66344],[29.99827,46.66226],[29.99833,46.66131],[29.99978,46.66004],[30.00154,46.66093],[30.00431,46.66126],[30.00559,46.66045],[30.0053,46.65978],[30.004,46.65919],[30.0042,46.65834],[30.00663,46.65782],[30.00692,46.65714],[30.00586,46.65481],[30.00643,46.65397],[30.01453,46.65352],[30.0157,46.65288],[30.01035,46.65283],[30.0098,46.64825],[30.00886,46.64821],[30.00858,46.64882],[30.00783,46.64918],[30.00797,46.65289],[30.00104,46.65341],[30.00086,46.65497],[30.00009,46.65619],[30.00047,46.65671],[29.9993,46.65818],[29.99848,46.65792],[29.9978,46.65824],[29.99677,46.66073],[29.99523,46.66143],[29.99223,46.66382],[29.9923,46.66464],[29.99318,46.66521]]]},"properties":{"firedate":"2026-10-04","area_ha":69.0,"country":"UA"}},{"type":"Feature","geometry":{"type":"Polygon","coordinates":[[[9.06376,36.79597],[9.06262,36.79636],[9.06206,36.79561],[9.06118,36.7958],[9.06139,36.79813],[9.06099,36.79882],[9.06104,36.79984],[9.06141,36.80024],[9.0631,36.8007],[9.06348,36.80152],[9.06306,36.80256],[9.06486,36.80463],[9.06738,36.80472],[9.06747,36.80508],[9.06597,36.80655],[9.06583,36.80722],[9.06807,36.80857],[9.06783,36.80946],[9.06809,36.80993],[9.07089,36.81111],[9.07001,36.80928],[9.07046,36.8087],[9.07195,36.80804],[9.07206,36.80756],[9.07125,36.80615],[9.0711,36.80497],[9.06981,36.80328],[9.0699,36.8021],[9.06861,36.80038],[9.06959,36.79951],[9.06985,36.79879],[9.06888,36.79737],[9.06841,36.79493],[9.06735,36.79378],[9.06671,36.79372],[9.06504,36.79524],[9.06392,36.79544],[9.06376,36.79597]]]},"properties":{"firedate":"2026-10-04","area_ha":90.0,"country":"TN"}},{"type":"Feature","geometry":{"type":"Polygon","coordinates":[[[22.79459,44.56026],[22.79759,44.55996],[22.80105,44.559],[22.80728,44.55922],[22.81056,44.55981],[22.81064,44.55695],[22.80796,44.55724],[22.80768,44.55614],[22.807,44.55527],[22.8049,44.5548],[22.80418,44.55412],[22.80934,44.55341],[22.80934,44.55314],[22.8081,44.5529],[22.80795,44.55252],[22.80812,44.55186],[22.80905,44.55112],[22.80642,44.55091],[22.80268,44.55136],[22.80239,44.55167],[22.80251,44.55225],[22.80131,44.5526],[22.79807,44.55495],[22.79469,44.55622],[22.79265,44.55771],[22.79171,44.55776],[22.7897,44.55705],[22.78867,44.55741],[22.78892,44.55962],[22.78943,44.56023],[22.79178,44.56112],[22.79313,44.56094],[22.79459,44.56026]]]},"properties":{"firedate":"2026-10-04","area_ha":95.0,"country":"RO"}},{"type":"Feature","geometry":{"type":"Polygon","coordinates":[[[22.41331,43.289],[22.41225,43.28995],[22.41196,43.29168],[22.41493,43.29282],[22.41549,43.29408],[22.41859,43.29557],[22.41991,43.29755],[22.42077,43.29753],[22.42119,43.29658],[22.42162,43.29303],[22.4228,43.29093],[22.42298,43.28981],[22.42188,43.28824],[22.4219,43.28735],[22.42035,43.28689],[22.42072,43.28597],[22.41968,43.2852],[22.42246,43.2827],[22.42227,43.28234],[22.42092,43.28192],[22.42105,43.28094],[22.41962,43.281],[22.41607,43.28343],[22.4122,43.28422],[22.41202,43.28462],[22.41228,43.28492],[22.41368,43.28458],[22.41287,43.28622],[22.41346,43.28741],[22.41331,43.289]]]},"properties":{"firedate":"2026-10-04","area_ha":98.0,"country":"RS"}},{"type":"Feature","geometry":{"type":"Polygon","coordinates":[[[22.49609,44.91245],[22.50122,44.90966],[22.49975,44.90853],[22.49539,44.9082],[22.49439,44.90752],[22.49366,44.90662],[22.49362,44.90559],[22.49609,44.90459],[22.49626,44.90372],[22.49494,44.90254],[22.49291,44.902],[22.4915,44.90223],[22.48875,44.90391],[22.48655,44.90425],[22.48604,44.90456],[22.48537,44.90659],[22.48424,44.90793],[22.47896,44.9091],[22.47791,44.90979],[22.47755,44.91077],[22.47797,44.91182],[22.47902,44.91279],[22.48174,44.9137],[22.48394,44.91385],[22.48681,44.91343],[22.4895,44.91256],[22.49609,44.91245]]]},"properties":{"firedate":"2026-10-04","area_ha":129.0,"country":"RO"}},{"type":"Feature","geometry":{"type":"Polygon","coordinates":[[[22.26456,42.45315],[22.26199,42.45047],[22.25851,42.45031],[22.25675,42.45093],[22.25513,42.45054],[22.25306,42.45075],[22.25266,42.45047],[22.25262,42.44926],[22.25029,42.4483],[22.24964,42.44886],[22.24994,42.44958],[22.24964,42.45085],[22.24844,42.45099],[22.24745,42.45152],[22.24723,42.45207],[22.24599,42.4523],[22.24462,42.45384],[22.24301,42.45454],[22.24348,42.45672],[22.24453,42.45802],[22.24795,42.45859],[22.24962,42.45936],[22.24958,42.45985],[22.25001,42.45999],[22.25207,42.45926],[22.2537,42.45945],[22.25658,42.45859],[22.25884,42.45838],[22.25944,42.45781],[22.26088,42.45777],[22.26164,42.45728],[22.26247,42.45755],[22.26302,42.45692],[22.2643,42.45669],[22.26523,42.45593],[22.26694,42.45597],[22.26794,42.45535],[22.26715,42.45425],[22.26576,42.4545],[22.26515,42.45427],[22.26456,42.45315]]]},"properties":{"firedate":"2026-10-04","area_ha":150.0,"country":"RS"}},{"type":"Feature","geometry":{"type":"Polygon","coordinates":[[[22.46927,44.88641],[22.46841,44.88281],[22.46426,44.8809],[22.46292,44.87991],[22.4612,44.87997],[22.45963,44.8808],[22.45857,44.88203],[22.45755,44.88406],[22.45729,44.88683],[22.4563,44.88803],[22.45298,44.89066],[22.4523,44.89336],[22.45323,44.8945],[22.4564,44.89616],[22.4584,44.89778],[22.46027,44.89827],[22.46214,44.89808],[22.46362,44.89714],[22.46517,44.89531],[22.4656,44.89119],[22.46912,44.88781],[22.46927,44.88641]]]},"properties":{"firedate":"2026-10-04","area_ha":168.0,"country":"RO"}},{"type":"Feature","geometry":{"type":"Polygon","coordinates":[[[26.07275,41.35545],[26.0739,41.3565],[26.07488,41.35535],[26.07712,41.35464],[26.08412,41.35411],[26.08525,41.35348],[26.08508,41.35262],[26.08559,41.35212],[26.08567,41.35148],[26.08382,41.34962],[26.08294,41.34708],[26.08178,41.34667],[26.07819,41.34685],[26.07561,41.34827],[26.07248,41.34851],[26.06994,41.3497],[26.06728,41.35015],[26.06264,41.34829],[26.0595,41.34837],[26.05488,41.3474],[26.05353,41.34798],[26.05531,41.34943],[26.05664,41.35157],[26.0584,41.3531],[26.06168,41.35413],[26.0638,41.35538],[26.06591,41.35562],[26.06933,41.35489],[26.07275,41.35545]]]},"properties":{"firedate":"2026-10-04","area_ha":170.0,"country":"BG"}},{"type":"Feature","geometry":{"type":"Polygon","coordinates":[[[20.96842,44.84948],[20.96836,44.85062],[20.96731,44.85199],[20.96286,44.85571],[20.95944,44.85805],[20.9573,44.86026],[20.95549,44.86322],[20.95525,44.8643],[20.9556,44.86526],[20.95773,44.86586],[20.95976,44.86558],[20.96226,44.86291],[20.96296,44.86027],[20.9648,44.85737],[20.96595,44.85668],[20.96798,44.85692],[20.96917,44.85633],[20.97044,44.85439],[20.97162,44.85001],[20.97353,44.84767],[20.97485,44.84751],[20.97589,44.84687],[20.97721,44.84489],[20.97774,44.84276],[20.97659,44.84076],[20.97684,44.83878],[20.97575,44.83183],[20.97306,44.83139],[20.97179,44.83208],[20.97136,44.83284],[20.97207,44.83529],[20.97186,44.83698],[20.96903,44.83702],[20.968,44.83664],[20.96679,44.83384],[20.96504,44.83265],[20.96602,44.8308],[20.9659,44.83028],[20.96147,44.82916],[20.95956,44.82931],[20.95733,44.83165],[20.95716,44.83219],[20.95757,44.83324],[20.95808,44.83351],[20.95946,44.83332],[20.96015,44.8352],[20.96258,44.83823],[20.96891,44.83972],[20.96698,44.84217],[20.96772,44.84426],[20.96549,44.84823],[20.96842,44.84948]]]},"properties":{"firedate":"2026-10-04","area_ha":251.0,"country":"RS"}},{"type":"Feature","geometry":{"type":"Polygon","coordinates":[[[26.05364,41.34632],[26.05736,41.34738],[26.06296,41.34723],[26.06847,41.3493],[26.07348,41.34758],[26.07465,41.34594],[26.07026,41.34399],[26.06991,41.34228],[26.06734,41.33918],[26.06251,41.33832],[26.05949,41.33683],[26.05621,41.3382],[26.05112,41.33658],[26.04928,41.33521],[26.04611,41.33495],[26.04228,41.33372],[26.04044,41.33007],[26.03828,41.32897],[26.03564,41.32594],[26.03455,41.32369],[26.03216,41.32353],[26.02869,41.32069],[26.02695,41.32104],[26.02669,41.32505],[26.028,41.32615],[26.02788,41.32672],[26.02553,41.32605],[26.02173,41.32777],[26.01918,41.32535],[26.0171,41.32627],[26.01802,41.32893],[26.0165,41.32999],[26.01537,41.33323],[26.01394,41.33444],[26.01544,41.33817],[26.02853,41.33742],[26.02843,41.33793],[26.02564,41.3385],[26.02444,41.33937],[26.02294,41.34383],[26.02322,41.34531],[26.02807,41.34591],[26.03237,41.34337],[26.03842,41.34318],[26.04019,41.34431],[26.04019,41.34635],[26.04425,41.34871],[26.05085,41.34653],[26.05364,41.34632]]]},"properties":{"firedate":"2026-10-04","area_ha":688.0,"country":"EL"}},{"type":"Feature","geometry":{"type":"Polygon","coordinates":[[[29.29509,45.47793],[29.29408,45.47773],[29.29249,45.47809],[29.29403,45.47876],[29.29509,45.47793]]]},"properties":{"firedate":"2026-10-05","area_ha":2.0,"country":"UA"}},{"type":"Feature","geometry":{"type":"Polygon","coordinates":[[[22.96683,44.73328],[22.9677,44.73372],[22.96828,44.73339],[22.96938,44.73381],[22.97059,44.73329],[22.97142,44.73356],[22.97282,44.73278],[22.97241,44.73228],[22.97139,44.73206],[22.96972,44.73223],[22.96897,44.73283],[22.96683,44.73328]]]},"properties":{"firedate":"2026-10-05","area_ha":5.0,"country":"RO"}},{"type":"Feature","geometry":{"type":"Polygon","coordinates":[[[19.76532,40.19775],[19.76521,40.1964],[19.76586,40.19554],[19.76562,40.19529],[19.7645,40.196],[19.76325,40.19622],[19.76219,40.19712],[19.76266,40.19772],[19.76446,40.19809],[19.76532,40.19775]]]},"properties":{"firedate":"2026-10-05","area_ha":5.0,"country":"AL"}},{"type":"Feature","geometry":{"type":"Polygon","coordinates":[[[29.00509,46.3203],[29.00468,46.32018],[29.00269,46.32355],[29.00085,46.32789],[29.00139,46.32797],[29.0027,46.32517],[29.00361,46.32574],[29.00457,46.32519],[29.00393,46.32476],[29.0045,46.32398],[29.0036,46.32354],[29.00478,46.32189],[29.00509,46.3203]]]},"properties":{"firedate":"2026-10-05","area_ha":7.0,"country":"UA"}},{"type":"Feature","geometry":{"type":"Polygon","coordinates":[[[9.6452,37.28481],[9.64588,37.28243],[9.64733,37.28067],[9.64741,37.28014],[9.64586,37.28045],[9.6442,37.2819],[9.64383,37.28353],[9.64406,37.28433],[9.6452,37.28481]]]},"properties":{"firedate":"2026-10-05","area_ha":8.0,"country":"TN"}},{"type":"Feature","geometry":{"type":"Polygon","coordinates":[[[9.60803,37.28337],[9.60703,37.28167],[9.60701,37.28075],[9.60584,37.27994],[9.60656,37.27854],[9.60555,37.27862],[9.6038,37.28118],[9.60547,37.28146],[9.60505,37.2821],[9.60518,37.28288],[9.60612,37.28386],[9.60803,37.28337]]]},"properties":{"firedate":"2026-10-05","area_ha":10.0,"country":"TN"}},{"type":"Feature","geometry":{"type":"Polygon","coordinates":[[[22.8235,44.58099],[22.82438,44.58198],[22.82423,44.58266],[22.82472,44.58341],[22.82553,44.58379],[22.82631,44.58365],[22.82717,44.58224],[22.82732,44.57959],[22.82596,44.57894],[22.82331,44.57928],[22.82294,44.57989],[22.8237,44.58056],[22.8235,44.58099]]]},"properties":{"firedate":"2026-10-05","area_ha":13.0,"country":"RO"}},{"type":"Feature","geometry":{"type":"Polygon","coordinates":[[[6.87613,36.77315],[6.87619,36.77162],[6.87516,36.77054],[6.87493,36.76941],[6.87344,36.7665],[6.87261,36.76626],[6.87214,36.76696],[6.87272,36.76824],[6.87278,36.77135],[6.87159,36.77231],[6.8713,36.77393],[6.87169,36.77438],[6.87268,36.77447],[6.87569,36.7738],[6.87613,36.77315]]]},"properties":{"firedate":"2026-10-05","area_ha":22.0,"country":"DZ"}},{"type":"Feature","geometry":{"type":"Polygon","coordinates":[[[19.28029,45.0154],[19.28029,45.01339],[19.28079,45.01309],[19.2788,45.01035],[19.27621,45.01099],[19.27287,45.01265],[19.27387,45.01337],[19.27534,45.01312],[19.27523,45.01506],[19.27553,45.01536],[19.27846,45.01577],[19.28029,45.0154]]]},"properties":{"firedate":"2026-10-05","area_ha":23.0,"country":"RS"}},{"type":"Feature","geometry":{"type":"Polygon","coordinates":[[[28.99469,46.34398],[28.99593,46.3429],[28.99764,46.33955],[28.99848,46.33736],[28.99832,46.33669],[28.99914,46.33537],[28.99886,46.3342],[28.99834,46.33414],[28.99715,46.33498],[28.99748,46.33583],[28.99593,46.33577],[28.99586,46.33549],[28.99657,46.33487],[28.99602,46.33463],[28.99433,46.3349],[28.99376,46.33632],[28.99371,46.33776],[28.99518,46.338],[28.995,46.33876],[28.99385,46.33945],[28.9934,46.34055],[28.99358,46.34156],[28.99213,46.34306],[28.99211,46.34352],[28.99293,46.34366],[28.99358,46.34334],[28.99469,46.34398]]]},"properties":{"firedate":"2026-10-05","area_ha":29.0,"country":"UA"}},{"type":"Feature","geometry":{"type":"Polygon","coordinates":[[[26.21203,45.12732],[26.21119,45.12792],[26.21049,45.12745],[26.20821,45.12765],[26.20784,45.12924],[26.20697,45.12935],[26.20669,45.12905],[26.20737,45.1287],[26.20637,45.12804],[26.20676,45.12671],[26.20615,45.12573],[26.20529,45.12614],[26.20499,45.12838],[26.20616,45.12995],[26.20625,45.1309],[26.20704,45.13133],[26.20919,45.13016],[26.20976,45.13027],[26.20939,45.13102],[26.20828,45.13176],[26.20725,45.13189],[26.20729,45.13225],[26.20977,45.13142],[26.21089,45.13145],[26.21106,45.13126],[26.21064,45.13061],[26.21208,45.12985],[26.2131,45.13058],[26.21324,45.13142],[26.21392,45.13209],[26.21303,45.13236],[26.21156,45.13159],[26.21115,45.13197],[26.21313,45.1331],[26.21543,45.13225],[26.21473,45.1307],[26.21528,45.13],[26.21439,45.13021],[26.21437,45.12943],[26.21396,45.12895],[26.21482,45.12742],[26.21316,45.12819],[26.21286,45.12739],[26.21328,45.12587],[26.21289,45.12562],[26.21246,45.12574],[26.21203,45.12732]]]},"properties":{"firedate":"2026-10-05","area_ha":30.0,"country":"RO"}},{"type":"Feature","geometry":{"type":"Polygon","coordinates":[[[16.20286,39.51464],[16.20278,39.51354],[16.20346,39.51478],[16.20608,39.51428],[16.2073,39.51496],[16.20824,39.51499],[16.20882,39.51466],[16.20853,39.51387],[16.20876,39.51333],[16.20711,39.51341],[16.20689,39.51306],[16.2072,39.51229],[16.20561,39.51219],[16.20507,39.51112],[16.20414,39.51172],[16.20407,39.51087],[16.20108,39.51079],[16.19948,39.50963],[16.19889,39.50973],[16.19947,39.51059],[16.19874,39.5112],[16.1987,39.51256],[16.19807,39.51136],[16.19749,39.51115],[16.19753,39.51176],[16.19883,39.51366],[16.19966,39.51416],[16.20286,39.51464]]]},"properties":{"firedate":"2026-10-05","area_ha":31.0,"country":"IT"}},{"type":"Feature","geometry":{"type":"Polygon","coordinates":[[[8.66486,39.26121],[8.66321,39.26288],[8.66411,39.26358],[8.66691,39.26402],[8.66727,39.26447],[8.6673,39.26539],[8.66796,39.26602],[8.67224,39.26818],[8.67352,39.26807],[8.67309,39.26702],[8.67134,39.26554],[8.67169,39.26449],[8.67146,39.26395],[8.67189,39.26335],[8.66983,39.26309],[8.66937,39.26241],[8.66956,39.26138],[8.66859,39.26142],[8.66746,39.26086],[8.66571,39.26098],[8.66486,39.26121]]]},"properties":{"firedate":"2026-10-05","area_ha":31.0,"country":"IT"}},{"type":"Feature","geometry":{"type":"Polygon","coordinates":[[[8.71127,40.32926],[8.71115,40.33157],[8.71159,40.33215],[8.71255,40.3325],[8.71183,40.33354],[8.71165,40.33668],[8.71214,40.33701],[8.71357,40.33684],[8.71398,40.33662],[8.71392,40.33627],[8.71249,40.33486],[8.71357,40.3343],[8.71492,40.33496],[8.71501,40.33419],[8.71577,40.333],[8.71595,40.33058],[8.71667,40.3285],[8.71464,40.32842],[8.71365,40.32787],[8.71117,40.32736],[8.70978,40.3286],[8.71127,40.32926]]]},"properties":{"firedate":"2026-10-05","area_ha":33.0,"country":"IT"}},{"type":"Feature","geometry":{"type":"Polygon","coordinates":[[[21.06613,42.67492],[21.0656,42.67402],[21.06664,42.67074],[21.06622,42.66984],[21.06455,42.66955],[21.05927,42.67001],[21.05884,42.67036],[21.0591,42.67394],[21.06044,42.67468],[21.06154,42.67596],[21.06529,42.676],[21.06608,42.67553],[21.06613,42.67492]]]},"properties":{"firedate":"2026-10-05","area_ha":37.0,"country":"KS"}},{"type":"Feature","geometry":{"type":"Polygon","coordinates":[[[19.9062,40.18759],[19.91028,40.18608],[19.91185,40.18365],[19.91452,40.18205],[19.91471,40.1815],[19.91312,40.18129],[19.91235,40.1796],[19.91143,40.17922],[19.91009,40.18121],[19.91024,40.18207],[19.90693,40.18319],[19.9053,40.18251],[19.9043,40.18333],[19.90267,40.18371],[19.90188,40.18471],[19.90228,40.18613],[19.90433,40.18733],[19.9062,40.18759]]]},"properties":{"firedate":"2026-10-05","area_ha":43.0,"country":"AL"}},{"type":"Feature","geometry":{"type":"Polygon","coordinates":[[[19.22584,43.461],[19.22715,43.46012],[19.22688,43.4586],[19.22314,43.45766],[19.22178,43.45794],[19.22021,43.45904],[19.21778,43.45895],[19.21708,43.45943],[19.21768,43.46202],[19.21853,43.46286],[19.21846,43.46385],[19.21911,43.46443],[19.21958,43.46568],[19.22044,43.46608],[19.22173,43.46579],[19.22584,43.461]]]},"properties":{"firedate":"2026-10-05","area_ha":46.0,"country":"ME"}},{"type":"Feature","geometry":{"type":"Polygon","coordinates":[[[23.00612,44.65998],[23.00534,44.65829],[23.00405,44.65724],[23.00104,44.65732],[22.99555,44.65849],[22.99384,44.65906],[22.99203,44.66043],[22.9903,44.66225],[22.98955,44.6636],[22.99262,44.6642],[22.99324,44.66376],[22.99346,44.66274],[22.99658,44.66174],[22.99912,44.66262],[23.00612,44.65998]]]},"properties":{"firedate":"2026-10-05","area_ha":52.0,"country":"RO"}},{"type":"Feature","geometry":{"type":"Polygon","coordinates":[[[21.08084,42.82035],[21.07846,42.82067],[21.07769,42.819],[21.07588,42.81792],[21.07629,42.81648],[21.07594,42.81637],[21.07556,42.81642],[21.07532,42.81697],[21.07499,42.81868],[21.07325,42.8191],[21.07453,42.81948],[21.0747,42.82082],[21.07417,42.82186],[21.07472,42.82248],[21.07765,42.82251],[21.08076,42.82142],[21.08184,42.82149],[21.08135,42.82342],[21.08192,42.82442],[21.08292,42.82488],[21.08301,42.82553],[21.0813,42.82638],[21.08151,42.82749],[21.0803,42.8291],[21.08047,42.83063],[21.08088,42.83085],[21.0815,42.82942],[21.08298,42.82888],[21.08325,42.82797],[21.08469,42.82594],[21.08458,42.82495],[21.08532,42.8247],[21.08545,42.8217],[21.08462,42.82089],[21.08539,42.81996],[21.085,42.81886],[21.08231,42.81679],[21.08172,42.81573],[21.08064,42.8154],[21.07939,42.81598],[21.07946,42.81656],[21.07876,42.81723],[21.07873,42.81809],[21.07811,42.81879],[21.07854,42.81902],[21.07934,42.81846],[21.07966,42.81862],[21.08055,42.81952],[21.08084,42.82035]]]},"properties":{"firedate":"2026-10-05","area_ha":62.0,"country":"KS"}},{"type":"Feature","geometry":{"type":"Polygon","coordinates":[[[20.99681,42.30643],[20.9976,42.30762],[20.99398,42.30806],[20.99303,42.30856],[20.99289,42.30934],[20.99373,42.30987],[20.9952,42.31009],[20.9996,42.31],[21.00403,42.31135],[21.00858,42.31126],[21.0096,42.31089],[21.01073,42.3099],[21.01749,42.30739],[21.01638,42.30665],[21.01192,42.30511],[21.00897,42.30535],[21.00743,42.3061],[21.00341,42.30644],[21.00082,42.30614],[20.9987,42.30498],[20.99728,42.30534],[20.99681,42.30643]]]},"properties":{"firedate":"2026-10-05","area_ha":86.0,"country":"KS"}},{"type":"Feature","geometry":{"type":"Polygon","coordinates":[[[21.58472,40.94043],[21.5833,40.94109],[21.58133,40.9405],[21.5813,40.94145],[21.58184,40.9429],[21.58371,40.94276],[21.58492,40.94213],[21.58587,40.94287],[21.58929,40.94401],[21.59096,40.94411],[21.59177,40.94391],[21.59141,40.94315],[21.59167,40.94265],[21.5932,40.94179],[21.5935,40.94231],[21.59624,40.94396],[21.60126,40.94478],[21.60332,40.94305],[21.60495,40.94237],[21.60747,40.93974],[21.60581,40.93897],[21.60121,40.93852],[21.59896,40.93609],[21.59927,40.93519],[21.60006,40.93498],[21.60055,40.93418],[21.6004,40.93345],[21.59945,40.93273],[21.59907,40.93032],[21.59794,40.92936],[21.59574,40.92907],[21.59455,40.92935],[21.59133,40.93125],[21.59046,40.93261],[21.58851,40.93409],[21.58737,40.93574],[21.58595,40.93658],[21.58553,40.93723],[21.58524,40.93941],[21.58472,40.94043]]]},"properties":{"firedate":"2026-10-05","area_ha":195.0,"country":"MK"}},{"type":"Feature","geometry":{"type":"Polygon","coordinates":[[[20.36282,41.81991],[20.36278,41.81888],[20.36197,41.81891],[20.36152,41.81933],[20.36235,41.82055],[20.36282,41.81991]]]},"properties":{"firedate":"2026-10-06","area_ha":2.0,"country":"AL"}},{"type":"Feature","geometry":{"type":"Polygon","coordinates":[[[22.1275,44.15823],[22.12539,44.15653],[22.12477,44.15893],[22.12613,44.15933],[22.12706,44.15895],[22.1275,44.15823]]]},"properties":{"firedate":"2026-10-06","area_ha":4.0,"country":"RS"}},{"type":"Feature","geometry":{"type":"Polygon","coordinates":[[[22.12285,44.16261],[22.12342,44.16156],[22.12446,44.16079],[22.12416,44.15999],[22.1223,44.16061],[22.12055,44.16242],[22.12285,44.16261]]]},"properties":{"firedate":"2026-10-06","area_ha":5.0,"country":"RS"}},{"type":"Feature","geometry":{"type":"Polygon","coordinates":[[[9.15391,36.95807],[9.15394,36.95739],[9.1524,36.95646],[9.15056,36.95626],[9.14983,36.95681],[9.14987,36.95721],[9.1513,36.95826],[9.15391,36.95807]]]},"properties":{"firedate":"2026-10-06","area_ha":5.0,"country":"TN"}},{"type":"Feature","geometry":{"type":"Polygon","coordinates":[[[16.30356,38.30695],[16.30807,38.30393],[16.30807,38.30336],[16.30707,38.3034],[16.30522,38.30433],[16.30308,38.30673],[16.30356,38.30695]]]},"properties":{"firedate":"2026-10-06","area_ha":5.0,"country":"IT"}},{"type":"Feature","geometry":{"type":"Polygon","coordinates":[[[21.8372,42.59363],[21.83696,42.59306],[21.83547,42.59333],[21.83394,42.59456],[21.83243,42.59517],[21.83198,42.59583],[21.83207,42.59636],[21.83275,42.59685],[21.83393,42.59672],[21.8353,42.59502],[21.83689,42.5942],[21.8372,42.59363]]]},"properties":{"firedate":"2026-10-06","area_ha":8.0,"country":"RS"}},{"type":"Feature","geometry":{"type":"Polygon","coordinates":[[[9.24254,36.99441],[9.2429,36.99385],[9.24231,36.99318],[9.24028,36.99286],[9.23842,36.99198],[9.23768,36.99236],[9.23779,36.99297],[9.23959,36.99427],[9.24117,36.9947],[9.24254,36.99441]]]},"properties":{"firedate":"2026-10-06","area_ha":8.0,"country":"TN"}},{"type":"Feature","geometry":{"type":"Polygon","coordinates":[[[18.47718,42.71445],[18.47796,42.7145],[18.47849,42.71372],[18.47957,42.71507],[18.48042,42.7144],[18.48255,42.71387],[18.48111,42.71264],[18.47781,42.71113],[18.47606,42.71244],[18.47718,42.71445]]]},"properties":{"firedate":"2026-10-06","area_ha":13.0,"country":"BA"}},{"type":"Feature","geometry":{"type":"Polygon","coordinates":[[[19.68531,40.29632],[19.68799,40.29553],[19.6891,40.29565],[19.68865,40.29497],[19.68934,40.29363],[19.68924,40.29241],[19.68774,40.29262],[19.68743,40.29376],[19.68502,40.29287],[19.68492,40.29403],[19.68421,40.29432],[19.68426,40.29496],[19.68378,40.29539],[19.68409,40.29615],[19.68531,40.29632]]]},"properties":{"firedate":"2026-10-06","area_ha":13.0,"country":"AL"}},{"type":"Feature","geometry":{"type":"Polygon","coordinates":[[[8.89876,36.33297],[8.89927,36.33248],[8.89888,36.33189],[8.89639,36.33016],[8.89507,36.32813],[8.89406,36.32798],[8.89312,36.32833],[8.8936,36.32956],[8.89303,36.33052],[8.89361,36.33128],[8.89482,36.33114],[8.89661,36.33167],[8.89876,36.33297]]]},"properties":{"firedate":"2026-10-06","area_ha":13.0,"country":"TN"}},{"type":"Feature","geometry":{"type":"Polygon","coordinates":[[[21.03553,42.81951],[21.03751,42.82037],[21.03724,42.82306],[21.03792,42.82472],[21.03717,42.82581],[21.03611,42.82607],[21.03473,42.82535],[21.03113,42.82641],[21.03079,42.82602],[21.03145,42.82517],[21.02932,42.82495],[21.0276,42.8259],[21.02727,42.82639],[21.02781,42.82667],[21.02788,42.82708],[21.02628,42.82752],[21.02563,42.8288],[21.02615,42.8291],[21.02704,42.82811],[21.02996,42.8276],[21.03085,42.82768],[21.03128,42.82823],[21.03283,42.82753],[21.03622,42.82763],[21.03812,42.82844],[21.03898,42.82959],[21.03871,42.82994],[21.03551,42.83055],[21.03608,42.83318],[21.0378,42.83347],[21.03937,42.83419],[21.04235,42.83378],[21.04162,42.8334],[21.03986,42.83324],[21.03964,42.83263],[21.0408,42.83075],[21.04268,42.82868],[21.04459,42.82741],[21.04494,42.82614],[21.04462,42.82437],[21.04313,42.82488],[21.04244,42.82424],[21.04163,42.82422],[21.0413,42.82389],[21.04403,42.8219],[21.04328,42.82135],[21.04208,42.82122],[21.04083,42.81977],[21.04043,42.81868],[21.03842,42.8179],[21.03724,42.81697],[21.03674,42.81734],[21.03684,42.81889],[21.03532,42.81906],[21.03553,42.81951]]]},"properties":{"firedate":"2026-10-06","area_ha":96.0,"country":"KS"}},{"type":"Feature","geometry":{"type":"Polygon","coordinates":[[[17.33751,43.38009],[17.33631,43.38047],[17.33595,43.38259],[17.33492,43.3839],[17.33495,43.38468],[17.33443,43.38551],[17.3337,43.38584],[17.33421,43.38641],[17.33586,43.38676],[17.33638,43.3879],[17.33746,43.38866],[17.33683,43.38955],[17.3347,43.39024],[17.33548,43.39168],[17.33435,43.39232],[17.33391,43.39358],[17.33219,43.39602],[17.33307,43.39797],[17.33379,43.39767],[17.33466,43.39519],[17.33544,43.3948],[17.33615,43.39557],[17.33652,43.39547],[17.33681,43.39241],[17.33773,43.39211],[17.33846,43.39287],[17.33926,43.3927],[17.33845,43.39026],[17.33984,43.38953],[17.34119,43.38777],[17.34157,43.38855],[17.34118,43.38969],[17.34233,43.38998],[17.34372,43.38793],[17.34388,43.38682],[17.34477,43.38601],[17.34556,43.38302],[17.34533,43.38219],[17.34618,43.38031],[17.34502,43.37809],[17.34436,43.37779],[17.34218,43.3785],[17.33872,43.37866],[17.33806,43.37907],[17.33751,43.38009]]]},"properties":{"firedate":"2026-10-06","area_ha":109.0,"country":"BA"}},{"type":"Feature","geometry":{"type":"Polygon","coordinates":[[[21.83811,44.2892],[21.83831,44.29073],[21.8365,44.29179],[21.83651,44.29379],[21.83523,44.29611],[21.83549,44.29682],[21.83604,44.29711],[21.83785,44.29702],[21.83978,44.29552],[21.84319,44.29473],[21.84543,44.29335],[21.84874,44.28784],[21.84883,44.28686],[21.85012,44.28621],[21.8498,44.28587],[21.84808,44.28607],[21.84778,44.28572],[21.84848,44.28487],[21.84822,44.28368],[21.8495,44.28281],[21.8496,44.28237],[21.8477,44.28265],[21.84627,44.28219],[21.84568,44.28042],[21.8445,44.27959],[21.84109,44.27942],[21.83951,44.2799],[21.83753,44.28168],[21.83727,44.28245],[21.83745,44.28364],[21.83611,44.28536],[21.83607,44.28762],[21.83811,44.2892]]]},"properties":{"firedate":"2026-10-06","area_ha":143.0,"country":"RS"}},{"type":"Feature","geometry":{"type":"Polygon","coordinates":[[[18.46325,40.07861],[18.46319,40.07806],[18.46246,40.0778],[18.46084,40.07884],[18.4607,40.07933],[18.46159,40.07954],[18.46325,40.07861]]]},"properties":{"firedate":"2026-10-07","area_ha":2.0,"country":"IT"}},{"type":"Feature","geometry":{"type":"Polygon","coordinates":[[[20.818,41.61959],[20.81708,41.61844],[20.81641,41.61843],[20.8152,41.61899],[20.81489,41.62008],[20.81545,41.62035],[20.81716,41.62021],[20.818,41.61959]]]},"properties":{"firedate":"2026-10-07","area_ha":4.0,"country":"MK"}},{"type":"Feature","geometry":{"type":"Polygon","coordinates":[[[18.87901,43.29811],[18.87953,43.29759],[18.87901,43.29549],[18.87849,43.29511],[18.87744,43.29553],[18.87606,43.29502],[18.87374,43.29618],[18.87316,43.29699],[18.87343,43.2975],[18.8762,43.29863],[18.87901,43.29811]]]},"properties":{"firedate":"2026-10-07","area_ha":15.0,"country":"ME"}},{"type":"Feature","geometry":{"type":"Polygon","coordinates":[[[20.81369,41.61331],[20.81261,41.61128],[20.81081,41.61052],[20.80899,41.61044],[20.8058,41.61131],[20.80516,41.61191],[20.80499,41.61268],[20.80527,41.61498],[20.80628,41.61595],[20.80606,41.61895],[20.8066,41.6191],[20.81089,41.61712],[20.81305,41.61478],[20.81369,41.61331]]]},"properties":{"firedate":"2026-10-07","area_ha":48.0,"country":"MK"}}]}