{"type":"FeatureCollection","features":[{"type":"Feature","geometry":{"type":"Point","coordinates":[40.10315,59.4439]},"properties":{"age_h":153.8,"recency":3,"frp":0.6,"confidence":"nominal"}},{"type":"Feature","geometry":{"type":"Point","coordinates":[22.28495,60.28693]},"properties":{"age_h":153.8,"recency":3,"frp":1.3,"confidence":"nominal"}},{"type":"Feature","geometry":{"type":"Point","coordinates":[16.78495,60.61173]},"properties":{"age_h":153.8,"recency":3,"frp":0.8,"confidence":"nominal"}},{"type":"Feature","geometry":{"type":"Point","coordinates":[34.41048,49.4184]},"properties":{"age_h":153.7,"recency":3,"frp":0.5,"confidence":"nominal"}},{"type":"Feature","geometry":{"type":"Point","coordinates":[33.40255,50.22816]},"properties":{"age_h":153.7,"recency":3,"frp":0.7,"confidence":"nominal"}},{"type":"Feature","geometry":{"type":"Point","coordinates":[30.77518,50.37876]},"properties":{"age_h":153.7,"recency":3,"frp":0.5,"confidence":"nominal"}},{"type":"Feature","geometry":{"type":"Point","coordinates":[39.6348,50.37954]},"properties":{"age_h":153.7,"recency":3,"frp":0.6,"confidence":"nominal"}},{"type":"Feature","geometry":{"type":"Point","coordinates":[37.92797,51.14194]},"properties":{"age_h":153.7,"recency":3,"frp":2.4,"confidence":"nominal"}},{"type":"Feature","geometry":{"type":"Point","coordinates":[37.9431,51.15788]},"properties":{"age_h":153.7,"recency":3,"frp":1.7,"confidence":"nominal"}},{"type":"Feature","geometry":{"type":"Point","coordinates":[15.97476,51.68881]},"properties":{"age_h":153.7,"recency":3,"frp":1.7,"confidence":"nominal"}},{"type":"Feature","geometry":{"type":"Point","coordinates":[14.64035,52.16097]},"properties":{"age_h":153.7,"recency":3,"frp":2.1,"confidence":"nominal"}},{"type":"Feature","geometry":{"type":"Point","coordinates":[14.62382,52.17363]},"properties":{"age_h":153.7,"recency":3,"frp":1.2,"confidence":"nominal"}},{"type":"Feature","geometry":{"type":"Point","coordinates":[31.95064,53.58599]},"properties":{"age_h":153.7,"recency":3,"frp":0.6,"confidence":"nominal"}},{"type":"Feature","geometry":{"type":"Point","coordinates":[37.54524,54.03657]},"properties":{"age_h":153.7,"recency":3,"frp":1.1,"confidence":"nominal"}},{"type":"Feature","geometry":{"type":"Point","coordinates":[37.71743,54.14555]},"properties":{"age_h":153.7,"recency":3,"frp":1.1,"confidence":"nominal"}},{"type":"Feature","geometry":{"type":"Point","coordinates":[37.72281,54.1554]},"properties":{"age_h":153.7,"recency":3,"frp":1.2,"confidence":"nominal"}},{"type":"Feature","geometry":{"type":"Point","coordinates":[37.71613,54.16751]},"properties":{"age_h":153.7,"recency":3,"frp":3.9,"confidence":"nominal"}},{"type":"Feature","geometry":{"type":"Point","coordinates":[38.83199,55.06122]},"properties":{"age_h":153.7,"recency":3,"frp":0.9,"confidence":"nominal"}},{"type":"Feature","geometry":{"type":"Point","coordinates":[37.89774,34.6079]},"properties":{"age_h":153.7,"recency":3,"frp":1.0,"confidence":"nominal"}},{"type":"Feature","geometry":{"type":"Point","coordinates":[40.82503,34.91356]},"properties":{"age_h":153.7,"recency":3,"frp":0.8,"confidence":"nominal"}},{"type":"Feature","geometry":{"type":"Point","coordinates":[37.94212,34.91495]},"properties":{"age_h":153.7,"recency":3,"frp":0.8,"confidence":"nominal"}},{"type":"Feature","geometry":{"type":"Point","coordinates":[40.31967,35.34873]},"properties":{"age_h":153.7,"recency":3,"frp":0.8,"confidence":"nominal"}},{"type":"Feature","geometry":{"type":"Point","coordinates":[41.28043,36.45752]},"properties":{"age_h":153.7,"recency":3,"frp":0.4,"confidence":"nominal"}},{"type":"Feature","geometry":{"type":"Point","coordinates":[40.86475,36.80131]},"properties":{"age_h":153.7,"recency":3,"frp":0.5,"confidence":"nominal"}},{"type":"Feature","geometry":{"type":"Point","coordinates":[40.7506,36.81905]},"properties":{"age_h":153.7,"recency":3,"frp":0.6,"confidence":"nominal"}},{"type":"Feature","geometry":{"type":"Point","coordinates":[34.75773,36.87052]},"properties":{"age_h":153.7,"recency":3,"frp":0.7,"confidence":"nominal"}},{"type":"Feature","geometry":{"type":"Point","coordinates":[40.25593,36.8886]},"properties":{"age_h":153.7,"recency":3,"frp":0.9,"confidence":"nominal"}},{"type":"Feature","geometry":{"type":"Point","coordinates":[14.52588,37.4811]},"properties":{"age_h":153.7,"recency":3,"frp":1.8,"confidence":"nominal"}},{"type":"Feature","geometry":{"type":"Point","coordinates":[14.52226,37.48442]},"properties":{"age_h":153.7,"recency":3,"frp":1.3,"confidence":"nominal"}},{"type":"Feature","geometry":{"type":"Point","coordinates":[32.53308,37.94148]},"properties":{"age_h":153.7,"recency":3,"frp":0.7,"confidence":"nominal"}},{"type":"Feature","geometry":{"type":"Point","coordinates":[26.96469,38.73215]},"properties":{"age_h":153.7,"recency":3,"frp":1.3,"confidence":"nominal"}},{"type":"Feature","geometry":{"type":"Point","coordinates":[26.94835,38.74142]},"properties":{"age_h":153.7,"recency":3,"frp":0.9,"confidence":"nominal"}},{"type":"Feature","geometry":{"type":"Point","coordinates":[15.19909,38.79301]},"properties":{"age_h":153.7,"recency":3,"frp":1.0,"confidence":"nominal"}},{"type":"Feature","geometry":{"type":"Point","coordinates":[15.19755,38.79331]},"properties":{"age_h":153.7,"recency":3,"frp":2.0,"confidence":"nominal"}},{"type":"Feature","geometry":{"type":"Point","coordinates":[15.1962,38.79894]},"properties":{"age_h":153.7,"recency":3,"frp":1.4,"confidence":"nominal"}},{"type":"Feature","geometry":{"type":"Point","coordinates":[17.02597,39.04005]},"properties":{"age_h":153.7,"recency":3,"frp":0.4,"confidence":"nominal"}},{"type":"Feature","geometry":{"type":"Point","coordinates":[27.5181,39.11541]},"properties":{"age_h":153.7,"recency":3,"frp":0.7,"confidence":"nominal"}},{"type":"Feature","geometry":{"type":"Point","coordinates":[27.52343,39.11803]},"properties":{"age_h":153.7,"recency":3,"frp":0.4,"confidence":"nominal"}},{"type":"Feature","geometry":{"type":"Point","coordinates":[15.66189,40.07077]},"properties":{"age_h":153.7,"recency":3,"frp":2.1,"confidence":"nominal"}},{"type":"Feature","geometry":{"type":"Point","coordinates":[15.58145,40.12035]},"properties":{"age_h":153.7,"recency":3,"frp":4.3,"confidence":"nominal"}},{"type":"Feature","geometry":{"type":"Point","coordinates":[22.32972,40.6119]},"properties":{"age_h":153.7,"recency":3,"frp":1.2,"confidence":"nominal"}},{"type":"Feature","geometry":{"type":"Point","coordinates":[15.82703,40.63919]},"properties":{"age_h":153.7,"recency":3,"frp":0.6,"confidence":"nominal"}},{"type":"Feature","geometry":{"type":"Point","coordinates":[14.84889,40.72954]},"properties":{"age_h":153.7,"recency":3,"frp":1.1,"confidence":"nominal"}},{"type":"Feature","geometry":{"type":"Point","coordinates":[14.8422,40.72976]},"properties":{"age_h":153.7,"recency":3,"frp":1.1,"confidence":"nominal"}},{"type":"Feature","geometry":{"type":"Point","coordinates":[14.85831,40.73523]},"properties":{"age_h":153.7,"recency":3,"frp":3.8,"confidence":"nominal"}},{"type":"Feature","geometry":{"type":"Point","coordinates":[14.8534,40.7354]},"properties":{"age_h":153.7,"recency":3,"frp":1.1,"confidence":"nominal"}},{"type":"Feature","geometry":{"type":"Point","coordinates":[14.72505,40.76384]},"properties":{"age_h":153.7,"recency":3,"frp":0.7,"confidence":"nominal"}},{"type":"Feature","geometry":{"type":"Point","coordinates":[11.83226,43.66026]},"properties":{"age_h":153.7,"recency":3,"frp":0.6,"confidence":"nominal"}},{"type":"Feature","geometry":{"type":"Point","coordinates":[24.73159,43.94099]},"properties":{"age_h":153.7,"recency":3,"frp":1.5,"confidence":"nominal"}},{"type":"Feature","geometry":{"type":"Point","coordinates":[24.73863,43.94405]},"properties":{"age_h":153.7,"recency":3,"frp":1.5,"confidence":"nominal"}},{"type":"Feature","geometry":{"type":"Point","coordinates":[23.14859,44.06922]},"properties":{"age_h":153.7,"recency":3,"frp":2.0,"confidence":"nominal"}},{"type":"Feature","geometry":{"type":"Point","coordinates":[23.15095,44.06942]},"properties":{"age_h":153.7,"recency":3,"frp":2.0,"confidence":"nominal"}},{"type":"Feature","geometry":{"type":"Point","coordinates":[23.14606,44.06988]},"properties":{"age_h":153.7,"recency":3,"frp":2.0,"confidence":"nominal"}},{"type":"Feature","geometry":{"type":"Point","coordinates":[23.15424,44.07277]},"properties":{"age_h":153.7,"recency":3,"frp":2.0,"confidence":"nominal"}},{"type":"Feature","geometry":{"type":"Point","coordinates":[23.14935,44.07325]},"properties":{"age_h":153.7,"recency":3,"frp":2.0,"confidence":"nominal"}},{"type":"Feature","geometry":{"type":"Point","coordinates":[23.15172,44.07345]},"properties":{"age_h":153.7,"recency":3,"frp":2.0,"confidence":"nominal"}},{"type":"Feature","geometry":{"type":"Point","coordinates":[22.67981,44.62786]},"properties":{"age_h":153.7,"recency":3,"frp":1.8,"confidence":"nominal"}},{"type":"Feature","geometry":{"type":"Point","coordinates":[22.35835,44.75914]},"properties":{"age_h":153.7,"recency":3,"frp":1.0,"confidence":"nominal"}},{"type":"Feature","geometry":{"type":"Point","coordinates":[22.3536,44.75956]},"properties":{"age_h":153.7,"recency":3,"frp":0.8,"confidence":"nominal"}},{"type":"Feature","geometry":{"type":"Point","coordinates":[22.32464,44.77069]},"properties":{"age_h":153.7,"recency":3,"frp":0.8,"confidence":"nominal"}},{"type":"Feature","geometry":{"type":"Point","coordinates":[22.32579,44.77488]},"properties":{"age_h":153.7,"recency":3,"frp":0.8,"confidence":"nominal"}},{"type":"Feature","geometry":{"type":"Point","coordinates":[22.34109,44.77782]},"properties":{"age_h":153.7,"recency":3,"frp":1.1,"confidence":"nominal"}},{"type":"Feature","geometry":{"type":"Point","coordinates":[22.33637,44.77824]},"properties":{"age_h":153.7,"recency":3,"frp":1.0,"confidence":"nominal"}},{"type":"Feature","geometry":{"type":"Point","coordinates":[22.33363,44.78219]},"properties":{"age_h":153.7,"recency":3,"frp":0.6,"confidence":"nominal"}},{"type":"Feature","geometry":{"type":"Point","coordinates":[22.3289,44.78258]},"properties":{"age_h":153.7,"recency":3,"frp":0.6,"confidence":"nominal"}},{"type":"Feature","geometry":{"type":"Point","coordinates":[22.33237,44.78289]},"properties":{"age_h":153.7,"recency":3,"frp":1.0,"confidence":"nominal"}},{"type":"Feature","geometry":{"type":"Point","coordinates":[22.36991,44.7877]},"properties":{"age_h":153.7,"recency":3,"frp":0.9,"confidence":"nominal"}},{"type":"Feature","geometry":{"type":"Point","coordinates":[37.6746,44.83885]},"properties":{"age_h":153.7,"recency":3,"frp":0.9,"confidence":"nominal"}},{"type":"Feature","geometry":{"type":"Point","coordinates":[22.44742,44.88347]},"properties":{"age_h":153.7,"recency":3,"frp":1.7,"confidence":"nominal"}},{"type":"Feature","geometry":{"type":"Point","coordinates":[22.4481,44.8837]},"properties":{"age_h":153.7,"recency":3,"frp":2.5,"confidence":"nominal"}},{"type":"Feature","geometry":{"type":"Point","coordinates":[21.22011,45.03873]},"properties":{"age_h":153.7,"recency":3,"frp":0.5,"confidence":"nominal"}},{"type":"Feature","geometry":{"type":"Point","coordinates":[25.11035,45.29047]},"properties":{"age_h":153.7,"recency":3,"frp":0.8,"confidence":"nominal"}},{"type":"Feature","geometry":{"type":"Point","coordinates":[11.49434,45.51936]},"properties":{"age_h":153.7,"recency":3,"frp":0.7,"confidence":"nominal"}},{"type":"Feature","geometry":{"type":"Point","coordinates":[11.48933,45.52232]},"properties":{"age_h":153.7,"recency":3,"frp":1.1,"confidence":"nominal"}},{"type":"Feature","geometry":{"type":"Point","coordinates":[38.32163,45.59011]},"properties":{"age_h":153.7,"recency":3,"frp":1.0,"confidence":"nominal"}},{"type":"Feature","geometry":{"type":"Point","coordinates":[38.6286,45.69707]},"properties":{"age_h":153.7,"recency":3,"frp":1.9,"confidence":"nominal"}},{"type":"Feature","geometry":{"type":"Point","coordinates":[13.62681,46.06722]},"properties":{"age_h":153.7,"recency":3,"frp":1.5,"confidence":"nominal"}},{"type":"Feature","geometry":{"type":"Point","coordinates":[40.0569,46.21553]},"properties":{"age_h":153.7,"recency":3,"frp":1.6,"confidence":"nominal"}},{"type":"Feature","geometry":{"type":"Point","coordinates":[40.05898,46.21967]},"properties":{"age_h":153.7,"recency":3,"frp":1.6,"confidence":"nominal"}},{"type":"Feature","geometry":{"type":"Point","coordinates":[11.49503,46.56482]},"properties":{"age_h":153.7,"recency":3,"frp":0.8,"confidence":"nominal"}},{"type":"Feature","geometry":{"type":"Point","coordinates":[35.15927,47.87577]},"properties":{"age_h":153.7,"recency":3,"frp":0.7,"confidence":"nominal"}},{"type":"Feature","geometry":{"type":"Point","coordinates":[14.32351,48.26453]},"properties":{"age_h":153.7,"recency":3,"frp":2.4,"confidence":"nominal"}},{"type":"Feature","geometry":{"type":"Point","coordinates":[17.1869,48.45941]},"properties":{"age_h":153.7,"recency":3,"frp":1.2,"confidence":"nominal"}},{"type":"Feature","geometry":{"type":"Point","coordinates":[34.63231,48.51909]},"properties":{"age_h":153.7,"recency":3,"frp":0.9,"confidence":"nominal"}},{"type":"Feature","geometry":{"type":"Point","coordinates":[32.38625,48.56682]},"properties":{"age_h":153.7,"recency":3,"frp":0.9,"confidence":"nominal"}},{"type":"Feature","geometry":{"type":"Point","coordinates":[18.1373,50.41364]},"properties":{"age_h":153.7,"recency":3,"frp":2.1,"confidence":"nominal"}},{"type":"Feature","geometry":{"type":"Point","coordinates":[18.13491,50.41422]},"properties":{"age_h":153.7,"recency":3,"frp":2.0,"confidence":"nominal"}},{"type":"Feature","geometry":{"type":"Point","coordinates":[18.1494,50.42419]},"properties":{"age_h":153.7,"recency":3,"frp":0.3,"confidence":"nominal"}},{"type":"Feature","geometry":{"type":"Point","coordinates":[17.97435,50.53439]},"properties":{"age_h":153.7,"recency":3,"frp":1.1,"confidence":"nominal"}},{"type":"Feature","geometry":{"type":"Point","coordinates":[17.97257,50.53456]},"properties":{"age_h":153.7,"recency":3,"frp":0.7,"confidence":"nominal"}},{"type":"Feature","geometry":{"type":"Point","coordinates":[33.3148,34.72742]},"properties":{"age_h":153.7,"recency":3,"frp":1.2,"confidence":"nominal"}},{"type":"Feature","geometry":{"type":"Point","coordinates":[41.60389,36.99824]},"properties":{"age_h":153.7,"recency":3,"frp":0.9,"confidence":"nominal"}},{"type":"Feature","geometry":{"type":"Point","coordinates":[41.73226,37.09361]},"properties":{"age_h":153.7,"recency":3,"frp":1.0,"confidence":"nominal"}},{"type":"Feature","geometry":{"type":"Point","coordinates":[40.79976,37.33724]},"properties":{"age_h":153.7,"recency":3,"frp":0.9,"confidence":"nominal"}},{"type":"Feature","geometry":{"type":"Point","coordinates":[40.43453,38.0952]},"properties":{"age_h":153.7,"recency":3,"frp":2.4,"confidence":"nominal"}},{"type":"Feature","geometry":{"type":"Point","coordinates":[40.43034,38.09635]},"properties":{"age_h":153.7,"recency":3,"frp":1.9,"confidence":"nominal"}},{"type":"Feature","geometry":{"type":"Point","coordinates":[40.3134,38.09914]},"properties":{"age_h":153.7,"recency":3,"frp":0.7,"confidence":"nominal"}},{"type":"Feature","geometry":{"type":"Point","coordinates":[40.31533,38.10443]},"properties":{"age_h":153.7,"recency":3,"frp":0.7,"confidence":"nominal"}},{"type":"Feature","geometry":{"type":"Point","coordinates":[40.31116,38.10557]},"properties":{"age_h":153.7,"recency":3,"frp":1.1,"confidence":"nominal"}},{"type":"Feature","geometry":{"type":"Point","coordinates":[40.52427,38.22996]},"properties":{"age_h":153.7,"recency":3,"frp":1.0,"confidence":"nominal"}},{"type":"Feature","geometry":{"type":"Point","coordinates":[38.72633,38.45507]},"properties":{"age_h":153.7,"recency":3,"frp":0.9,"confidence":"nominal"}},{"type":"Feature","geometry":{"type":"Point","coordinates":[39.23306,38.6673]},"properties":{"age_h":153.7,"recency":3,"frp":0.5,"confidence":"nominal"}},{"type":"Feature","geometry":{"type":"Point","coordinates":[34.78351,39.09198]},"properties":{"age_h":153.7,"recency":3,"frp":1.1,"confidence":"nominal"}},{"type":"Feature","geometry":{"type":"Point","coordinates":[34.51627,39.10732]},"properties":{"age_h":153.7,"recency":3,"frp":2.2,"confidence":"nominal"}},{"type":"Feature","geometry":{"type":"Point","coordinates":[34.51764,39.11116]},"properties":{"age_h":153.7,"recency":3,"frp":2.2,"confidence":"nominal"}},{"type":"Feature","geometry":{"type":"Point","coordinates":[14.66694,41.16495]},"properties":{"age_h":153.7,"recency":3,"frp":5.1,"confidence":"nominal"}},{"type":"Feature","geometry":{"type":"Point","coordinates":[14.65967,41.16517]},"properties":{"age_h":153.7,"recency":3,"frp":2.9,"confidence":"nominal"}},{"type":"Feature","geometry":{"type":"Point","coordinates":[14.17193,41.21039]},"properties":{"age_h":153.7,"recency":3,"frp":1.5,"confidence":"nominal"}},{"type":"Feature","geometry":{"type":"Point","coordinates":[14.16416,41.21061]},"properties":{"age_h":153.7,"recency":3,"frp":1.7,"confidence":"nominal"}},{"type":"Feature","geometry":{"type":"Point","coordinates":[15.23111,41.31952]},"properties":{"age_h":153.7,"recency":3,"frp":0.7,"confidence":"nominal"}},{"type":"Feature","geometry":{"type":"Point","coordinates":[15.23099,41.32161]},"properties":{"age_h":153.7,"recency":3,"frp":1.0,"confidence":"nominal"}},{"type":"Feature","geometry":{"type":"Point","coordinates":[31.86934,41.4893]},"properties":{"age_h":153.7,"recency":3,"frp":1.1,"confidence":"nominal"}},{"type":"Feature","geometry":{"type":"Point","coordinates":[19.66474,41.52616]},"properties":{"age_h":153.7,"recency":3,"frp":2.6,"confidence":"nominal"}},{"type":"Feature","geometry":{"type":"Point","coordinates":[19.65881,41.53133]},"properties":{"age_h":153.7,"recency":3,"frp":2.6,"confidence":"nominal"}},{"type":"Feature","geometry":{"type":"Point","coordinates":[19.52639,41.53615]},"properties":{"age_h":153.7,"recency":3,"frp":22.9,"confidence":"nominal"}},{"type":"Feature","geometry":{"type":"Point","coordinates":[19.52699,41.54087]},"properties":{"age_h":153.7,"recency":3,"frp":22.9,"confidence":"nominal"}},{"type":"Feature","geometry":{"type":"Point","coordinates":[20.31466,41.61539]},"properties":{"age_h":153.7,"recency":3,"frp":0.9,"confidence":"nominal"}},{"type":"Feature","geometry":{"type":"Point","coordinates":[21.28718,41.72483]},"properties":{"age_h":153.7,"recency":3,"frp":1.3,"confidence":"nominal"}},{"type":"Feature","geometry":{"type":"Point","coordinates":[12.80659,42.18645]},"properties":{"age_h":153.7,"recency":3,"frp":4.1,"confidence":"nominal"}},{"type":"Feature","geometry":{"type":"Point","coordinates":[12.79844,42.18656]},"properties":{"age_h":153.7,"recency":3,"frp":4.1,"confidence":"nominal"}},{"type":"Feature","geometry":{"type":"Point","coordinates":[12.80439,42.18992]},"properties":{"age_h":153.7,"recency":3,"frp":7.4,"confidence":"nominal"}},{"type":"Feature","geometry":{"type":"Point","coordinates":[19.20081,42.26739]},"properties":{"age_h":153.7,"recency":3,"frp":2.8,"confidence":"nominal"}},{"type":"Feature","geometry":{"type":"Point","coordinates":[19.22989,42.2689]},"properties":{"age_h":153.7,"recency":3,"frp":2.3,"confidence":"nominal"}},{"type":"Feature","geometry":{"type":"Point","coordinates":[19.21563,42.26982]},"properties":{"age_h":153.7,"recency":3,"frp":5.2,"confidence":"nominal"}},{"type":"Feature","geometry":{"type":"Point","coordinates":[19.22993,42.27022]},"properties":{"age_h":153.7,"recency":3,"frp":2.0,"confidence":"nominal"}},{"type":"Feature","geometry":{"type":"Point","coordinates":[19.20849,42.27029]},"properties":{"age_h":153.7,"recency":3,"frp":5.2,"confidence":"nominal"}},{"type":"Feature","geometry":{"type":"Point","coordinates":[19.20134,42.27075]},"properties":{"age_h":153.7,"recency":3,"frp":2.2,"confidence":"nominal"}},{"type":"Feature","geometry":{"type":"Point","coordinates":[19.2157,42.27122]},"properties":{"age_h":153.7,"recency":3,"frp":6.0,"confidence":"nominal"}},{"type":"Feature","geometry":{"type":"Point","coordinates":[19.20857,42.27173]},"properties":{"age_h":153.7,"recency":3,"frp":4.6,"confidence":"nominal"}},{"type":"Feature","geometry":{"type":"Point","coordinates":[19.23053,42.27373]},"properties":{"age_h":153.7,"recency":3,"frp":2.3,"confidence":"nominal"}},{"type":"Feature","geometry":{"type":"Point","coordinates":[19.30204,42.27391]},"properties":{"age_h":153.7,"recency":3,"frp":5.4,"confidence":"nominal"}},{"type":"Feature","geometry":{"type":"Point","coordinates":[19.21626,42.27466]},"properties":{"age_h":153.7,"recency":3,"frp":5.2,"confidence":"nominal"}},{"type":"Feature","geometry":{"type":"Point","coordinates":[19.23056,42.27505]},"properties":{"age_h":153.7,"recency":3,"frp":2.0,"confidence":"nominal"}},{"type":"Feature","geometry":{"type":"Point","coordinates":[19.20911,42.27513]},"properties":{"age_h":153.7,"recency":3,"frp":5.2,"confidence":"nominal"}},{"type":"Feature","geometry":{"type":"Point","coordinates":[19.21632,42.27606]},"properties":{"age_h":153.7,"recency":3,"frp":6.0,"confidence":"nominal"}},{"type":"Feature","geometry":{"type":"Point","coordinates":[19.2092,42.27657]},"properties":{"age_h":153.7,"recency":3,"frp":4.6,"confidence":"nominal"}},{"type":"Feature","geometry":{"type":"Point","coordinates":[19.23116,42.27857]},"properties":{"age_h":153.7,"recency":3,"frp":1.8,"confidence":"nominal"}},{"type":"Feature","geometry":{"type":"Point","coordinates":[19.32441,42.28214]},"properties":{"age_h":153.7,"recency":3,"frp":5.5,"confidence":"nominal"}},{"type":"Feature","geometry":{"type":"Point","coordinates":[19.23179,42.28341]},"properties":{"age_h":153.7,"recency":3,"frp":1.8,"confidence":"nominal"}},{"type":"Feature","geometry":{"type":"Point","coordinates":[19.32505,42.28695]},"properties":{"age_h":153.7,"recency":3,"frp":5.5,"confidence":"nominal"}},{"type":"Feature","geometry":{"type":"Point","coordinates":[19.35506,42.29948]},"properties":{"age_h":153.7,"recency":3,"frp":2.4,"confidence":"nominal"}},{"type":"Feature","geometry":{"type":"Point","coordinates":[19.34805,42.29996]},"properties":{"age_h":153.7,"recency":3,"frp":3.5,"confidence":"nominal"}},{"type":"Feature","geometry":{"type":"Point","coordinates":[19.34103,42.30043]},"properties":{"age_h":153.7,"recency":3,"frp":3.5,"confidence":"nominal"}},{"type":"Feature","geometry":{"type":"Point","coordinates":[19.34869,42.30476]},"properties":{"age_h":153.7,"recency":3,"frp":3.5,"confidence":"nominal"}},{"type":"Feature","geometry":{"type":"Point","coordinates":[18.63394,42.61759]},"properties":{"age_h":153.7,"recency":3,"frp":1.9,"confidence":"nominal"}},{"type":"Feature","geometry":{"type":"Point","coordinates":[18.63722,42.61772]},"properties":{"age_h":153.7,"recency":3,"frp":1.3,"confidence":"nominal"}},{"type":"Feature","geometry":{"type":"Point","coordinates":[18.64081,42.62726]},"properties":{"age_h":153.7,"recency":3,"frp":2.0,"confidence":"nominal"}},{"type":"Feature","geometry":{"type":"Point","coordinates":[18.63408,42.62766]},"properties":{"age_h":153.7,"recency":3,"frp":3.3,"confidence":"nominal"}},{"type":"Feature","geometry":{"type":"Point","coordinates":[18.6372,42.6278]},"properties":{"age_h":153.7,"recency":3,"frp":2.5,"confidence":"nominal"}},{"type":"Feature","geometry":{"type":"Point","coordinates":[34.66983,57.38435]},"properties":{"age_h":152.1,"recency":3,"frp":0.2,"confidence":"nominal"}},{"type":"Feature","geometry":{"type":"Point","coordinates":[25.52002,60.29805]},"properties":{"age_h":152.1,"recency":3,"frp":0.6,"confidence":"nominal"}},{"type":"Feature","geometry":{"type":"Point","coordinates":[24.42041,64.64779]},"properties":{"age_h":152.1,"recency":3,"frp":1.7,"confidence":"nominal"}},{"type":"Feature","geometry":{"type":"Point","coordinates":[24.43304,64.64905]},"properties":{"age_h":152.1,"recency":3,"frp":0.6,"confidence":"nominal"}},{"type":"Feature","geometry":{"type":"Point","coordinates":[30.35537,50.39225]},"properties":{"age_h":152.1,"recency":3,"frp":8.1,"confidence":"nominal"}},{"type":"Feature","geometry":{"type":"Point","coordinates":[34.42049,53.44291]},"properties":{"age_h":152.1,"recency":3,"frp":1.8,"confidence":"nominal"}},{"type":"Feature","geometry":{"type":"Point","coordinates":[18.83509,53.52033]},"properties":{"age_h":152.1,"recency":3,"frp":0.4,"confidence":"nominal"}},{"type":"Feature","geometry":{"type":"Point","coordinates":[22.91504,56.31495]},"properties":{"age_h":152.1,"recency":3,"frp":0.7,"confidence":"nominal"}},{"type":"Feature","geometry":{"type":"Point","coordinates":[12.38048,58.35858]},"properties":{"age_h":152.1,"recency":3,"frp":3.6,"confidence":"nominal"}},{"type":"Feature","geometry":{"type":"Point","coordinates":[20.97253,44.6015]},"properties":{"age_h":152.1,"recency":3,"frp":1.9,"confidence":"nominal"}},{"type":"Feature","geometry":{"type":"Point","coordinates":[20.97659,44.60362]},"properties":{"age_h":152.1,"recency":3,"frp":1.8,"confidence":"nominal"}},{"type":"Feature","geometry":{"type":"Point","coordinates":[22.4494,44.88485]},"properties":{"age_h":152.1,"recency":3,"frp":5.4,"confidence":"nominal"}},{"type":"Feature","geometry":{"type":"Point","coordinates":[22.44448,44.88648]},"properties":{"age_h":152.1,"recency":3,"frp":5.4,"confidence":"nominal"}},{"type":"Feature","geometry":{"type":"Point","coordinates":[17.73638,45.98567]},"properties":{"age_h":152.1,"recency":3,"frp":0.6,"confidence":"nominal"}},{"type":"Feature","geometry":{"type":"Point","coordinates":[18.88361,47.29242]},"properties":{"age_h":152.1,"recency":3,"frp":0.5,"confidence":"nominal"}},{"type":"Feature","geometry":{"type":"Point","coordinates":[12.17926,47.79293]},"properties":{"age_h":152.1,"recency":3,"frp":0.9,"confidence":"nominal"}},{"type":"Feature","geometry":{"type":"Point","coordinates":[8.77896,48.22595]},"properties":{"age_h":152.1,"recency":3,"frp":0.4,"confidence":"nominal"}},{"type":"Feature","geometry":{"type":"Point","coordinates":[14.34884,48.27555]},"properties":{"age_h":152.1,"recency":3,"frp":1.4,"confidence":"nominal"}},{"type":"Feature","geometry":{"type":"Point","coordinates":[9.73409,48.33271]},"properties":{"age_h":152.1,"recency":3,"frp":0.8,"confidence":"nominal"}},{"type":"Feature","geometry":{"type":"Point","coordinates":[2.98263,48.38615]},"properties":{"age_h":152.1,"recency":3,"frp":1.8,"confidence":"nominal"}},{"type":"Feature","geometry":{"type":"Point","coordinates":[17.19324,48.45935]},"properties":{"age_h":152.1,"recency":3,"frp":1.6,"confidence":"nominal"}},{"type":"Feature","geometry":{"type":"Point","coordinates":[7.82408,48.59754]},"properties":{"age_h":152.1,"recency":3,"frp":0.9,"confidence":"nominal"}},{"type":"Feature","geometry":{"type":"Point","coordinates":[7.81891,48.59842]},"properties":{"age_h":152.1,"recency":3,"frp":2.3,"confidence":"nominal"}},{"type":"Feature","geometry":{"type":"Point","coordinates":[21.17627,48.59892]},"properties":{"age_h":152.1,"recency":3,"frp":0.6,"confidence":"nominal"}},{"type":"Feature","geometry":{"type":"Point","coordinates":[21.17958,48.60388]},"properties":{"age_h":152.1,"recency":3,"frp":2.3,"confidence":"nominal"}},{"type":"Feature","geometry":{"type":"Point","coordinates":[21.17485,48.60529]},"properties":{"age_h":152.1,"recency":3,"frp":2.8,"confidence":"nominal"}},{"type":"Feature","geometry":{"type":"Point","coordinates":[21.19578,48.61094]},"properties":{"age_h":152.1,"recency":3,"frp":1.3,"confidence":"nominal"}},{"type":"Feature","geometry":{"type":"Point","coordinates":[21.19919,48.61336]},"properties":{"age_h":152.1,"recency":3,"frp":1.6,"confidence":"nominal"}},{"type":"Feature","geometry":{"type":"Point","coordinates":[21.18964,48.61873]},"properties":{"age_h":152.1,"recency":3,"frp":2.7,"confidence":"nominal"}},{"type":"Feature","geometry":{"type":"Point","coordinates":[21.18489,48.62014]},"properties":{"age_h":152.1,"recency":3,"frp":1.5,"confidence":"nominal"}},{"type":"Feature","geometry":{"type":"Point","coordinates":[21.20114,48.6272]},"properties":{"age_h":152.1,"recency":3,"frp":0.8,"confidence":"nominal"}},{"type":"Feature","geometry":{"type":"Point","coordinates":[6.96658,48.69229]},"properties":{"age_h":152.1,"recency":3,"frp":0.9,"confidence":"nominal"}},{"type":"Feature","geometry":{"type":"Point","coordinates":[5.68106,48.71809]},"properties":{"age_h":152.1,"recency":3,"frp":0.6,"confidence":"nominal"}},{"type":"Feature","geometry":{"type":"Point","coordinates":[4.56471,48.76726]},"properties":{"age_h":152.1,"recency":3,"frp":0.8,"confidence":"nominal"}},{"type":"Feature","geometry":{"type":"Point","coordinates":[10.70072,48.77885]},"properties":{"age_h":152.1,"recency":3,"frp":0.6,"confidence":"nominal"}},{"type":"Feature","geometry":{"type":"Point","coordinates":[2.40746,49.02761]},"properties":{"age_h":152.1,"recency":3,"frp":0.6,"confidence":"nominal"}},{"type":"Feature","geometry":{"type":"Point","coordinates":[5.37806,49.17069]},"properties":{"age_h":152.1,"recency":3,"frp":0.3,"confidence":"nominal"}},{"type":"Feature","geometry":{"type":"Point","coordinates":[6.73207,49.34825]},"properties":{"age_h":152.1,"recency":3,"frp":1.7,"confidence":"nominal"}},{"type":"Feature","geometry":{"type":"Point","coordinates":[6.73323,49.3515]},"properties":{"age_h":152.1,"recency":3,"frp":1.7,"confidence":"nominal"}},{"type":"Feature","geometry":{"type":"Point","coordinates":[6.75243,49.35879]},"properties":{"age_h":152.1,"recency":3,"frp":1.6,"confidence":"nominal"}},{"type":"Feature","geometry":{"type":"Point","coordinates":[11.02369,49.76943]},"properties":{"age_h":152.1,"recency":3,"frp":0.6,"confidence":"nominal"}},{"type":"Feature","geometry":{"type":"Point","coordinates":[8.25616,50.03291]},"properties":{"age_h":152.1,"recency":3,"frp":0.7,"confidence":"nominal"}},{"type":"Feature","geometry":{"type":"Point","coordinates":[18.8691,50.3411]},"properties":{"age_h":152.1,"recency":3,"frp":0.6,"confidence":"nominal"}},{"type":"Feature","geometry":{"type":"Point","coordinates":[18.14509,50.42308]},"properties":{"age_h":152.1,"recency":3,"frp":1.6,"confidence":"nominal"}},{"type":"Feature","geometry":{"type":"Point","coordinates":[3.48522,50.60101]},"properties":{"age_h":152.1,"recency":3,"frp":0.9,"confidence":"nominal"}},{"type":"Feature","geometry":{"type":"Point","coordinates":[5.67221,50.76503]},"properties":{"age_h":152.1,"recency":3,"frp":1.9,"confidence":"nominal"}},{"type":"Feature","geometry":{"type":"Point","coordinates":[2.31964,51.04909]},"properties":{"age_h":152.1,"recency":3,"frp":3.0,"confidence":"nominal"}},{"type":"Feature","geometry":{"type":"Point","coordinates":[-1.25958,51.20095]},"properties":{"age_h":152.1,"recency":3,"frp":0.5,"confidence":"nominal"}},{"type":"Feature","geometry":{"type":"Point","coordinates":[7.00953,51.29668]},"properties":{"age_h":152.1,"recency":3,"frp":1.1,"confidence":"nominal"}},{"type":"Feature","geometry":{"type":"Point","coordinates":[10.48308,51.36321]},"properties":{"age_h":152.1,"recency":3,"frp":0.6,"confidence":"nominal"}},{"type":"Feature","geometry":{"type":"Point","coordinates":[6.71255,51.3657]},"properties":{"age_h":152.1,"recency":3,"frp":2.5,"confidence":"nominal"}},{"type":"Feature","geometry":{"type":"Point","coordinates":[6.7016,51.36734]},"properties":{"age_h":152.1,"recency":3,"frp":0.5,"confidence":"nominal"}},{"type":"Feature","geometry":{"type":"Point","coordinates":[6.71928,51.36814]},"properties":{"age_h":152.1,"recency":3,"frp":0.6,"confidence":"nominal"}},{"type":"Feature","geometry":{"type":"Point","coordinates":[6.7138,51.36897]},"properties":{"age_h":152.1,"recency":3,"frp":2.3,"confidence":"nominal"}},{"type":"Feature","geometry":{"type":"Point","coordinates":[6.74522,51.46354]},"properties":{"age_h":152.1,"recency":3,"frp":0.9,"confidence":"nominal"}},{"type":"Feature","geometry":{"type":"Point","coordinates":[6.73972,51.46436]},"properties":{"age_h":152.1,"recency":3,"frp":0.9,"confidence":"nominal"}},{"type":"Feature","geometry":{"type":"Point","coordinates":[6.71175,51.48235]},"properties":{"age_h":152.1,"recency":3,"frp":5.0,"confidence":"nominal"}},{"type":"Feature","geometry":{"type":"Point","coordinates":[6.70076,51.484]},"properties":{"age_h":152.1,"recency":3,"frp":1.4,"confidence":"nominal"}},{"type":"Feature","geometry":{"type":"Point","coordinates":[6.73074,51.48642]},"properties":{"age_h":152.1,"recency":3,"frp":0.9,"confidence":"nominal"}},{"type":"Feature","geometry":{"type":"Point","coordinates":[6.72723,51.50351]},"properties":{"age_h":152.1,"recency":3,"frp":1.4,"confidence":"nominal"}},{"type":"Feature","geometry":{"type":"Point","coordinates":[6.73949,51.50514]},"properties":{"age_h":152.1,"recency":3,"frp":1.2,"confidence":"nominal"}},{"type":"Feature","geometry":{"type":"Point","coordinates":[6.97114,51.51872]},"properties":{"age_h":152.1,"recency":3,"frp":0.8,"confidence":"nominal"}},{"type":"Feature","geometry":{"type":"Point","coordinates":[8.33573,51.59318]},"properties":{"age_h":152.1,"recency":3,"frp":1.4,"confidence":"nominal"}},{"type":"Feature","geometry":{"type":"Point","coordinates":[8.50984,51.62001]},"properties":{"age_h":152.1,"recency":3,"frp":1.1,"confidence":"nominal"}},{"type":"Feature","geometry":{"type":"Point","coordinates":[8.02972,51.85624]},"properties":{"age_h":152.1,"recency":3,"frp":0.6,"confidence":"nominal"}},{"type":"Feature","geometry":{"type":"Point","coordinates":[10.4166,52.15843]},"properties":{"age_h":152.1,"recency":3,"frp":0.9,"confidence":"nominal"}},{"type":"Feature","geometry":{"type":"Point","coordinates":[14.64544,52.15961]},"properties":{"age_h":152.1,"recency":3,"frp":1.0,"confidence":"nominal"}},{"type":"Feature","geometry":{"type":"Point","coordinates":[14.64515,52.16049]},"properties":{"age_h":152.1,"recency":3,"frp":0.8,"confidence":"nominal"}},{"type":"Feature","geometry":{"type":"Point","coordinates":[10.43255,52.16619]},"properties":{"age_h":152.1,"recency":3,"frp":0.5,"confidence":"nominal"}},{"type":"Feature","geometry":{"type":"Point","coordinates":[14.62855,52.1713]},"properties":{"age_h":152.1,"recency":3,"frp":1.3,"confidence":"nominal"}},{"type":"Feature","geometry":{"type":"Point","coordinates":[14.62831,52.17225]},"properties":{"age_h":152.1,"recency":3,"frp":1.3,"confidence":"nominal"}},{"type":"Feature","geometry":{"type":"Point","coordinates":[7.88874,52.17488]},"properties":{"age_h":152.1,"recency":3,"frp":1.1,"confidence":"nominal"}},{"type":"Feature","geometry":{"type":"Point","coordinates":[10.26944,52.31021]},"properties":{"age_h":152.1,"recency":3,"frp":0.8,"confidence":"nominal"}},{"type":"Feature","geometry":{"type":"Point","coordinates":[10.24842,52.31747]},"properties":{"age_h":152.1,"recency":3,"frp":1.2,"confidence":"nominal"}},{"type":"Feature","geometry":{"type":"Point","coordinates":[13.8398,52.48705]},"properties":{"age_h":152.1,"recency":3,"frp":0.8,"confidence":"nominal"}},{"type":"Feature","geometry":{"type":"Point","coordinates":[10.03643,53.51388]},"properties":{"age_h":152.1,"recency":3,"frp":0.7,"confidence":"nominal"}},{"type":"Feature","geometry":{"type":"Point","coordinates":[9.90465,53.52301]},"properties":{"age_h":152.1,"recency":3,"frp":3.0,"confidence":"nominal"}},{"type":"Feature","geometry":{"type":"Point","coordinates":[15.6686,40.06704]},"properties":{"age_h":152.0,"recency":3,"frp":1.2,"confidence":"nominal"}},{"type":"Feature","geometry":{"type":"Point","coordinates":[15.66511,40.06799]},"properties":{"age_h":152.0,"recency":3,"frp":1.1,"confidence":"nominal"}},{"type":"Feature","geometry":{"type":"Point","coordinates":[15.66736,40.07312]},"properties":{"age_h":152.0,"recency":3,"frp":1.1,"confidence":"nominal"}},{"type":"Feature","geometry":{"type":"Point","coordinates":[17.21331,40.50354]},"properties":{"age_h":152.0,"recency":3,"frp":1.5,"confidence":"nominal"}},{"type":"Feature","geometry":{"type":"Point","coordinates":[19.44024,40.61734]},"properties":{"age_h":152.0,"recency":3,"frp":1.3,"confidence":"nominal"}},{"type":"Feature","geometry":{"type":"Point","coordinates":[19.44752,40.61757]},"properties":{"age_h":152.0,"recency":3,"frp":0.9,"confidence":"nominal"}},{"type":"Feature","geometry":{"type":"Point","coordinates":[19.44134,40.61947]},"properties":{"age_h":152.0,"recency":3,"frp":0.9,"confidence":"nominal"}},{"type":"Feature","geometry":{"type":"Point","coordinates":[16.99451,40.65773]},"properties":{"age_h":152.0,"recency":3,"frp":0.6,"confidence":"nominal"}},{"type":"Feature","geometry":{"type":"Point","coordinates":[16.99341,40.66224]},"properties":{"age_h":152.0,"recency":3,"frp":0.7,"confidence":"nominal"}},{"type":"Feature","geometry":{"type":"Point","coordinates":[14.86202,40.72957]},"properties":{"age_h":152.0,"recency":3,"frp":0.4,"confidence":"nominal"}},{"type":"Feature","geometry":{"type":"Point","coordinates":[14.85715,40.73086]},"properties":{"age_h":152.0,"recency":3,"frp":1.7,"confidence":"nominal"}},{"type":"Feature","geometry":{"type":"Point","coordinates":[14.84916,40.73296]},"properties":{"age_h":152.0,"recency":3,"frp":2.8,"confidence":"nominal"}},{"type":"Feature","geometry":{"type":"Point","coordinates":[14.86943,40.73304]},"properties":{"age_h":152.0,"recency":3,"frp":1.6,"confidence":"nominal"}},{"type":"Feature","geometry":{"type":"Point","coordinates":[14.86335,40.73463]},"properties":{"age_h":152.0,"recency":3,"frp":1.6,"confidence":"nominal"}},{"type":"Feature","geometry":{"type":"Point","coordinates":[14.85489,40.78007]},"properties":{"age_h":152.0,"recency":3,"frp":0.3,"confidence":"nominal"}},{"type":"Feature","geometry":{"type":"Point","coordinates":[14.58855,41.08667]},"properties":{"age_h":152.0,"recency":3,"frp":3.7,"confidence":"nominal"}},{"type":"Feature","geometry":{"type":"Point","coordinates":[14.60052,41.08881]},"properties":{"age_h":152.0,"recency":3,"frp":1.2,"confidence":"nominal"}},{"type":"Feature","geometry":{"type":"Point","coordinates":[14.58815,41.09033]},"properties":{"age_h":152.0,"recency":3,"frp":6.0,"confidence":"nominal"}},{"type":"Feature","geometry":{"type":"Point","coordinates":[14.58705,41.09235]},"properties":{"age_h":152.0,"recency":3,"frp":1.7,"confidence":"nominal"}},{"type":"Feature","geometry":{"type":"Point","coordinates":[14.67547,41.16456]},"properties":{"age_h":152.0,"recency":3,"frp":1.8,"confidence":"nominal"}},{"type":"Feature","geometry":{"type":"Point","coordinates":[14.66789,41.16652]},"properties":{"age_h":152.0,"recency":3,"frp":1.8,"confidence":"nominal"}},{"type":"Feature","geometry":{"type":"Point","coordinates":[14.67375,41.16677]},"properties":{"age_h":152.0,"recency":3,"frp":2.7,"confidence":"nominal"}},{"type":"Feature","geometry":{"type":"Point","coordinates":[14.66668,41.16863]},"properties":{"age_h":152.0,"recency":3,"frp":1.9,"confidence":"nominal"}},{"type":"Feature","geometry":{"type":"Point","coordinates":[14.17739,41.20418]},"properties":{"age_h":152.0,"recency":3,"frp":0.4,"confidence":"nominal"}},{"type":"Feature","geometry":{"type":"Point","coordinates":[14.1588,41.20897]},"properties":{"age_h":152.0,"recency":3,"frp":1.5,"confidence":"nominal"}},{"type":"Feature","geometry":{"type":"Point","coordinates":[14.17297,41.21047]},"properties":{"age_h":152.0,"recency":3,"frp":1.6,"confidence":"nominal"}},{"type":"Feature","geometry":{"type":"Point","coordinates":[1.66244,41.31263]},"properties":{"age_h":152.0,"recency":3,"frp":1.6,"confidence":"nominal"}},{"type":"Feature","geometry":{"type":"Point","coordinates":[-1.49023,41.47418]},"properties":{"age_h":152.0,"recency":3,"frp":0.9,"confidence":"nominal"}},{"type":"Feature","geometry":{"type":"Point","coordinates":[19.65896,41.53411]},"properties":{"age_h":152.0,"recency":3,"frp":0.6,"confidence":"nominal"}},{"type":"Feature","geometry":{"type":"Point","coordinates":[19.52593,41.5349]},"properties":{"age_h":152.0,"recency":3,"frp":1.6,"confidence":"nominal"}},{"type":"Feature","geometry":{"type":"Point","coordinates":[19.52886,41.54073]},"properties":{"age_h":152.0,"recency":3,"frp":1.6,"confidence":"nominal"}},{"type":"Feature","geometry":{"type":"Point","coordinates":[15.22558,41.80631]},"properties":{"age_h":152.0,"recency":3,"frp":1.4,"confidence":"nominal"}},{"type":"Feature","geometry":{"type":"Point","coordinates":[15.22493,41.80675]},"properties":{"age_h":152.0,"recency":3,"frp":1.5,"confidence":"nominal"}},{"type":"Feature","geometry":{"type":"Point","coordinates":[15.2219,41.80727]},"properties":{"age_h":152.0,"recency":3,"frp":0.9,"confidence":"nominal"}},{"type":"Feature","geometry":{"type":"Point","coordinates":[-5.25856,41.90391]},"properties":{"age_h":152.0,"recency":3,"frp":9.8,"confidence":"nominal"}},{"type":"Feature","geometry":{"type":"Point","coordinates":[12.81203,42.18792]},"properties":{"age_h":152.0,"recency":3,"frp":9.1,"confidence":"nominal"}},{"type":"Feature","geometry":{"type":"Point","coordinates":[12.8117,42.18798]},"properties":{"age_h":152.0,"recency":3,"frp":12.6,"confidence":"nominal"}},{"type":"Feature","geometry":{"type":"Point","coordinates":[12.80644,42.18924]},"properties":{"age_h":152.0,"recency":3,"frp":9.1,"confidence":"nominal"}},{"type":"Feature","geometry":{"type":"Point","coordinates":[12.80611,42.18933]},"properties":{"age_h":152.0,"recency":3,"frp":6.0,"confidence":"nominal"}},{"type":"Feature","geometry":{"type":"Point","coordinates":[-1.79009,42.19289]},"properties":{"age_h":152.0,"recency":3,"frp":0.5,"confidence":"nominal"}},{"type":"Feature","geometry":{"type":"Point","coordinates":[19.20324,42.26425]},"properties":{"age_h":152.0,"recency":3,"frp":5.8,"confidence":"nominal"}},{"type":"Feature","geometry":{"type":"Point","coordinates":[19.19776,42.26594]},"properties":{"age_h":152.0,"recency":3,"frp":7.8,"confidence":"nominal"}},{"type":"Feature","geometry":{"type":"Point","coordinates":[19.20343,42.26661]},"properties":{"age_h":152.0,"recency":3,"frp":6.3,"confidence":"nominal"}},{"type":"Feature","geometry":{"type":"Point","coordinates":[19.21176,42.26813]},"properties":{"age_h":152.0,"recency":3,"frp":1.6,"confidence":"nominal"}},{"type":"Feature","geometry":{"type":"Point","coordinates":[19.19793,42.26826]},"properties":{"age_h":152.0,"recency":3,"frp":6.3,"confidence":"nominal"}},{"type":"Feature","geometry":{"type":"Point","coordinates":[19.212,42.27051]},"properties":{"age_h":152.0,"recency":3,"frp":1.8,"confidence":"nominal"}},{"type":"Feature","geometry":{"type":"Point","coordinates":[19.23161,42.27108]},"properties":{"age_h":152.0,"recency":3,"frp":1.8,"confidence":"nominal"}},{"type":"Feature","geometry":{"type":"Point","coordinates":[19.20078,42.27151]},"properties":{"age_h":152.0,"recency":3,"frp":2.4,"confidence":"nominal"}},{"type":"Feature","geometry":{"type":"Point","coordinates":[19.3043,42.27226]},"properties":{"age_h":152.0,"recency":3,"frp":2.3,"confidence":"nominal"}},{"type":"Feature","geometry":{"type":"Point","coordinates":[19.21481,42.2737]},"properties":{"age_h":152.0,"recency":3,"frp":1.6,"confidence":"nominal"}},{"type":"Feature","geometry":{"type":"Point","coordinates":[19.29874,42.27397]},"properties":{"age_h":152.0,"recency":3,"frp":2.3,"confidence":"nominal"}},{"type":"Feature","geometry":{"type":"Point","coordinates":[19.20932,42.27539]},"properties":{"age_h":152.0,"recency":3,"frp":1.6,"confidence":"nominal"}},{"type":"Feature","geometry":{"type":"Point","coordinates":[19.21509,42.27607]},"properties":{"age_h":152.0,"recency":3,"frp":1.8,"confidence":"nominal"}},{"type":"Feature","geometry":{"type":"Point","coordinates":[19.20957,42.27773]},"properties":{"age_h":152.0,"recency":3,"frp":1.9,"confidence":"nominal"}},{"type":"Feature","geometry":{"type":"Point","coordinates":[19.21785,42.27927]},"properties":{"age_h":152.0,"recency":3,"frp":0.6,"confidence":"nominal"}},{"type":"Feature","geometry":{"type":"Point","coordinates":[19.2319,42.28146]},"properties":{"age_h":152.0,"recency":3,"frp":3.5,"confidence":"nominal"}},{"type":"Feature","geometry":{"type":"Point","coordinates":[19.23226,42.28388]},"properties":{"age_h":152.0,"recency":3,"frp":3.2,"confidence":"nominal"}},{"type":"Feature","geometry":{"type":"Point","coordinates":[19.33027,42.28389]},"properties":{"age_h":152.0,"recency":3,"frp":1.5,"confidence":"nominal"}},{"type":"Feature","geometry":{"type":"Point","coordinates":[19.32469,42.2856]},"properties":{"age_h":152.0,"recency":3,"frp":2.4,"confidence":"nominal"}},{"type":"Feature","geometry":{"type":"Point","coordinates":[19.34509,42.29897]},"properties":{"age_h":152.0,"recency":3,"frp":1.2,"confidence":"nominal"}},{"type":"Feature","geometry":{"type":"Point","coordinates":[19.28896,42.30306]},"properties":{"age_h":152.0,"recency":3,"frp":1.0,"confidence":"nominal"}},{"type":"Feature","geometry":{"type":"Point","coordinates":[19.34809,42.30459]},"properties":{"age_h":152.0,"recency":3,"frp":0.8,"confidence":"nominal"}},{"type":"Feature","geometry":{"type":"Point","coordinates":[12.67496,42.57042]},"properties":{"age_h":152.0,"recency":3,"frp":1.1,"confidence":"nominal"}},{"type":"Feature","geometry":{"type":"Point","coordinates":[18.84029,42.82712]},"properties":{"age_h":152.0,"recency":3,"frp":3.8,"confidence":"nominal"}},{"type":"Feature","geometry":{"type":"Point","coordinates":[18.84233,42.82793]},"properties":{"age_h":152.0,"recency":3,"frp":2.6,"confidence":"nominal"}},{"type":"Feature","geometry":{"type":"Point","coordinates":[18.83474,42.82877]},"properties":{"age_h":152.0,"recency":3,"frp":3.0,"confidence":"nominal"}},{"type":"Feature","geometry":{"type":"Point","coordinates":[18.83658,42.82967]},"properties":{"age_h":152.0,"recency":3,"frp":2.6,"confidence":"nominal"}},{"type":"Feature","geometry":{"type":"Point","coordinates":[-2.22195,43.03564]},"properties":{"age_h":152.0,"recency":3,"frp":0.6,"confidence":"nominal"}},{"type":"Feature","geometry":{"type":"Point","coordinates":[-5.33195,43.22068]},"properties":{"age_h":152.0,"recency":3,"frp":2.4,"confidence":"nominal"}},{"type":"Feature","geometry":{"type":"Point","coordinates":[-5.33191,43.22273]},"properties":{"age_h":152.0,"recency":3,"frp":3.5,"confidence":"nominal"}},{"type":"Feature","geometry":{"type":"Point","coordinates":[-5.3305,43.22529]},"properties":{"age_h":152.0,"recency":3,"frp":2.4,"confidence":"nominal"}},{"type":"Feature","geometry":{"type":"Point","coordinates":[12.54493,43.36324]},"properties":{"age_h":152.0,"recency":3,"frp":1.2,"confidence":"nominal"}},{"type":"Feature","geometry":{"type":"Point","coordinates":[-3.83893,43.41189]},"properties":{"age_h":152.0,"recency":3,"frp":0.9,"confidence":"nominal"}},{"type":"Feature","geometry":{"type":"Point","coordinates":[-3.8446,43.41237]},"properties":{"age_h":152.0,"recency":3,"frp":0.9,"confidence":"nominal"}},{"type":"Feature","geometry":{"type":"Point","coordinates":[5.45989,43.45264]},"properties":{"age_h":152.0,"recency":3,"frp":0.7,"confidence":"nominal"}},{"type":"Feature","geometry":{"type":"Point","coordinates":[-5.73418,43.52363]},"properties":{"age_h":152.0,"recency":3,"frp":3.9,"confidence":"nominal"}},{"type":"Feature","geometry":{"type":"Point","coordinates":[-5.7409,43.52407]},"properties":{"age_h":152.0,"recency":3,"frp":3.9,"confidence":"nominal"}},{"type":"Feature","geometry":{"type":"Point","coordinates":[-5.73348,43.52842]},"properties":{"age_h":152.0,"recency":3,"frp":13.5,"confidence":"nominal"}},{"type":"Feature","geometry":{"type":"Point","coordinates":[-5.83273,43.53987]},"properties":{"age_h":152.0,"recency":3,"frp":3.6,"confidence":"nominal"}},{"type":"Feature","geometry":{"type":"Point","coordinates":[-5.86078,43.55146]},"properties":{"age_h":152.0,"recency":3,"frp":0.7,"confidence":"nominal"}},{"type":"Feature","geometry":{"type":"Point","coordinates":[3.9159,43.6]},"properties":{"age_h":152.0,"recency":3,"frp":0.3,"confidence":"nominal"}},{"type":"Feature","geometry":{"type":"Point","coordinates":[8.29072,44.37916]},"properties":{"age_h":152.0,"recency":3,"frp":0.9,"confidence":"nominal"}},{"type":"Feature","geometry":{"type":"Point","coordinates":[2.30405,44.73548]},"properties":{"age_h":152.0,"recency":3,"frp":0.4,"confidence":"nominal"}},{"type":"Feature","geometry":{"type":"Point","coordinates":[5.87427,45.07528]},"properties":{"age_h":152.0,"recency":3,"frp":0.7,"confidence":"nominal"}},{"type":"Feature","geometry":{"type":"Point","coordinates":[5.66693,45.22934]},"properties":{"age_h":152.0,"recency":3,"frp":0.4,"confidence":"nominal"}},{"type":"Feature","geometry":{"type":"Point","coordinates":[14.53159,45.28353]},"properties":{"age_h":152.0,"recency":3,"frp":1.2,"confidence":"nominal"}},{"type":"Feature","geometry":{"type":"Point","coordinates":[5.82142,45.91079]},"properties":{"age_h":152.0,"recency":3,"frp":0.7,"confidence":"nominal"}},{"type":"Feature","geometry":{"type":"Point","coordinates":[7.41958,46.83978]},"properties":{"age_h":152.0,"recency":3,"frp":0.4,"confidence":"nominal"}},{"type":"Feature","geometry":{"type":"Point","coordinates":[7.0278,47.0342]},"properties":{"age_h":152.0,"recency":3,"frp":0.5,"confidence":"nominal"}},{"type":"Feature","geometry":{"type":"Point","coordinates":[8.25888,47.063]},"properties":{"age_h":152.0,"recency":3,"frp":1.1,"confidence":"nominal"}},{"type":"Feature","geometry":{"type":"Point","coordinates":[5.55409,47.13567]},"properties":{"age_h":152.0,"recency":3,"frp":0.8,"confidence":"nominal"}},{"type":"Feature","geometry":{"type":"Point","coordinates":[7.56466,47.17347]},"properties":{"age_h":152.0,"recency":3,"frp":2.2,"confidence":"nominal"}},{"type":"Feature","geometry":{"type":"Point","coordinates":[-0.94292,34.94384]},"properties":{"age_h":152.0,"recency":3,"frp":0.4,"confidence":"nominal"}},{"type":"Feature","geometry":{"type":"Point","coordinates":[5.64477,35.09759]},"properties":{"age_h":152.0,"recency":3,"frp":0.9,"confidence":"nominal"}},{"type":"Feature","geometry":{"type":"Point","coordinates":[8.17263,35.2316]},"properties":{"age_h":152.0,"recency":3,"frp":1.3,"confidence":"nominal"}},{"type":"Feature","geometry":{"type":"Point","coordinates":[-0.27752,35.53016]},"properties":{"age_h":152.0,"recency":3,"frp":0.8,"confidence":"nominal"}},{"type":"Feature","geometry":{"type":"Point","coordinates":[-0.27685,35.53355]},"properties":{"age_h":152.0,"recency":3,"frp":0.8,"confidence":"nominal"}},{"type":"Feature","geometry":{"type":"Point","coordinates":[-0.93937,35.56857]},"properties":{"age_h":152.0,"recency":3,"frp":0.9,"confidence":"nominal"}},{"type":"Feature","geometry":{"type":"Point","coordinates":[-0.26009,35.76556]},"properties":{"age_h":152.0,"recency":3,"frp":1.1,"confidence":"nominal"}},{"type":"Feature","geometry":{"type":"Point","coordinates":[-0.26841,35.77021]},"properties":{"age_h":152.0,"recency":3,"frp":1.9,"confidence":"nominal"}},{"type":"Feature","geometry":{"type":"Point","coordinates":[0.54135,35.78389]},"properties":{"age_h":152.0,"recency":3,"frp":0.4,"confidence":"nominal"}},{"type":"Feature","geometry":{"type":"Point","coordinates":[-0.2728,35.81622]},"properties":{"age_h":152.0,"recency":3,"frp":0.8,"confidence":"nominal"}},{"type":"Feature","geometry":{"type":"Point","coordinates":[4.44666,35.87813]},"properties":{"age_h":152.0,"recency":3,"frp":1.1,"confidence":"nominal"}},{"type":"Feature","geometry":{"type":"Point","coordinates":[0.43232,35.95859]},"properties":{"age_h":152.0,"recency":3,"frp":0.7,"confidence":"nominal"}},{"type":"Feature","geometry":{"type":"Point","coordinates":[0.12648,36.01595]},"properties":{"age_h":152.0,"recency":3,"frp":0.8,"confidence":"nominal"}},{"type":"Feature","geometry":{"type":"Point","coordinates":[6.80525,36.08583]},"properties":{"age_h":152.0,"recency":3,"frp":1.2,"confidence":"nominal"}},{"type":"Feature","geometry":{"type":"Point","coordinates":[1.24177,36.12843]},"properties":{"age_h":152.0,"recency":3,"frp":1.2,"confidence":"nominal"}},{"type":"Feature","geometry":{"type":"Point","coordinates":[2.92733,36.14099]},"properties":{"age_h":152.0,"recency":3,"frp":0.6,"confidence":"nominal"}},{"type":"Feature","geometry":{"type":"Point","coordinates":[10.2848,36.1592]},"properties":{"age_h":152.0,"recency":3,"frp":0.8,"confidence":"nominal"}},{"type":"Feature","geometry":{"type":"Point","coordinates":[5.572,36.17606]},"properties":{"age_h":152.0,"recency":3,"frp":0.7,"confidence":"nominal"}},{"type":"Feature","geometry":{"type":"Point","coordinates":[5.48448,36.33556]},"properties":{"age_h":152.0,"recency":3,"frp":0.7,"confidence":"nominal"}},{"type":"Feature","geometry":{"type":"Point","coordinates":[5.47962,36.33647]},"properties":{"age_h":152.0,"recency":3,"frp":0.7,"confidence":"nominal"}},{"type":"Feature","geometry":{"type":"Point","coordinates":[6.6194,36.43092]},"properties":{"age_h":152.0,"recency":3,"frp":1.8,"confidence":"nominal"}},{"type":"Feature","geometry":{"type":"Point","coordinates":[6.62429,36.43094]},"properties":{"age_h":152.0,"recency":3,"frp":1.3,"confidence":"nominal"}},{"type":"Feature","geometry":{"type":"Point","coordinates":[10.02711,36.50097]},"properties":{"age_h":152.0,"recency":3,"frp":1.1,"confidence":"nominal"}},{"type":"Feature","geometry":{"type":"Point","coordinates":[10.31751,36.59162]},"properties":{"age_h":152.0,"recency":3,"frp":1.8,"confidence":"nominal"}},{"type":"Feature","geometry":{"type":"Point","coordinates":[2.88054,36.59628]},"properties":{"age_h":152.0,"recency":3,"frp":0.6,"confidence":"nominal"}},{"type":"Feature","geometry":{"type":"Point","coordinates":[3.08061,36.74774]},"properties":{"age_h":152.0,"recency":3,"frp":0.9,"confidence":"nominal"}},{"type":"Feature","geometry":{"type":"Point","coordinates":[10.19979,36.77583]},"properties":{"age_h":152.0,"recency":3,"frp":0.8,"confidence":"nominal"}},{"type":"Feature","geometry":{"type":"Point","coordinates":[-5.89426,37.00687]},"properties":{"age_h":152.0,"recency":3,"frp":0.7,"confidence":"nominal"}},{"type":"Feature","geometry":{"type":"Point","coordinates":[-5.89245,37.00855]},"properties":{"age_h":152.0,"recency":3,"frp":0.6,"confidence":"nominal"}},{"type":"Feature","geometry":{"type":"Point","coordinates":[-1.58081,37.61249]},"properties":{"age_h":152.0,"recency":3,"frp":1.6,"confidence":"nominal"}},{"type":"Feature","geometry":{"type":"Point","coordinates":[-4.92552,37.66121]},"properties":{"age_h":152.0,"recency":3,"frp":2.0,"confidence":"nominal"}},{"type":"Feature","geometry":{"type":"Point","coordinates":[-4.92648,37.66349]},"properties":{"age_h":152.0,"recency":3,"frp":1.8,"confidence":"nominal"}},{"type":"Feature","geometry":{"type":"Point","coordinates":[-8.80879,37.95962]},"properties":{"age_h":152.0,"recency":3,"frp":1.9,"confidence":"nominal"}},{"type":"Feature","geometry":{"type":"Point","coordinates":[-0.54477,38.3778]},"properties":{"age_h":152.0,"recency":3,"frp":1.2,"confidence":"nominal"}},{"type":"Feature","geometry":{"type":"Point","coordinates":[-5.59657,38.65317]},"properties":{"age_h":152.0,"recency":3,"frp":1.0,"confidence":"nominal"}},{"type":"Feature","geometry":{"type":"Point","coordinates":[-4.05255,38.67385]},"properties":{"age_h":152.0,"recency":3,"frp":1.4,"confidence":"nominal"}},{"type":"Feature","geometry":{"type":"Point","coordinates":[-9.01297,38.92218]},"properties":{"age_h":152.0,"recency":3,"frp":1.2,"confidence":"nominal"}},{"type":"Feature","geometry":{"type":"Point","coordinates":[-9.0124,38.92309]},"properties":{"age_h":152.0,"recency":3,"frp":1.4,"confidence":"nominal"}},{"type":"Feature","geometry":{"type":"Point","coordinates":[-8.91078,39.68658]},"properties":{"age_h":152.0,"recency":3,"frp":0.6,"confidence":"nominal"}},{"type":"Feature","geometry":{"type":"Point","coordinates":[-4.44955,40.05735]},"properties":{"age_h":152.0,"recency":3,"frp":1.2,"confidence":"nominal"}},{"type":"Feature","geometry":{"type":"Point","coordinates":[-4.44894,40.06166]},"properties":{"age_h":152.0,"recency":3,"frp":3.1,"confidence":"nominal"}},{"type":"Feature","geometry":{"type":"Point","coordinates":[-4.45424,40.06215]},"properties":{"age_h":152.0,"recency":3,"frp":1.9,"confidence":"nominal"}},{"type":"Feature","geometry":{"type":"Point","coordinates":[-3.47735,40.24376]},"properties":{"age_h":152.0,"recency":3,"frp":3.3,"confidence":"nominal"}},{"type":"Feature","geometry":{"type":"Point","coordinates":[-3.47664,40.24786]},"properties":{"age_h":152.0,"recency":3,"frp":1.1,"confidence":"nominal"}},{"type":"Feature","geometry":{"type":"Point","coordinates":[-7.04528,40.74873]},"properties":{"age_h":152.0,"recency":3,"frp":2.3,"confidence":"nominal"}},{"type":"Feature","geometry":{"type":"Point","coordinates":[-8.49924,41.27527]},"properties":{"age_h":152.0,"recency":3,"frp":2.0,"confidence":"nominal"}},{"type":"Feature","geometry":{"type":"Point","coordinates":[-8.50377,41.2755]},"properties":{"age_h":152.0,"recency":3,"frp":2.0,"confidence":"nominal"}},{"type":"Feature","geometry":{"type":"Point","coordinates":[-8.51628,41.2816]},"properties":{"age_h":152.0,"recency":3,"frp":3.0,"confidence":"nominal"}},{"type":"Feature","geometry":{"type":"Point","coordinates":[-8.51044,41.29221]},"properties":{"age_h":152.0,"recency":3,"frp":2.1,"confidence":"nominal"}},{"type":"Feature","geometry":{"type":"Point","coordinates":[-8.51523,41.29245]},"properties":{"age_h":152.0,"recency":3,"frp":2.1,"confidence":"nominal"}},{"type":"Feature","geometry":{"type":"Point","coordinates":[-8.1608,41.31974]},"properties":{"age_h":152.0,"recency":3,"frp":0.7,"confidence":"nominal"}},{"type":"Feature","geometry":{"type":"Point","coordinates":[-8.01644,41.42822]},"properties":{"age_h":152.0,"recency":3,"frp":10.8,"confidence":"nominal"}},{"type":"Feature","geometry":{"type":"Point","coordinates":[-8.0198,41.42839]},"properties":{"age_h":152.0,"recency":3,"frp":18.5,"confidence":"high"}},{"type":"Feature","geometry":{"type":"Point","coordinates":[-8.73166,41.64058]},"properties":{"age_h":152.0,"recency":3,"frp":2.4,"confidence":"nominal"}},{"type":"Feature","geometry":{"type":"Point","coordinates":[-8.7338,41.6407]},"properties":{"age_h":152.0,"recency":3,"frp":2.0,"confidence":"nominal"}},{"type":"Feature","geometry":{"type":"Point","coordinates":[-8.69243,41.65542]},"properties":{"age_h":152.0,"recency":3,"frp":0.7,"confidence":"nominal"}},{"type":"Feature","geometry":{"type":"Point","coordinates":[-8.69778,41.65566]},"properties":{"age_h":152.0,"recency":3,"frp":0.7,"confidence":"nominal"}},{"type":"Feature","geometry":{"type":"Point","coordinates":[-8.69603,41.66111]},"properties":{"age_h":152.0,"recency":3,"frp":3.0,"confidence":"nominal"}},{"type":"Feature","geometry":{"type":"Point","coordinates":[-8.70197,41.66137]},"properties":{"age_h":152.0,"recency":3,"frp":1.5,"confidence":"nominal"}},{"type":"Feature","geometry":{"type":"Point","coordinates":[1.759,48.98483]},"properties":{"age_h":150.4,"recency":3,"frp":1.0,"confidence":"nominal"}},{"type":"Feature","geometry":{"type":"Point","coordinates":[1.76009,48.98605]},"properties":{"age_h":150.4,"recency":3,"frp":1.2,"confidence":"nominal"}},{"type":"Feature","geometry":{"type":"Point","coordinates":[5.66579,50.76445]},"properties":{"age_h":150.4,"recency":3,"frp":2.2,"confidence":"nominal"}},{"type":"Feature","geometry":{"type":"Point","coordinates":[5.67213,50.76477]},"properties":{"age_h":150.4,"recency":3,"frp":1.9,"confidence":"nominal"}},{"type":"Feature","geometry":{"type":"Point","coordinates":[2.26743,51.02712]},"properties":{"age_h":150.4,"recency":3,"frp":1.9,"confidence":"nominal"}},{"type":"Feature","geometry":{"type":"Point","coordinates":[6.70825,51.3711]},"properties":{"age_h":150.4,"recency":3,"frp":2.1,"confidence":"nominal"}},{"type":"Feature","geometry":{"type":"Point","coordinates":[-3.39443,51.3988]},"properties":{"age_h":150.4,"recency":3,"frp":1.2,"confidence":"nominal"}},{"type":"Feature","geometry":{"type":"Point","coordinates":[-3.39432,51.39988]},"properties":{"age_h":150.4,"recency":3,"frp":0.4,"confidence":"nominal"}},{"type":"Feature","geometry":{"type":"Point","coordinates":[6.73441,51.46022]},"properties":{"age_h":150.4,"recency":3,"frp":1.6,"confidence":"nominal"}},{"type":"Feature","geometry":{"type":"Point","coordinates":[6.73619,51.46457]},"properties":{"age_h":150.4,"recency":3,"frp":1.6,"confidence":"nominal"}},{"type":"Feature","geometry":{"type":"Point","coordinates":[6.70266,51.48203]},"properties":{"age_h":150.4,"recency":3,"frp":2.4,"confidence":"nominal"}},{"type":"Feature","geometry":{"type":"Point","coordinates":[6.70906,51.48804]},"properties":{"age_h":150.4,"recency":3,"frp":2.4,"confidence":"nominal"}},{"type":"Feature","geometry":{"type":"Point","coordinates":[-0.60082,53.56911]},"properties":{"age_h":150.4,"recency":3,"frp":1.6,"confidence":"nominal"}},{"type":"Feature","geometry":{"type":"Point","coordinates":[-0.62076,53.58136]},"properties":{"age_h":150.4,"recency":3,"frp":1.5,"confidence":"nominal"}},{"type":"Feature","geometry":{"type":"Point","coordinates":[-0.23876,53.6359]},"properties":{"age_h":150.4,"recency":3,"frp":0.7,"confidence":"nominal"}},{"type":"Feature","geometry":{"type":"Point","coordinates":[-0.24371,53.63746]},"properties":{"age_h":150.4,"recency":3,"frp":0.7,"confidence":"nominal"}},{"type":"Feature","geometry":{"type":"Point","coordinates":[-5.3261,43.22189]},"properties":{"age_h":150.4,"recency":3,"frp":1.4,"confidence":"nominal"}},{"type":"Feature","geometry":{"type":"Point","coordinates":[-5.33041,43.22322]},"properties":{"age_h":150.4,"recency":3,"frp":1.4,"confidence":"nominal"}},{"type":"Feature","geometry":{"type":"Point","coordinates":[-5.32867,43.22571]},"properties":{"age_h":150.4,"recency":3,"frp":0.5,"confidence":"nominal"}},{"type":"Feature","geometry":{"type":"Point","coordinates":[-5.73632,43.52003]},"properties":{"age_h":150.4,"recency":3,"frp":3.3,"confidence":"nominal"}},{"type":"Feature","geometry":{"type":"Point","coordinates":[-5.92527,36.73793]},"properties":{"age_h":150.3,"recency":3,"frp":1.1,"confidence":"nominal"}},{"type":"Feature","geometry":{"type":"Point","coordinates":[-6.30753,36.83462]},"properties":{"age_h":150.3,"recency":3,"frp":1.4,"confidence":"nominal"}},{"type":"Feature","geometry":{"type":"Point","coordinates":[-6.30572,36.83654]},"properties":{"age_h":150.3,"recency":3,"frp":1.0,"confidence":"nominal"}},{"type":"Feature","geometry":{"type":"Point","coordinates":[-6.38172,37.39141]},"properties":{"age_h":150.3,"recency":3,"frp":1.0,"confidence":"nominal"}},{"type":"Feature","geometry":{"type":"Point","coordinates":[-5.59899,38.65463]},"properties":{"age_h":150.3,"recency":3,"frp":2.0,"confidence":"nominal"}},{"type":"Feature","geometry":{"type":"Point","coordinates":[-5.59605,38.65799]},"properties":{"age_h":150.3,"recency":3,"frp":1.0,"confidence":"nominal"}},{"type":"Feature","geometry":{"type":"Point","coordinates":[-9.01239,38.92141]},"properties":{"age_h":150.3,"recency":3,"frp":0.9,"confidence":"nominal"}},{"type":"Feature","geometry":{"type":"Point","coordinates":[-4.44951,40.06144]},"properties":{"age_h":150.3,"recency":3,"frp":1.6,"confidence":"nominal"}},{"type":"Feature","geometry":{"type":"Point","coordinates":[-3.4788,40.24355]},"properties":{"age_h":150.3,"recency":3,"frp":2.0,"confidence":"nominal"}},{"type":"Feature","geometry":{"type":"Point","coordinates":[-3.4783,40.24457]},"properties":{"age_h":150.3,"recency":3,"frp":3.4,"confidence":"nominal"}},{"type":"Feature","geometry":{"type":"Point","coordinates":[-7.04116,40.74456]},"properties":{"age_h":150.3,"recency":3,"frp":9.8,"confidence":"nominal"}},{"type":"Feature","geometry":{"type":"Point","coordinates":[-7.04663,40.74619]},"properties":{"age_h":150.3,"recency":3,"frp":9.8,"confidence":"nominal"}},{"type":"Feature","geometry":{"type":"Point","coordinates":[-8.50164,41.27642]},"properties":{"age_h":150.3,"recency":3,"frp":1.3,"confidence":"nominal"}},{"type":"Feature","geometry":{"type":"Point","coordinates":[-8.51089,41.29089]},"properties":{"age_h":150.3,"recency":3,"frp":1.3,"confidence":"nominal"}},{"type":"Feature","geometry":{"type":"Point","coordinates":[-8.01437,41.4245]},"properties":{"age_h":150.3,"recency":3,"frp":6.8,"confidence":"nominal"}},{"type":"Feature","geometry":{"type":"Point","coordinates":[-8.02084,41.42638]},"properties":{"age_h":150.3,"recency":3,"frp":9.9,"confidence":"high"}},{"type":"Feature","geometry":{"type":"Point","coordinates":[-8.01777,41.42654]},"properties":{"age_h":150.3,"recency":3,"frp":11.7,"confidence":"high"}},{"type":"Feature","geometry":{"type":"Point","coordinates":[-8.7329,41.6417]},"properties":{"age_h":150.3,"recency":3,"frp":0.9,"confidence":"nominal"}},{"type":"Feature","geometry":{"type":"Point","coordinates":[-8.69259,41.65945]},"properties":{"age_h":150.3,"recency":3,"frp":3.4,"confidence":"nominal"}},{"type":"Feature","geometry":{"type":"Point","coordinates":[-8.69634,41.6605]},"properties":{"age_h":150.3,"recency":3,"frp":3.4,"confidence":"nominal"}},{"type":"Feature","geometry":{"type":"Point","coordinates":[-8.70007,41.66154]},"properties":{"age_h":150.3,"recency":3,"frp":2.0,"confidence":"nominal"}},{"type":"Feature","geometry":{"type":"Point","coordinates":[-8.6874,41.66381]},"properties":{"age_h":150.3,"recency":3,"frp":11.1,"confidence":"nominal"}},{"type":"Feature","geometry":{"type":"Point","coordinates":[-8.69105,41.66483]},"properties":{"age_h":150.3,"recency":3,"frp":5.3,"confidence":"nominal"}},{"type":"Feature","geometry":{"type":"Point","coordinates":[-8.69452,41.6658]},"properties":{"age_h":150.3,"recency":3,"frp":5.3,"confidence":"nominal"}},{"type":"Feature","geometry":{"type":"Point","coordinates":[-5.25695,41.90063]},"properties":{"age_h":150.3,"recency":3,"frp":4.2,"confidence":"nominal"}},{"type":"Feature","geometry":{"type":"Point","coordinates":[-5.26312,41.90257]},"properties":{"age_h":150.3,"recency":3,"frp":5.7,"confidence":"nominal"}},{"type":"Feature","geometry":{"type":"Point","coordinates":[-8.4383,43.34643]},"properties":{"age_h":150.3,"recency":3,"frp":0.8,"confidence":"nominal"}},{"type":"Feature","geometry":{"type":"Point","coordinates":[-8.43826,43.34795]},"properties":{"age_h":150.3,"recency":3,"frp":0.8,"confidence":"nominal"}},{"type":"Feature","geometry":{"type":"Point","coordinates":[37.13288,35.8514]},"properties":{"age_h":144.0,"recency":3,"frp":2.5,"confidence":"nominal"}},{"type":"Feature","geometry":{"type":"Point","coordinates":[40.09037,35.97722]},"properties":{"age_h":144.0,"recency":3,"frp":4.9,"confidence":"nominal"}},{"type":"Feature","geometry":{"type":"Point","coordinates":[40.36108,36.02686]},"properties":{"age_h":144.0,"recency":3,"frp":2.8,"confidence":"nominal"}},{"type":"Feature","geometry":{"type":"Point","coordinates":[41.64642,36.1036]},"properties":{"age_h":144.0,"recency":3,"frp":4.9,"confidence":"nominal"}},{"type":"Feature","geometry":{"type":"Point","coordinates":[41.80735,36.16307]},"properties":{"age_h":144.0,"recency":3,"frp":8.4,"confidence":"nominal"}},{"type":"Feature","geometry":{"type":"Point","coordinates":[40.22496,36.28276]},"properties":{"age_h":144.0,"recency":3,"frp":6.7,"confidence":"nominal"}},{"type":"Feature","geometry":{"type":"Point","coordinates":[40.22617,36.2829]},"properties":{"age_h":144.0,"recency":3,"frp":7.8,"confidence":"nominal"}},{"type":"Feature","geometry":{"type":"Point","coordinates":[37.0335,36.31526]},"properties":{"age_h":144.0,"recency":3,"frp":4.7,"confidence":"nominal"}},{"type":"Feature","geometry":{"type":"Point","coordinates":[36.47039,36.34287]},"properties":{"age_h":144.0,"recency":3,"frp":16.8,"confidence":"nominal"}},{"type":"Feature","geometry":{"type":"Point","coordinates":[36.46314,36.34708]},"properties":{"age_h":144.0,"recency":3,"frp":16.8,"confidence":"nominal"}},{"type":"Feature","geometry":{"type":"Point","coordinates":[36.46806,36.34844]},"properties":{"age_h":144.0,"recency":3,"frp":16.8,"confidence":"high"}},{"type":"Feature","geometry":{"type":"Point","coordinates":[36.44621,36.52269]},"properties":{"age_h":144.0,"recency":3,"frp":5.4,"confidence":"nominal"}},{"type":"Feature","geometry":{"type":"Point","coordinates":[36.44434,36.52312]},"properties":{"age_h":144.0,"recency":3,"frp":6.1,"confidence":"nominal"}},{"type":"Feature","geometry":{"type":"Point","coordinates":[37.48608,36.55967]},"properties":{"age_h":144.0,"recency":3,"frp":3.8,"confidence":"nominal"}},{"type":"Feature","geometry":{"type":"Point","coordinates":[39.26028,36.6189]},"properties":{"age_h":144.0,"recency":3,"frp":1.2,"confidence":"nominal"}},{"type":"Feature","geometry":{"type":"Point","coordinates":[40.31266,36.64857]},"properties":{"age_h":144.0,"recency":3,"frp":12.9,"confidence":"nominal"}},{"type":"Feature","geometry":{"type":"Point","coordinates":[38.58771,36.69417]},"properties":{"age_h":144.0,"recency":3,"frp":1.5,"confidence":"nominal"}},{"type":"Feature","geometry":{"type":"Point","coordinates":[40.95736,36.73304]},"properties":{"age_h":144.0,"recency":3,"frp":9.0,"confidence":"nominal"}},{"type":"Feature","geometry":{"type":"Point","coordinates":[37.64215,36.74744]},"properties":{"age_h":144.0,"recency":3,"frp":2.2,"confidence":"nominal"}},{"type":"Feature","geometry":{"type":"Point","coordinates":[40.67514,36.78852]},"properties":{"age_h":144.0,"recency":3,"frp":28.9,"confidence":"nominal"}},{"type":"Feature","geometry":{"type":"Point","coordinates":[40.67355,36.79301]},"properties":{"age_h":144.0,"recency":3,"frp":28.9,"confidence":"nominal"}},{"type":"Feature","geometry":{"type":"Point","coordinates":[40.86387,36.7987]},"properties":{"age_h":144.0,"recency":3,"frp":4.2,"confidence":"nominal"}},{"type":"Feature","geometry":{"type":"Point","coordinates":[38.66802,36.82634]},"properties":{"age_h":144.0,"recency":3,"frp":11.3,"confidence":"nominal"}},{"type":"Feature","geometry":{"type":"Point","coordinates":[40.2594,36.82679]},"properties":{"age_h":144.0,"recency":3,"frp":4.2,"confidence":"nominal"}},{"type":"Feature","geometry":{"type":"Point","coordinates":[38.67167,36.82726]},"properties":{"age_h":144.0,"recency":3,"frp":13.7,"confidence":"nominal"}},{"type":"Feature","geometry":{"type":"Point","coordinates":[38.67534,36.8282]},"properties":{"age_h":144.0,"recency":3,"frp":13.7,"confidence":"nominal"}},{"type":"Feature","geometry":{"type":"Point","coordinates":[40.25806,36.82859]},"properties":{"age_h":144.0,"recency":3,"frp":2.1,"confidence":"nominal"}},{"type":"Feature","geometry":{"type":"Point","coordinates":[34.98066,36.83242]},"properties":{"age_h":144.0,"recency":3,"frp":10.8,"confidence":"nominal"}},{"type":"Feature","geometry":{"type":"Point","coordinates":[41.36267,36.85865]},"properties":{"age_h":144.0,"recency":3,"frp":4.3,"confidence":"nominal"}},{"type":"Feature","geometry":{"type":"Point","coordinates":[41.3543,36.86609]},"properties":{"age_h":144.0,"recency":3,"frp":4.1,"confidence":"nominal"}},{"type":"Feature","geometry":{"type":"Point","coordinates":[41.35022,36.86902]},"properties":{"age_h":144.0,"recency":3,"frp":3.9,"confidence":"nominal"}},{"type":"Feature","geometry":{"type":"Point","coordinates":[41.13063,36.87954]},"properties":{"age_h":144.0,"recency":3,"frp":7.5,"confidence":"nominal"}},{"type":"Feature","geometry":{"type":"Point","coordinates":[40.52184,36.92639]},"properties":{"age_h":144.0,"recency":3,"frp":4.2,"confidence":"nominal"}},{"type":"Feature","geometry":{"type":"Point","coordinates":[38.4942,37.02216]},"properties":{"age_h":144.0,"recency":3,"frp":2.0,"confidence":"nominal"}},{"type":"Feature","geometry":{"type":"Point","coordinates":[41.74165,37.09258]},"properties":{"age_h":144.0,"recency":3,"frp":5.3,"confidence":"nominal"}},{"type":"Feature","geometry":{"type":"Point","coordinates":[35.90426,37.12801]},"properties":{"age_h":144.0,"recency":3,"frp":5.6,"confidence":"nominal"}},{"type":"Feature","geometry":{"type":"Point","coordinates":[35.86156,37.13496]},"properties":{"age_h":144.0,"recency":3,"frp":2.1,"confidence":"nominal"}},{"type":"Feature","geometry":{"type":"Point","coordinates":[41.6338,37.15046]},"properties":{"age_h":144.0,"recency":3,"frp":17.0,"confidence":"nominal"}},{"type":"Feature","geometry":{"type":"Point","coordinates":[41.6316,37.15159]},"properties":{"age_h":144.0,"recency":3,"frp":65.1,"confidence":"nominal"}},{"type":"Feature","geometry":{"type":"Point","coordinates":[41.63896,37.1516]},"properties":{"age_h":144.0,"recency":3,"frp":29.8,"confidence":"nominal"}},{"type":"Feature","geometry":{"type":"Point","coordinates":[41.62718,37.15355]},"properties":{"age_h":144.0,"recency":3,"frp":7.1,"confidence":"nominal"}},{"type":"Feature","geometry":{"type":"Point","coordinates":[41.64189,37.15393]},"properties":{"age_h":144.0,"recency":3,"frp":17.0,"confidence":"nominal"}},{"type":"Feature","geometry":{"type":"Point","coordinates":[41.625,37.15466]},"properties":{"age_h":144.0,"recency":3,"frp":8.8,"confidence":"nominal"}},{"type":"Feature","geometry":{"type":"Point","coordinates":[41.63233,37.15469]},"properties":{"age_h":144.0,"recency":3,"frp":7.1,"confidence":"nominal"}},{"type":"Feature","geometry":{"type":"Point","coordinates":[41.63015,37.15583]},"properties":{"age_h":144.0,"recency":3,"frp":8.9,"confidence":"nominal"}},{"type":"Feature","geometry":{"type":"Point","coordinates":[41.63749,37.15584]},"properties":{"age_h":144.0,"recency":3,"frp":39.9,"confidence":"nominal"}},{"type":"Feature","geometry":{"type":"Point","coordinates":[41.63528,37.157]},"properties":{"age_h":144.0,"recency":3,"frp":8.9,"confidence":"nominal"}},{"type":"Feature","geometry":{"type":"Point","coordinates":[40.05145,37.17827]},"properties":{"age_h":144.0,"recency":3,"frp":6.0,"confidence":"nominal"}},{"type":"Feature","geometry":{"type":"Point","coordinates":[35.85252,37.20069]},"properties":{"age_h":144.0,"recency":3,"frp":10.1,"confidence":"high"}},{"type":"Feature","geometry":{"type":"Point","coordinates":[39.93739,37.21616]},"properties":{"age_h":144.0,"recency":3,"frp":3.0,"confidence":"nominal"}},{"type":"Feature","geometry":{"type":"Point","coordinates":[39.93661,37.21719]},"properties":{"age_h":144.0,"recency":3,"frp":3.0,"confidence":"nominal"}},{"type":"Feature","geometry":{"type":"Point","coordinates":[39.91358,37.26184]},"properties":{"age_h":144.0,"recency":3,"frp":5.5,"confidence":"nominal"}},{"type":"Feature","geometry":{"type":"Point","coordinates":[37.11651,37.41792]},"properties":{"age_h":144.0,"recency":3,"frp":6.2,"confidence":"nominal"}},{"type":"Feature","geometry":{"type":"Point","coordinates":[37.16846,37.45518]},"properties":{"age_h":144.0,"recency":3,"frp":9.0,"confidence":"nominal"}},{"type":"Feature","geometry":{"type":"Point","coordinates":[37.17516,37.46278]},"properties":{"age_h":144.0,"recency":3,"frp":7.3,"confidence":"nominal"}},{"type":"Feature","geometry":{"type":"Point","coordinates":[39.13309,37.47624]},"properties":{"age_h":144.0,"recency":3,"frp":9.5,"confidence":"nominal"}},{"type":"Feature","geometry":{"type":"Point","coordinates":[39.1312,37.48098]},"properties":{"age_h":144.0,"recency":3,"frp":8.4,"confidence":"nominal"}},{"type":"Feature","geometry":{"type":"Point","coordinates":[39.12933,37.48574]},"properties":{"age_h":144.0,"recency":3,"frp":8.4,"confidence":"nominal"}},{"type":"Feature","geometry":{"type":"Point","coordinates":[37.94208,37.57984]},"properties":{"age_h":144.0,"recency":3,"frp":6.7,"confidence":"high"}},{"type":"Feature","geometry":{"type":"Point","coordinates":[37.94616,37.58089]},"properties":{"age_h":144.0,"recency":3,"frp":6.7,"confidence":"nominal"}},{"type":"Feature","geometry":{"type":"Point","coordinates":[39.16454,37.60098]},"properties":{"age_h":144.0,"recency":3,"frp":3.6,"confidence":"nominal"}},{"type":"Feature","geometry":{"type":"Point","coordinates":[38.76448,37.78263]},"properties":{"age_h":144.0,"recency":3,"frp":1.2,"confidence":"nominal"}},{"type":"Feature","geometry":{"type":"Point","coordinates":[38.80103,37.79701]},"properties":{"age_h":144.0,"recency":3,"frp":4.6,"confidence":"nominal"}},{"type":"Feature","geometry":{"type":"Point","coordinates":[38.80443,37.79785]},"properties":{"age_h":144.0,"recency":3,"frp":4.6,"confidence":"nominal"}},{"type":"Feature","geometry":{"type":"Point","coordinates":[40.37757,38.06007]},"properties":{"age_h":144.0,"recency":3,"frp":4.1,"confidence":"nominal"}},{"type":"Feature","geometry":{"type":"Point","coordinates":[40.22433,38.06301]},"properties":{"age_h":144.0,"recency":3,"frp":5.1,"confidence":"nominal"}},{"type":"Feature","geometry":{"type":"Point","coordinates":[40.2261,38.06336]},"properties":{"age_h":144.0,"recency":3,"frp":4.4,"confidence":"nominal"}},{"type":"Feature","geometry":{"type":"Point","coordinates":[40.2597,38.06662]},"properties":{"age_h":144.0,"recency":3,"frp":5.6,"confidence":"nominal"}},{"type":"Feature","geometry":{"type":"Point","coordinates":[40.26163,38.06678]},"properties":{"age_h":144.0,"recency":3,"frp":2.0,"confidence":"nominal"}},{"type":"Feature","geometry":{"type":"Point","coordinates":[40.31742,38.09965]},"properties":{"age_h":144.0,"recency":3,"frp":7.5,"confidence":"nominal"}},{"type":"Feature","geometry":{"type":"Point","coordinates":[36.87144,38.94397]},"properties":{"age_h":144.0,"recency":3,"frp":1.4,"confidence":"nominal"}},{"type":"Feature","geometry":{"type":"Point","coordinates":[36.8719,38.96118]},"properties":{"age_h":144.0,"recency":3,"frp":4.1,"confidence":"nominal"}},{"type":"Feature","geometry":{"type":"Point","coordinates":[34.65809,39.037]},"properties":{"age_h":144.0,"recency":3,"frp":5.1,"confidence":"nominal"}},{"type":"Feature","geometry":{"type":"Point","coordinates":[34.50002,39.09795]},"properties":{"age_h":144.0,"recency":3,"frp":5.9,"confidence":"nominal"}},{"type":"Feature","geometry":{"type":"Point","coordinates":[34.90547,39.4346]},"properties":{"age_h":144.0,"recency":3,"frp":6.3,"confidence":"nominal"}},{"type":"Feature","geometry":{"type":"Point","coordinates":[34.90268,39.44004]},"properties":{"age_h":144.0,"recency":3,"frp":6.3,"confidence":"nominal"}},{"type":"Feature","geometry":{"type":"Point","coordinates":[35.08785,39.45553]},"properties":{"age_h":144.0,"recency":3,"frp":6.8,"confidence":"nominal"}},{"type":"Feature","geometry":{"type":"Point","coordinates":[35.29255,39.57824]},"properties":{"age_h":144.0,"recency":3,"frp":3.3,"confidence":"nominal"}},{"type":"Feature","geometry":{"type":"Point","coordinates":[35.29312,39.58091]},"properties":{"age_h":144.0,"recency":3,"frp":2.8,"confidence":"nominal"}},{"type":"Feature","geometry":{"type":"Point","coordinates":[36.49065,39.64749]},"properties":{"age_h":144.0,"recency":3,"frp":5.8,"confidence":"nominal"}},{"type":"Feature","geometry":{"type":"Point","coordinates":[36.49503,39.64867]},"properties":{"age_h":144.0,"recency":3,"frp":5.2,"confidence":"nominal"}},{"type":"Feature","geometry":{"type":"Point","coordinates":[40.23637,39.66259]},"properties":{"age_h":144.0,"recency":3,"frp":6.4,"confidence":"nominal"}},{"type":"Feature","geometry":{"type":"Point","coordinates":[40.24183,39.66386]},"properties":{"age_h":144.0,"recency":3,"frp":7.3,"confidence":"nominal"}},{"type":"Feature","geometry":{"type":"Point","coordinates":[39.45482,39.70611]},"properties":{"age_h":144.0,"recency":3,"frp":6.2,"confidence":"nominal"}},{"type":"Feature","geometry":{"type":"Point","coordinates":[36.47324,40.66407]},"properties":{"age_h":144.0,"recency":3,"frp":2.7,"confidence":"nominal"}},{"type":"Feature","geometry":{"type":"Point","coordinates":[35.57715,40.99876]},"properties":{"age_h":144.0,"recency":3,"frp":7.8,"confidence":"high"}},{"type":"Feature","geometry":{"type":"Point","coordinates":[40.8358,45.05351]},"properties":{"age_h":144.0,"recency":3,"frp":4.6,"confidence":"nominal"}},{"type":"Feature","geometry":{"type":"Point","coordinates":[40.83423,45.05719]},"properties":{"age_h":144.0,"recency":3,"frp":6.3,"confidence":"nominal"}},{"type":"Feature","geometry":{"type":"Point","coordinates":[41.43159,46.11781]},"properties":{"age_h":144.0,"recency":3,"frp":21.4,"confidence":"nominal"}},{"type":"Feature","geometry":{"type":"Point","coordinates":[41.43356,46.12218]},"properties":{"age_h":144.0,"recency":3,"frp":21.6,"confidence":"nominal"}},{"type":"Feature","geometry":{"type":"Point","coordinates":[41.43608,46.12253]},"properties":{"age_h":144.0,"recency":3,"frp":21.4,"confidence":"nominal"}},{"type":"Feature","geometry":{"type":"Point","coordinates":[40.09168,47.77726]},"properties":{"age_h":144.0,"recency":3,"frp":6.0,"confidence":"nominal"}},{"type":"Feature","geometry":{"type":"Point","coordinates":[40.37348,48.2441]},"properties":{"age_h":144.0,"recency":3,"frp":2.3,"confidence":"nominal"}},{"type":"Feature","geometry":{"type":"Point","coordinates":[40.37959,48.24532]},"properties":{"age_h":144.0,"recency":3,"frp":3.1,"confidence":"nominal"}},{"type":"Feature","geometry":{"type":"Point","coordinates":[40.36573,48.24638]},"properties":{"age_h":144.0,"recency":3,"frp":2.9,"confidence":"nominal"}},{"type":"Feature","geometry":{"type":"Point","coordinates":[40.38567,48.24655]},"properties":{"age_h":144.0,"recency":3,"frp":3.1,"confidence":"nominal"}},{"type":"Feature","geometry":{"type":"Point","coordinates":[40.37187,48.24762]},"properties":{"age_h":144.0,"recency":3,"frp":2.9,"confidence":"nominal"}},{"type":"Feature","geometry":{"type":"Point","coordinates":[40.70707,48.54124]},"properties":{"age_h":144.0,"recency":3,"frp":9.6,"confidence":"nominal"}},{"type":"Feature","geometry":{"type":"Point","coordinates":[40.71305,48.54242]},"properties":{"age_h":144.0,"recency":3,"frp":9.6,"confidence":"nominal"}},{"type":"Feature","geometry":{"type":"Point","coordinates":[40.70528,48.5431]},"properties":{"age_h":144.0,"recency":3,"frp":9.7,"confidence":"nominal"}},{"type":"Feature","geometry":{"type":"Point","coordinates":[28.31348,50.8723]},"properties":{"age_h":144.0,"recency":3,"frp":2.4,"confidence":"nominal"}},{"type":"Feature","geometry":{"type":"Point","coordinates":[39.99789,50.98734]},"properties":{"age_h":144.0,"recency":3,"frp":3.8,"confidence":"nominal"}},{"type":"Feature","geometry":{"type":"Point","coordinates":[41.69959,52.80601]},"properties":{"age_h":144.0,"recency":3,"frp":3.9,"confidence":"nominal"}},{"type":"Feature","geometry":{"type":"Point","coordinates":[41.19681,54.05693]},"properties":{"age_h":144.0,"recency":3,"frp":8.7,"confidence":"nominal"}},{"type":"Feature","geometry":{"type":"Point","coordinates":[33.22459,53.27005]},"properties":{"age_h":143.9,"recency":3,"frp":2.4,"confidence":"nominal"}},{"type":"Feature","geometry":{"type":"Point","coordinates":[33.1262,53.56066]},"properties":{"age_h":143.9,"recency":3,"frp":5.1,"confidence":"nominal"}},{"type":"Feature","geometry":{"type":"Point","coordinates":[32.52863,53.69313]},"properties":{"age_h":143.9,"recency":3,"frp":7.9,"confidence":"nominal"}},{"type":"Feature","geometry":{"type":"Point","coordinates":[40.39816,54.28131]},"properties":{"age_h":143.9,"recency":3,"frp":4.5,"confidence":"nominal"}},{"type":"Feature","geometry":{"type":"Point","coordinates":[36.53537,35.2535]},"properties":{"age_h":142.4,"recency":3,"frp":3.1,"confidence":"nominal"}},{"type":"Feature","geometry":{"type":"Point","coordinates":[36.41656,35.28016]},"properties":{"age_h":142.4,"recency":3,"frp":1.8,"confidence":"nominal"}},{"type":"Feature","geometry":{"type":"Point","coordinates":[36.79233,35.94611]},"properties":{"age_h":142.4,"recency":3,"frp":3.3,"confidence":"nominal"}},{"type":"Feature","geometry":{"type":"Point","coordinates":[36.79408,35.94995]},"properties":{"age_h":142.4,"recency":3,"frp":1.9,"confidence":"nominal"}},{"type":"Feature","geometry":{"type":"Point","coordinates":[36.72651,35.98854]},"properties":{"age_h":142.4,"recency":3,"frp":4.0,"confidence":"nominal"}},{"type":"Feature","geometry":{"type":"Point","coordinates":[36.85903,36.11754]},"properties":{"age_h":142.4,"recency":3,"frp":1.8,"confidence":"nominal"}},{"type":"Feature","geometry":{"type":"Point","coordinates":[36.62419,36.29253]},"properties":{"age_h":142.4,"recency":3,"frp":2.0,"confidence":"nominal"}},{"type":"Feature","geometry":{"type":"Point","coordinates":[36.49837,36.37984]},"properties":{"age_h":142.4,"recency":3,"frp":12.5,"confidence":"high"}},{"type":"Feature","geometry":{"type":"Point","coordinates":[37.16599,36.44179]},"properties":{"age_h":142.4,"recency":3,"frp":5.5,"confidence":"nominal"}},{"type":"Feature","geometry":{"type":"Point","coordinates":[40.63325,36.632]},"properties":{"age_h":142.4,"recency":3,"frp":6.5,"confidence":"nominal"}},{"type":"Feature","geometry":{"type":"Point","coordinates":[40.63393,36.63351]},"properties":{"age_h":142.4,"recency":3,"frp":12.8,"confidence":"nominal"}},{"type":"Feature","geometry":{"type":"Point","coordinates":[8.80084,36.32962]},"properties":{"age_h":142.3,"recency":3,"frp":4.6,"confidence":"nominal"}},{"type":"Feature","geometry":{"type":"Point","coordinates":[8.79806,36.33511]},"properties":{"age_h":142.3,"recency":3,"frp":12.0,"confidence":"nominal"}},{"type":"Feature","geometry":{"type":"Point","coordinates":[8.79708,36.33549]},"properties":{"age_h":142.3,"recency":3,"frp":4.6,"confidence":"nominal"}},{"type":"Feature","geometry":{"type":"Point","coordinates":[9.21883,36.51038]},"properties":{"age_h":142.3,"recency":3,"frp":4.0,"confidence":"nominal"}},{"type":"Feature","geometry":{"type":"Point","coordinates":[9.03786,36.71674]},"properties":{"age_h":142.3,"recency":3,"frp":9.0,"confidence":"nominal"}},{"type":"Feature","geometry":{"type":"Point","coordinates":[40.96553,36.73344]},"properties":{"age_h":142.3,"recency":3,"frp":5.9,"confidence":"nominal"}},{"type":"Feature","geometry":{"type":"Point","coordinates":[41.29585,36.78788]},"properties":{"age_h":142.3,"recency":3,"frp":18.6,"confidence":"high"}},{"type":"Feature","geometry":{"type":"Point","coordinates":[40.33837,36.813]},"properties":{"age_h":142.3,"recency":3,"frp":6.0,"confidence":"nominal"}},{"type":"Feature","geometry":{"type":"Point","coordinates":[40.34325,36.81313]},"properties":{"age_h":142.3,"recency":3,"frp":4.6,"confidence":"nominal"}},{"type":"Feature","geometry":{"type":"Point","coordinates":[34.96266,36.8133]},"properties":{"age_h":142.3,"recency":3,"frp":4.4,"confidence":"nominal"}},{"type":"Feature","geometry":{"type":"Point","coordinates":[35.03289,36.81767]},"properties":{"age_h":142.3,"recency":3,"frp":3.8,"confidence":"nominal"}},{"type":"Feature","geometry":{"type":"Point","coordinates":[34.66371,36.8457]},"properties":{"age_h":142.3,"recency":3,"frp":1.9,"confidence":"nominal"}},{"type":"Feature","geometry":{"type":"Point","coordinates":[35.39921,36.87726]},"properties":{"age_h":142.3,"recency":3,"frp":2.1,"confidence":"nominal"}},{"type":"Feature","geometry":{"type":"Point","coordinates":[35.19461,36.88054]},"properties":{"age_h":142.3,"recency":3,"frp":3.2,"confidence":"nominal"}},{"type":"Feature","geometry":{"type":"Point","coordinates":[35.27889,36.94884]},"properties":{"age_h":142.3,"recency":3,"frp":9.1,"confidence":"nominal"}},{"type":"Feature","geometry":{"type":"Point","coordinates":[35.28295,36.94908]},"properties":{"age_h":142.3,"recency":3,"frp":8.1,"confidence":"high"}},{"type":"Feature","geometry":{"type":"Point","coordinates":[35.70798,37.15542]},"properties":{"age_h":142.3,"recency":3,"frp":4.6,"confidence":"nominal"}},{"type":"Feature","geometry":{"type":"Point","coordinates":[35.70736,37.15701]},"properties":{"age_h":142.3,"recency":3,"frp":5.5,"confidence":"nominal"}},{"type":"Feature","geometry":{"type":"Point","coordinates":[13.9692,37.17437]},"properties":{"age_h":142.3,"recency":3,"frp":12.3,"confidence":"nominal"}},{"type":"Feature","geometry":{"type":"Point","coordinates":[35.68927,37.21606]},"properties":{"age_h":142.3,"recency":3,"frp":6.3,"confidence":"nominal"}},{"type":"Feature","geometry":{"type":"Point","coordinates":[9.65718,37.24935]},"properties":{"age_h":142.3,"recency":3,"frp":3.4,"confidence":"nominal"}},{"type":"Feature","geometry":{"type":"Point","coordinates":[35.71947,37.27921]},"properties":{"age_h":142.3,"recency":3,"frp":4.2,"confidence":"nominal"}},{"type":"Feature","geometry":{"type":"Point","coordinates":[35.72732,37.29058]},"properties":{"age_h":142.3,"recency":3,"frp":6.0,"confidence":"nominal"}},{"type":"Feature","geometry":{"type":"Point","coordinates":[35.72637,37.30147]},"properties":{"age_h":142.3,"recency":3,"frp":6.6,"confidence":"nominal"}},{"type":"Feature","geometry":{"type":"Point","coordinates":[14.10971,37.30498]},"properties":{"age_h":142.3,"recency":3,"frp":3.8,"confidence":"nominal"}},{"type":"Feature","geometry":{"type":"Point","coordinates":[13.44791,37.37006]},"properties":{"age_h":142.3,"recency":3,"frp":1.1,"confidence":"nominal"}},{"type":"Feature","geometry":{"type":"Point","coordinates":[14.16921,37.37472]},"properties":{"age_h":142.3,"recency":3,"frp":7.3,"confidence":"nominal"}},{"type":"Feature","geometry":{"type":"Point","coordinates":[14.16965,37.37584]},"properties":{"age_h":142.3,"recency":3,"frp":6.0,"confidence":"nominal"}},{"type":"Feature","geometry":{"type":"Point","coordinates":[40.9344,37.4021]},"properties":{"age_h":142.3,"recency":3,"frp":5.6,"confidence":"nominal"}},{"type":"Feature","geometry":{"type":"Point","coordinates":[39.10009,37.48021]},"properties":{"age_h":142.3,"recency":3,"frp":11.8,"confidence":"nominal"}},{"type":"Feature","geometry":{"type":"Point","coordinates":[14.6065,37.48665]},"properties":{"age_h":142.3,"recency":3,"frp":4.1,"confidence":"nominal"}},{"type":"Feature","geometry":{"type":"Point","coordinates":[14.63035,37.51726]},"properties":{"age_h":142.3,"recency":3,"frp":3.9,"confidence":"nominal"}},{"type":"Feature","geometry":{"type":"Point","coordinates":[31.76348,37.88957]},"properties":{"age_h":142.3,"recency":3,"frp":5.1,"confidence":"nominal"}},{"type":"Feature","geometry":{"type":"Point","coordinates":[12.97785,37.89076]},"properties":{"age_h":142.3,"recency":3,"frp":1.2,"confidence":"nominal"}},{"type":"Feature","geometry":{"type":"Point","coordinates":[31.76295,37.89396]},"properties":{"age_h":142.3,"recency":3,"frp":17.8,"confidence":"nominal"}},{"type":"Feature","geometry":{"type":"Point","coordinates":[40.89437,38.00659]},"properties":{"age_h":142.3,"recency":3,"frp":6.9,"confidence":"nominal"}},{"type":"Feature","geometry":{"type":"Point","coordinates":[23.52708,38.1295]},"properties":{"age_h":142.3,"recency":3,"frp":2.5,"confidence":"nominal"}},{"type":"Feature","geometry":{"type":"Point","coordinates":[33.68969,38.21033]},"properties":{"age_h":142.3,"recency":3,"frp":12.0,"confidence":"nominal"}},{"type":"Feature","geometry":{"type":"Point","coordinates":[32.81936,38.23037]},"properties":{"age_h":142.3,"recency":3,"frp":6.2,"confidence":"nominal"}},{"type":"Feature","geometry":{"type":"Point","coordinates":[32.28563,38.35538]},"properties":{"age_h":142.3,"recency":3,"frp":6.0,"confidence":"nominal"}},{"type":"Feature","geometry":{"type":"Point","coordinates":[36.86108,38.43037]},"properties":{"age_h":142.3,"recency":3,"frp":6.8,"confidence":"nominal"}},{"type":"Feature","geometry":{"type":"Point","coordinates":[33.55476,38.83149]},"properties":{"age_h":142.3,"recency":3,"frp":4.6,"confidence":"nominal"}},{"type":"Feature","geometry":{"type":"Point","coordinates":[17.13005,38.93208]},"properties":{"age_h":142.3,"recency":3,"frp":2.1,"confidence":"nominal"}},{"type":"Feature","geometry":{"type":"Point","coordinates":[17.13436,38.933]},"properties":{"age_h":142.3,"recency":3,"frp":2.0,"confidence":"nominal"}},{"type":"Feature","geometry":{"type":"Point","coordinates":[36.86547,38.9601]},"properties":{"age_h":142.3,"recency":3,"frp":14.7,"confidence":"high"}},{"type":"Feature","geometry":{"type":"Point","coordinates":[34.02745,39.0288]},"properties":{"age_h":142.3,"recency":3,"frp":1.9,"confidence":"nominal"}},{"type":"Feature","geometry":{"type":"Point","coordinates":[35.99628,39.17565]},"properties":{"age_h":142.3,"recency":3,"frp":3.4,"confidence":"nominal"}},{"type":"Feature","geometry":{"type":"Point","coordinates":[35.99479,39.17908]},"properties":{"age_h":142.3,"recency":3,"frp":3.1,"confidence":"nominal"}},{"type":"Feature","geometry":{"type":"Point","coordinates":[22.55649,39.48795]},"properties":{"age_h":142.3,"recency":3,"frp":1.9,"confidence":"nominal"}},{"type":"Feature","geometry":{"type":"Point","coordinates":[15.8803,39.60415]},"properties":{"age_h":142.3,"recency":3,"frp":2.5,"confidence":"nominal"}},{"type":"Feature","geometry":{"type":"Point","coordinates":[15.88568,39.60535]},"properties":{"age_h":142.3,"recency":3,"frp":2.5,"confidence":"nominal"}},{"type":"Feature","geometry":{"type":"Point","coordinates":[15.83753,39.72376]},"properties":{"age_h":142.3,"recency":3,"frp":6.7,"confidence":"nominal"}},{"type":"Feature","geometry":{"type":"Point","coordinates":[15.84321,39.72502]},"properties":{"age_h":142.3,"recency":3,"frp":6.7,"confidence":"nominal"}},{"type":"Feature","geometry":{"type":"Point","coordinates":[20.05027,39.72607]},"properties":{"age_h":142.3,"recency":3,"frp":5.6,"confidence":"nominal"}},{"type":"Feature","geometry":{"type":"Point","coordinates":[15.83611,39.72786]},"properties":{"age_h":142.3,"recency":3,"frp":6.7,"confidence":"nominal"}},{"type":"Feature","geometry":{"type":"Point","coordinates":[20.05218,39.72884]},"properties":{"age_h":142.3,"recency":3,"frp":11.4,"confidence":"nominal"}},{"type":"Feature","geometry":{"type":"Point","coordinates":[15.84164,39.72908]},"properties":{"age_h":142.3,"recency":3,"frp":6.7,"confidence":"nominal"}},{"type":"Feature","geometry":{"type":"Point","coordinates":[20.04922,39.72951]},"properties":{"age_h":142.3,"recency":3,"frp":5.6,"confidence":"nominal"}},{"type":"Feature","geometry":{"type":"Point","coordinates":[37.50964,39.78381]},"properties":{"age_h":142.3,"recency":3,"frp":13.0,"confidence":"nominal"}},{"type":"Feature","geometry":{"type":"Point","coordinates":[18.25701,39.93159]},"properties":{"age_h":142.3,"recency":3,"frp":3.8,"confidence":"nominal"}},{"type":"Feature","geometry":{"type":"Point","coordinates":[15.80434,39.93906]},"properties":{"age_h":142.3,"recency":3,"frp":4.5,"confidence":"nominal"}},{"type":"Feature","geometry":{"type":"Point","coordinates":[18.31334,40.2982]},"properties":{"age_h":142.3,"recency":3,"frp":8.1,"confidence":"nominal"}},{"type":"Feature","geometry":{"type":"Point","coordinates":[19.53626,40.39787]},"properties":{"age_h":142.3,"recency":3,"frp":3.5,"confidence":"nominal"}},{"type":"Feature","geometry":{"type":"Point","coordinates":[19.54138,40.39881]},"properties":{"age_h":142.3,"recency":3,"frp":3.5,"confidence":"nominal"}},{"type":"Feature","geometry":{"type":"Point","coordinates":[19.535,40.40129]},"properties":{"age_h":142.3,"recency":3,"frp":4.5,"confidence":"nominal"}},{"type":"Feature","geometry":{"type":"Point","coordinates":[19.53274,40.40145]},"properties":{"age_h":142.3,"recency":3,"frp":4.4,"confidence":"nominal"}},{"type":"Feature","geometry":{"type":"Point","coordinates":[19.54016,40.40224]},"properties":{"age_h":142.3,"recency":3,"frp":4.5,"confidence":"nominal"}},{"type":"Feature","geometry":{"type":"Point","coordinates":[19.5379,40.40242]},"properties":{"age_h":142.3,"recency":3,"frp":6.7,"confidence":"nominal"}},{"type":"Feature","geometry":{"type":"Point","coordinates":[19.53374,40.40472]},"properties":{"age_h":142.3,"recency":3,"frp":4.5,"confidence":"nominal"}},{"type":"Feature","geometry":{"type":"Point","coordinates":[19.53891,40.40567]},"properties":{"age_h":142.3,"recency":3,"frp":4.5,"confidence":"nominal"}},{"type":"Feature","geometry":{"type":"Point","coordinates":[19.53665,40.40585]},"properties":{"age_h":142.3,"recency":3,"frp":6.7,"confidence":"nominal"}},{"type":"Feature","geometry":{"type":"Point","coordinates":[19.53541,40.40927]},"properties":{"age_h":142.3,"recency":3,"frp":4.8,"confidence":"nominal"}},{"type":"Feature","geometry":{"type":"Point","coordinates":[17.36016,40.42221]},"properties":{"age_h":142.3,"recency":3,"frp":4.8,"confidence":"nominal"}},{"type":"Feature","geometry":{"type":"Point","coordinates":[16.63569,40.53902]},"properties":{"age_h":142.3,"recency":3,"frp":4.6,"confidence":"nominal"}},{"type":"Feature","geometry":{"type":"Point","coordinates":[16.6425,40.54047]},"properties":{"age_h":142.3,"recency":3,"frp":4.6,"confidence":"nominal"}},{"type":"Feature","geometry":{"type":"Point","coordinates":[19.45467,40.60692]},"properties":{"age_h":142.3,"recency":3,"frp":3.9,"confidence":"nominal"}},{"type":"Feature","geometry":{"type":"Point","coordinates":[19.45257,40.60701]},"properties":{"age_h":142.3,"recency":3,"frp":7.7,"confidence":"nominal"}},{"type":"Feature","geometry":{"type":"Point","coordinates":[19.45356,40.61038]},"properties":{"age_h":142.3,"recency":3,"frp":3.9,"confidence":"nominal"}},{"type":"Feature","geometry":{"type":"Point","coordinates":[19.45656,40.61143]},"properties":{"age_h":142.3,"recency":3,"frp":7.7,"confidence":"nominal"}},{"type":"Feature","geometry":{"type":"Point","coordinates":[19.44015,40.612]},"properties":{"age_h":142.3,"recency":3,"frp":6.2,"confidence":"nominal"}},{"type":"Feature","geometry":{"type":"Point","coordinates":[19.44414,40.61642]},"properties":{"age_h":142.3,"recency":3,"frp":6.2,"confidence":"nominal"}},{"type":"Feature","geometry":{"type":"Point","coordinates":[19.44924,40.61738]},"properties":{"age_h":142.3,"recency":3,"frp":4.6,"confidence":"nominal"}},{"type":"Feature","geometry":{"type":"Point","coordinates":[19.44304,40.61988]},"properties":{"age_h":142.3,"recency":3,"frp":4.9,"confidence":"nominal"}},{"type":"Feature","geometry":{"type":"Point","coordinates":[22.26681,40.66844]},"properties":{"age_h":142.3,"recency":3,"frp":14.2,"confidence":"nominal"}},{"type":"Feature","geometry":{"type":"Point","coordinates":[14.86467,40.6813]},"properties":{"age_h":142.3,"recency":3,"frp":3.6,"confidence":"nominal"}},{"type":"Feature","geometry":{"type":"Point","coordinates":[14.86977,40.68248]},"properties":{"age_h":142.3,"recency":3,"frp":3.6,"confidence":"nominal"}},{"type":"Feature","geometry":{"type":"Point","coordinates":[14.84661,40.7317]},"properties":{"age_h":142.3,"recency":3,"frp":4.0,"confidence":"nominal"}},{"type":"Feature","geometry":{"type":"Point","coordinates":[14.39499,40.76287]},"properties":{"age_h":142.3,"recency":3,"frp":4.0,"confidence":"nominal"}},{"type":"Feature","geometry":{"type":"Point","coordinates":[14.39698,40.76333]},"properties":{"age_h":142.3,"recency":3,"frp":1.4,"confidence":"nominal"}},{"type":"Feature","geometry":{"type":"Point","coordinates":[22.6622,40.76864]},"properties":{"age_h":142.3,"recency":3,"frp":2.0,"confidence":"nominal"}},{"type":"Feature","geometry":{"type":"Point","coordinates":[14.74646,40.79328]},"properties":{"age_h":142.3,"recency":3,"frp":9.0,"confidence":"nominal"}},{"type":"Feature","geometry":{"type":"Point","coordinates":[14.386,40.9008]},"properties":{"age_h":142.3,"recency":3,"frp":2.4,"confidence":"nominal"}},{"type":"Feature","geometry":{"type":"Point","coordinates":[15.56038,40.95128]},"properties":{"age_h":142.3,"recency":3,"frp":15.5,"confidence":"nominal"}},{"type":"Feature","geometry":{"type":"Point","coordinates":[20.81634,41.13318]},"properties":{"age_h":142.3,"recency":3,"frp":1.1,"confidence":"nominal"}},{"type":"Feature","geometry":{"type":"Point","coordinates":[14.66981,41.16371]},"properties":{"age_h":142.3,"recency":3,"frp":5.6,"confidence":"nominal"}},{"type":"Feature","geometry":{"type":"Point","coordinates":[14.67294,41.16606]},"properties":{"age_h":142.3,"recency":3,"frp":5.2,"confidence":"nominal"}},{"type":"Feature","geometry":{"type":"Point","coordinates":[19.78213,41.35859]},"properties":{"age_h":142.3,"recency":3,"frp":3.6,"confidence":"nominal"}},{"type":"Feature","geometry":{"type":"Point","coordinates":[19.73118,41.45943]},"properties":{"age_h":142.3,"recency":3,"frp":3.0,"confidence":"nominal"}},{"type":"Feature","geometry":{"type":"Point","coordinates":[15.44666,41.49241]},"properties":{"age_h":142.3,"recency":3,"frp":2.0,"confidence":"nominal"}},{"type":"Feature","geometry":{"type":"Point","coordinates":[21.97887,41.50444]},"properties":{"age_h":142.3,"recency":3,"frp":3.2,"confidence":"nominal"}},{"type":"Feature","geometry":{"type":"Point","coordinates":[21.80888,41.76107]},"properties":{"age_h":142.3,"recency":3,"frp":1.3,"confidence":"nominal"}},{"type":"Feature","geometry":{"type":"Point","coordinates":[26.08013,41.82887]},"properties":{"age_h":142.3,"recency":3,"frp":4.9,"confidence":"nominal"}},{"type":"Feature","geometry":{"type":"Point","coordinates":[19.57953,41.91221]},"properties":{"age_h":142.3,"recency":3,"frp":3.0,"confidence":"nominal"}},{"type":"Feature","geometry":{"type":"Point","coordinates":[19.25121,41.9301]},"properties":{"age_h":142.3,"recency":3,"frp":2.0,"confidence":"nominal"}},{"type":"Feature","geometry":{"type":"Point","coordinates":[21.73381,42.07053]},"properties":{"age_h":142.3,"recency":3,"frp":3.6,"confidence":"nominal"}},{"type":"Feature","geometry":{"type":"Point","coordinates":[21.73843,42.07127]},"properties":{"age_h":142.3,"recency":3,"frp":3.6,"confidence":"nominal"}},{"type":"Feature","geometry":{"type":"Point","coordinates":[19.01151,42.19479]},"properties":{"age_h":142.3,"recency":3,"frp":4.4,"confidence":"nominal"}},{"type":"Feature","geometry":{"type":"Point","coordinates":[19.25359,42.27223]},"properties":{"age_h":142.3,"recency":3,"frp":10.5,"confidence":"nominal"}},{"type":"Feature","geometry":{"type":"Point","coordinates":[19.20451,42.27407]},"properties":{"age_h":142.3,"recency":3,"frp":3.4,"confidence":"nominal"}},{"type":"Feature","geometry":{"type":"Point","coordinates":[19.30646,42.2747]},"properties":{"age_h":142.3,"recency":3,"frp":5.8,"confidence":"nominal"}},{"type":"Feature","geometry":{"type":"Point","coordinates":[19.30028,42.27717]},"properties":{"age_h":142.3,"recency":3,"frp":9.0,"confidence":"nominal"}},{"type":"Feature","geometry":{"type":"Point","coordinates":[19.3244,42.28519]},"properties":{"age_h":142.3,"recency":3,"frp":3.4,"confidence":"nominal"}},{"type":"Feature","geometry":{"type":"Point","coordinates":[21.20423,42.34698]},"properties":{"age_h":142.3,"recency":3,"frp":4.3,"confidence":"nominal"}},{"type":"Feature","geometry":{"type":"Point","coordinates":[20.34307,42.46256]},"properties":{"age_h":142.3,"recency":3,"frp":3.1,"confidence":"nominal"}},{"type":"Feature","geometry":{"type":"Point","coordinates":[21.92,42.50378]},"properties":{"age_h":142.3,"recency":3,"frp":15.8,"confidence":"nominal"}},{"type":"Feature","geometry":{"type":"Point","coordinates":[23.03458,42.88497]},"properties":{"age_h":142.3,"recency":3,"frp":4.0,"confidence":"nominal"}},{"type":"Feature","geometry":{"type":"Point","coordinates":[23.03927,42.88566]},"properties":{"age_h":142.3,"recency":3,"frp":3.5,"confidence":"nominal"}},{"type":"Feature","geometry":{"type":"Point","coordinates":[23.03367,42.88825]},"properties":{"age_h":142.3,"recency":3,"frp":4.0,"confidence":"nominal"}},{"type":"Feature","geometry":{"type":"Point","coordinates":[23.03276,42.89153]},"properties":{"age_h":142.3,"recency":3,"frp":7.5,"confidence":"nominal"}},{"type":"Feature","geometry":{"type":"Point","coordinates":[13.89509,41.24665]},"properties":{"age_h":142.3,"recency":3,"frp":9.4,"confidence":"nominal"}},{"type":"Feature","geometry":{"type":"Point","coordinates":[13.90089,41.24804]},"properties":{"age_h":142.3,"recency":3,"frp":10.0,"confidence":"nominal"}},{"type":"Feature","geometry":{"type":"Point","coordinates":[15.07358,41.59978]},"properties":{"age_h":142.3,"recency":3,"frp":3.5,"confidence":"nominal"}},{"type":"Feature","geometry":{"type":"Point","coordinates":[15.07547,41.6017]},"properties":{"age_h":142.3,"recency":3,"frp":4.8,"confidence":"nominal"}},{"type":"Feature","geometry":{"type":"Point","coordinates":[15.06186,41.69542]},"properties":{"age_h":142.3,"recency":3,"frp":7.7,"confidence":"nominal"}},{"type":"Feature","geometry":{"type":"Point","coordinates":[15.07117,41.74781]},"properties":{"age_h":142.3,"recency":3,"frp":6.4,"confidence":"nominal"}},{"type":"Feature","geometry":{"type":"Point","coordinates":[15.07435,41.75291]},"properties":{"age_h":142.3,"recency":3,"frp":2.7,"confidence":"nominal"}},{"type":"Feature","geometry":{"type":"Point","coordinates":[15.24099,41.77286]},"properties":{"age_h":142.3,"recency":3,"frp":4.5,"confidence":"nominal"}},{"type":"Feature","geometry":{"type":"Point","coordinates":[15.24579,41.77394]},"properties":{"age_h":142.3,"recency":3,"frp":3.5,"confidence":"nominal"}},{"type":"Feature","geometry":{"type":"Point","coordinates":[15.28372,41.82147]},"properties":{"age_h":142.3,"recency":3,"frp":2.8,"confidence":"nominal"}},{"type":"Feature","geometry":{"type":"Point","coordinates":[15.25276,41.87408]},"properties":{"age_h":142.3,"recency":3,"frp":2.8,"confidence":"nominal"}},{"type":"Feature","geometry":{"type":"Point","coordinates":[15.08412,41.90169]},"properties":{"age_h":142.3,"recency":3,"frp":4.1,"confidence":"nominal"}},{"type":"Feature","geometry":{"type":"Point","coordinates":[14.94049,41.93745]},"properties":{"age_h":142.3,"recency":3,"frp":2.5,"confidence":"nominal"}},{"type":"Feature","geometry":{"type":"Point","coordinates":[14.93875,41.94145]},"properties":{"age_h":142.3,"recency":3,"frp":8.3,"confidence":"nominal"}},{"type":"Feature","geometry":{"type":"Point","coordinates":[14.944,41.94264]},"properties":{"age_h":142.3,"recency":3,"frp":8.3,"confidence":"nominal"}},{"type":"Feature","geometry":{"type":"Point","coordinates":[14.93692,41.94544]},"properties":{"age_h":142.3,"recency":3,"frp":8.3,"confidence":"nominal"}},{"type":"Feature","geometry":{"type":"Point","coordinates":[12.40061,42.11216]},"properties":{"age_h":142.3,"recency":3,"frp":4.9,"confidence":"nominal"}},{"type":"Feature","geometry":{"type":"Point","coordinates":[19.24287,42.28833]},"properties":{"age_h":142.3,"recency":3,"frp":4.8,"confidence":"nominal"}},{"type":"Feature","geometry":{"type":"Point","coordinates":[19.29858,42.29849]},"properties":{"age_h":142.3,"recency":3,"frp":18.2,"confidence":"nominal"}},{"type":"Feature","geometry":{"type":"Point","coordinates":[19.29745,42.30189]},"properties":{"age_h":142.3,"recency":3,"frp":18.2,"confidence":"nominal"}},{"type":"Feature","geometry":{"type":"Point","coordinates":[19.28395,42.31025]},"properties":{"age_h":142.3,"recency":3,"frp":10.2,"confidence":"nominal"}},{"type":"Feature","geometry":{"type":"Point","coordinates":[19.42442,42.38505]},"properties":{"age_h":142.3,"recency":3,"frp":2.5,"confidence":"nominal"}},{"type":"Feature","geometry":{"type":"Point","coordinates":[19.06361,42.52135]},"properties":{"age_h":142.3,"recency":3,"frp":3.8,"confidence":"nominal"}},{"type":"Feature","geometry":{"type":"Point","coordinates":[19.05992,42.52244]},"properties":{"age_h":142.3,"recency":3,"frp":5.8,"confidence":"nominal"}},{"type":"Feature","geometry":{"type":"Point","coordinates":[18.60758,42.61581]},"properties":{"age_h":142.3,"recency":3,"frp":2.6,"confidence":"nominal"}},{"type":"Feature","geometry":{"type":"Point","coordinates":[20.91598,42.71794]},"properties":{"age_h":142.3,"recency":3,"frp":1.8,"confidence":"nominal"}},{"type":"Feature","geometry":{"type":"Point","coordinates":[20.55512,42.76377]},"properties":{"age_h":142.3,"recency":3,"frp":5.1,"confidence":"nominal"}},{"type":"Feature","geometry":{"type":"Point","coordinates":[20.81094,42.77557]},"properties":{"age_h":142.3,"recency":3,"frp":3.0,"confidence":"nominal"}},{"type":"Feature","geometry":{"type":"Point","coordinates":[18.83926,42.82898]},"properties":{"age_h":142.3,"recency":3,"frp":22.0,"confidence":"nominal"}},{"type":"Feature","geometry":{"type":"Point","coordinates":[21.4802,42.97773]},"properties":{"age_h":142.3,"recency":3,"frp":2.0,"confidence":"nominal"}},{"type":"Feature","geometry":{"type":"Point","coordinates":[17.74355,43.03424]},"properties":{"age_h":142.3,"recency":3,"frp":2.6,"confidence":"nominal"}},{"type":"Feature","geometry":{"type":"Point","coordinates":[24.73541,43.93895]},"properties":{"age_h":142.3,"recency":3,"frp":4.1,"confidence":"nominal"}},{"type":"Feature","geometry":{"type":"Point","coordinates":[24.74059,43.93961]},"properties":{"age_h":142.3,"recency":3,"frp":3.7,"confidence":"nominal"}},{"type":"Feature","geometry":{"type":"Point","coordinates":[23.1478,44.06526]},"properties":{"age_h":142.3,"recency":3,"frp":3.9,"confidence":"nominal"}},{"type":"Feature","geometry":{"type":"Point","coordinates":[23.1469,44.06857]},"properties":{"age_h":142.3,"recency":3,"frp":3.9,"confidence":"nominal"}},{"type":"Feature","geometry":{"type":"Point","coordinates":[23.19843,44.08269]},"properties":{"age_h":142.3,"recency":3,"frp":7.2,"confidence":"nominal"}},{"type":"Feature","geometry":{"type":"Point","coordinates":[23.20328,44.08337]},"properties":{"age_h":142.3,"recency":3,"frp":7.2,"confidence":"nominal"}},{"type":"Feature","geometry":{"type":"Point","coordinates":[23.19753,44.086]},"properties":{"age_h":142.3,"recency":3,"frp":6.2,"confidence":"nominal"}},{"type":"Feature","geometry":{"type":"Point","coordinates":[22.47303,44.16217]},"properties":{"age_h":142.3,"recency":3,"frp":7.9,"confidence":"nominal"}},{"type":"Feature","geometry":{"type":"Point","coordinates":[22.46732,44.16473]},"properties":{"age_h":142.3,"recency":3,"frp":20.4,"confidence":"nominal"}},{"type":"Feature","geometry":{"type":"Point","coordinates":[22.4721,44.16544]},"properties":{"age_h":142.3,"recency":3,"frp":25.7,"confidence":"nominal"}},{"type":"Feature","geometry":{"type":"Point","coordinates":[22.4616,44.1673]},"properties":{"age_h":142.3,"recency":3,"frp":20.4,"confidence":"nominal"}},{"type":"Feature","geometry":{"type":"Point","coordinates":[22.46638,44.16801]},"properties":{"age_h":142.3,"recency":3,"frp":20.4,"confidence":"nominal"}},{"type":"Feature","geometry":{"type":"Point","coordinates":[22.47115,44.16872]},"properties":{"age_h":142.3,"recency":3,"frp":25.7,"confidence":"nominal"}},{"type":"Feature","geometry":{"type":"Point","coordinates":[22.45587,44.16987]},"properties":{"age_h":142.3,"recency":3,"frp":6.4,"confidence":"nominal"}},{"type":"Feature","geometry":{"type":"Point","coordinates":[22.46065,44.17057]},"properties":{"age_h":142.3,"recency":3,"frp":12.6,"confidence":"nominal"}},{"type":"Feature","geometry":{"type":"Point","coordinates":[22.46543,44.17128]},"properties":{"age_h":142.3,"recency":3,"frp":12.6,"confidence":"nominal"}},{"type":"Feature","geometry":{"type":"Point","coordinates":[22.45493,44.17314]},"properties":{"age_h":142.3,"recency":3,"frp":6.4,"confidence":"nominal"}},{"type":"Feature","geometry":{"type":"Point","coordinates":[22.45971,44.17385]},"properties":{"age_h":142.3,"recency":3,"frp":12.6,"confidence":"nominal"}},{"type":"Feature","geometry":{"type":"Point","coordinates":[22.454,44.17642]},"properties":{"age_h":142.3,"recency":3,"frp":3.2,"confidence":"nominal"}},{"type":"Feature","geometry":{"type":"Point","coordinates":[22.45877,44.17713]},"properties":{"age_h":142.3,"recency":3,"frp":4.3,"confidence":"nominal"}},{"type":"Feature","geometry":{"type":"Point","coordinates":[22.67973,44.62865]},"properties":{"age_h":142.3,"recency":3,"frp":2.4,"confidence":"nominal"}},{"type":"Feature","geometry":{"type":"Point","coordinates":[17.37474,44.89417]},"properties":{"age_h":142.3,"recency":3,"frp":3.5,"confidence":"nominal"}},{"type":"Feature","geometry":{"type":"Point","coordinates":[20.44036,44.99181]},"properties":{"age_h":142.3,"recency":3,"frp":5.6,"confidence":"nominal"}},{"type":"Feature","geometry":{"type":"Point","coordinates":[19.59118,44.99422]},"properties":{"age_h":142.3,"recency":3,"frp":10.1,"confidence":"nominal"}},{"type":"Feature","geometry":{"type":"Point","coordinates":[17.40557,45.02206]},"properties":{"age_h":142.3,"recency":3,"frp":2.3,"confidence":"nominal"}},{"type":"Feature","geometry":{"type":"Point","coordinates":[19.40988,45.04181]},"properties":{"age_h":142.3,"recency":3,"frp":1.1,"confidence":"nominal"}},{"type":"Feature","geometry":{"type":"Point","coordinates":[18.41586,45.06435]},"properties":{"age_h":142.3,"recency":3,"frp":3.4,"confidence":"nominal"}},{"type":"Feature","geometry":{"type":"Point","coordinates":[18.55579,45.0793]},"properties":{"age_h":142.3,"recency":3,"frp":2.6,"confidence":"nominal"}},{"type":"Feature","geometry":{"type":"Point","coordinates":[20.37966,45.12255]},"properties":{"age_h":142.3,"recency":3,"frp":2.8,"confidence":"nominal"}},{"type":"Feature","geometry":{"type":"Point","coordinates":[20.27424,45.24962]},"properties":{"age_h":142.3,"recency":3,"frp":16.7,"confidence":"nominal"}},{"type":"Feature","geometry":{"type":"Point","coordinates":[8.99147,45.30735]},"properties":{"age_h":142.3,"recency":3,"frp":1.7,"confidence":"nominal"}},{"type":"Feature","geometry":{"type":"Point","coordinates":[30.90548,45.35622]},"properties":{"age_h":142.3,"recency":3,"frp":4.6,"confidence":"nominal"}},{"type":"Feature","geometry":{"type":"Point","coordinates":[19.66948,45.46853]},"properties":{"age_h":142.3,"recency":3,"frp":7.5,"confidence":"nominal"}},{"type":"Feature","geometry":{"type":"Point","coordinates":[12.64969,45.92743]},"properties":{"age_h":142.3,"recency":3,"frp":5.9,"confidence":"nominal"}},{"type":"Feature","geometry":{"type":"Point","coordinates":[20.35107,48.25459]},"properties":{"age_h":142.3,"recency":3,"frp":2.7,"confidence":"nominal"}},{"type":"Feature","geometry":{"type":"Point","coordinates":[5.86226,46.9594]},"properties":{"age_h":142.3,"recency":3,"frp":3.6,"confidence":"nominal"}},{"type":"Feature","geometry":{"type":"Point","coordinates":[1.9676,47.82991]},"properties":{"age_h":142.3,"recency":3,"frp":3.9,"confidence":"high"}},{"type":"Feature","geometry":{"type":"Point","coordinates":[7.10616,49.17689]},"properties":{"age_h":142.3,"recency":3,"frp":4.9,"confidence":"nominal"}},{"type":"Feature","geometry":{"type":"Point","coordinates":[19.29207,50.33454]},"properties":{"age_h":142.3,"recency":3,"frp":5.0,"confidence":"nominal"}},{"type":"Feature","geometry":{"type":"Point","coordinates":[19.34513,50.34272]},"properties":{"age_h":142.3,"recency":3,"frp":2.4,"confidence":"nominal"}},{"type":"Feature","geometry":{"type":"Point","coordinates":[-0.91154,51.13085]},"properties":{"age_h":142.3,"recency":3,"frp":7.1,"confidence":"nominal"}},{"type":"Feature","geometry":{"type":"Point","coordinates":[16.69569,52.0956]},"properties":{"age_h":142.3,"recency":3,"frp":2.1,"confidence":"nominal"}},{"type":"Feature","geometry":{"type":"Point","coordinates":[10.39898,52.15129]},"properties":{"age_h":142.3,"recency":3,"frp":5.0,"confidence":"nominal"}},{"type":"Feature","geometry":{"type":"Point","coordinates":[32.49722,52.23697]},"properties":{"age_h":142.3,"recency":3,"frp":1.8,"confidence":"nominal"}},{"type":"Feature","geometry":{"type":"Point","coordinates":[16.22228,52.30278]},"properties":{"age_h":142.3,"recency":3,"frp":1.8,"confidence":"nominal"}},{"type":"Feature","geometry":{"type":"Point","coordinates":[16.43448,52.30426]},"properties":{"age_h":142.3,"recency":3,"frp":2.5,"confidence":"nominal"}},{"type":"Feature","geometry":{"type":"Point","coordinates":[13.53767,52.54029]},"properties":{"age_h":142.3,"recency":3,"frp":2.0,"confidence":"nominal"}},{"type":"Feature","geometry":{"type":"Point","coordinates":[33.22528,53.26964]},"properties":{"age_h":142.3,"recency":3,"frp":2.3,"confidence":"nominal"}},{"type":"Feature","geometry":{"type":"Point","coordinates":[24.60383,58.60579]},"properties":{"age_h":142.2,"recency":3,"frp":4.1,"confidence":"nominal"}},{"type":"Feature","geometry":{"type":"Point","coordinates":[-2.2217,35.00241]},"properties":{"age_h":140.7,"recency":3,"frp":2.0,"confidence":"nominal"}},{"type":"Feature","geometry":{"type":"Point","coordinates":[-1.47675,35.02555]},"properties":{"age_h":140.7,"recency":3,"frp":1.6,"confidence":"nominal"}},{"type":"Feature","geometry":{"type":"Point","coordinates":[7.27872,35.74409]},"properties":{"age_h":140.7,"recency":3,"frp":6.8,"confidence":"nominal"}},{"type":"Feature","geometry":{"type":"Point","coordinates":[10.15866,35.75812]},"properties":{"age_h":140.7,"recency":3,"frp":4.5,"confidence":"nominal"}},{"type":"Feature","geometry":{"type":"Point","coordinates":[-0.27125,35.81185]},"properties":{"age_h":140.7,"recency":3,"frp":4.6,"confidence":"nominal"}},{"type":"Feature","geometry":{"type":"Point","coordinates":[-0.26775,35.81577]},"properties":{"age_h":140.7,"recency":3,"frp":4.1,"confidence":"nominal"}},{"type":"Feature","geometry":{"type":"Point","coordinates":[3.70599,36.33143]},"properties":{"age_h":140.7,"recency":3,"frp":6.8,"confidence":"nominal"}},{"type":"Feature","geometry":{"type":"Point","coordinates":[8.6403,36.37443]},"properties":{"age_h":140.7,"recency":3,"frp":9.8,"confidence":"nominal"}},{"type":"Feature","geometry":{"type":"Point","coordinates":[7.51064,36.40245]},"properties":{"age_h":140.7,"recency":3,"frp":4.0,"confidence":"nominal"}},{"type":"Feature","geometry":{"type":"Point","coordinates":[9.09703,36.72406]},"properties":{"age_h":140.7,"recency":3,"frp":4.0,"confidence":"nominal"}},{"type":"Feature","geometry":{"type":"Point","coordinates":[9.22184,36.80241]},"properties":{"age_h":140.7,"recency":3,"frp":1.6,"confidence":"nominal"}},{"type":"Feature","geometry":{"type":"Point","coordinates":[14.31378,37.17024]},"properties":{"age_h":140.7,"recency":3,"frp":6.8,"confidence":"nominal"}},{"type":"Feature","geometry":{"type":"Point","coordinates":[13.339,37.96875]},"properties":{"age_h":140.7,"recency":3,"frp":5.4,"confidence":"nominal"}},{"type":"Feature","geometry":{"type":"Point","coordinates":[-5.65215,37.45083]},"properties":{"age_h":140.6,"recency":3,"frp":5.7,"confidence":"nominal"}},{"type":"Feature","geometry":{"type":"Point","coordinates":[-6.29693,38.44064]},"properties":{"age_h":140.6,"recency":3,"frp":7.4,"confidence":"nominal"}},{"type":"Feature","geometry":{"type":"Point","coordinates":[15.83627,39.7257]},"properties":{"age_h":140.6,"recency":3,"frp":6.8,"confidence":"nominal"}},{"type":"Feature","geometry":{"type":"Point","coordinates":[15.83816,39.72714]},"properties":{"age_h":140.6,"recency":3,"frp":7.1,"confidence":"nominal"}},{"type":"Feature","geometry":{"type":"Point","coordinates":[15.80548,39.80701]},"properties":{"age_h":140.6,"recency":3,"frp":13.3,"confidence":"nominal"}},{"type":"Feature","geometry":{"type":"Point","coordinates":[15.80446,39.81427]},"properties":{"age_h":140.6,"recency":3,"frp":13.3,"confidence":"high"}},{"type":"Feature","geometry":{"type":"Point","coordinates":[15.81246,39.81428]},"properties":{"age_h":140.6,"recency":3,"frp":14.3,"confidence":"nominal"}},{"type":"Feature","geometry":{"type":"Point","coordinates":[-4.4523,40.05202]},"properties":{"age_h":140.6,"recency":3,"frp":24.9,"confidence":"nominal"}},{"type":"Feature","geometry":{"type":"Point","coordinates":[0.6541,40.72443]},"properties":{"age_h":140.6,"recency":3,"frp":3.8,"confidence":"nominal"}},{"type":"Feature","geometry":{"type":"Point","coordinates":[0.65914,40.72507]},"properties":{"age_h":140.6,"recency":3,"frp":3.8,"confidence":"nominal"}},{"type":"Feature","geometry":{"type":"Point","coordinates":[0.65335,40.72789]},"properties":{"age_h":140.6,"recency":3,"frp":10.1,"confidence":"nominal"}},{"type":"Feature","geometry":{"type":"Point","coordinates":[0.65838,40.72853]},"properties":{"age_h":140.6,"recency":3,"frp":10.1,"confidence":"nominal"}},{"type":"Feature","geometry":{"type":"Point","coordinates":[14.85046,40.73062]},"properties":{"age_h":140.6,"recency":3,"frp":9.1,"confidence":"nominal"}},{"type":"Feature","geometry":{"type":"Point","coordinates":[14.74844,40.79163]},"properties":{"age_h":140.6,"recency":3,"frp":5.1,"confidence":"nominal"}},{"type":"Feature","geometry":{"type":"Point","coordinates":[14.75507,40.79248]},"properties":{"age_h":140.6,"recency":3,"frp":6.1,"confidence":"nominal"}},{"type":"Feature","geometry":{"type":"Point","coordinates":[14.47086,40.99603]},"properties":{"age_h":140.6,"recency":3,"frp":3.9,"confidence":"nominal"}},{"type":"Feature","geometry":{"type":"Point","coordinates":[-8.13962,41.09517]},"properties":{"age_h":140.6,"recency":3,"frp":20.0,"confidence":"nominal"}},{"type":"Feature","geometry":{"type":"Point","coordinates":[14.67039,41.16267]},"properties":{"age_h":140.6,"recency":3,"frp":10.0,"confidence":"nominal"}},{"type":"Feature","geometry":{"type":"Point","coordinates":[14.67542,41.16323]},"properties":{"age_h":140.6,"recency":3,"frp":9.6,"confidence":"nominal"}},{"type":"Feature","geometry":{"type":"Point","coordinates":[13.81934,41.21757]},"properties":{"age_h":140.6,"recency":3,"frp":3.0,"confidence":"nominal"}},{"type":"Feature","geometry":{"type":"Point","coordinates":[13.90113,41.24533]},"properties":{"age_h":140.6,"recency":3,"frp":21.8,"confidence":"high"}},{"type":"Feature","geometry":{"type":"Point","coordinates":[13.90086,41.25202]},"properties":{"age_h":140.6,"recency":3,"frp":7.1,"confidence":"nominal"}},{"type":"Feature","geometry":{"type":"Point","coordinates":[14.93673,41.93377]},"properties":{"age_h":140.6,"recency":3,"frp":3.3,"confidence":"nominal"}},{"type":"Feature","geometry":{"type":"Point","coordinates":[14.94488,41.93628]},"properties":{"age_h":140.6,"recency":3,"frp":8.4,"confidence":"nominal"}},{"type":"Feature","geometry":{"type":"Point","coordinates":[14.94476,41.9408]},"properties":{"age_h":140.6,"recency":3,"frp":9.0,"confidence":"nominal"}},{"type":"Feature","geometry":{"type":"Point","coordinates":[14.94498,41.9433]},"properties":{"age_h":140.6,"recency":3,"frp":8.4,"confidence":"nominal"}},{"type":"Feature","geometry":{"type":"Point","coordinates":[11.73079,42.19034]},"properties":{"age_h":140.6,"recency":3,"frp":3.3,"confidence":"nominal"}},{"type":"Feature","geometry":{"type":"Point","coordinates":[11.5479,42.41328]},"properties":{"age_h":140.6,"recency":3,"frp":3.4,"confidence":"nominal"}},{"type":"Feature","geometry":{"type":"Point","coordinates":[-6.04134,42.57032]},"properties":{"age_h":140.6,"recency":3,"frp":2.4,"confidence":"nominal"}},{"type":"Feature","geometry":{"type":"Point","coordinates":[-6.03636,42.57122]},"properties":{"age_h":140.6,"recency":3,"frp":2.4,"confidence":"nominal"}},{"type":"Feature","geometry":{"type":"Point","coordinates":[-6.04743,42.5728]},"properties":{"age_h":140.6,"recency":3,"frp":3.6,"confidence":"nominal"}},{"type":"Feature","geometry":{"type":"Point","coordinates":[1.92603,42.64248]},"properties":{"age_h":140.6,"recency":3,"frp":11.6,"confidence":"nominal"}},{"type":"Feature","geometry":{"type":"Point","coordinates":[-5.85909,43.52725]},"properties":{"age_h":140.6,"recency":3,"frp":7.5,"confidence":"nominal"}},{"type":"Feature","geometry":{"type":"Point","coordinates":[-5.85521,43.53148]},"properties":{"age_h":140.6,"recency":3,"frp":4.8,"confidence":"nominal"}},{"type":"Feature","geometry":{"type":"Point","coordinates":[4.29317,44.96819]},"properties":{"age_h":140.6,"recency":3,"frp":4.3,"confidence":"nominal"}},{"type":"Feature","geometry":{"type":"Point","coordinates":[4.29221,44.97242]},"properties":{"age_h":140.6,"recency":3,"frp":10.6,"confidence":"nominal"}},{"type":"Feature","geometry":{"type":"Point","coordinates":[9.4874,46.13598]},"properties":{"age_h":140.6,"recency":3,"frp":6.7,"confidence":"nominal"}},{"type":"Feature","geometry":{"type":"Point","coordinates":[5.86301,46.95639]},"properties":{"age_h":140.6,"recency":3,"frp":4.1,"confidence":"nominal"}},{"type":"Feature","geometry":{"type":"Point","coordinates":[14.34416,48.27188]},"properties":{"age_h":140.6,"recency":3,"frp":7.7,"confidence":"nominal"}},{"type":"Feature","geometry":{"type":"Point","coordinates":[6.73774,49.34949]},"properties":{"age_h":140.6,"recency":3,"frp":4.1,"confidence":"nominal"}},{"type":"Feature","geometry":{"type":"Point","coordinates":[3.34638,50.13307]},"properties":{"age_h":140.6,"recency":3,"frp":4.0,"confidence":"nominal"}},{"type":"Feature","geometry":{"type":"Point","coordinates":[1.58418,50.3152]},"properties":{"age_h":140.6,"recency":3,"frp":2.5,"confidence":"nominal"}},{"type":"Feature","geometry":{"type":"Point","coordinates":[4.54467,50.33932]},"properties":{"age_h":140.6,"recency":3,"frp":5.9,"confidence":"nominal"}},{"type":"Feature","geometry":{"type":"Point","coordinates":[10.40345,52.14771]},"properties":{"age_h":140.6,"recency":3,"frp":5.4,"confidence":"nominal"}},{"type":"Feature","geometry":{"type":"Point","coordinates":[10.40428,52.14969]},"properties":{"age_h":140.6,"recency":3,"frp":2.9,"confidence":"nominal"}},{"type":"Feature","geometry":{"type":"Point","coordinates":[-1.83214,52.19624]},"properties":{"age_h":140.6,"recency":3,"frp":3.4,"confidence":"nominal"}},{"type":"Feature","geometry":{"type":"Point","coordinates":[-2.58567,52.47628]},"properties":{"age_h":140.6,"recency":3,"frp":8.9,"confidence":"nominal"}},{"type":"Feature","geometry":{"type":"Point","coordinates":[-9.55559,52.4785]},"properties":{"age_h":140.6,"recency":3,"frp":9.8,"confidence":"nominal"}},{"type":"Feature","geometry":{"type":"Point","coordinates":[-9.54987,52.47951]},"properties":{"age_h":140.6,"recency":3,"frp":9.8,"confidence":"nominal"}},{"type":"Feature","geometry":{"type":"Point","coordinates":[-9.54566,52.4838]},"properties":{"age_h":140.6,"recency":3,"frp":18.7,"confidence":"nominal"}},{"type":"Feature","geometry":{"type":"Point","coordinates":[-9.53992,52.4848]},"properties":{"age_h":140.6,"recency":3,"frp":18.7,"confidence":"nominal"}},{"type":"Feature","geometry":{"type":"Point","coordinates":[-9.55293,52.48605]},"properties":{"age_h":140.6,"recency":3,"frp":54.7,"confidence":"nominal"}},{"type":"Feature","geometry":{"type":"Point","coordinates":[-0.33359,53.39447]},"properties":{"age_h":140.6,"recency":3,"frp":4.4,"confidence":"nominal"}},{"type":"Feature","geometry":{"type":"Point","coordinates":[-0.33365,53.39514]},"properties":{"age_h":140.6,"recency":3,"frp":3.7,"confidence":"nominal"}},{"type":"Feature","geometry":{"type":"Point","coordinates":[-0.59132,53.56892]},"properties":{"age_h":140.6,"recency":3,"frp":9.2,"confidence":"nominal"}},{"type":"Feature","geometry":{"type":"Point","coordinates":[-6.47444,54.17091]},"properties":{"age_h":140.6,"recency":3,"frp":2.9,"confidence":"nominal"}},{"type":"Feature","geometry":{"type":"Point","coordinates":[41.8886,36.91655]},"properties":{"age_h":131.7,"recency":3,"frp":0.8,"confidence":"nominal"}},{"type":"Feature","geometry":{"type":"Point","coordinates":[41.43269,37.04224]},"properties":{"age_h":131.7,"recency":3,"frp":1.6,"confidence":"nominal"}},{"type":"Feature","geometry":{"type":"Point","coordinates":[41.43348,37.04357]},"properties":{"age_h":131.7,"recency":3,"frp":1.1,"confidence":"nominal"}},{"type":"Feature","geometry":{"type":"Point","coordinates":[40.82037,34.91488]},"properties":{"age_h":131.7,"recency":3,"frp":0.9,"confidence":"nominal"}},{"type":"Feature","geometry":{"type":"Point","coordinates":[40.4373,35.30745]},"properties":{"age_h":131.7,"recency":3,"frp":1.4,"confidence":"nominal"}},{"type":"Feature","geometry":{"type":"Point","coordinates":[39.63755,56.24779]},"properties":{"age_h":130.1,"recency":3,"frp":2.0,"confidence":"nominal"}},{"type":"Feature","geometry":{"type":"Point","coordinates":[39.7733,57.53675]},"properties":{"age_h":130.1,"recency":3,"frp":1.0,"confidence":"nominal"}},{"type":"Feature","geometry":{"type":"Point","coordinates":[37.81673,59.12969]},"properties":{"age_h":130.1,"recency":3,"frp":0.5,"confidence":"nominal"}},{"type":"Feature","geometry":{"type":"Point","coordinates":[37.81997,59.1365]},"properties":{"age_h":130.1,"recency":3,"frp":0.6,"confidence":"nominal"}},{"type":"Feature","geometry":{"type":"Point","coordinates":[37.81426,59.14082]},"properties":{"age_h":130.1,"recency":3,"frp":0.7,"confidence":"nominal"}},{"type":"Feature","geometry":{"type":"Point","coordinates":[37.80693,59.14174]},"properties":{"age_h":130.1,"recency":3,"frp":0.6,"confidence":"nominal"}},{"type":"Feature","geometry":{"type":"Point","coordinates":[37.87756,59.14371]},"properties":{"age_h":130.1,"recency":3,"frp":1.0,"confidence":"nominal"}},{"type":"Feature","geometry":{"type":"Point","coordinates":[37.84679,59.14397]},"properties":{"age_h":130.1,"recency":3,"frp":1.0,"confidence":"nominal"}},{"type":"Feature","geometry":{"type":"Point","coordinates":[37.84838,59.14737]},"properties":{"age_h":130.1,"recency":3,"frp":1.0,"confidence":"nominal"}},{"type":"Feature","geometry":{"type":"Point","coordinates":[37.87191,59.14803]},"properties":{"age_h":130.1,"recency":3,"frp":2.3,"confidence":"nominal"}},{"type":"Feature","geometry":{"type":"Point","coordinates":[37.88806,59.1496]},"properties":{"age_h":130.1,"recency":3,"frp":1.8,"confidence":"nominal"}},{"type":"Feature","geometry":{"type":"Point","coordinates":[33.41026,46.83408]},"properties":{"age_h":130.1,"recency":3,"frp":0.6,"confidence":"nominal"}},{"type":"Feature","geometry":{"type":"Point","coordinates":[31.75846,47.17234]},"properties":{"age_h":130.1,"recency":3,"frp":0.9,"confidence":"nominal"}},{"type":"Feature","geometry":{"type":"Point","coordinates":[34.64244,47.25941]},"properties":{"age_h":130.1,"recency":3,"frp":2.7,"confidence":"nominal"}},{"type":"Feature","geometry":{"type":"Point","coordinates":[33.4391,47.87138]},"properties":{"age_h":130.1,"recency":3,"frp":1.0,"confidence":"nominal"}},{"type":"Feature","geometry":{"type":"Point","coordinates":[35.1552,47.87426]},"properties":{"age_h":130.1,"recency":3,"frp":6.4,"confidence":"nominal"}},{"type":"Feature","geometry":{"type":"Point","coordinates":[33.41157,47.87498]},"properties":{"age_h":130.1,"recency":3,"frp":1.1,"confidence":"nominal"}},{"type":"Feature","geometry":{"type":"Point","coordinates":[35.15627,47.87755]},"properties":{"age_h":130.1,"recency":3,"frp":3.7,"confidence":"nominal"}},{"type":"Feature","geometry":{"type":"Point","coordinates":[21.03924,47.90815]},"properties":{"age_h":130.1,"recency":3,"frp":1.0,"confidence":"nominal"}},{"type":"Feature","geometry":{"type":"Point","coordinates":[21.17381,48.60577]},"properties":{"age_h":130.1,"recency":3,"frp":1.2,"confidence":"nominal"}},{"type":"Feature","geometry":{"type":"Point","coordinates":[24.70652,48.97876]},"properties":{"age_h":130.1,"recency":3,"frp":1.2,"confidence":"nominal"}},{"type":"Feature","geometry":{"type":"Point","coordinates":[19.28291,50.33796]},"properties":{"age_h":130.1,"recency":3,"frp":1.7,"confidence":"nominal"}},{"type":"Feature","geometry":{"type":"Point","coordinates":[19.28252,50.33981]},"properties":{"age_h":130.1,"recency":3,"frp":1.1,"confidence":"nominal"}},{"type":"Feature","geometry":{"type":"Point","coordinates":[26.26091,50.54521]},"properties":{"age_h":130.1,"recency":3,"frp":1.2,"confidence":"nominal"}},{"type":"Feature","geometry":{"type":"Point","coordinates":[37.94308,51.15568]},"properties":{"age_h":130.1,"recency":3,"frp":0.5,"confidence":"nominal"}},{"type":"Feature","geometry":{"type":"Point","coordinates":[33.49059,52.38692]},"properties":{"age_h":130.1,"recency":3,"frp":0.2,"confidence":"nominal"}},{"type":"Feature","geometry":{"type":"Point","coordinates":[39.63737,52.54829]},"properties":{"age_h":130.1,"recency":3,"frp":1.4,"confidence":"nominal"}},{"type":"Feature","geometry":{"type":"Point","coordinates":[39.61655,52.55531]},"properties":{"age_h":130.1,"recency":3,"frp":2.2,"confidence":"nominal"}},{"type":"Feature","geometry":{"type":"Point","coordinates":[19.66269,52.58461]},"properties":{"age_h":130.1,"recency":3,"frp":1.3,"confidence":"nominal"}},{"type":"Feature","geometry":{"type":"Point","coordinates":[41.58276,37.01259]},"properties":{"age_h":130.0,"recency":3,"frp":0.5,"confidence":"nominal"}},{"type":"Feature","geometry":{"type":"Point","coordinates":[41.44249,37.04603]},"properties":{"age_h":130.0,"recency":3,"frp":0.8,"confidence":"nominal"}},{"type":"Feature","geometry":{"type":"Point","coordinates":[40.8043,37.33955]},"properties":{"age_h":130.0,"recency":3,"frp":1.8,"confidence":"nominal"}},{"type":"Feature","geometry":{"type":"Point","coordinates":[39.31541,37.54678]},"properties":{"age_h":130.0,"recency":3,"frp":0.3,"confidence":"nominal"}},{"type":"Feature","geometry":{"type":"Point","coordinates":[39.31098,37.54774]},"properties":{"age_h":130.0,"recency":3,"frp":0.5,"confidence":"nominal"}},{"type":"Feature","geometry":{"type":"Point","coordinates":[40.41191,38.05986]},"properties":{"age_h":130.0,"recency":3,"frp":0.7,"confidence":"nominal"}},{"type":"Feature","geometry":{"type":"Point","coordinates":[40.26823,38.16811]},"properties":{"age_h":130.0,"recency":3,"frp":0.8,"confidence":"nominal"}},{"type":"Feature","geometry":{"type":"Point","coordinates":[40.4818,38.17344]},"properties":{"age_h":130.0,"recency":3,"frp":0.6,"confidence":"nominal"}},{"type":"Feature","geometry":{"type":"Point","coordinates":[38.72594,38.45601]},"properties":{"age_h":130.0,"recency":3,"frp":1.0,"confidence":"nominal"}},{"type":"Feature","geometry":{"type":"Point","coordinates":[39.77048,38.65179]},"properties":{"age_h":130.0,"recency":3,"frp":1.9,"confidence":"nominal"}},{"type":"Feature","geometry":{"type":"Point","coordinates":[30.04204,39.48373]},"properties":{"age_h":130.0,"recency":3,"frp":0.7,"confidence":"nominal"}},{"type":"Feature","geometry":{"type":"Point","coordinates":[30.15141,39.70736]},"properties":{"age_h":130.0,"recency":3,"frp":0.7,"confidence":"nominal"}},{"type":"Feature","geometry":{"type":"Point","coordinates":[26.24031,39.86876]},"properties":{"age_h":130.0,"recency":3,"frp":1.5,"confidence":"nominal"}},{"type":"Feature","geometry":{"type":"Point","coordinates":[40.6677,39.92606]},"properties":{"age_h":130.0,"recency":3,"frp":1.2,"confidence":"nominal"}},{"type":"Feature","geometry":{"type":"Point","coordinates":[33.14249,39.96054]},"properties":{"age_h":130.0,"recency":3,"frp":0.4,"confidence":"nominal"}},{"type":"Feature","geometry":{"type":"Point","coordinates":[32.79867,40.08165]},"properties":{"age_h":130.0,"recency":3,"frp":1.5,"confidence":"nominal"}},{"type":"Feature","geometry":{"type":"Point","coordinates":[18.08434,40.1177]},"properties":{"age_h":130.0,"recency":3,"frp":0.9,"confidence":"nominal"}},{"type":"Feature","geometry":{"type":"Point","coordinates":[29.22453,40.18687]},"properties":{"age_h":130.0,"recency":3,"frp":0.7,"confidence":"nominal"}},{"type":"Feature","geometry":{"type":"Point","coordinates":[29.92304,40.24199]},"properties":{"age_h":130.0,"recency":3,"frp":0.6,"confidence":"nominal"}},{"type":"Feature","geometry":{"type":"Point","coordinates":[30.04305,40.26279]},"properties":{"age_h":130.0,"recency":3,"frp":0.9,"confidence":"nominal"}},{"type":"Feature","geometry":{"type":"Point","coordinates":[31.78408,40.75811]},"properties":{"age_h":130.0,"recency":3,"frp":0.7,"confidence":"nominal"}},{"type":"Feature","geometry":{"type":"Point","coordinates":[29.35933,40.7584]},"properties":{"age_h":130.0,"recency":3,"frp":1.2,"confidence":"nominal"}},{"type":"Feature","geometry":{"type":"Point","coordinates":[41.74703,40.78376]},"properties":{"age_h":130.0,"recency":3,"frp":0.6,"confidence":"nominal"}},{"type":"Feature","geometry":{"type":"Point","coordinates":[31.39778,40.94523]},"properties":{"age_h":130.0,"recency":3,"frp":0.7,"confidence":"nominal"}},{"type":"Feature","geometry":{"type":"Point","coordinates":[26.60319,41.12147]},"properties":{"age_h":130.0,"recency":3,"frp":2.2,"confidence":"nominal"}},{"type":"Feature","geometry":{"type":"Point","coordinates":[19.76842,41.46273]},"properties":{"age_h":130.0,"recency":3,"frp":1.8,"confidence":"nominal"}},{"type":"Feature","geometry":{"type":"Point","coordinates":[20.3229,41.61132]},"properties":{"age_h":130.0,"recency":3,"frp":1.0,"confidence":"nominal"}},{"type":"Feature","geometry":{"type":"Point","coordinates":[27.68333,41.63034]},"properties":{"age_h":130.0,"recency":3,"frp":1.1,"confidence":"nominal"}},{"type":"Feature","geometry":{"type":"Point","coordinates":[19.30198,42.26162]},"properties":{"age_h":130.0,"recency":3,"frp":16.8,"confidence":"nominal"}},{"type":"Feature","geometry":{"type":"Point","coordinates":[19.2957,42.26176]},"properties":{"age_h":130.0,"recency":3,"frp":47.8,"confidence":"nominal"}},{"type":"Feature","geometry":{"type":"Point","coordinates":[19.28941,42.26191]},"properties":{"age_h":130.0,"recency":3,"frp":47.8,"confidence":"high"}},{"type":"Feature","geometry":{"type":"Point","coordinates":[19.2831,42.26207]},"properties":{"age_h":130.0,"recency":3,"frp":7.1,"confidence":"nominal"}},{"type":"Feature","geometry":{"type":"Point","coordinates":[19.28831,42.26231]},"properties":{"age_h":130.0,"recency":3,"frp":16.4,"confidence":"nominal"}},{"type":"Feature","geometry":{"type":"Point","coordinates":[19.28198,42.26249]},"properties":{"age_h":130.0,"recency":3,"frp":16.4,"confidence":"nominal"}},{"type":"Feature","geometry":{"type":"Point","coordinates":[19.30238,42.26775]},"properties":{"age_h":130.0,"recency":3,"frp":9.3,"confidence":"nominal"}},{"type":"Feature","geometry":{"type":"Point","coordinates":[19.2961,42.26791]},"properties":{"age_h":130.0,"recency":3,"frp":22.3,"confidence":"nominal"}},{"type":"Feature","geometry":{"type":"Point","coordinates":[19.2898,42.26806]},"properties":{"age_h":130.0,"recency":3,"frp":22.3,"confidence":"high"}},{"type":"Feature","geometry":{"type":"Point","coordinates":[19.30124,42.26808]},"properties":{"age_h":130.0,"recency":3,"frp":66.8,"confidence":"nominal"}},{"type":"Feature","geometry":{"type":"Point","coordinates":[19.28347,42.26821]},"properties":{"age_h":130.0,"recency":3,"frp":6.6,"confidence":"nominal"}},{"type":"Feature","geometry":{"type":"Point","coordinates":[19.29497,42.26826]},"properties":{"age_h":130.0,"recency":3,"frp":66.8,"confidence":"nominal"}},{"type":"Feature","geometry":{"type":"Point","coordinates":[19.28866,42.26845]},"properties":{"age_h":130.0,"recency":3,"frp":16.4,"confidence":"nominal"}},{"type":"Feature","geometry":{"type":"Point","coordinates":[19.28235,42.26864]},"properties":{"age_h":130.0,"recency":3,"frp":16.4,"confidence":"nominal"}},{"type":"Feature","geometry":{"type":"Point","coordinates":[19.36098,42.30313]},"properties":{"age_h":130.0,"recency":3,"frp":8.7,"confidence":"nominal"}},{"type":"Feature","geometry":{"type":"Point","coordinates":[19.35474,42.30329]},"properties":{"age_h":130.0,"recency":3,"frp":8.7,"confidence":"nominal"}},{"type":"Feature","geometry":{"type":"Point","coordinates":[19.36149,42.30925]},"properties":{"age_h":130.0,"recency":3,"frp":8.7,"confidence":"nominal"}},{"type":"Feature","geometry":{"type":"Point","coordinates":[19.35527,42.30942]},"properties":{"age_h":130.0,"recency":3,"frp":8.7,"confidence":"high"}},{"type":"Feature","geometry":{"type":"Point","coordinates":[19.34978,42.30957]},"properties":{"age_h":130.0,"recency":3,"frp":12.1,"confidence":"nominal"}},{"type":"Feature","geometry":{"type":"Point","coordinates":[18.89045,42.48497]},"properties":{"age_h":130.0,"recency":3,"frp":1.3,"confidence":"nominal"}},{"type":"Feature","geometry":{"type":"Point","coordinates":[18.88956,42.48757]},"properties":{"age_h":130.0,"recency":3,"frp":0.9,"confidence":"nominal"}},{"type":"Feature","geometry":{"type":"Point","coordinates":[18.63834,42.61887]},"properties":{"age_h":130.0,"recency":3,"frp":3.0,"confidence":"nominal"}},{"type":"Feature","geometry":{"type":"Point","coordinates":[18.63279,42.61898]},"properties":{"age_h":130.0,"recency":3,"frp":3.0,"confidence":"nominal"}},{"type":"Feature","geometry":{"type":"Point","coordinates":[18.83622,42.83557]},"properties":{"age_h":130.0,"recency":3,"frp":3.5,"confidence":"nominal"}},{"type":"Feature","geometry":{"type":"Point","coordinates":[22.81023,44.24987]},"properties":{"age_h":130.0,"recency":3,"frp":1.1,"confidence":"nominal"}},{"type":"Feature","geometry":{"type":"Point","coordinates":[22.6394,44.36848]},"properties":{"age_h":130.0,"recency":3,"frp":1.0,"confidence":"nominal"}},{"type":"Feature","geometry":{"type":"Point","coordinates":[22.6351,44.43139]},"properties":{"age_h":130.0,"recency":3,"frp":1.7,"confidence":"nominal"}},{"type":"Feature","geometry":{"type":"Point","coordinates":[22.63695,44.43237]},"properties":{"age_h":130.0,"recency":3,"frp":1.4,"confidence":"nominal"}},{"type":"Feature","geometry":{"type":"Point","coordinates":[22.63243,44.43259]},"properties":{"age_h":130.0,"recency":3,"frp":1.6,"confidence":"nominal"}},{"type":"Feature","geometry":{"type":"Point","coordinates":[23.59283,44.47037]},"properties":{"age_h":130.0,"recency":3,"frp":0.3,"confidence":"nominal"}},{"type":"Feature","geometry":{"type":"Point","coordinates":[22.35853,44.75605]},"properties":{"age_h":130.0,"recency":3,"frp":1.3,"confidence":"nominal"}},{"type":"Feature","geometry":{"type":"Point","coordinates":[22.35958,44.75831]},"properties":{"age_h":130.0,"recency":3,"frp":0.7,"confidence":"nominal"}},{"type":"Feature","geometry":{"type":"Point","coordinates":[22.35589,44.75846]},"properties":{"age_h":130.0,"recency":3,"frp":0.7,"confidence":"nominal"}},{"type":"Feature","geometry":{"type":"Point","coordinates":[22.34126,44.78069]},"properties":{"age_h":130.0,"recency":3,"frp":0.5,"confidence":"nominal"}},{"type":"Feature","geometry":{"type":"Point","coordinates":[20.65705,45.26403]},"properties":{"age_h":130.0,"recency":3,"frp":1.6,"confidence":"nominal"}},{"type":"Feature","geometry":{"type":"Point","coordinates":[20.65731,45.26852]},"properties":{"age_h":130.0,"recency":3,"frp":0.7,"confidence":"nominal"}},{"type":"Feature","geometry":{"type":"Point","coordinates":[20.70467,45.27311]},"properties":{"age_h":130.0,"recency":3,"frp":1.9,"confidence":"nominal"}},{"type":"Feature","geometry":{"type":"Point","coordinates":[20.69882,45.27327]},"properties":{"age_h":130.0,"recency":3,"frp":2.6,"confidence":"nominal"}},{"type":"Feature","geometry":{"type":"Point","coordinates":[20.57005,45.28848]},"properties":{"age_h":130.0,"recency":3,"frp":0.7,"confidence":"nominal"}},{"type":"Feature","geometry":{"type":"Point","coordinates":[20.58823,45.29388]},"properties":{"age_h":130.0,"recency":3,"frp":1.3,"confidence":"nominal"}},{"type":"Feature","geometry":{"type":"Point","coordinates":[20.5823,45.29404]},"properties":{"age_h":130.0,"recency":3,"frp":2.9,"confidence":"nominal"}},{"type":"Feature","geometry":{"type":"Point","coordinates":[29.68003,45.4461]},"properties":{"age_h":130.0,"recency":3,"frp":2.7,"confidence":"nominal"}},{"type":"Feature","geometry":{"type":"Point","coordinates":[29.67348,45.4468]},"properties":{"age_h":130.0,"recency":3,"frp":2.7,"confidence":"nominal"}},{"type":"Feature","geometry":{"type":"Point","coordinates":[19.36729,45.73585]},"properties":{"age_h":130.0,"recency":3,"frp":0.8,"confidence":"nominal"}},{"type":"Feature","geometry":{"type":"Point","coordinates":[29.74978,45.82611]},"properties":{"age_h":130.0,"recency":3,"frp":0.7,"confidence":"nominal"}},{"type":"Feature","geometry":{"type":"Point","coordinates":[25.28118,45.95008]},"properties":{"age_h":130.0,"recency":3,"frp":0.9,"confidence":"nominal"}},{"type":"Feature","geometry":{"type":"Point","coordinates":[33.31664,34.7252]},"properties":{"age_h":130.0,"recency":3,"frp":0.9,"confidence":"nominal"}},{"type":"Feature","geometry":{"type":"Point","coordinates":[37.94323,34.91448]},"properties":{"age_h":130.0,"recency":3,"frp":0.4,"confidence":"nominal"}},{"type":"Feature","geometry":{"type":"Point","coordinates":[40.32096,35.34883]},"properties":{"age_h":130.0,"recency":3,"frp":0.4,"confidence":"nominal"}},{"type":"Feature","geometry":{"type":"Point","coordinates":[41.28259,36.45834]},"properties":{"age_h":130.0,"recency":3,"frp":0.4,"confidence":"nominal"}},{"type":"Feature","geometry":{"type":"Point","coordinates":[38.10852,37.74481]},"properties":{"age_h":130.0,"recency":3,"frp":0.8,"confidence":"nominal"}},{"type":"Feature","geometry":{"type":"Point","coordinates":[38.10263,37.74604]},"properties":{"age_h":130.0,"recency":3,"frp":1.0,"confidence":"nominal"}},{"type":"Feature","geometry":{"type":"Point","coordinates":[30.49123,37.89895]},"properties":{"age_h":130.0,"recency":3,"frp":0.7,"confidence":"nominal"}},{"type":"Feature","geometry":{"type":"Point","coordinates":[27.21793,38.42921]},"properties":{"age_h":130.0,"recency":3,"frp":0.9,"confidence":"nominal"}},{"type":"Feature","geometry":{"type":"Point","coordinates":[26.9476,38.74017]},"properties":{"age_h":130.0,"recency":3,"frp":1.7,"confidence":"nominal"}},{"type":"Feature","geometry":{"type":"Point","coordinates":[27.50751,39.09406]},"properties":{"age_h":130.0,"recency":3,"frp":1.2,"confidence":"nominal"}},{"type":"Feature","geometry":{"type":"Point","coordinates":[27.51754,39.11663]},"properties":{"age_h":130.0,"recency":3,"frp":0.7,"confidence":"nominal"}},{"type":"Feature","geometry":{"type":"Point","coordinates":[39.77353,57.53443]},"properties":{"age_h":128.4,"recency":3,"frp":1.0,"confidence":"nominal"}},{"type":"Feature","geometry":{"type":"Point","coordinates":[26.259,50.54723]},"properties":{"age_h":128.4,"recency":3,"frp":0.6,"confidence":"nominal"}},{"type":"Feature","geometry":{"type":"Point","coordinates":[21.67798,50.93214]},"properties":{"age_h":128.4,"recency":3,"frp":0.8,"confidence":"nominal"}},{"type":"Feature","geometry":{"type":"Point","coordinates":[21.44986,50.94699]},"properties":{"age_h":128.4,"recency":3,"frp":1.1,"confidence":"nominal"}},{"type":"Feature","geometry":{"type":"Point","coordinates":[14.64504,52.15812]},"properties":{"age_h":128.4,"recency":3,"frp":3.7,"confidence":"nominal"}},{"type":"Feature","geometry":{"type":"Point","coordinates":[14.63945,52.15909]},"properties":{"age_h":128.4,"recency":3,"frp":2.3,"confidence":"nominal"}},{"type":"Feature","geometry":{"type":"Point","coordinates":[14.64654,52.16137]},"properties":{"age_h":128.4,"recency":3,"frp":1.9,"confidence":"nominal"}},{"type":"Feature","geometry":{"type":"Point","coordinates":[14.6272,52.17175]},"properties":{"age_h":128.4,"recency":3,"frp":15.5,"confidence":"nominal"}},{"type":"Feature","geometry":{"type":"Point","coordinates":[20.91874,52.298]},"properties":{"age_h":128.4,"recency":3,"frp":1.0,"confidence":"nominal"}},{"type":"Feature","geometry":{"type":"Point","coordinates":[19.6702,52.58117]},"properties":{"age_h":128.4,"recency":3,"frp":1.6,"confidence":"nominal"}},{"type":"Feature","geometry":{"type":"Point","coordinates":[8.6768,53.14008]},"properties":{"age_h":128.4,"recency":3,"frp":2.1,"confidence":"nominal"}},{"type":"Feature","geometry":{"type":"Point","coordinates":[-1.754,53.34119]},"properties":{"age_h":128.4,"recency":3,"frp":0.6,"confidence":"nominal"}},{"type":"Feature","geometry":{"type":"Point","coordinates":[9.90528,53.5214]},"properties":{"age_h":128.4,"recency":3,"frp":0.7,"confidence":"nominal"}},{"type":"Feature","geometry":{"type":"Point","coordinates":[9.89898,53.5222]},"properties":{"age_h":128.4,"recency":3,"frp":0.7,"confidence":"nominal"}},{"type":"Feature","geometry":{"type":"Point","coordinates":[9.90651,53.52481]},"properties":{"age_h":128.4,"recency":3,"frp":0.7,"confidence":"nominal"}},{"type":"Feature","geometry":{"type":"Point","coordinates":[9.90021,53.52562]},"properties":{"age_h":128.4,"recency":3,"frp":0.7,"confidence":"nominal"}},{"type":"Feature","geometry":{"type":"Point","coordinates":[4.22871,56.07895]},"properties":{"age_h":128.4,"recency":3,"frp":1.6,"confidence":"nominal"}},{"type":"Feature","geometry":{"type":"Point","coordinates":[-0.98124,57.81252]},"properties":{"age_h":128.4,"recency":3,"frp":1.6,"confidence":"nominal"}},{"type":"Feature","geometry":{"type":"Point","coordinates":[0.85582,58.35289]},"properties":{"age_h":128.4,"recency":3,"frp":3.0,"confidence":"nominal"}},{"type":"Feature","geometry":{"type":"Point","coordinates":[0.86137,58.35397]},"properties":{"age_h":128.4,"recency":3,"frp":4.4,"confidence":"nominal"}},{"type":"Feature","geometry":{"type":"Point","coordinates":[18.59959,42.61719]},"properties":{"age_h":128.4,"recency":3,"frp":1.3,"confidence":"nominal"}},{"type":"Feature","geometry":{"type":"Point","coordinates":[18.60013,42.61739]},"properties":{"age_h":128.4,"recency":3,"frp":0.8,"confidence":"nominal"}},{"type":"Feature","geometry":{"type":"Point","coordinates":[18.63882,42.61745]},"properties":{"age_h":128.4,"recency":3,"frp":0.9,"confidence":"nominal"}},{"type":"Feature","geometry":{"type":"Point","coordinates":[18.83874,42.83226]},"properties":{"age_h":128.4,"recency":3,"frp":5.3,"confidence":"nominal"}},{"type":"Feature","geometry":{"type":"Point","coordinates":[23.46421,43.28299]},"properties":{"age_h":128.4,"recency":3,"frp":0.6,"confidence":"nominal"}},{"type":"Feature","geometry":{"type":"Point","coordinates":[17.58294,43.63696]},"properties":{"age_h":128.4,"recency":3,"frp":2.9,"confidence":"nominal"}},{"type":"Feature","geometry":{"type":"Point","coordinates":[17.58244,43.63732]},"properties":{"age_h":128.4,"recency":3,"frp":1.6,"confidence":"nominal"}},{"type":"Feature","geometry":{"type":"Point","coordinates":[17.58063,43.64202]},"properties":{"age_h":128.4,"recency":3,"frp":2.0,"confidence":"nominal"}},{"type":"Feature","geometry":{"type":"Point","coordinates":[17.58015,43.64236]},"properties":{"age_h":128.4,"recency":3,"frp":1.4,"confidence":"nominal"}},{"type":"Feature","geometry":{"type":"Point","coordinates":[22.81422,44.25095]},"properties":{"age_h":128.4,"recency":3,"frp":0.7,"confidence":"nominal"}},{"type":"Feature","geometry":{"type":"Point","coordinates":[22.4453,44.87843]},"properties":{"age_h":128.4,"recency":3,"frp":1.6,"confidence":"nominal"}},{"type":"Feature","geometry":{"type":"Point","coordinates":[22.44117,44.8796]},"properties":{"age_h":128.4,"recency":3,"frp":1.2,"confidence":"nominal"}},{"type":"Feature","geometry":{"type":"Point","coordinates":[22.44724,44.88095]},"properties":{"age_h":128.4,"recency":3,"frp":2.8,"confidence":"nominal"}},{"type":"Feature","geometry":{"type":"Point","coordinates":[22.4434,44.88202]},"properties":{"age_h":128.4,"recency":3,"frp":2.5,"confidence":"nominal"}},{"type":"Feature","geometry":{"type":"Point","coordinates":[22.44706,44.88355]},"properties":{"age_h":128.4,"recency":3,"frp":1.6,"confidence":"nominal"}},{"type":"Feature","geometry":{"type":"Point","coordinates":[22.44355,44.88454]},"properties":{"age_h":128.4,"recency":3,"frp":1.2,"confidence":"nominal"}},{"type":"Feature","geometry":{"type":"Point","coordinates":[14.51131,45.32558]},"properties":{"age_h":128.4,"recency":3,"frp":13.0,"confidence":"nominal"}},{"type":"Feature","geometry":{"type":"Point","coordinates":[10.45938,45.4598]},"properties":{"age_h":128.4,"recency":3,"frp":0.9,"confidence":"nominal"}},{"type":"Feature","geometry":{"type":"Point","coordinates":[10.3451,45.51602]},"properties":{"age_h":128.4,"recency":3,"frp":1.0,"confidence":"nominal"}},{"type":"Feature","geometry":{"type":"Point","coordinates":[10.21144,45.56839]},"properties":{"age_h":128.4,"recency":3,"frp":0.6,"confidence":"nominal"}},{"type":"Feature","geometry":{"type":"Point","coordinates":[6.4258,45.74235]},"properties":{"age_h":128.4,"recency":3,"frp":0.4,"confidence":"nominal"}},{"type":"Feature","geometry":{"type":"Point","coordinates":[25.28212,45.95356]},"properties":{"age_h":128.4,"recency":3,"frp":1.2,"confidence":"nominal"}},{"type":"Feature","geometry":{"type":"Point","coordinates":[12.73883,46.17743]},"properties":{"age_h":128.4,"recency":3,"frp":0.5,"confidence":"nominal"}},{"type":"Feature","geometry":{"type":"Point","coordinates":[13.07545,46.22695]},"properties":{"age_h":128.4,"recency":3,"frp":1.8,"confidence":"nominal"}},{"type":"Feature","geometry":{"type":"Point","coordinates":[8.26248,47.06876]},"properties":{"age_h":128.4,"recency":3,"frp":0.6,"confidence":"nominal"}},{"type":"Feature","geometry":{"type":"Point","coordinates":[8.2635,47.07211]},"properties":{"age_h":128.4,"recency":3,"frp":0.9,"confidence":"nominal"}},{"type":"Feature","geometry":{"type":"Point","coordinates":[7.56072,47.17636]},"properties":{"age_h":128.4,"recency":3,"frp":2.1,"confidence":"nominal"}},{"type":"Feature","geometry":{"type":"Point","coordinates":[18.90318,47.27637]},"properties":{"age_h":128.4,"recency":3,"frp":0.9,"confidence":"nominal"}},{"type":"Feature","geometry":{"type":"Point","coordinates":[7.23315,47.63044]},"properties":{"age_h":128.4,"recency":3,"frp":0.3,"confidence":"nominal"}},{"type":"Feature","geometry":{"type":"Point","coordinates":[21.1877,48.60889]},"properties":{"age_h":128.4,"recency":3,"frp":2.6,"confidence":"nominal"}},{"type":"Feature","geometry":{"type":"Point","coordinates":[21.19618,48.6115]},"properties":{"age_h":128.4,"recency":3,"frp":2.1,"confidence":"nominal"}},{"type":"Feature","geometry":{"type":"Point","coordinates":[9.76665,49.95331]},"properties":{"age_h":128.4,"recency":3,"frp":0.6,"confidence":"nominal"}},{"type":"Feature","geometry":{"type":"Point","coordinates":[19.28428,50.33645]},"properties":{"age_h":128.4,"recency":3,"frp":1.5,"confidence":"nominal"}},{"type":"Feature","geometry":{"type":"Point","coordinates":[18.86903,50.34291]},"properties":{"age_h":128.4,"recency":3,"frp":0.9,"confidence":"nominal"}},{"type":"Feature","geometry":{"type":"Point","coordinates":[2.31489,51.04597]},"properties":{"age_h":128.4,"recency":3,"frp":1.4,"confidence":"nominal"}},{"type":"Feature","geometry":{"type":"Point","coordinates":[3.81772,51.1722]},"properties":{"age_h":128.4,"recency":3,"frp":1.7,"confidence":"nominal"}},{"type":"Feature","geometry":{"type":"Point","coordinates":[3.81265,51.17685]},"properties":{"age_h":128.4,"recency":3,"frp":3.0,"confidence":"nominal"}},{"type":"Feature","geometry":{"type":"Point","coordinates":[3.80665,51.17735]},"properties":{"age_h":128.4,"recency":3,"frp":3.0,"confidence":"nominal"}},{"type":"Feature","geometry":{"type":"Point","coordinates":[3.80558,51.17865]},"properties":{"age_h":128.4,"recency":3,"frp":1.2,"confidence":"nominal"}},{"type":"Feature","geometry":{"type":"Point","coordinates":[4.32327,51.18546]},"properties":{"age_h":128.4,"recency":3,"frp":0.9,"confidence":"nominal"}},{"type":"Feature","geometry":{"type":"Point","coordinates":[4.29355,51.87496]},"properties":{"age_h":128.4,"recency":3,"frp":1.1,"confidence":"nominal"}},{"type":"Feature","geometry":{"type":"Point","coordinates":[4.36277,51.88441]},"properties":{"age_h":128.4,"recency":3,"frp":0.8,"confidence":"nominal"}},{"type":"Feature","geometry":{"type":"Point","coordinates":[4.10366,51.94338]},"properties":{"age_h":128.4,"recency":3,"frp":0.5,"confidence":"nominal"}},{"type":"Feature","geometry":{"type":"Point","coordinates":[4.61327,52.47203]},"properties":{"age_h":128.4,"recency":3,"frp":0.6,"confidence":"nominal"}},{"type":"Feature","geometry":{"type":"Point","coordinates":[4.61425,52.4761]},"properties":{"age_h":128.4,"recency":3,"frp":0.8,"confidence":"nominal"}},{"type":"Feature","geometry":{"type":"Point","coordinates":[4.62984,52.49133]},"properties":{"age_h":128.4,"recency":3,"frp":0.8,"confidence":"nominal"}},{"type":"Feature","geometry":{"type":"Point","coordinates":[-0.55004,52.6396]},"properties":{"age_h":128.4,"recency":3,"frp":0.6,"confidence":"nominal"}},{"type":"Feature","geometry":{"type":"Point","coordinates":[10.02803,36.50019]},"properties":{"age_h":128.3,"recency":3,"frp":0.7,"confidence":"nominal"}},{"type":"Feature","geometry":{"type":"Point","coordinates":[10.31853,36.589]},"properties":{"age_h":128.3,"recency":3,"frp":1.1,"confidence":"nominal"}},{"type":"Feature","geometry":{"type":"Point","coordinates":[10.2,36.77647]},"properties":{"age_h":128.3,"recency":3,"frp":0.6,"confidence":"nominal"}},{"type":"Feature","geometry":{"type":"Point","coordinates":[14.99614,37.75452]},"properties":{"age_h":128.3,"recency":3,"frp":1.8,"confidence":"nominal"}},{"type":"Feature","geometry":{"type":"Point","coordinates":[24.05693,38.37287]},"properties":{"age_h":128.3,"recency":3,"frp":1.4,"confidence":"nominal"}},{"type":"Feature","geometry":{"type":"Point","coordinates":[15.21349,38.79676]},"properties":{"age_h":128.3,"recency":3,"frp":3.8,"confidence":"nominal"}},{"type":"Feature","geometry":{"type":"Point","coordinates":[-6.94161,38.88]},"properties":{"age_h":128.3,"recency":3,"frp":1.7,"confidence":"nominal"}},{"type":"Feature","geometry":{"type":"Point","coordinates":[-6.94798,38.88021]},"properties":{"age_h":128.3,"recency":3,"frp":1.7,"confidence":"nominal"}},{"type":"Feature","geometry":{"type":"Point","coordinates":[-5.82635,38.91362]},"properties":{"age_h":128.3,"recency":3,"frp":0.6,"confidence":"nominal"}},{"type":"Feature","geometry":{"type":"Point","coordinates":[-9.01762,38.92087]},"properties":{"age_h":128.3,"recency":3,"frp":1.1,"confidence":"nominal"}},{"type":"Feature","geometry":{"type":"Point","coordinates":[-5.84652,38.93827]},"properties":{"age_h":128.3,"recency":3,"frp":0.8,"confidence":"nominal"}},{"type":"Feature","geometry":{"type":"Point","coordinates":[-5.82422,38.94926]},"properties":{"age_h":128.3,"recency":3,"frp":2.0,"confidence":"nominal"}},{"type":"Feature","geometry":{"type":"Point","coordinates":[-5.77891,38.96519]},"properties":{"age_h":128.3,"recency":3,"frp":1.7,"confidence":"nominal"}},{"type":"Feature","geometry":{"type":"Point","coordinates":[-5.77689,38.96877]},"properties":{"age_h":128.3,"recency":3,"frp":2.2,"confidence":"nominal"}},{"type":"Feature","geometry":{"type":"Point","coordinates":[8.40512,39.21423]},"properties":{"age_h":128.3,"recency":3,"frp":0.8,"confidence":"nominal"}},{"type":"Feature","geometry":{"type":"Point","coordinates":[22.98061,39.35661]},"properties":{"age_h":128.3,"recency":3,"frp":0.6,"confidence":"nominal"}},{"type":"Feature","geometry":{"type":"Point","coordinates":[14.99178,40.2246]},"properties":{"age_h":128.3,"recency":3,"frp":0.7,"confidence":"nominal"}},{"type":"Feature","geometry":{"type":"Point","coordinates":[-3.47993,40.24495]},"properties":{"age_h":128.3,"recency":3,"frp":1.7,"confidence":"nominal"}},{"type":"Feature","geometry":{"type":"Point","coordinates":[-3.47931,40.2463]},"properties":{"age_h":128.3,"recency":3,"frp":2.1,"confidence":"nominal"}},{"type":"Feature","geometry":{"type":"Point","coordinates":[19.67909,40.29541]},"properties":{"age_h":128.3,"recency":3,"frp":1.0,"confidence":"nominal"}},{"type":"Feature","geometry":{"type":"Point","coordinates":[19.67574,40.29629]},"properties":{"age_h":128.3,"recency":3,"frp":1.0,"confidence":"nominal"}},{"type":"Feature","geometry":{"type":"Point","coordinates":[19.67931,40.29824]},"properties":{"age_h":128.3,"recency":3,"frp":1.1,"confidence":"nominal"}},{"type":"Feature","geometry":{"type":"Point","coordinates":[19.67593,40.29916]},"properties":{"age_h":128.3,"recency":3,"frp":0.9,"confidence":"nominal"}},{"type":"Feature","geometry":{"type":"Point","coordinates":[17.21581,40.5035]},"properties":{"age_h":128.3,"recency":3,"frp":1.6,"confidence":"nominal"}},{"type":"Feature","geometry":{"type":"Point","coordinates":[17.21004,40.5049]},"properties":{"age_h":128.3,"recency":3,"frp":1.4,"confidence":"nominal"}},{"type":"Feature","geometry":{"type":"Point","coordinates":[16.99427,40.58529]},"properties":{"age_h":128.3,"recency":3,"frp":2.6,"confidence":"nominal"}},{"type":"Feature","geometry":{"type":"Point","coordinates":[16.37539,40.5965]},"properties":{"age_h":128.3,"recency":3,"frp":0.6,"confidence":"nominal"}},{"type":"Feature","geometry":{"type":"Point","coordinates":[16.23364,40.60692]},"properties":{"age_h":128.3,"recency":3,"frp":0.5,"confidence":"nominal"}},{"type":"Feature","geometry":{"type":"Point","coordinates":[14.64385,40.6687]},"properties":{"age_h":128.3,"recency":3,"frp":2.0,"confidence":"nominal"}},{"type":"Feature","geometry":{"type":"Point","coordinates":[14.84631,40.73197]},"properties":{"age_h":128.3,"recency":3,"frp":1.1,"confidence":"nominal"}},{"type":"Feature","geometry":{"type":"Point","coordinates":[14.84212,40.73289]},"properties":{"age_h":128.3,"recency":3,"frp":1.1,"confidence":"nominal"}},{"type":"Feature","geometry":{"type":"Point","coordinates":[15.82677,40.76737]},"properties":{"age_h":128.3,"recency":3,"frp":1.6,"confidence":"nominal"}},{"type":"Feature","geometry":{"type":"Point","coordinates":[14.746,40.79133]},"properties":{"age_h":128.3,"recency":3,"frp":1.5,"confidence":"nominal"}},{"type":"Feature","geometry":{"type":"Point","coordinates":[19.56205,40.79253]},"properties":{"age_h":128.3,"recency":3,"frp":1.0,"confidence":"nominal"}},{"type":"Feature","geometry":{"type":"Point","coordinates":[19.55842,40.7935]},"properties":{"age_h":128.3,"recency":3,"frp":1.1,"confidence":"nominal"}},{"type":"Feature","geometry":{"type":"Point","coordinates":[15.66822,40.95216]},"properties":{"age_h":128.3,"recency":3,"frp":0.5,"confidence":"nominal"}},{"type":"Feature","geometry":{"type":"Point","coordinates":[15.30977,41.08858]},"properties":{"age_h":128.3,"recency":3,"frp":0.7,"confidence":"nominal"}},{"type":"Feature","geometry":{"type":"Point","coordinates":[1.66295,41.31163]},"properties":{"age_h":128.3,"recency":3,"frp":0.6,"confidence":"nominal"}},{"type":"Feature","geometry":{"type":"Point","coordinates":[15.40045,41.3817]},"properties":{"age_h":128.3,"recency":3,"frp":0.3,"confidence":"nominal"}},{"type":"Feature","geometry":{"type":"Point","coordinates":[19.77493,41.45727]},"properties":{"age_h":128.3,"recency":3,"frp":0.7,"confidence":"nominal"}},{"type":"Feature","geometry":{"type":"Point","coordinates":[19.7714,41.4582]},"properties":{"age_h":128.3,"recency":3,"frp":0.7,"confidence":"nominal"}},{"type":"Feature","geometry":{"type":"Point","coordinates":[19.7699,41.46395]},"properties":{"age_h":128.3,"recency":3,"frp":2.3,"confidence":"nominal"}},{"type":"Feature","geometry":{"type":"Point","coordinates":[19.72398,41.54655]},"properties":{"age_h":128.3,"recency":3,"frp":0.8,"confidence":"nominal"}},{"type":"Feature","geometry":{"type":"Point","coordinates":[12.839,41.55523]},"properties":{"age_h":128.3,"recency":3,"frp":0.4,"confidence":"nominal"}},{"type":"Feature","geometry":{"type":"Point","coordinates":[12.9439,41.59108]},"properties":{"age_h":128.3,"recency":3,"frp":2.6,"confidence":"nominal"}},{"type":"Feature","geometry":{"type":"Point","coordinates":[12.94959,41.59373]},"properties":{"age_h":128.3,"recency":3,"frp":1.5,"confidence":"nominal"}},{"type":"Feature","geometry":{"type":"Point","coordinates":[12.94445,41.59475]},"properties":{"age_h":128.3,"recency":3,"frp":1.5,"confidence":"nominal"}},{"type":"Feature","geometry":{"type":"Point","coordinates":[12.93942,41.59574]},"properties":{"age_h":128.3,"recency":3,"frp":3.6,"confidence":"nominal"}},{"type":"Feature","geometry":{"type":"Point","coordinates":[12.94518,41.59838]},"properties":{"age_h":128.3,"recency":3,"frp":1.5,"confidence":"nominal"}},{"type":"Feature","geometry":{"type":"Point","coordinates":[20.32324,41.61242]},"properties":{"age_h":128.3,"recency":3,"frp":0.5,"confidence":"nominal"}},{"type":"Feature","geometry":{"type":"Point","coordinates":[20.31258,41.6153]},"properties":{"age_h":128.3,"recency":3,"frp":0.7,"confidence":"nominal"}},{"type":"Feature","geometry":{"type":"Point","coordinates":[-5.26424,41.90235]},"properties":{"age_h":128.3,"recency":3,"frp":0.8,"confidence":"nominal"}},{"type":"Feature","geometry":{"type":"Point","coordinates":[-5.25928,41.90644]},"properties":{"age_h":128.3,"recency":3,"frp":1.1,"confidence":"nominal"}},{"type":"Feature","geometry":{"type":"Point","coordinates":[-7.63105,41.99933]},"properties":{"age_h":128.3,"recency":3,"frp":3.3,"confidence":"nominal"}},{"type":"Feature","geometry":{"type":"Point","coordinates":[-7.62555,42.01245]},"properties":{"age_h":128.3,"recency":3,"frp":2.4,"confidence":"nominal"}},{"type":"Feature","geometry":{"type":"Point","coordinates":[19.29462,42.26019]},"properties":{"age_h":128.3,"recency":3,"frp":8.0,"confidence":"nominal"}},{"type":"Feature","geometry":{"type":"Point","coordinates":[19.28795,42.26189]},"properties":{"age_h":128.3,"recency":3,"frp":8.0,"confidence":"nominal"}},{"type":"Feature","geometry":{"type":"Point","coordinates":[19.30344,42.26303]},"properties":{"age_h":128.3,"recency":3,"frp":4.7,"confidence":"nominal"}},{"type":"Feature","geometry":{"type":"Point","coordinates":[19.29675,42.26475]},"properties":{"age_h":128.3,"recency":3,"frp":9.4,"confidence":"nominal"}},{"type":"Feature","geometry":{"type":"Point","coordinates":[19.29006,42.26647]},"properties":{"age_h":128.3,"recency":3,"frp":9.4,"confidence":"nominal"}},{"type":"Feature","geometry":{"type":"Point","coordinates":[19.30556,42.26761]},"properties":{"age_h":128.3,"recency":3,"frp":4.7,"confidence":"nominal"}},{"type":"Feature","geometry":{"type":"Point","coordinates":[19.29886,42.26933]},"properties":{"age_h":128.3,"recency":3,"frp":9.4,"confidence":"nominal"}},{"type":"Feature","geometry":{"type":"Point","coordinates":[19.29218,42.27103]},"properties":{"age_h":128.3,"recency":3,"frp":9.4,"confidence":"nominal"}},{"type":"Feature","geometry":{"type":"Point","coordinates":[19.36712,42.3031]},"properties":{"age_h":128.3,"recency":3,"frp":5.1,"confidence":"nominal"}},{"type":"Feature","geometry":{"type":"Point","coordinates":[19.3604,42.30481]},"properties":{"age_h":128.3,"recency":3,"frp":6.2,"confidence":"nominal"}},{"type":"Feature","geometry":{"type":"Point","coordinates":[19.36124,42.30494]},"properties":{"age_h":128.3,"recency":3,"frp":15.2,"confidence":"nominal"}},{"type":"Feature","geometry":{"type":"Point","coordinates":[19.3536,42.30654]},"properties":{"age_h":128.3,"recency":3,"frp":6.2,"confidence":"nominal"}},{"type":"Feature","geometry":{"type":"Point","coordinates":[19.35447,42.30669]},"properties":{"age_h":128.3,"recency":3,"frp":2.6,"confidence":"nominal"}},{"type":"Feature","geometry":{"type":"Point","coordinates":[19.36242,42.30942]},"properties":{"age_h":128.3,"recency":3,"frp":5.9,"confidence":"nominal"}},{"type":"Feature","geometry":{"type":"Point","coordinates":[19.36325,42.30954]},"properties":{"age_h":128.3,"recency":3,"frp":3.5,"confidence":"nominal"}},{"type":"Feature","geometry":{"type":"Point","coordinates":[19.35566,42.31113]},"properties":{"age_h":128.3,"recency":3,"frp":5.9,"confidence":"nominal"}},{"type":"Feature","geometry":{"type":"Point","coordinates":[19.35653,42.31129]},"properties":{"age_h":128.3,"recency":3,"frp":8.6,"confidence":"nominal"}},{"type":"Feature","geometry":{"type":"Point","coordinates":[-6.77416,42.55038]},"properties":{"age_h":128.3,"recency":3,"frp":1.0,"confidence":"nominal"}},{"type":"Feature","geometry":{"type":"Point","coordinates":[-6.77425,42.55457]},"properties":{"age_h":128.3,"recency":3,"frp":1.2,"confidence":"nominal"}},{"type":"Feature","geometry":{"type":"Point","coordinates":[12.67656,42.57283]},"properties":{"age_h":128.3,"recency":3,"frp":1.2,"confidence":"nominal"}},{"type":"Feature","geometry":{"type":"Point","coordinates":[-2.22025,43.03637]},"properties":{"age_h":128.3,"recency":3,"frp":0.6,"confidence":"nominal"}},{"type":"Feature","geometry":{"type":"Point","coordinates":[-2.21954,43.04146]},"properties":{"age_h":128.3,"recency":3,"frp":0.6,"confidence":"nominal"}},{"type":"Feature","geometry":{"type":"Point","coordinates":[12.54292,43.36446]},"properties":{"age_h":128.3,"recency":3,"frp":1.0,"confidence":"nominal"}},{"type":"Feature","geometry":{"type":"Point","coordinates":[-3.84222,43.41314]},"properties":{"age_h":128.3,"recency":3,"frp":0.7,"confidence":"nominal"}},{"type":"Feature","geometry":{"type":"Point","coordinates":[4.84179,43.44714]},"properties":{"age_h":128.3,"recency":3,"frp":1.6,"confidence":"nominal"}},{"type":"Feature","geometry":{"type":"Point","coordinates":[4.89495,43.44813]},"properties":{"age_h":128.3,"recency":3,"frp":2.0,"confidence":"nominal"}},{"type":"Feature","geometry":{"type":"Point","coordinates":[4.89648,43.44873]},"properties":{"age_h":128.3,"recency":3,"frp":2.2,"confidence":"nominal"}},{"type":"Feature","geometry":{"type":"Point","coordinates":[5.46188,43.4537]},"properties":{"age_h":128.3,"recency":3,"frp":0.7,"confidence":"nominal"}},{"type":"Feature","geometry":{"type":"Point","coordinates":[-6.44204,43.47961]},"properties":{"age_h":128.3,"recency":3,"frp":0.6,"confidence":"nominal"}},{"type":"Feature","geometry":{"type":"Point","coordinates":[-6.44372,43.48288]},"properties":{"age_h":128.3,"recency":3,"frp":0.5,"confidence":"nominal"}},{"type":"Feature","geometry":{"type":"Point","coordinates":[-5.74066,43.52707]},"properties":{"age_h":128.3,"recency":3,"frp":3.7,"confidence":"nominal"}},{"type":"Feature","geometry":{"type":"Point","coordinates":[1.22718,43.98832]},"properties":{"age_h":128.3,"recency":3,"frp":0.5,"confidence":"nominal"}},{"type":"Feature","geometry":{"type":"Point","coordinates":[8.29398,44.37942]},"properties":{"age_h":128.3,"recency":3,"frp":1.6,"confidence":"nominal"}},{"type":"Feature","geometry":{"type":"Point","coordinates":[8.28911,44.38013]},"properties":{"age_h":128.3,"recency":3,"frp":1.4,"confidence":"nominal"}},{"type":"Feature","geometry":{"type":"Point","coordinates":[0.32692,34.80128]},"properties":{"age_h":128.3,"recency":3,"frp":0.5,"confidence":"nominal"}},{"type":"Feature","geometry":{"type":"Point","coordinates":[5.64755,35.09602]},"properties":{"age_h":128.3,"recency":3,"frp":1.2,"confidence":"nominal"}},{"type":"Feature","geometry":{"type":"Point","coordinates":[8.17318,35.23104]},"properties":{"age_h":128.3,"recency":3,"frp":1.6,"confidence":"nominal"}},{"type":"Feature","geometry":{"type":"Point","coordinates":[-1.343,35.31194]},"properties":{"age_h":128.3,"recency":3,"frp":0.7,"confidence":"nominal"}},{"type":"Feature","geometry":{"type":"Point","coordinates":[-1.34466,35.31388]},"properties":{"age_h":128.3,"recency":3,"frp":0.9,"confidence":"nominal"}},{"type":"Feature","geometry":{"type":"Point","coordinates":[5.76058,35.34763]},"properties":{"age_h":128.3,"recency":3,"frp":0.8,"confidence":"nominal"}},{"type":"Feature","geometry":{"type":"Point","coordinates":[-0.27764,35.53345]},"properties":{"age_h":128.3,"recency":3,"frp":0.8,"confidence":"nominal"}},{"type":"Feature","geometry":{"type":"Point","coordinates":[-0.9407,35.56886]},"properties":{"age_h":128.3,"recency":3,"frp":1.1,"confidence":"nominal"}},{"type":"Feature","geometry":{"type":"Point","coordinates":[9.88907,35.77461]},"properties":{"age_h":128.3,"recency":3,"frp":1.2,"confidence":"nominal"}},{"type":"Feature","geometry":{"type":"Point","coordinates":[0.54026,35.78528]},"properties":{"age_h":128.3,"recency":3,"frp":0.6,"confidence":"nominal"}},{"type":"Feature","geometry":{"type":"Point","coordinates":[-0.31578,35.7896]},"properties":{"age_h":128.3,"recency":3,"frp":0.5,"confidence":"nominal"}},{"type":"Feature","geometry":{"type":"Point","coordinates":[-0.24004,35.81211]},"properties":{"age_h":128.3,"recency":3,"frp":2.8,"confidence":"nominal"}},{"type":"Feature","geometry":{"type":"Point","coordinates":[8.59411,35.85192]},"properties":{"age_h":128.3,"recency":3,"frp":0.5,"confidence":"nominal"}},{"type":"Feature","geometry":{"type":"Point","coordinates":[1.24125,36.12783]},"properties":{"age_h":128.3,"recency":3,"frp":2.3,"confidence":"nominal"}},{"type":"Feature","geometry":{"type":"Point","coordinates":[1.24138,36.12794]},"properties":{"age_h":128.3,"recency":3,"frp":2.5,"confidence":"nominal"}},{"type":"Feature","geometry":{"type":"Point","coordinates":[2.92618,36.14009]},"properties":{"age_h":128.3,"recency":3,"frp":0.6,"confidence":"nominal"}},{"type":"Feature","geometry":{"type":"Point","coordinates":[10.28434,36.15911]},"properties":{"age_h":128.3,"recency":3,"frp":1.1,"confidence":"nominal"}},{"type":"Feature","geometry":{"type":"Point","coordinates":[5.57296,36.17817]},"properties":{"age_h":128.3,"recency":3,"frp":1.1,"confidence":"nominal"}},{"type":"Feature","geometry":{"type":"Point","coordinates":[2.57823,36.53661]},"properties":{"age_h":128.3,"recency":3,"frp":0.8,"confidence":"nominal"}},{"type":"Feature","geometry":{"type":"Point","coordinates":[3.16552,36.54346]},"properties":{"age_h":128.3,"recency":3,"frp":3.0,"confidence":"nominal"}},{"type":"Feature","geometry":{"type":"Point","coordinates":[3.13394,36.59877]},"properties":{"age_h":128.3,"recency":3,"frp":0.5,"confidence":"nominal"}},{"type":"Feature","geometry":{"type":"Point","coordinates":[3.00132,36.6227]},"properties":{"age_h":128.3,"recency":3,"frp":0.4,"confidence":"nominal"}},{"type":"Feature","geometry":{"type":"Point","coordinates":[3.97676,36.73142]},"properties":{"age_h":128.3,"recency":3,"frp":2.5,"confidence":"nominal"}},{"type":"Feature","geometry":{"type":"Point","coordinates":[6.95805,36.88269]},"properties":{"age_h":128.3,"recency":3,"frp":0.6,"confidence":"nominal"}},{"type":"Feature","geometry":{"type":"Point","coordinates":[-8.80698,37.9516]},"properties":{"age_h":128.3,"recency":3,"frp":2.3,"confidence":"nominal"}},{"type":"Feature","geometry":{"type":"Point","coordinates":[-8.80935,37.95227]},"properties":{"age_h":128.3,"recency":3,"frp":1.3,"confidence":"nominal"}},{"type":"Feature","geometry":{"type":"Point","coordinates":[5.29432,61.77188]},"properties":{"age_h":126.8,"recency":3,"frp":0.9,"confidence":"nominal"}},{"type":"Feature","geometry":{"type":"Point","coordinates":[-1.77286,58.30644]},"properties":{"age_h":126.7,"recency":3,"frp":0.7,"confidence":"nominal"}},{"type":"Feature","geometry":{"type":"Point","coordinates":[5.51969,59.26996]},"properties":{"age_h":126.7,"recency":3,"frp":1.2,"confidence":"nominal"}},{"type":"Feature","geometry":{"type":"Point","coordinates":[1.53141,59.54783]},"properties":{"age_h":126.7,"recency":3,"frp":0.7,"confidence":"nominal"}},{"type":"Feature","geometry":{"type":"Point","coordinates":[3.81429,51.17742]},"properties":{"age_h":126.7,"recency":3,"frp":1.4,"confidence":"nominal"}},{"type":"Feature","geometry":{"type":"Point","coordinates":[6.70143,51.48354]},"properties":{"age_h":126.7,"recency":3,"frp":2.5,"confidence":"nominal"}},{"type":"Feature","geometry":{"type":"Point","coordinates":[6.69489,51.48588]},"properties":{"age_h":126.7,"recency":3,"frp":2.5,"confidence":"nominal"}},{"type":"Feature","geometry":{"type":"Point","coordinates":[-0.59139,53.56646]},"properties":{"age_h":126.7,"recency":3,"frp":3.2,"confidence":"nominal"}},{"type":"Feature","geometry":{"type":"Point","coordinates":[-0.61844,53.58322]},"properties":{"age_h":126.7,"recency":3,"frp":1.4,"confidence":"nominal"}},{"type":"Feature","geometry":{"type":"Point","coordinates":[-0.61765,53.58361]},"properties":{"age_h":126.7,"recency":3,"frp":1.6,"confidence":"nominal"}},{"type":"Feature","geometry":{"type":"Point","coordinates":[-5.76951,54.72613]},"properties":{"age_h":126.7,"recency":3,"frp":0.8,"confidence":"nominal"}},{"type":"Feature","geometry":{"type":"Point","coordinates":[-3.47424,40.24282]},"properties":{"age_h":126.7,"recency":3,"frp":1.8,"confidence":"nominal"}},{"type":"Feature","geometry":{"type":"Point","coordinates":[-3.47911,40.24423]},"properties":{"age_h":126.7,"recency":3,"frp":2.0,"confidence":"nominal"}},{"type":"Feature","geometry":{"type":"Point","coordinates":[-5.38758,41.5212]},"properties":{"age_h":126.7,"recency":3,"frp":1.0,"confidence":"nominal"}},{"type":"Feature","geometry":{"type":"Point","coordinates":[-8.47574,41.76337]},"properties":{"age_h":126.7,"recency":3,"frp":0.8,"confidence":"nominal"}},{"type":"Feature","geometry":{"type":"Point","coordinates":[-5.26098,41.90233]},"properties":{"age_h":126.7,"recency":3,"frp":1.5,"confidence":"nominal"}},{"type":"Feature","geometry":{"type":"Point","coordinates":[-3.83759,43.41434]},"properties":{"age_h":126.7,"recency":3,"frp":0.6,"confidence":"nominal"}},{"type":"Feature","geometry":{"type":"Point","coordinates":[-5.73488,43.52273]},"properties":{"age_h":126.7,"recency":3,"frp":4.1,"confidence":"nominal"}},{"type":"Feature","geometry":{"type":"Point","coordinates":[-3.75139,47.86433]},"properties":{"age_h":126.7,"recency":3,"frp":0.6,"confidence":"nominal"}},{"type":"Feature","geometry":{"type":"Point","coordinates":[-1.34605,35.31228]},"properties":{"age_h":126.6,"recency":3,"frp":1.4,"confidence":"nominal"}},{"type":"Feature","geometry":{"type":"Point","coordinates":[-6.30696,36.83665]},"properties":{"age_h":126.6,"recency":3,"frp":1.1,"confidence":"nominal"}},{"type":"Feature","geometry":{"type":"Point","coordinates":[-6.30277,36.83781]},"properties":{"age_h":126.6,"recency":3,"frp":0.8,"confidence":"nominal"}},{"type":"Feature","geometry":{"type":"Point","coordinates":[-6.30696,36.83895]},"properties":{"age_h":126.6,"recency":3,"frp":0.9,"confidence":"nominal"}},{"type":"Feature","geometry":{"type":"Point","coordinates":[-6.37213,37.28469]},"properties":{"age_h":126.6,"recency":3,"frp":1.6,"confidence":"nominal"}},{"type":"Feature","geometry":{"type":"Point","coordinates":[-6.37099,37.28835]},"properties":{"age_h":126.6,"recency":3,"frp":1.5,"confidence":"nominal"}},{"type":"Feature","geometry":{"type":"Point","coordinates":[-6.28929,38.44157]},"properties":{"age_h":126.6,"recency":3,"frp":0.4,"confidence":"nominal"}},{"type":"Feature","geometry":{"type":"Point","coordinates":[-4.05923,38.67854]},"properties":{"age_h":126.6,"recency":3,"frp":2.1,"confidence":"nominal"}},{"type":"Feature","geometry":{"type":"Point","coordinates":[-4.06098,38.68004]},"properties":{"age_h":126.6,"recency":3,"frp":1.3,"confidence":"nominal"}},{"type":"Feature","geometry":{"type":"Point","coordinates":[-5.82354,38.91386]},"properties":{"age_h":126.6,"recency":3,"frp":0.2,"confidence":"nominal"}},{"type":"Feature","geometry":{"type":"Point","coordinates":[-5.82575,38.94828]},"properties":{"age_h":126.6,"recency":3,"frp":1.0,"confidence":"nominal"}},{"type":"Feature","geometry":{"type":"Point","coordinates":[-5.82617,38.94835]},"properties":{"age_h":126.6,"recency":3,"frp":1.0,"confidence":"nominal"}},{"type":"Feature","geometry":{"type":"Point","coordinates":[-5.7768,38.96893]},"properties":{"age_h":126.6,"recency":3,"frp":1.0,"confidence":"nominal"}},{"type":"Feature","geometry":{"type":"Point","coordinates":[-8.90873,39.68641]},"properties":{"age_h":126.6,"recency":3,"frp":0.9,"confidence":"nominal"}},{"type":"Feature","geometry":{"type":"Point","coordinates":[-8.42031,40.28772]},"properties":{"age_h":126.6,"recency":3,"frp":1.5,"confidence":"nominal"}},{"type":"Feature","geometry":{"type":"Point","coordinates":[40.26593,35.9379]},"properties":{"age_h":120.3,"recency":3,"frp":7.0,"confidence":"nominal"}},{"type":"Feature","geometry":{"type":"Point","coordinates":[40.26777,35.93839]},"properties":{"age_h":120.3,"recency":3,"frp":8.8,"confidence":"high"}},{"type":"Feature","geometry":{"type":"Point","coordinates":[39.93487,35.95424]},"properties":{"age_h":120.3,"recency":3,"frp":3.9,"confidence":"nominal"}},{"type":"Feature","geometry":{"type":"Point","coordinates":[41.88118,36.13992]},"properties":{"age_h":120.3,"recency":3,"frp":3.7,"confidence":"nominal"}},{"type":"Feature","geometry":{"type":"Point","coordinates":[38.59905,36.20958]},"properties":{"age_h":120.3,"recency":3,"frp":4.1,"confidence":"nominal"}},{"type":"Feature","geometry":{"type":"Point","coordinates":[38.59784,36.21037]},"properties":{"age_h":120.3,"recency":3,"frp":4.8,"confidence":"nominal"}},{"type":"Feature","geometry":{"type":"Point","coordinates":[37.22506,36.52504]},"properties":{"age_h":120.3,"recency":3,"frp":10.3,"confidence":"nominal"}},{"type":"Feature","geometry":{"type":"Point","coordinates":[40.54534,36.52643]},"properties":{"age_h":120.3,"recency":3,"frp":5.0,"confidence":"nominal"}},{"type":"Feature","geometry":{"type":"Point","coordinates":[37.06649,36.54181]},"properties":{"age_h":120.3,"recency":3,"frp":5.4,"confidence":"nominal"}},{"type":"Feature","geometry":{"type":"Point","coordinates":[37.06548,36.54284]},"properties":{"age_h":120.3,"recency":3,"frp":5.7,"confidence":"nominal"}},{"type":"Feature","geometry":{"type":"Point","coordinates":[38.9449,36.56921]},"properties":{"age_h":120.3,"recency":3,"frp":1.8,"confidence":"nominal"}},{"type":"Feature","geometry":{"type":"Point","coordinates":[41.27147,36.58585]},"properties":{"age_h":120.3,"recency":3,"frp":1.9,"confidence":"nominal"}},{"type":"Feature","geometry":{"type":"Point","coordinates":[39.13268,36.6257]},"properties":{"age_h":120.3,"recency":3,"frp":11.4,"confidence":"nominal"}},{"type":"Feature","geometry":{"type":"Point","coordinates":[39.13108,36.6292]},"properties":{"age_h":120.3,"recency":3,"frp":8.4,"confidence":"nominal"}},{"type":"Feature","geometry":{"type":"Point","coordinates":[40.79921,36.66]},"properties":{"age_h":120.3,"recency":3,"frp":4.0,"confidence":"nominal"}},{"type":"Feature","geometry":{"type":"Point","coordinates":[40.79975,36.66105]},"properties":{"age_h":120.3,"recency":3,"frp":3.8,"confidence":"nominal"}},{"type":"Feature","geometry":{"type":"Point","coordinates":[40.52244,36.74497]},"properties":{"age_h":120.3,"recency":3,"frp":3.6,"confidence":"nominal"}},{"type":"Feature","geometry":{"type":"Point","coordinates":[41.99139,36.75285]},"properties":{"age_h":120.3,"recency":3,"frp":3.4,"confidence":"nominal"}},{"type":"Feature","geometry":{"type":"Point","coordinates":[40.29249,36.79247]},"properties":{"age_h":120.3,"recency":3,"frp":9.4,"confidence":"high"}},{"type":"Feature","geometry":{"type":"Point","coordinates":[40.36704,36.82651]},"properties":{"age_h":120.3,"recency":3,"frp":5.5,"confidence":"nominal"}},{"type":"Feature","geometry":{"type":"Point","coordinates":[40.6284,36.91278]},"properties":{"age_h":120.3,"recency":3,"frp":5.9,"confidence":"nominal"}},{"type":"Feature","geometry":{"type":"Point","coordinates":[41.75013,36.9188]},"properties":{"age_h":120.3,"recency":3,"frp":3.0,"confidence":"nominal"}},{"type":"Feature","geometry":{"type":"Point","coordinates":[41.74657,36.92305]},"properties":{"age_h":120.3,"recency":3,"frp":2.4,"confidence":"nominal"}},{"type":"Feature","geometry":{"type":"Point","coordinates":[40.51903,36.92664]},"properties":{"age_h":120.3,"recency":3,"frp":6.8,"confidence":"nominal"}},{"type":"Feature","geometry":{"type":"Point","coordinates":[40.44477,36.92887]},"properties":{"age_h":120.3,"recency":3,"frp":10.8,"confidence":"high"}},{"type":"Feature","geometry":{"type":"Point","coordinates":[40.51521,36.92976]},"properties":{"age_h":120.3,"recency":3,"frp":7.2,"confidence":"nominal"}},{"type":"Feature","geometry":{"type":"Point","coordinates":[41.34671,36.94985]},"properties":{"age_h":120.3,"recency":3,"frp":4.2,"confidence":"nominal"}},{"type":"Feature","geometry":{"type":"Point","coordinates":[40.64387,37.05384]},"properties":{"age_h":120.3,"recency":3,"frp":4.8,"confidence":"nominal"}},{"type":"Feature","geometry":{"type":"Point","coordinates":[40.64491,37.05481]},"properties":{"age_h":120.3,"recency":3,"frp":5.1,"confidence":"nominal"}},{"type":"Feature","geometry":{"type":"Point","coordinates":[40.58262,37.13629]},"properties":{"age_h":120.3,"recency":3,"frp":24.8,"confidence":"nominal"}},{"type":"Feature","geometry":{"type":"Point","coordinates":[40.57946,37.13657]},"properties":{"age_h":120.3,"recency":3,"frp":11.8,"confidence":"nominal"}},{"type":"Feature","geometry":{"type":"Point","coordinates":[40.58458,37.13799]},"properties":{"age_h":120.3,"recency":3,"frp":11.8,"confidence":"high"}},{"type":"Feature","geometry":{"type":"Point","coordinates":[39.08456,37.49534]},"properties":{"age_h":120.3,"recency":3,"frp":7.5,"confidence":"nominal"}},{"type":"Feature","geometry":{"type":"Point","coordinates":[39.08437,37.49691]},"properties":{"age_h":120.3,"recency":3,"frp":3.2,"confidence":"nominal"}},{"type":"Feature","geometry":{"type":"Point","coordinates":[39.51226,37.50232]},"properties":{"age_h":120.3,"recency":3,"frp":16.1,"confidence":"nominal"}},{"type":"Feature","geometry":{"type":"Point","coordinates":[39.51296,37.50296]},"properties":{"age_h":120.3,"recency":3,"frp":15.7,"confidence":"nominal"}},{"type":"Feature","geometry":{"type":"Point","coordinates":[39.51798,37.50398]},"properties":{"age_h":120.3,"recency":3,"frp":24.1,"confidence":"high"}},{"type":"Feature","geometry":{"type":"Point","coordinates":[39.51866,37.50464]},"properties":{"age_h":120.3,"recency":3,"frp":13.0,"confidence":"nominal"}},{"type":"Feature","geometry":{"type":"Point","coordinates":[39.5013,37.51236]},"properties":{"age_h":120.3,"recency":3,"frp":18.2,"confidence":"nominal"}},{"type":"Feature","geometry":{"type":"Point","coordinates":[39.50703,37.51402]},"properties":{"age_h":120.3,"recency":3,"frp":18.2,"confidence":"high"}},{"type":"Feature","geometry":{"type":"Point","coordinates":[39.50778,37.51465]},"properties":{"age_h":120.3,"recency":3,"frp":71.7,"confidence":"high"}},{"type":"Feature","geometry":{"type":"Point","coordinates":[39.49864,37.51819]},"properties":{"age_h":120.3,"recency":3,"frp":15.5,"confidence":"nominal"}},{"type":"Feature","geometry":{"type":"Point","coordinates":[39.50441,37.51986]},"properties":{"age_h":120.3,"recency":3,"frp":15.5,"confidence":"high"}},{"type":"Feature","geometry":{"type":"Point","coordinates":[38.02929,37.54127]},"properties":{"age_h":120.3,"recency":3,"frp":17.9,"confidence":"high"}},{"type":"Feature","geometry":{"type":"Point","coordinates":[38.03011,37.54218]},"properties":{"age_h":120.3,"recency":3,"frp":17.3,"confidence":"high"}},{"type":"Feature","geometry":{"type":"Point","coordinates":[39.57643,37.54807]},"properties":{"age_h":120.3,"recency":3,"frp":3.9,"confidence":"nominal"}},{"type":"Feature","geometry":{"type":"Point","coordinates":[38.06112,37.57241]},"properties":{"age_h":120.3,"recency":3,"frp":4.4,"confidence":"nominal"}},{"type":"Feature","geometry":{"type":"Point","coordinates":[39.6004,37.59451]},"properties":{"age_h":120.3,"recency":3,"frp":4.8,"confidence":"nominal"}},{"type":"Feature","geometry":{"type":"Point","coordinates":[40.46162,37.94786]},"properties":{"age_h":120.3,"recency":3,"frp":5.8,"confidence":"nominal"}},{"type":"Feature","geometry":{"type":"Point","coordinates":[40.43513,38.05298]},"properties":{"age_h":120.3,"recency":3,"frp":4.8,"confidence":"nominal"}},{"type":"Feature","geometry":{"type":"Point","coordinates":[40.4403,38.05443]},"properties":{"age_h":120.3,"recency":3,"frp":5.9,"confidence":"nominal"}},{"type":"Feature","geometry":{"type":"Point","coordinates":[40.37768,38.09995]},"properties":{"age_h":120.3,"recency":3,"frp":3.0,"confidence":"nominal"}},{"type":"Feature","geometry":{"type":"Point","coordinates":[40.47231,38.1269]},"properties":{"age_h":120.3,"recency":3,"frp":4.6,"confidence":"nominal"}},{"type":"Feature","geometry":{"type":"Point","coordinates":[40.30407,38.1539]},"properties":{"age_h":120.3,"recency":3,"frp":2.8,"confidence":"nominal"}},{"type":"Feature","geometry":{"type":"Point","coordinates":[40.40618,38.23835]},"properties":{"age_h":120.3,"recency":3,"frp":4.0,"confidence":"nominal"}},{"type":"Feature","geometry":{"type":"Point","coordinates":[40.41089,38.23965]},"properties":{"age_h":120.3,"recency":3,"frp":4.0,"confidence":"nominal"}},{"type":"Feature","geometry":{"type":"Point","coordinates":[40.40784,38.23996]},"properties":{"age_h":120.3,"recency":3,"frp":6.6,"confidence":"nominal"}},{"type":"Feature","geometry":{"type":"Point","coordinates":[40.30518,39.7473]},"properties":{"age_h":120.3,"recency":3,"frp":3.7,"confidence":"nominal"}},{"type":"Feature","geometry":{"type":"Point","coordinates":[41.95446,39.94882]},"properties":{"age_h":120.3,"recency":3,"frp":1.4,"confidence":"nominal"}},{"type":"Feature","geometry":{"type":"Point","coordinates":[41.53624,40.84263]},"properties":{"age_h":120.3,"recency":3,"frp":1.8,"confidence":"nominal"}},{"type":"Feature","geometry":{"type":"Point","coordinates":[36.97321,47.47835]},"properties":{"age_h":120.3,"recency":3,"frp":4.5,"confidence":"nominal"}},{"type":"Feature","geometry":{"type":"Point","coordinates":[36.97761,47.47961]},"properties":{"age_h":120.3,"recency":3,"frp":6.7,"confidence":"high"}},{"type":"Feature","geometry":{"type":"Point","coordinates":[36.98198,47.48088]},"properties":{"age_h":120.3,"recency":3,"frp":6.7,"confidence":"nominal"}},{"type":"Feature","geometry":{"type":"Point","coordinates":[35.9902,34.64405]},"properties":{"age_h":118.7,"recency":2,"frp":2.2,"confidence":"nominal"}},{"type":"Feature","geometry":{"type":"Point","coordinates":[36.75333,34.7834]},"properties":{"age_h":118.7,"recency":2,"frp":6.2,"confidence":"nominal"}},{"type":"Feature","geometry":{"type":"Point","coordinates":[36.90163,35.37914]},"properties":{"age_h":118.7,"recency":2,"frp":3.9,"confidence":"nominal"}},{"type":"Feature","geometry":{"type":"Point","coordinates":[38.64964,35.57789]},"properties":{"age_h":118.7,"recency":2,"frp":4.5,"confidence":"nominal"}},{"type":"Feature","geometry":{"type":"Point","coordinates":[36.31016,36.31953]},"properties":{"age_h":118.7,"recency":2,"frp":3.5,"confidence":"nominal"}},{"type":"Feature","geometry":{"type":"Point","coordinates":[37.14204,36.41079]},"properties":{"age_h":118.7,"recency":2,"frp":4.6,"confidence":"nominal"}},{"type":"Feature","geometry":{"type":"Point","coordinates":[37.14798,36.43203]},"properties":{"age_h":118.7,"recency":2,"frp":2.7,"confidence":"nominal"}},{"type":"Feature","geometry":{"type":"Point","coordinates":[41.14758,36.51314]},"properties":{"age_h":118.7,"recency":2,"frp":3.0,"confidence":"nominal"}},{"type":"Feature","geometry":{"type":"Point","coordinates":[35.53423,36.64977]},"properties":{"age_h":118.7,"recency":2,"frp":1.7,"confidence":"nominal"}},{"type":"Feature","geometry":{"type":"Point","coordinates":[39.2206,36.69194]},"properties":{"age_h":118.7,"recency":2,"frp":1.6,"confidence":"nominal"}},{"type":"Feature","geometry":{"type":"Point","coordinates":[40.51727,36.74304]},"properties":{"age_h":118.7,"recency":2,"frp":5.9,"confidence":"nominal"}},{"type":"Feature","geometry":{"type":"Point","coordinates":[40.52158,36.7433]},"properties":{"age_h":118.7,"recency":2,"frp":7.0,"confidence":"nominal"}},{"type":"Feature","geometry":{"type":"Point","coordinates":[40.51667,36.7448]},"properties":{"age_h":118.7,"recency":2,"frp":5.7,"confidence":"nominal"}},{"type":"Feature","geometry":{"type":"Point","coordinates":[40.52098,36.74503]},"properties":{"age_h":118.7,"recency":2,"frp":7.3,"confidence":"nominal"}},{"type":"Feature","geometry":{"type":"Point","coordinates":[41.99537,36.74719]},"properties":{"age_h":118.7,"recency":2,"frp":4.3,"confidence":"nominal"}},{"type":"Feature","geometry":{"type":"Point","coordinates":[39.9456,36.7491]},"properties":{"age_h":118.7,"recency":2,"frp":2.6,"confidence":"nominal"}},{"type":"Feature","geometry":{"type":"Point","coordinates":[39.41376,36.75101]},"properties":{"age_h":118.7,"recency":2,"frp":3.7,"confidence":"nominal"}},{"type":"Feature","geometry":{"type":"Point","coordinates":[39.41748,36.75126]},"properties":{"age_h":118.7,"recency":2,"frp":4.1,"confidence":"nominal"}},{"type":"Feature","geometry":{"type":"Point","coordinates":[40.09514,36.76357]},"properties":{"age_h":118.7,"recency":2,"frp":15.2,"confidence":"high"}},{"type":"Feature","geometry":{"type":"Point","coordinates":[40.09919,36.76382]},"properties":{"age_h":118.7,"recency":2,"frp":9.6,"confidence":"nominal"}},{"type":"Feature","geometry":{"type":"Point","coordinates":[40.50487,36.88751]},"properties":{"age_h":118.7,"recency":2,"frp":5.0,"confidence":"nominal"}},{"type":"Feature","geometry":{"type":"Point","coordinates":[41.74875,36.92228]},"properties":{"age_h":118.7,"recency":2,"frp":2.3,"confidence":"nominal"}},{"type":"Feature","geometry":{"type":"Point","coordinates":[35.74137,36.94513]},"properties":{"age_h":118.7,"recency":2,"frp":2.4,"confidence":"nominal"}},{"type":"Feature","geometry":{"type":"Point","coordinates":[34.92046,36.94685]},"properties":{"age_h":118.7,"recency":2,"frp":3.9,"confidence":"nominal"}},{"type":"Feature","geometry":{"type":"Point","coordinates":[34.92106,36.94855]},"properties":{"age_h":118.7,"recency":2,"frp":2.5,"confidence":"nominal"}},{"type":"Feature","geometry":{"type":"Point","coordinates":[40.5707,36.97891]},"properties":{"age_h":118.7,"recency":2,"frp":3.0,"confidence":"nominal"}},{"type":"Feature","geometry":{"type":"Point","coordinates":[40.56799,36.97999]},"properties":{"age_h":118.7,"recency":2,"frp":1.7,"confidence":"nominal"}},{"type":"Feature","geometry":{"type":"Point","coordinates":[41.42387,36.99339]},"properties":{"age_h":118.7,"recency":2,"frp":9.8,"confidence":"nominal"}},{"type":"Feature","geometry":{"type":"Point","coordinates":[41.42876,36.99365]},"properties":{"age_h":118.7,"recency":2,"frp":9.8,"confidence":"high"}},{"type":"Feature","geometry":{"type":"Point","coordinates":[41.42344,36.99911]},"properties":{"age_h":118.7,"recency":2,"frp":7.5,"confidence":"nominal"}},{"type":"Feature","geometry":{"type":"Point","coordinates":[41.42833,36.99936]},"properties":{"age_h":118.7,"recency":2,"frp":7.5,"confidence":"high"}},{"type":"Feature","geometry":{"type":"Point","coordinates":[40.64188,37.05009]},"properties":{"age_h":118.7,"recency":2,"frp":3.0,"confidence":"nominal"}},{"type":"Feature","geometry":{"type":"Point","coordinates":[35.82696,37.06451]},"properties":{"age_h":118.7,"recency":2,"frp":3.0,"confidence":"nominal"}},{"type":"Feature","geometry":{"type":"Point","coordinates":[41.65694,37.09864]},"properties":{"age_h":118.7,"recency":2,"frp":1.8,"confidence":"nominal"}},{"type":"Feature","geometry":{"type":"Point","coordinates":[39.89031,37.23605]},"properties":{"age_h":118.7,"recency":2,"frp":1.8,"confidence":"nominal"}},{"type":"Feature","geometry":{"type":"Point","coordinates":[35.75465,37.25456]},"properties":{"age_h":118.7,"recency":2,"frp":7.5,"confidence":"nominal"}},{"type":"Feature","geometry":{"type":"Point","coordinates":[29.53587,37.26861]},"properties":{"age_h":118.7,"recency":2,"frp":1.1,"confidence":"nominal"}},{"type":"Feature","geometry":{"type":"Point","coordinates":[27.71601,37.28198]},"properties":{"age_h":118.7,"recency":2,"frp":3.8,"confidence":"nominal"}},{"type":"Feature","geometry":{"type":"Point","coordinates":[29.48477,37.38017]},"properties":{"age_h":118.7,"recency":2,"frp":1.6,"confidence":"nominal"}},{"type":"Feature","geometry":{"type":"Point","coordinates":[39.21922,37.43702]},"properties":{"age_h":118.7,"recency":2,"frp":10.9,"confidence":"nominal"}},{"type":"Feature","geometry":{"type":"Point","coordinates":[39.22295,37.43726]},"properties":{"age_h":118.7,"recency":2,"frp":10.4,"confidence":"nominal"}},{"type":"Feature","geometry":{"type":"Point","coordinates":[39.07227,37.49336]},"properties":{"age_h":118.7,"recency":2,"frp":2.0,"confidence":"nominal"}},{"type":"Feature","geometry":{"type":"Point","coordinates":[39.15759,37.49419]},"properties":{"age_h":118.7,"recency":2,"frp":3.2,"confidence":"nominal"}},{"type":"Feature","geometry":{"type":"Point","coordinates":[39.15352,37.49901]},"properties":{"age_h":118.7,"recency":2,"frp":5.3,"confidence":"nominal"}},{"type":"Feature","geometry":{"type":"Point","coordinates":[39.51116,37.55612]},"properties":{"age_h":118.7,"recency":2,"frp":6.7,"confidence":"high"}},{"type":"Feature","geometry":{"type":"Point","coordinates":[39.05638,37.75381]},"properties":{"age_h":118.7,"recency":2,"frp":3.5,"confidence":"nominal"}},{"type":"Feature","geometry":{"type":"Point","coordinates":[40.4703,37.94907]},"properties":{"age_h":118.7,"recency":2,"frp":4.8,"confidence":"nominal"}},{"type":"Feature","geometry":{"type":"Point","coordinates":[41.00525,38.03318]},"properties":{"age_h":118.7,"recency":2,"frp":3.1,"confidence":"nominal"}},{"type":"Feature","geometry":{"type":"Point","coordinates":[40.44051,38.05278]},"properties":{"age_h":118.7,"recency":2,"frp":11.8,"confidence":"nominal"}},{"type":"Feature","geometry":{"type":"Point","coordinates":[40.44482,38.05301]},"properties":{"age_h":118.7,"recency":2,"frp":11.7,"confidence":"high"}},{"type":"Feature","geometry":{"type":"Point","coordinates":[40.44886,38.05872]},"properties":{"age_h":118.7,"recency":2,"frp":2.6,"confidence":"nominal"}},{"type":"Feature","geometry":{"type":"Point","coordinates":[29.64523,38.07689]},"properties":{"age_h":118.7,"recency":2,"frp":3.0,"confidence":"nominal"}},{"type":"Feature","geometry":{"type":"Point","coordinates":[40.0359,38.0895]},"properties":{"age_h":118.7,"recency":2,"frp":3.3,"confidence":"nominal"}},{"type":"Feature","geometry":{"type":"Point","coordinates":[40.48227,38.15458]},"properties":{"age_h":118.7,"recency":2,"frp":4.2,"confidence":"nominal"}},{"type":"Feature","geometry":{"type":"Point","coordinates":[40.30434,38.156]},"properties":{"age_h":118.7,"recency":2,"frp":2.3,"confidence":"nominal"}},{"type":"Feature","geometry":{"type":"Point","coordinates":[29.91502,38.1797]},"properties":{"age_h":118.7,"recency":2,"frp":10.0,"confidence":"nominal"}},{"type":"Feature","geometry":{"type":"Point","coordinates":[39.9423,38.18754]},"properties":{"age_h":118.7,"recency":2,"frp":5.4,"confidence":"nominal"}},{"type":"Feature","geometry":{"type":"Point","coordinates":[40.57321,38.20363]},"properties":{"age_h":118.7,"recency":2,"frp":6.7,"confidence":"nominal"}},{"type":"Feature","geometry":{"type":"Point","coordinates":[39.76963,38.21513]},"properties":{"age_h":118.7,"recency":2,"frp":1.4,"confidence":"nominal"}},{"type":"Feature","geometry":{"type":"Point","coordinates":[40.40556,38.23934]},"properties":{"age_h":118.7,"recency":2,"frp":9.5,"confidence":"nominal"}},{"type":"Feature","geometry":{"type":"Point","coordinates":[28.58812,38.36532]},"properties":{"age_h":118.7,"recency":2,"frp":1.6,"confidence":"nominal"}},{"type":"Feature","geometry":{"type":"Point","coordinates":[29.40701,38.41946]},"properties":{"age_h":118.7,"recency":2,"frp":3.1,"confidence":"nominal"}},{"type":"Feature","geometry":{"type":"Point","coordinates":[29.45983,38.4271]},"properties":{"age_h":118.7,"recency":2,"frp":3.5,"confidence":"nominal"}},{"type":"Feature","geometry":{"type":"Point","coordinates":[28.44936,38.45639]},"properties":{"age_h":118.7,"recency":2,"frp":3.3,"confidence":"nominal"}},{"type":"Feature","geometry":{"type":"Point","coordinates":[29.39378,38.47542]},"properties":{"age_h":118.7,"recency":2,"frp":3.8,"confidence":"nominal"}},{"type":"Feature","geometry":{"type":"Point","coordinates":[27.88488,38.54909]},"properties":{"age_h":118.7,"recency":2,"frp":3.2,"confidence":"nominal"}},{"type":"Feature","geometry":{"type":"Point","coordinates":[39.87584,38.68021]},"properties":{"age_h":118.7,"recency":2,"frp":0.9,"confidence":"nominal"}},{"type":"Feature","geometry":{"type":"Point","coordinates":[27.64967,38.6858]},"properties":{"age_h":118.7,"recency":2,"frp":3.3,"confidence":"nominal"}},{"type":"Feature","geometry":{"type":"Point","coordinates":[31.95268,38.95251]},"properties":{"age_h":118.7,"recency":2,"frp":8.2,"confidence":"nominal"}},{"type":"Feature","geometry":{"type":"Point","coordinates":[31.52586,39.13671]},"properties":{"age_h":118.7,"recency":2,"frp":7.1,"confidence":"nominal"}},{"type":"Feature","geometry":{"type":"Point","coordinates":[31.52757,39.13779]},"properties":{"age_h":118.7,"recency":2,"frp":5.5,"confidence":"nominal"}},{"type":"Feature","geometry":{"type":"Point","coordinates":[32.07578,39.1654]},"properties":{"age_h":118.7,"recency":2,"frp":3.6,"confidence":"nominal"}},{"type":"Feature","geometry":{"type":"Point","coordinates":[13.77054,37.45095]},"properties":{"age_h":118.6,"recency":2,"frp":5.3,"confidence":"nominal"}},{"type":"Feature","geometry":{"type":"Point","coordinates":[13.76964,37.45207]},"properties":{"age_h":118.6,"recency":2,"frp":7.6,"confidence":"nominal"}},{"type":"Feature","geometry":{"type":"Point","coordinates":[13.87517,37.53568]},"properties":{"age_h":118.6,"recency":2,"frp":10.1,"confidence":"high"}},{"type":"Feature","geometry":{"type":"Point","coordinates":[13.85662,37.58956]},"properties":{"age_h":118.6,"recency":2,"frp":12.0,"confidence":"nominal"}},{"type":"Feature","geometry":{"type":"Point","coordinates":[13.86166,37.59106]},"properties":{"age_h":118.6,"recency":2,"frp":15.0,"confidence":"high"}},{"type":"Feature","geometry":{"type":"Point","coordinates":[13.86039,37.59151]},"properties":{"age_h":118.6,"recency":2,"frp":17.1,"confidence":"high"}},{"type":"Feature","geometry":{"type":"Point","coordinates":[13.88546,37.61149]},"properties":{"age_h":118.6,"recency":2,"frp":3.5,"confidence":"nominal"}},{"type":"Feature","geometry":{"type":"Point","coordinates":[13.88377,37.61164]},"properties":{"age_h":118.6,"recency":2,"frp":3.3,"confidence":"nominal"}},{"type":"Feature","geometry":{"type":"Point","coordinates":[12.96697,37.78656]},"properties":{"age_h":118.6,"recency":2,"frp":9.9,"confidence":"high"}},{"type":"Feature","geometry":{"type":"Point","coordinates":[12.96556,37.78788]},"properties":{"age_h":118.6,"recency":2,"frp":9.9,"confidence":"high"}},{"type":"Feature","geometry":{"type":"Point","coordinates":[12.91353,37.81385]},"properties":{"age_h":118.6,"recency":2,"frp":5.3,"confidence":"nominal"}},{"type":"Feature","geometry":{"type":"Point","coordinates":[13.21366,37.81889]},"properties":{"age_h":118.6,"recency":2,"frp":6.5,"confidence":"nominal"}},{"type":"Feature","geometry":{"type":"Point","coordinates":[14.65272,37.82267]},"properties":{"age_h":118.6,"recency":2,"frp":4.0,"confidence":"nominal"}},{"type":"Feature","geometry":{"type":"Point","coordinates":[13.21703,37.82309]},"properties":{"age_h":118.6,"recency":2,"frp":1.8,"confidence":"nominal"}},{"type":"Feature","geometry":{"type":"Point","coordinates":[13.24797,37.88053]},"properties":{"age_h":118.6,"recency":2,"frp":5.1,"confidence":"nominal"}},{"type":"Feature","geometry":{"type":"Point","coordinates":[13.18677,37.88952]},"properties":{"age_h":118.6,"recency":2,"frp":8.7,"confidence":"nominal"}},{"type":"Feature","geometry":{"type":"Point","coordinates":[13.18428,37.89564]},"properties":{"age_h":118.6,"recency":2,"frp":9.0,"confidence":"nominal"}},{"type":"Feature","geometry":{"type":"Point","coordinates":[13.19094,37.89764]},"properties":{"age_h":118.6,"recency":2,"frp":9.0,"confidence":"high"}},{"type":"Feature","geometry":{"type":"Point","coordinates":[12.90197,37.94474]},"properties":{"age_h":118.6,"recency":2,"frp":4.4,"confidence":"nominal"}},{"type":"Feature","geometry":{"type":"Point","coordinates":[13.34456,37.97086]},"properties":{"age_h":118.6,"recency":2,"frp":6.7,"confidence":"nominal"}},{"type":"Feature","geometry":{"type":"Point","coordinates":[16.07634,38.15689]},"properties":{"age_h":118.6,"recency":2,"frp":2.6,"confidence":"nominal"}},{"type":"Feature","geometry":{"type":"Point","coordinates":[16.08047,38.15801]},"properties":{"age_h":118.6,"recency":2,"frp":2.6,"confidence":"nominal"}},{"type":"Feature","geometry":{"type":"Point","coordinates":[16.4981,38.73107]},"properties":{"age_h":118.6,"recency":2,"frp":1.8,"confidence":"nominal"}},{"type":"Feature","geometry":{"type":"Point","coordinates":[16.47537,38.79779]},"properties":{"age_h":118.6,"recency":2,"frp":1.0,"confidence":"nominal"}},{"type":"Feature","geometry":{"type":"Point","coordinates":[27.25764,38.82408]},"properties":{"age_h":118.6,"recency":2,"frp":2.0,"confidence":"nominal"}},{"type":"Feature","geometry":{"type":"Point","coordinates":[27.10712,38.85379]},"properties":{"age_h":118.6,"recency":2,"frp":2.8,"confidence":"nominal"}},{"type":"Feature","geometry":{"type":"Point","coordinates":[22.51453,38.94836]},"properties":{"age_h":118.6,"recency":2,"frp":3.6,"confidence":"nominal"}},{"type":"Feature","geometry":{"type":"Point","coordinates":[16.80423,38.96799]},"properties":{"age_h":118.6,"recency":2,"frp":2.2,"confidence":"nominal"}},{"type":"Feature","geometry":{"type":"Point","coordinates":[17.02915,39.11097]},"properties":{"age_h":118.6,"recency":2,"frp":2.4,"confidence":"nominal"}},{"type":"Feature","geometry":{"type":"Point","coordinates":[16.14484,39.13123]},"properties":{"age_h":118.6,"recency":2,"frp":3.9,"confidence":"nominal"}},{"type":"Feature","geometry":{"type":"Point","coordinates":[16.14336,39.13253]},"properties":{"age_h":118.6,"recency":2,"frp":3.0,"confidence":"nominal"}},{"type":"Feature","geometry":{"type":"Point","coordinates":[17.09881,39.18687]},"properties":{"age_h":118.6,"recency":2,"frp":2.2,"confidence":"nominal"}},{"type":"Feature","geometry":{"type":"Point","coordinates":[17.10248,39.18783]},"properties":{"age_h":118.6,"recency":2,"frp":2.2,"confidence":"nominal"}},{"type":"Feature","geometry":{"type":"Point","coordinates":[17.082,39.18793]},"properties":{"age_h":118.6,"recency":2,"frp":5.1,"confidence":"nominal"}},{"type":"Feature","geometry":{"type":"Point","coordinates":[17.08569,39.18889]},"properties":{"age_h":118.6,"recency":2,"frp":5.1,"confidence":"nominal"}},{"type":"Feature","geometry":{"type":"Point","coordinates":[17.08938,39.18985]},"properties":{"age_h":118.6,"recency":2,"frp":2.5,"confidence":"nominal"}},{"type":"Feature","geometry":{"type":"Point","coordinates":[17.07995,39.19282]},"properties":{"age_h":118.6,"recency":2,"frp":5.1,"confidence":"high"}},{"type":"Feature","geometry":{"type":"Point","coordinates":[17.05285,39.22919]},"properties":{"age_h":118.6,"recency":2,"frp":1.1,"confidence":"nominal"}},{"type":"Feature","geometry":{"type":"Point","coordinates":[27.69907,39.23987]},"properties":{"age_h":118.6,"recency":2,"frp":2.4,"confidence":"nominal"}},{"type":"Feature","geometry":{"type":"Point","coordinates":[27.70264,39.24384]},"properties":{"age_h":118.6,"recency":2,"frp":2.4,"confidence":"nominal"}},{"type":"Feature","geometry":{"type":"Point","coordinates":[28.03973,39.74038]},"properties":{"age_h":118.6,"recency":2,"frp":3.4,"confidence":"nominal"}},{"type":"Feature","geometry":{"type":"Point","coordinates":[28.03888,39.74365]},"properties":{"age_h":118.6,"recency":2,"frp":2.5,"confidence":"nominal"}},{"type":"Feature","geometry":{"type":"Point","coordinates":[32.79919,40.08205]},"properties":{"age_h":118.6,"recency":2,"frp":3.6,"confidence":"nominal"}},{"type":"Feature","geometry":{"type":"Point","coordinates":[15.65631,40.12196]},"properties":{"age_h":118.6,"recency":2,"frp":6.0,"confidence":"nominal"}},{"type":"Feature","geometry":{"type":"Point","coordinates":[15.87492,40.29417]},"properties":{"age_h":118.6,"recency":2,"frp":1.6,"confidence":"nominal"}},{"type":"Feature","geometry":{"type":"Point","coordinates":[21.79335,40.3724]},"properties":{"age_h":118.6,"recency":2,"frp":2.5,"confidence":"nominal"}},{"type":"Feature","geometry":{"type":"Point","coordinates":[17.58889,40.39549]},"properties":{"age_h":118.6,"recency":2,"frp":0.9,"confidence":"nominal"}},{"type":"Feature","geometry":{"type":"Point","coordinates":[17.58954,40.39597]},"properties":{"age_h":118.6,"recency":2,"frp":4.2,"confidence":"nominal"}},{"type":"Feature","geometry":{"type":"Point","coordinates":[34.23231,40.41387]},"properties":{"age_h":118.6,"recency":2,"frp":3.1,"confidence":"nominal"}},{"type":"Feature","geometry":{"type":"Point","coordinates":[17.86129,40.48293]},"properties":{"age_h":118.6,"recency":2,"frp":10.2,"confidence":"nominal"}},{"type":"Feature","geometry":{"type":"Point","coordinates":[17.85975,40.48403]},"properties":{"age_h":118.6,"recency":2,"frp":11.8,"confidence":"nominal"}},{"type":"Feature","geometry":{"type":"Point","coordinates":[16.31224,40.75102]},"properties":{"age_h":118.6,"recency":2,"frp":2.4,"confidence":"nominal"}},{"type":"Feature","geometry":{"type":"Point","coordinates":[16.3116,40.7522]},"properties":{"age_h":118.6,"recency":2,"frp":3.1,"confidence":"nominal"}},{"type":"Feature","geometry":{"type":"Point","coordinates":[16.31517,40.75312]},"properties":{"age_h":118.6,"recency":2,"frp":3.1,"confidence":"nominal"}},{"type":"Feature","geometry":{"type":"Point","coordinates":[16.31369,40.75684]},"properties":{"age_h":118.6,"recency":2,"frp":4.0,"confidence":"nominal"}},{"type":"Feature","geometry":{"type":"Point","coordinates":[16.53618,40.77258]},"properties":{"age_h":118.6,"recency":2,"frp":3.2,"confidence":"nominal"}},{"type":"Feature","geometry":{"type":"Point","coordinates":[26.33614,40.77969]},"properties":{"age_h":118.6,"recency":2,"frp":6.9,"confidence":"nominal"}},{"type":"Feature","geometry":{"type":"Point","coordinates":[19.56566,40.78749]},"properties":{"age_h":118.6,"recency":2,"frp":8.9,"confidence":"nominal"}},{"type":"Feature","geometry":{"type":"Point","coordinates":[19.56393,40.79164]},"properties":{"age_h":118.6,"recency":2,"frp":8.9,"confidence":"nominal"}},{"type":"Feature","geometry":{"type":"Point","coordinates":[16.33766,40.83901]},"properties":{"age_h":118.6,"recency":2,"frp":5.2,"confidence":"nominal"}},{"type":"Feature","geometry":{"type":"Point","coordinates":[16.61643,40.85791]},"properties":{"age_h":118.6,"recency":2,"frp":2.2,"confidence":"nominal"}},{"type":"Feature","geometry":{"type":"Point","coordinates":[15.71311,40.89462]},"properties":{"age_h":118.6,"recency":2,"frp":7.5,"confidence":"high"}},{"type":"Feature","geometry":{"type":"Point","coordinates":[26.49993,40.91008]},"properties":{"age_h":118.6,"recency":2,"frp":10.0,"confidence":"nominal"}},{"type":"Feature","geometry":{"type":"Point","coordinates":[26.49615,40.91231]},"properties":{"age_h":118.6,"recency":2,"frp":22.1,"confidence":"nominal"}},{"type":"Feature","geometry":{"type":"Point","coordinates":[15.58922,40.92975]},"properties":{"age_h":118.6,"recency":2,"frp":7.3,"confidence":"nominal"}},{"type":"Feature","geometry":{"type":"Point","coordinates":[15.58217,40.93346]},"properties":{"age_h":118.6,"recency":2,"frp":4.9,"confidence":"nominal"}},{"type":"Feature","geometry":{"type":"Point","coordinates":[16.18575,40.93402]},"properties":{"age_h":118.6,"recency":2,"frp":5.7,"confidence":"high"}},{"type":"Feature","geometry":{"type":"Point","coordinates":[16.18964,40.93503]},"properties":{"age_h":118.6,"recency":2,"frp":4.0,"confidence":"nominal"}},{"type":"Feature","geometry":{"type":"Point","coordinates":[16.19395,40.94701]},"properties":{"age_h":118.6,"recency":2,"frp":1.5,"confidence":"nominal"}},{"type":"Feature","geometry":{"type":"Point","coordinates":[26.56846,41.02724]},"properties":{"age_h":118.6,"recency":2,"frp":2.9,"confidence":"nominal"}},{"type":"Feature","geometry":{"type":"Point","coordinates":[21.36945,41.1181]},"properties":{"age_h":118.6,"recency":2,"frp":6.0,"confidence":"nominal"}},{"type":"Feature","geometry":{"type":"Point","coordinates":[15.66391,41.1372]},"properties":{"age_h":118.6,"recency":2,"frp":2.5,"confidence":"nominal"}},{"type":"Feature","geometry":{"type":"Point","coordinates":[15.66482,41.14104]},"properties":{"age_h":118.6,"recency":2,"frp":4.9,"confidence":"nominal"}},{"type":"Feature","geometry":{"type":"Point","coordinates":[15.66164,41.14215]},"properties":{"age_h":118.6,"recency":2,"frp":2.5,"confidence":"nominal"}},{"type":"Feature","geometry":{"type":"Point","coordinates":[15.57355,41.14621]},"properties":{"age_h":118.6,"recency":2,"frp":1.7,"confidence":"nominal"}},{"type":"Feature","geometry":{"type":"Point","coordinates":[27.2448,41.15602]},"properties":{"age_h":118.6,"recency":2,"frp":9.5,"confidence":"nominal"}},{"type":"Feature","geometry":{"type":"Point","coordinates":[15.80053,41.17686]},"properties":{"age_h":118.6,"recency":2,"frp":4.0,"confidence":"nominal"}},{"type":"Feature","geometry":{"type":"Point","coordinates":[15.79296,41.17764]},"properties":{"age_h":118.6,"recency":2,"frp":6.2,"confidence":"nominal"}},{"type":"Feature","geometry":{"type":"Point","coordinates":[15.79684,41.17869]},"properties":{"age_h":118.6,"recency":2,"frp":6.2,"confidence":"high"}},{"type":"Feature","geometry":{"type":"Point","coordinates":[15.79432,41.18073]},"properties":{"age_h":118.6,"recency":2,"frp":8.6,"confidence":"high"}},{"type":"Feature","geometry":{"type":"Point","coordinates":[15.63168,41.19532]},"properties":{"age_h":118.6,"recency":2,"frp":2.4,"confidence":"nominal"}},{"type":"Feature","geometry":{"type":"Point","coordinates":[26.623,41.21392]},"properties":{"age_h":118.6,"recency":2,"frp":3.2,"confidence":"nominal"}},{"type":"Feature","geometry":{"type":"Point","coordinates":[13.97812,41.22239]},"properties":{"age_h":118.6,"recency":2,"frp":5.2,"confidence":"nominal"}},{"type":"Feature","geometry":{"type":"Point","coordinates":[21.40948,41.22958]},"properties":{"age_h":118.6,"recency":2,"frp":4.8,"confidence":"nominal"}},{"type":"Feature","geometry":{"type":"Point","coordinates":[21.40811,41.23338]},"properties":{"age_h":118.6,"recency":2,"frp":4.8,"confidence":"nominal"}},{"type":"Feature","geometry":{"type":"Point","coordinates":[19.68064,41.27021]},"properties":{"age_h":118.6,"recency":2,"frp":102.1,"confidence":"nominal"}},{"type":"Feature","geometry":{"type":"Point","coordinates":[26.59253,41.29456]},"properties":{"age_h":118.6,"recency":2,"frp":3.1,"confidence":"nominal"}},{"type":"Feature","geometry":{"type":"Point","coordinates":[27.14223,41.36876]},"properties":{"age_h":118.6,"recency":2,"frp":2.3,"confidence":"nominal"}},{"type":"Feature","geometry":{"type":"Point","coordinates":[19.518,41.37162]},"properties":{"age_h":118.6,"recency":2,"frp":2.0,"confidence":"nominal"}},{"type":"Feature","geometry":{"type":"Point","coordinates":[15.40884,41.38413]},"properties":{"age_h":118.6,"recency":2,"frp":1.9,"confidence":"nominal"}},{"type":"Feature","geometry":{"type":"Point","coordinates":[15.84769,41.42591]},"properties":{"age_h":118.6,"recency":2,"frp":3.1,"confidence":"nominal"}},{"type":"Feature","geometry":{"type":"Point","coordinates":[15.85152,41.42691]},"properties":{"age_h":118.6,"recency":2,"frp":3.1,"confidence":"nominal"}},{"type":"Feature","geometry":{"type":"Point","coordinates":[15.84725,41.42961]},"properties":{"age_h":118.6,"recency":2,"frp":6.3,"confidence":"nominal"}},{"type":"Feature","geometry":{"type":"Point","coordinates":[15.63245,41.44383]},"properties":{"age_h":118.6,"recency":2,"frp":5.4,"confidence":"high"}},{"type":"Feature","geometry":{"type":"Point","coordinates":[15.63636,41.44487]},"properties":{"age_h":118.6,"recency":2,"frp":5.4,"confidence":"nominal"}},{"type":"Feature","geometry":{"type":"Point","coordinates":[19.70346,41.4494]},"properties":{"age_h":118.6,"recency":2,"frp":10.6,"confidence":"nominal"}},{"type":"Feature","geometry":{"type":"Point","coordinates":[19.78154,41.46246]},"properties":{"age_h":118.6,"recency":2,"frp":89.7,"confidence":"nominal"}},{"type":"Feature","geometry":{"type":"Point","coordinates":[19.77463,41.46534]},"properties":{"age_h":118.6,"recency":2,"frp":23.2,"confidence":"nominal"}},{"type":"Feature","geometry":{"type":"Point","coordinates":[15.64031,41.47352]},"properties":{"age_h":118.6,"recency":2,"frp":1.8,"confidence":"nominal"}},{"type":"Feature","geometry":{"type":"Point","coordinates":[15.63776,41.47534]},"properties":{"age_h":118.6,"recency":2,"frp":2.3,"confidence":"nominal"}},{"type":"Feature","geometry":{"type":"Point","coordinates":[19.65329,41.48755]},"properties":{"age_h":118.6,"recency":2,"frp":11.7,"confidence":"nominal"}},{"type":"Feature","geometry":{"type":"Point","coordinates":[19.71373,41.50132]},"properties":{"age_h":118.6,"recency":2,"frp":3.6,"confidence":"nominal"}},{"type":"Feature","geometry":{"type":"Point","coordinates":[19.71209,41.50539]},"properties":{"age_h":118.6,"recency":2,"frp":3.6,"confidence":"nominal"}},{"type":"Feature","geometry":{"type":"Point","coordinates":[15.39523,41.5102]},"properties":{"age_h":118.6,"recency":2,"frp":4.7,"confidence":"high"}},{"type":"Feature","geometry":{"type":"Point","coordinates":[19.69377,41.52345]},"properties":{"age_h":118.6,"recency":2,"frp":11.7,"confidence":"nominal"}},{"type":"Feature","geometry":{"type":"Point","coordinates":[20.04395,41.58027]},"properties":{"age_h":118.6,"recency":2,"frp":4.9,"confidence":"nominal"}},{"type":"Feature","geometry":{"type":"Point","coordinates":[20.32785,41.60913]},"properties":{"age_h":118.6,"recency":2,"frp":4.8,"confidence":"nominal"}},{"type":"Feature","geometry":{"type":"Point","coordinates":[20.33004,41.60941]},"properties":{"age_h":118.6,"recency":2,"frp":4.8,"confidence":"nominal"}},{"type":"Feature","geometry":{"type":"Point","coordinates":[20.33249,41.61016]},"properties":{"age_h":118.6,"recency":2,"frp":2.9,"confidence":"nominal"}},{"type":"Feature","geometry":{"type":"Point","coordinates":[20.32173,41.61205]},"properties":{"age_h":118.6,"recency":2,"frp":6.5,"confidence":"nominal"}},{"type":"Feature","geometry":{"type":"Point","coordinates":[15.8202,41.81071]},"properties":{"age_h":118.6,"recency":2,"frp":7.9,"confidence":"high"}},{"type":"Feature","geometry":{"type":"Point","coordinates":[19.6255,41.87849]},"properties":{"age_h":118.6,"recency":2,"frp":2.3,"confidence":"nominal"}},{"type":"Feature","geometry":{"type":"Point","coordinates":[25.54708,42.06754]},"properties":{"age_h":118.6,"recency":2,"frp":2.1,"confidence":"nominal"}},{"type":"Feature","geometry":{"type":"Point","coordinates":[25.55179,42.06834]},"properties":{"age_h":118.6,"recency":2,"frp":2.1,"confidence":"nominal"}},{"type":"Feature","geometry":{"type":"Point","coordinates":[25.56249,42.07217]},"properties":{"age_h":118.6,"recency":2,"frp":1.7,"confidence":"nominal"}},{"type":"Feature","geometry":{"type":"Point","coordinates":[24.88124,42.08863]},"properties":{"age_h":118.6,"recency":2,"frp":6.0,"confidence":"nominal"}},{"type":"Feature","geometry":{"type":"Point","coordinates":[25.44426,42.11811]},"properties":{"age_h":118.6,"recency":2,"frp":5.0,"confidence":"nominal"}},{"type":"Feature","geometry":{"type":"Point","coordinates":[20.61535,42.17747]},"properties":{"age_h":118.6,"recency":2,"frp":4.1,"confidence":"nominal"}},{"type":"Feature","geometry":{"type":"Point","coordinates":[19.2889,42.25856]},"properties":{"age_h":118.6,"recency":2,"frp":11.4,"confidence":"nominal"}},{"type":"Feature","geometry":{"type":"Point","coordinates":[19.29233,42.26379]},"properties":{"age_h":118.6,"recency":2,"frp":11.4,"confidence":"nominal"}},{"type":"Feature","geometry":{"type":"Point","coordinates":[19.29039,42.26388]},"properties":{"age_h":118.6,"recency":2,"frp":11.0,"confidence":"nominal"}},{"type":"Feature","geometry":{"type":"Point","coordinates":[19.29743,42.26494]},"properties":{"age_h":118.6,"recency":2,"frp":6.7,"confidence":"nominal"}},{"type":"Feature","geometry":{"type":"Point","coordinates":[19.29547,42.26506]},"properties":{"age_h":118.6,"recency":2,"frp":11.0,"confidence":"nominal"}},{"type":"Feature","geometry":{"type":"Point","coordinates":[19.30056,42.26623]},"properties":{"age_h":118.6,"recency":2,"frp":6.7,"confidence":"nominal"}},{"type":"Feature","geometry":{"type":"Point","coordinates":[19.29574,42.26902]},"properties":{"age_h":118.6,"recency":2,"frp":11.3,"confidence":"nominal"}},{"type":"Feature","geometry":{"type":"Point","coordinates":[19.29379,42.26913]},"properties":{"age_h":118.6,"recency":2,"frp":11.0,"confidence":"nominal"}},{"type":"Feature","geometry":{"type":"Point","coordinates":[19.30084,42.27016]},"properties":{"age_h":118.6,"recency":2,"frp":11.3,"confidence":"nominal"}},{"type":"Feature","geometry":{"type":"Point","coordinates":[19.29888,42.27031]},"properties":{"age_h":118.6,"recency":2,"frp":6.7,"confidence":"nominal"}},{"type":"Feature","geometry":{"type":"Point","coordinates":[19.32429,42.28954]},"properties":{"age_h":118.6,"recency":2,"frp":3.9,"confidence":"nominal"}},{"type":"Feature","geometry":{"type":"Point","coordinates":[19.13159,42.29449]},"properties":{"age_h":118.6,"recency":2,"frp":4.3,"confidence":"nominal"}},{"type":"Feature","geometry":{"type":"Point","coordinates":[19.13676,42.29568]},"properties":{"age_h":118.6,"recency":2,"frp":4.3,"confidence":"nominal"}},{"type":"Feature","geometry":{"type":"Point","coordinates":[19.36139,42.30695]},"properties":{"age_h":118.6,"recency":2,"frp":8.2,"confidence":"nominal"}},{"type":"Feature","geometry":{"type":"Point","coordinates":[20.86979,42.36776]},"properties":{"age_h":118.6,"recency":2,"frp":1.9,"confidence":"nominal"}},{"type":"Feature","geometry":{"type":"Point","coordinates":[20.90717,42.52467]},"properties":{"age_h":118.6,"recency":2,"frp":6.0,"confidence":"nominal"}},{"type":"Feature","geometry":{"type":"Point","coordinates":[18.6373,42.61006]},"properties":{"age_h":118.6,"recency":2,"frp":4.2,"confidence":"nominal"}},{"type":"Feature","geometry":{"type":"Point","coordinates":[18.64639,42.62591]},"properties":{"age_h":118.6,"recency":2,"frp":3.2,"confidence":"nominal"}},{"type":"Feature","geometry":{"type":"Point","coordinates":[26.36016,42.63611]},"properties":{"age_h":118.6,"recency":2,"frp":5.5,"confidence":"nominal"}},{"type":"Feature","geometry":{"type":"Point","coordinates":[20.99562,42.78662]},"properties":{"age_h":118.6,"recency":2,"frp":2.7,"confidence":"nominal"}},{"type":"Feature","geometry":{"type":"Point","coordinates":[18.83575,42.83103]},"properties":{"age_h":118.6,"recency":2,"frp":24.7,"confidence":"nominal"}},{"type":"Feature","geometry":{"type":"Point","coordinates":[18.83838,42.83195]},"properties":{"age_h":118.6,"recency":2,"frp":39.7,"confidence":"nominal"}},{"type":"Feature","geometry":{"type":"Point","coordinates":[18.84081,42.83221]},"properties":{"age_h":118.6,"recency":2,"frp":24.7,"confidence":"nominal"}},{"type":"Feature","geometry":{"type":"Point","coordinates":[18.84323,42.83306]},"properties":{"age_h":118.6,"recency":2,"frp":27.8,"confidence":"nominal"}},{"type":"Feature","geometry":{"type":"Point","coordinates":[18.84547,42.83329]},"properties":{"age_h":118.6,"recency":2,"frp":13.0,"confidence":"nominal"}},{"type":"Feature","geometry":{"type":"Point","coordinates":[21.22279,42.85031]},"properties":{"age_h":118.6,"recency":2,"frp":22.0,"confidence":"nominal"}},{"type":"Feature","geometry":{"type":"Point","coordinates":[21.22151,42.92147]},"properties":{"age_h":118.6,"recency":2,"frp":3.0,"confidence":"nominal"}},{"type":"Feature","geometry":{"type":"Point","coordinates":[21.22779,42.92279]},"properties":{"age_h":118.6,"recency":2,"frp":3.0,"confidence":"nominal"}},{"type":"Feature","geometry":{"type":"Point","coordinates":[17.74255,43.0347]},"properties":{"age_h":118.6,"recency":2,"frp":7.9,"confidence":"nominal"}},{"type":"Feature","geometry":{"type":"Point","coordinates":[23.93568,43.14549]},"properties":{"age_h":118.6,"recency":2,"frp":2.4,"confidence":"nominal"}},{"type":"Feature","geometry":{"type":"Point","coordinates":[24.64163,43.33077]},"properties":{"age_h":118.6,"recency":2,"frp":5.5,"confidence":"nominal"}},{"type":"Feature","geometry":{"type":"Point","coordinates":[24.63566,43.33324]},"properties":{"age_h":118.6,"recency":2,"frp":8.2,"confidence":"nominal"}},{"type":"Feature","geometry":{"type":"Point","coordinates":[23.3395,43.48487]},"properties":{"age_h":118.6,"recency":2,"frp":23.4,"confidence":"nominal"}},{"type":"Feature","geometry":{"type":"Point","coordinates":[23.33833,43.48829]},"properties":{"age_h":118.6,"recency":2,"frp":10.3,"confidence":"nominal"}},{"type":"Feature","geometry":{"type":"Point","coordinates":[23.34349,43.48925]},"properties":{"age_h":118.6,"recency":2,"frp":10.3,"confidence":"nominal"}},{"type":"Feature","geometry":{"type":"Point","coordinates":[23.60959,43.5779]},"properties":{"age_h":118.6,"recency":2,"frp":3.0,"confidence":"nominal"}},{"type":"Feature","geometry":{"type":"Point","coordinates":[17.59641,43.63186]},"properties":{"age_h":118.6,"recency":2,"frp":13.4,"confidence":"nominal"}},{"type":"Feature","geometry":{"type":"Point","coordinates":[23.05287,43.63408]},"properties":{"age_h":118.6,"recency":2,"frp":16.8,"confidence":"nominal"}},{"type":"Feature","geometry":{"type":"Point","coordinates":[17.58811,43.63458]},"properties":{"age_h":118.6,"recency":2,"frp":9.7,"confidence":"nominal"}},{"type":"Feature","geometry":{"type":"Point","coordinates":[17.59463,43.63614]},"properties":{"age_h":118.6,"recency":2,"frp":13.4,"confidence":"nominal"}},{"type":"Feature","geometry":{"type":"Point","coordinates":[17.60071,43.63759]},"properties":{"age_h":118.6,"recency":2,"frp":13.4,"confidence":"nominal"}},{"type":"Feature","geometry":{"type":"Point","coordinates":[17.7638,43.64851]},"properties":{"age_h":118.6,"recency":2,"frp":4.4,"confidence":"nominal"}},{"type":"Feature","geometry":{"type":"Point","coordinates":[25.31497,43.73998]},"properties":{"age_h":118.6,"recency":2,"frp":2.5,"confidence":"nominal"}},{"type":"Feature","geometry":{"type":"Point","coordinates":[25.31975,43.74078]},"properties":{"age_h":118.6,"recency":2,"frp":1.3,"confidence":"nominal"}},{"type":"Feature","geometry":{"type":"Point","coordinates":[24.73189,43.89278]},"properties":{"age_h":118.6,"recency":2,"frp":2.5,"confidence":"nominal"}},{"type":"Feature","geometry":{"type":"Point","coordinates":[25.60455,43.89388]},"properties":{"age_h":118.6,"recency":2,"frp":2.6,"confidence":"nominal"}},{"type":"Feature","geometry":{"type":"Point","coordinates":[23.21104,43.89944]},"properties":{"age_h":118.6,"recency":2,"frp":3.5,"confidence":"nominal"}},{"type":"Feature","geometry":{"type":"Point","coordinates":[25.74128,43.91953]},"properties":{"age_h":118.6,"recency":2,"frp":4.4,"confidence":"nominal"}},{"type":"Feature","geometry":{"type":"Point","coordinates":[23.2616,44.08098]},"properties":{"age_h":118.6,"recency":2,"frp":4.5,"confidence":"nominal"}},{"type":"Feature","geometry":{"type":"Point","coordinates":[22.97231,44.20504]},"properties":{"age_h":118.6,"recency":2,"frp":2.9,"confidence":"nominal"}},{"type":"Feature","geometry":{"type":"Point","coordinates":[24.57802,44.24714]},"properties":{"age_h":118.6,"recency":2,"frp":1.6,"confidence":"nominal"}},{"type":"Feature","geometry":{"type":"Point","coordinates":[23.37879,44.31594]},"properties":{"age_h":118.6,"recency":2,"frp":8.7,"confidence":"nominal"}},{"type":"Feature","geometry":{"type":"Point","coordinates":[23.38393,44.31687]},"properties":{"age_h":118.6,"recency":2,"frp":8.7,"confidence":"high"}},{"type":"Feature","geometry":{"type":"Point","coordinates":[23.36727,44.31744]},"properties":{"age_h":118.6,"recency":2,"frp":6.2,"confidence":"nominal"}},{"type":"Feature","geometry":{"type":"Point","coordinates":[23.37241,44.31837]},"properties":{"age_h":118.6,"recency":2,"frp":6.2,"confidence":"nominal"}},{"type":"Feature","geometry":{"type":"Point","coordinates":[23.37756,44.31931]},"properties":{"age_h":118.6,"recency":2,"frp":5.7,"confidence":"nominal"}},{"type":"Feature","geometry":{"type":"Point","coordinates":[23.3827,44.32024]},"properties":{"age_h":118.6,"recency":2,"frp":5.7,"confidence":"nominal"}},{"type":"Feature","geometry":{"type":"Point","coordinates":[23.58156,44.47343]},"properties":{"age_h":118.6,"recency":2,"frp":3.0,"confidence":"nominal"}},{"type":"Feature","geometry":{"type":"Point","coordinates":[21.05563,44.69242]},"properties":{"age_h":118.6,"recency":2,"frp":6.1,"confidence":"nominal"}},{"type":"Feature","geometry":{"type":"Point","coordinates":[20.11342,44.73516]},"properties":{"age_h":118.6,"recency":2,"frp":3.7,"confidence":"nominal"}},{"type":"Feature","geometry":{"type":"Point","coordinates":[22.35692,44.74965]},"properties":{"age_h":118.6,"recency":2,"frp":7.0,"confidence":"nominal"}},{"type":"Feature","geometry":{"type":"Point","coordinates":[20.92581,44.80058]},"properties":{"age_h":118.6,"recency":2,"frp":4.6,"confidence":"nominal"}},{"type":"Feature","geometry":{"type":"Point","coordinates":[20.93188,44.80182]},"properties":{"age_h":118.6,"recency":2,"frp":4.6,"confidence":"nominal"}},{"type":"Feature","geometry":{"type":"Point","coordinates":[20.91829,44.80295]},"properties":{"age_h":118.6,"recency":2,"frp":6.7,"confidence":"nominal"}},{"type":"Feature","geometry":{"type":"Point","coordinates":[19.83843,44.80444]},"properties":{"age_h":118.6,"recency":2,"frp":3.3,"confidence":"nominal"}},{"type":"Feature","geometry":{"type":"Point","coordinates":[20.25879,44.85334]},"properties":{"age_h":118.6,"recency":2,"frp":7.5,"confidence":"nominal"}},{"type":"Feature","geometry":{"type":"Point","coordinates":[20.26519,44.85469]},"properties":{"age_h":118.6,"recency":2,"frp":31.0,"confidence":"nominal"}},{"type":"Feature","geometry":{"type":"Point","coordinates":[20.27159,44.85604]},"properties":{"age_h":118.6,"recency":2,"frp":31.0,"confidence":"nominal"}},{"type":"Feature","geometry":{"type":"Point","coordinates":[20.26366,44.85838]},"properties":{"age_h":118.6,"recency":2,"frp":31.0,"confidence":"nominal"}},{"type":"Feature","geometry":{"type":"Point","coordinates":[20.2877,44.86748]},"properties":{"age_h":118.6,"recency":2,"frp":21.9,"confidence":"nominal"}},{"type":"Feature","geometry":{"type":"Point","coordinates":[20.27978,44.86982]},"properties":{"age_h":118.6,"recency":2,"frp":8.5,"confidence":"nominal"}},{"type":"Feature","geometry":{"type":"Point","coordinates":[20.28617,44.87117]},"properties":{"age_h":118.6,"recency":2,"frp":21.9,"confidence":"nominal"}},{"type":"Feature","geometry":{"type":"Point","coordinates":[19.92216,44.9301]},"properties":{"age_h":118.6,"recency":2,"frp":5.5,"confidence":"nominal"}},{"type":"Feature","geometry":{"type":"Point","coordinates":[19.75251,44.93573]},"properties":{"age_h":118.6,"recency":2,"frp":4.2,"confidence":"nominal"}},{"type":"Feature","geometry":{"type":"Point","coordinates":[19.752,44.93887]},"properties":{"age_h":118.6,"recency":2,"frp":8.5,"confidence":"nominal"}},{"type":"Feature","geometry":{"type":"Point","coordinates":[19.75092,44.9395]},"properties":{"age_h":118.6,"recency":2,"frp":4.2,"confidence":"nominal"}},{"type":"Feature","geometry":{"type":"Point","coordinates":[19.7587,44.94029]},"properties":{"age_h":118.6,"recency":2,"frp":8.5,"confidence":"nominal"}},{"type":"Feature","geometry":{"type":"Point","coordinates":[19.78034,44.94078]},"properties":{"age_h":118.6,"recency":2,"frp":3.4,"confidence":"nominal"}},{"type":"Feature","geometry":{"type":"Point","coordinates":[19.7576,44.94095]},"properties":{"age_h":118.6,"recency":2,"frp":16.1,"confidence":"nominal"}},{"type":"Feature","geometry":{"type":"Point","coordinates":[19.77918,44.94154]},"properties":{"age_h":118.6,"recency":2,"frp":6.5,"confidence":"nominal"}},{"type":"Feature","geometry":{"type":"Point","coordinates":[19.78583,44.94299]},"properties":{"age_h":118.6,"recency":2,"frp":15.9,"confidence":"nominal"}},{"type":"Feature","geometry":{"type":"Point","coordinates":[19.98784,44.94407]},"properties":{"age_h":118.6,"recency":2,"frp":8.4,"confidence":"nominal"}},{"type":"Feature","geometry":{"type":"Point","coordinates":[19.77874,44.94454]},"properties":{"age_h":118.6,"recency":2,"frp":9.0,"confidence":"nominal"}},{"type":"Feature","geometry":{"type":"Point","coordinates":[19.78542,44.94596]},"properties":{"age_h":118.6,"recency":2,"frp":9.0,"confidence":"nominal"}},{"type":"Feature","geometry":{"type":"Point","coordinates":[19.97972,44.94641]},"properties":{"age_h":118.6,"recency":2,"frp":22.5,"confidence":"nominal"}},{"type":"Feature","geometry":{"type":"Point","coordinates":[19.78425,44.94675]},"properties":{"age_h":118.6,"recency":2,"frp":15.9,"confidence":"nominal"}},{"type":"Feature","geometry":{"type":"Point","coordinates":[19.79209,44.94738]},"properties":{"age_h":118.6,"recency":2,"frp":31.3,"confidence":"nominal"}},{"type":"Feature","geometry":{"type":"Point","coordinates":[19.98627,44.9478]},"properties":{"age_h":118.6,"recency":2,"frp":22.5,"confidence":"nominal"}},{"type":"Feature","geometry":{"type":"Point","coordinates":[19.7909,44.94819]},"properties":{"age_h":118.6,"recency":2,"frp":15.9,"confidence":"nominal"}},{"type":"Feature","geometry":{"type":"Point","coordinates":[19.78891,44.95489]},"properties":{"age_h":118.6,"recency":2,"frp":14.1,"confidence":"nominal"}},{"type":"Feature","geometry":{"type":"Point","coordinates":[19.78773,44.9557]},"properties":{"age_h":118.6,"recency":2,"frp":22.4,"confidence":"nominal"}},{"type":"Feature","geometry":{"type":"Point","coordinates":[21.19842,44.95947]},"properties":{"age_h":118.6,"recency":2,"frp":5.7,"confidence":"nominal"}},{"type":"Feature","geometry":{"type":"Point","coordinates":[19.95219,44.96088]},"properties":{"age_h":118.6,"recency":2,"frp":6.0,"confidence":"nominal"}},{"type":"Feature","geometry":{"type":"Point","coordinates":[19.75631,44.9612]},"properties":{"age_h":118.6,"recency":2,"frp":2.9,"confidence":"nominal"}},{"type":"Feature","geometry":{"type":"Point","coordinates":[19.93628,44.97967]},"properties":{"age_h":118.6,"recency":2,"frp":18.5,"confidence":"nominal"}},{"type":"Feature","geometry":{"type":"Point","coordinates":[19.95095,44.98093]},"properties":{"age_h":118.6,"recency":2,"frp":11.6,"confidence":"nominal"}},{"type":"Feature","geometry":{"type":"Point","coordinates":[19.94283,44.98109]},"properties":{"age_h":118.6,"recency":2,"frp":22.1,"confidence":"high"}},{"type":"Feature","geometry":{"type":"Point","coordinates":[19.93629,44.98191]},"properties":{"age_h":118.6,"recency":2,"frp":18.7,"confidence":"nominal"}},{"type":"Feature","geometry":{"type":"Point","coordinates":[19.94938,44.9825]},"properties":{"age_h":118.6,"recency":2,"frp":22.1,"confidence":"nominal"}},{"type":"Feature","geometry":{"type":"Point","coordinates":[19.94287,44.9833]},"properties":{"age_h":118.6,"recency":2,"frp":18.7,"confidence":"nominal"}},{"type":"Feature","geometry":{"type":"Point","coordinates":[19.93476,44.98342]},"properties":{"age_h":118.6,"recency":2,"frp":2.0,"confidence":"nominal"}},{"type":"Feature","geometry":{"type":"Point","coordinates":[19.94942,44.98467]},"properties":{"age_h":118.6,"recency":2,"frp":11.6,"confidence":"nominal"}},{"type":"Feature","geometry":{"type":"Point","coordinates":[20.20988,45.003]},"properties":{"age_h":118.6,"recency":2,"frp":6.3,"confidence":"nominal"}},{"type":"Feature","geometry":{"type":"Point","coordinates":[19.95807,45.01282]},"properties":{"age_h":118.6,"recency":2,"frp":11.2,"confidence":"nominal"}},{"type":"Feature","geometry":{"type":"Point","coordinates":[19.59961,45.01857]},"properties":{"age_h":118.6,"recency":2,"frp":4.7,"confidence":"nominal"}},{"type":"Feature","geometry":{"type":"Point","coordinates":[19.60667,45.0195]},"properties":{"age_h":118.6,"recency":2,"frp":41.4,"confidence":"nominal"}},{"type":"Feature","geometry":{"type":"Point","coordinates":[19.60637,45.02005]},"properties":{"age_h":118.6,"recency":2,"frp":4.7,"confidence":"nominal"}},{"type":"Feature","geometry":{"type":"Point","coordinates":[19.61344,45.02095]},"properties":{"age_h":118.6,"recency":2,"frp":41.4,"confidence":"nominal"}},{"type":"Feature","geometry":{"type":"Point","coordinates":[19.61312,45.02152]},"properties":{"age_h":118.6,"recency":2,"frp":6.2,"confidence":"nominal"}},{"type":"Feature","geometry":{"type":"Point","coordinates":[19.598,45.02235]},"properties":{"age_h":118.6,"recency":2,"frp":72.8,"confidence":"nominal"}},{"type":"Feature","geometry":{"type":"Point","coordinates":[19.60476,45.02383]},"properties":{"age_h":118.6,"recency":2,"frp":72.8,"confidence":"high"}},{"type":"Feature","geometry":{"type":"Point","coordinates":[19.61182,45.02473]},"properties":{"age_h":118.6,"recency":2,"frp":41.4,"confidence":"nominal"}},{"type":"Feature","geometry":{"type":"Point","coordinates":[19.61151,45.0253]},"properties":{"age_h":118.6,"recency":2,"frp":21.2,"confidence":"nominal"}},{"type":"Feature","geometry":{"type":"Point","coordinates":[19.60342,45.02706]},"properties":{"age_h":118.6,"recency":2,"frp":44.6,"confidence":"nominal"}},{"type":"Feature","geometry":{"type":"Point","coordinates":[19.60314,45.0276]},"properties":{"age_h":118.6,"recency":2,"frp":72.8,"confidence":"nominal"}},{"type":"Feature","geometry":{"type":"Point","coordinates":[19.61021,45.02851]},"properties":{"age_h":118.6,"recency":2,"frp":44.6,"confidence":"nominal"}},{"type":"Feature","geometry":{"type":"Point","coordinates":[19.6099,45.02908]},"properties":{"age_h":118.6,"recency":2,"frp":21.2,"confidence":"nominal"}},{"type":"Feature","geometry":{"type":"Point","coordinates":[19.41693,45.04502]},"properties":{"age_h":118.6,"recency":2,"frp":13.0,"confidence":"nominal"}},{"type":"Feature","geometry":{"type":"Point","coordinates":[21.16937,45.07249]},"properties":{"age_h":118.6,"recency":2,"frp":2.9,"confidence":"nominal"}},{"type":"Feature","geometry":{"type":"Point","coordinates":[19.58443,45.08955]},"properties":{"age_h":118.6,"recency":2,"frp":6.1,"confidence":"nominal"}},{"type":"Feature","geometry":{"type":"Point","coordinates":[19.53406,45.10349]},"properties":{"age_h":118.6,"recency":2,"frp":3.4,"confidence":"nominal"}},{"type":"Feature","geometry":{"type":"Point","coordinates":[19.5409,45.10495]},"properties":{"age_h":118.6,"recency":2,"frp":3.4,"confidence":"nominal"}},{"type":"Feature","geometry":{"type":"Point","coordinates":[19.54617,45.11021]},"properties":{"age_h":118.6,"recency":2,"frp":4.8,"confidence":"nominal"}},{"type":"Feature","geometry":{"type":"Point","coordinates":[19.55303,45.11168]},"properties":{"age_h":118.6,"recency":2,"frp":4.8,"confidence":"nominal"}},{"type":"Feature","geometry":{"type":"Point","coordinates":[20.67371,45.1633]},"properties":{"age_h":118.6,"recency":2,"frp":5.2,"confidence":"nominal"}},{"type":"Feature","geometry":{"type":"Point","coordinates":[20.39002,45.16388]},"properties":{"age_h":118.6,"recency":2,"frp":6.1,"confidence":"nominal"}},{"type":"Feature","geometry":{"type":"Point","coordinates":[20.67986,45.16457]},"properties":{"age_h":118.6,"recency":2,"frp":9.1,"confidence":"nominal"}},{"type":"Feature","geometry":{"type":"Point","coordinates":[20.68601,45.16584]},"properties":{"age_h":118.6,"recency":2,"frp":9.1,"confidence":"nominal"}},{"type":"Feature","geometry":{"type":"Point","coordinates":[20.64005,45.17991]},"properties":{"age_h":118.6,"recency":2,"frp":12.8,"confidence":"nominal"}},{"type":"Feature","geometry":{"type":"Point","coordinates":[20.62623,45.181]},"properties":{"age_h":118.6,"recency":2,"frp":18.0,"confidence":"nominal"}},{"type":"Feature","geometry":{"type":"Point","coordinates":[20.66619,45.18136]},"properties":{"age_h":118.6,"recency":2,"frp":4.7,"confidence":"nominal"}},{"type":"Feature","geometry":{"type":"Point","coordinates":[20.63239,45.18226]},"properties":{"age_h":118.6,"recency":2,"frp":12.8,"confidence":"nominal"}},{"type":"Feature","geometry":{"type":"Point","coordinates":[20.63854,45.18353]},"properties":{"age_h":118.6,"recency":2,"frp":12.8,"confidence":"nominal"}},{"type":"Feature","geometry":{"type":"Point","coordinates":[20.62472,45.18461]},"properties":{"age_h":118.6,"recency":2,"frp":28.6,"confidence":"nominal"}},{"type":"Feature","geometry":{"type":"Point","coordinates":[20.63703,45.18714]},"properties":{"age_h":118.6,"recency":2,"frp":54.3,"confidence":"nominal"}},{"type":"Feature","geometry":{"type":"Point","coordinates":[20.62938,45.1895]},"properties":{"age_h":118.6,"recency":2,"frp":54.3,"confidence":"nominal"}},{"type":"Feature","geometry":{"type":"Point","coordinates":[20.67399,45.19472]},"properties":{"age_h":118.6,"recency":2,"frp":4.6,"confidence":"nominal"}},{"type":"Feature","geometry":{"type":"Point","coordinates":[20.68332,45.20447]},"properties":{"age_h":118.6,"recency":2,"frp":7.1,"confidence":"nominal"}},{"type":"Feature","geometry":{"type":"Point","coordinates":[20.69723,45.21906]},"properties":{"age_h":118.6,"recency":2,"frp":6.3,"confidence":"nominal"}},{"type":"Feature","geometry":{"type":"Point","coordinates":[20.70078,45.27268]},"properties":{"age_h":118.6,"recency":2,"frp":3.8,"confidence":"nominal"}},{"type":"Feature","geometry":{"type":"Point","coordinates":[20.70689,45.27394]},"properties":{"age_h":118.6,"recency":2,"frp":6.0,"confidence":"nominal"}},{"type":"Feature","geometry":{"type":"Point","coordinates":[20.4781,45.29363]},"properties":{"age_h":118.6,"recency":2,"frp":3.8,"confidence":"nominal"}},{"type":"Feature","geometry":{"type":"Point","coordinates":[29.41867,45.59943]},"properties":{"age_h":118.6,"recency":2,"frp":2.9,"confidence":"nominal"}},{"type":"Feature","geometry":{"type":"Point","coordinates":[19.00102,45.28984]},"properties":{"age_h":118.6,"recency":2,"frp":1.2,"confidence":"nominal"}},{"type":"Feature","geometry":{"type":"Point","coordinates":[6.71307,51.36502]},"properties":{"age_h":118.5,"recency":2,"frp":3.4,"confidence":"nominal"}},{"type":"Feature","geometry":{"type":"Point","coordinates":[20.33232,54.7532]},"properties":{"age_h":118.5,"recency":2,"frp":2.0,"confidence":"nominal"}},{"type":"Feature","geometry":{"type":"Point","coordinates":[0.86749,58.35167]},"properties":{"age_h":118.5,"recency":2,"frp":4.4,"confidence":"nominal"}},{"type":"Feature","geometry":{"type":"Point","coordinates":[16.74215,59.61779]},"properties":{"age_h":118.5,"recency":2,"frp":3.8,"confidence":"nominal"}},{"type":"Feature","geometry":{"type":"Point","coordinates":[16.18285,60.13347]},"properties":{"age_h":118.5,"recency":2,"frp":5.4,"confidence":"nominal"}},{"type":"Feature","geometry":{"type":"Point","coordinates":[-5.95925,34.30603]},"properties":{"age_h":117.0,"recency":2,"frp":4.9,"confidence":"nominal"}},{"type":"Feature","geometry":{"type":"Point","coordinates":[-5.961,34.31094]},"properties":{"age_h":117.0,"recency":2,"frp":7.0,"confidence":"high"}},{"type":"Feature","geometry":{"type":"Point","coordinates":[-4.83642,34.33073]},"properties":{"age_h":117.0,"recency":2,"frp":14.7,"confidence":"nominal"}},{"type":"Feature","geometry":{"type":"Point","coordinates":[-5.71368,34.54624]},"properties":{"age_h":117.0,"recency":2,"frp":3.4,"confidence":"nominal"}},{"type":"Feature","geometry":{"type":"Point","coordinates":[-5.71034,34.54704]},"properties":{"age_h":117.0,"recency":2,"frp":3.4,"confidence":"nominal"}},{"type":"Feature","geometry":{"type":"Point","coordinates":[5.04804,35.19173]},"properties":{"age_h":117.0,"recency":2,"frp":1.9,"confidence":"nominal"}},{"type":"Feature","geometry":{"type":"Point","coordinates":[7.19042,36.16629]},"properties":{"age_h":117.0,"recency":2,"frp":3.7,"confidence":"nominal"}},{"type":"Feature","geometry":{"type":"Point","coordinates":[7.19294,36.16663]},"properties":{"age_h":117.0,"recency":2,"frp":6.1,"confidence":"nominal"}},{"type":"Feature","geometry":{"type":"Point","coordinates":[7.19225,36.17015]},"properties":{"age_h":117.0,"recency":2,"frp":4.7,"confidence":"nominal"}},{"type":"Feature","geometry":{"type":"Point","coordinates":[7.63577,36.18196]},"properties":{"age_h":117.0,"recency":2,"frp":11.4,"confidence":"nominal"}},{"type":"Feature","geometry":{"type":"Point","coordinates":[7.63523,36.18556]},"properties":{"age_h":117.0,"recency":2,"frp":11.4,"confidence":"nominal"}},{"type":"Feature","geometry":{"type":"Point","coordinates":[3.2488,36.22545]},"properties":{"age_h":117.0,"recency":2,"frp":4.3,"confidence":"nominal"}},{"type":"Feature","geometry":{"type":"Point","coordinates":[3.24801,36.22873]},"properties":{"age_h":117.0,"recency":2,"frp":4.3,"confidence":"nominal"}},{"type":"Feature","geometry":{"type":"Point","coordinates":[6.32632,36.25225]},"properties":{"age_h":117.0,"recency":2,"frp":5.9,"confidence":"nominal"}},{"type":"Feature","geometry":{"type":"Point","coordinates":[3.48382,36.28955]},"properties":{"age_h":117.0,"recency":2,"frp":2.8,"confidence":"nominal"}},{"type":"Feature","geometry":{"type":"Point","coordinates":[6.73822,36.30293]},"properties":{"age_h":117.0,"recency":2,"frp":4.4,"confidence":"nominal"}},{"type":"Feature","geometry":{"type":"Point","coordinates":[6.85541,36.3407]},"properties":{"age_h":117.0,"recency":2,"frp":7.9,"confidence":"nominal"}},{"type":"Feature","geometry":{"type":"Point","coordinates":[5.27115,36.45213]},"properties":{"age_h":117.0,"recency":2,"frp":2.7,"confidence":"nominal"}},{"type":"Feature","geometry":{"type":"Point","coordinates":[7.25572,36.48083]},"properties":{"age_h":117.0,"recency":2,"frp":3.3,"confidence":"nominal"}},{"type":"Feature","geometry":{"type":"Point","coordinates":[7.20987,36.55044]},"properties":{"age_h":117.0,"recency":2,"frp":2.9,"confidence":"nominal"}},{"type":"Feature","geometry":{"type":"Point","coordinates":[2.93283,36.59486]},"properties":{"age_h":117.0,"recency":2,"frp":2.7,"confidence":"nominal"}},{"type":"Feature","geometry":{"type":"Point","coordinates":[3.13638,36.5966]},"properties":{"age_h":117.0,"recency":2,"frp":1.6,"confidence":"nominal"}},{"type":"Feature","geometry":{"type":"Point","coordinates":[-5.81255,36.78901]},"properties":{"age_h":117.0,"recency":2,"frp":7.3,"confidence":"nominal"}},{"type":"Feature","geometry":{"type":"Point","coordinates":[9.38896,36.82498]},"properties":{"age_h":117.0,"recency":2,"frp":4.7,"confidence":"nominal"}},{"type":"Feature","geometry":{"type":"Point","coordinates":[9.62406,36.8884]},"properties":{"age_h":117.0,"recency":2,"frp":8.1,"confidence":"nominal"}},{"type":"Feature","geometry":{"type":"Point","coordinates":[14.16416,37.15565]},"properties":{"age_h":117.0,"recency":2,"frp":3.7,"confidence":"nominal"}},{"type":"Feature","geometry":{"type":"Point","coordinates":[14.15989,37.15709]},"properties":{"age_h":117.0,"recency":2,"frp":4.3,"confidence":"nominal"}},{"type":"Feature","geometry":{"type":"Point","coordinates":[14.16349,37.15731]},"properties":{"age_h":117.0,"recency":2,"frp":4.9,"confidence":"nominal"}},{"type":"Feature","geometry":{"type":"Point","coordinates":[14.28069,37.15836]},"properties":{"age_h":117.0,"recency":2,"frp":2.5,"confidence":"nominal"}},{"type":"Feature","geometry":{"type":"Point","coordinates":[14.28023,37.15932]},"properties":{"age_h":117.0,"recency":2,"frp":1.9,"confidence":"nominal"}},{"type":"Feature","geometry":{"type":"Point","coordinates":[14.22297,37.22355]},"properties":{"age_h":117.0,"recency":2,"frp":4.0,"confidence":"nominal"}},{"type":"Feature","geometry":{"type":"Point","coordinates":[-6.95349,37.27234]},"properties":{"age_h":117.0,"recency":2,"frp":1.8,"confidence":"nominal"}},{"type":"Feature","geometry":{"type":"Point","coordinates":[-6.36692,37.2835]},"properties":{"age_h":117.0,"recency":2,"frp":6.7,"confidence":"nominal"}},{"type":"Feature","geometry":{"type":"Point","coordinates":[13.6795,37.36294]},"properties":{"age_h":117.0,"recency":2,"frp":10.3,"confidence":"high"}},{"type":"Feature","geometry":{"type":"Point","coordinates":[13.80019,37.436]},"properties":{"age_h":117.0,"recency":2,"frp":3.3,"confidence":"nominal"}},{"type":"Feature","geometry":{"type":"Point","coordinates":[13.79975,37.43731]},"properties":{"age_h":117.0,"recency":2,"frp":3.4,"confidence":"nominal"}},{"type":"Feature","geometry":{"type":"Point","coordinates":[13.7488,37.48872]},"properties":{"age_h":117.0,"recency":2,"frp":2.4,"confidence":"nominal"}},{"type":"Feature","geometry":{"type":"Point","coordinates":[13.87059,37.52247]},"properties":{"age_h":117.0,"recency":2,"frp":2.2,"confidence":"nominal"}},{"type":"Feature","geometry":{"type":"Point","coordinates":[13.79957,37.5773]},"properties":{"age_h":117.0,"recency":2,"frp":4.0,"confidence":"nominal"}},{"type":"Feature","geometry":{"type":"Point","coordinates":[13.80358,37.57756]},"properties":{"age_h":117.0,"recency":2,"frp":3.9,"confidence":"nominal"}},{"type":"Feature","geometry":{"type":"Point","coordinates":[13.88423,37.58793]},"properties":{"age_h":117.0,"recency":2,"frp":3.1,"confidence":"nominal"}},{"type":"Feature","geometry":{"type":"Point","coordinates":[13.88741,37.58813]},"properties":{"age_h":117.0,"recency":2,"frp":3.1,"confidence":"nominal"}},{"type":"Feature","geometry":{"type":"Point","coordinates":[13.82895,37.59457]},"properties":{"age_h":117.0,"recency":2,"frp":3.0,"confidence":"nominal"}},{"type":"Feature","geometry":{"type":"Point","coordinates":[13.81428,37.59872]},"properties":{"age_h":117.0,"recency":2,"frp":3.2,"confidence":"nominal"}},{"type":"Feature","geometry":{"type":"Point","coordinates":[13.88065,37.61337]},"properties":{"age_h":117.0,"recency":2,"frp":4.5,"confidence":"nominal"}},{"type":"Feature","geometry":{"type":"Point","coordinates":[13.95617,37.67253]},"properties":{"age_h":117.0,"recency":2,"frp":2.8,"confidence":"nominal"}},{"type":"Feature","geometry":{"type":"Point","coordinates":[-4.83887,37.79472]},"properties":{"age_h":117.0,"recency":2,"frp":18.2,"confidence":"nominal"}},{"type":"Feature","geometry":{"type":"Point","coordinates":[12.85641,37.81158]},"properties":{"age_h":117.0,"recency":2,"frp":4.2,"confidence":"nominal"}},{"type":"Feature","geometry":{"type":"Point","coordinates":[13.2082,37.82526]},"properties":{"age_h":117.0,"recency":2,"frp":6.9,"confidence":"nominal"}},{"type":"Feature","geometry":{"type":"Point","coordinates":[13.19615,37.82749]},"properties":{"age_h":117.0,"recency":2,"frp":8.1,"confidence":"nominal"}},{"type":"Feature","geometry":{"type":"Point","coordinates":[13.20296,37.828]},"properties":{"age_h":117.0,"recency":2,"frp":8.1,"confidence":"nominal"}},{"type":"Feature","geometry":{"type":"Point","coordinates":[13.20987,37.82851]},"properties":{"age_h":117.0,"recency":2,"frp":13.1,"confidence":"nominal"}},{"type":"Feature","geometry":{"type":"Point","coordinates":[13.19396,37.82925]},"properties":{"age_h":117.0,"recency":2,"frp":7.3,"confidence":"nominal"}},{"type":"Feature","geometry":{"type":"Point","coordinates":[13.20084,37.82972]},"properties":{"age_h":117.0,"recency":2,"frp":15.1,"confidence":"nominal"}},{"type":"Feature","geometry":{"type":"Point","coordinates":[13.21467,37.83065]},"properties":{"age_h":117.0,"recency":2,"frp":5.5,"confidence":"nominal"}},{"type":"Feature","geometry":{"type":"Point","coordinates":[13.21612,37.83393]},"properties":{"age_h":117.0,"recency":2,"frp":8.6,"confidence":"nominal"}},{"type":"Feature","geometry":{"type":"Point","coordinates":[12.87476,37.85582]},"properties":{"age_h":117.0,"recency":2,"frp":6.5,"confidence":"nominal"}},{"type":"Feature","geometry":{"type":"Point","coordinates":[13.25149,37.86796]},"properties":{"age_h":117.0,"recency":2,"frp":4.5,"confidence":"nominal"}},{"type":"Feature","geometry":{"type":"Point","coordinates":[13.30481,37.87663]},"properties":{"age_h":117.0,"recency":2,"frp":8.4,"confidence":"nominal"}},{"type":"Feature","geometry":{"type":"Point","coordinates":[13.17994,37.88774]},"properties":{"age_h":117.0,"recency":2,"frp":6.9,"confidence":"nominal"}},{"type":"Feature","geometry":{"type":"Point","coordinates":[13.18655,37.88822]},"properties":{"age_h":117.0,"recency":2,"frp":6.9,"confidence":"nominal"}},{"type":"Feature","geometry":{"type":"Point","coordinates":[13.03859,37.95393]},"properties":{"age_h":117.0,"recency":2,"frp":5.7,"confidence":"nominal"}},{"type":"Feature","geometry":{"type":"Point","coordinates":[12.81102,37.99514]},"properties":{"age_h":117.0,"recency":2,"frp":20.0,"confidence":"nominal"}},{"type":"Feature","geometry":{"type":"Point","coordinates":[17.02625,39.10732]},"properties":{"age_h":117.0,"recency":2,"frp":4.9,"confidence":"nominal"}},{"type":"Feature","geometry":{"type":"Point","coordinates":[17.10178,39.18358]},"properties":{"age_h":117.0,"recency":2,"frp":2.8,"confidence":"nominal"}},{"type":"Feature","geometry":{"type":"Point","coordinates":[15.52703,40.10254]},"properties":{"age_h":117.0,"recency":2,"frp":8.4,"confidence":"high"}},{"type":"Feature","geometry":{"type":"Point","coordinates":[18.264,40.34841]},"properties":{"age_h":117.0,"recency":2,"frp":5.9,"confidence":"nominal"}},{"type":"Feature","geometry":{"type":"Point","coordinates":[18.26297,40.34921]},"properties":{"age_h":117.0,"recency":2,"frp":5.4,"confidence":"nominal"}},{"type":"Feature","geometry":{"type":"Point","coordinates":[16.41023,40.38163]},"properties":{"age_h":117.0,"recency":2,"frp":3.0,"confidence":"nominal"}},{"type":"Feature","geometry":{"type":"Point","coordinates":[16.50999,40.76672]},"properties":{"age_h":117.0,"recency":2,"frp":8.4,"confidence":"high"}},{"type":"Feature","geometry":{"type":"Point","coordinates":[14.83636,40.78409]},"properties":{"age_h":117.0,"recency":2,"frp":3.7,"confidence":"nominal"}},{"type":"Feature","geometry":{"type":"Point","coordinates":[19.56342,40.78879]},"properties":{"age_h":117.0,"recency":2,"frp":2.8,"confidence":"nominal"}},{"type":"Feature","geometry":{"type":"Point","coordinates":[16.61541,40.85607]},"properties":{"age_h":117.0,"recency":2,"frp":5.2,"confidence":"nominal"}},{"type":"Feature","geometry":{"type":"Point","coordinates":[15.878,40.87865]},"properties":{"age_h":117.0,"recency":2,"frp":3.2,"confidence":"nominal"}},{"type":"Feature","geometry":{"type":"Point","coordinates":[15.5781,40.93126]},"properties":{"age_h":117.0,"recency":2,"frp":2.3,"confidence":"nominal"}},{"type":"Feature","geometry":{"type":"Point","coordinates":[15.58287,40.93145]},"properties":{"age_h":117.0,"recency":2,"frp":2.3,"confidence":"nominal"}},{"type":"Feature","geometry":{"type":"Point","coordinates":[14.18136,40.95492]},"properties":{"age_h":117.0,"recency":2,"frp":1.9,"confidence":"nominal"}},{"type":"Feature","geometry":{"type":"Point","coordinates":[14.16474,41.11618]},"properties":{"age_h":117.0,"recency":2,"frp":7.8,"confidence":"nominal"}},{"type":"Feature","geometry":{"type":"Point","coordinates":[14.16914,41.11641]},"properties":{"age_h":117.0,"recency":2,"frp":6.9,"confidence":"nominal"}},{"type":"Feature","geometry":{"type":"Point","coordinates":[13.97761,41.22215]},"properties":{"age_h":117.0,"recency":2,"frp":15.2,"confidence":"nominal"}},{"type":"Feature","geometry":{"type":"Point","coordinates":[13.98197,41.22239]},"properties":{"age_h":117.0,"recency":2,"frp":16.9,"confidence":"high"}},{"type":"Feature","geometry":{"type":"Point","coordinates":[19.77649,41.45744]},"properties":{"age_h":117.0,"recency":2,"frp":149.0,"confidence":"nominal"}},{"type":"Feature","geometry":{"type":"Point","coordinates":[19.79181,41.45747]},"properties":{"age_h":117.0,"recency":2,"frp":169.1,"confidence":"high"}},{"type":"Feature","geometry":{"type":"Point","coordinates":[19.77608,41.46449]},"properties":{"age_h":117.0,"recency":2,"frp":9.3,"confidence":"nominal"}},{"type":"Feature","geometry":{"type":"Point","coordinates":[19.78337,41.4645]},"properties":{"age_h":117.0,"recency":2,"frp":9.3,"confidence":"nominal"}},{"type":"Feature","geometry":{"type":"Point","coordinates":[19.79113,41.46451]},"properties":{"age_h":117.0,"recency":2,"frp":12.0,"confidence":"nominal"}},{"type":"Feature","geometry":{"type":"Point","coordinates":[19.64738,41.49709]},"properties":{"age_h":117.0,"recency":2,"frp":5.0,"confidence":"nominal"}},{"type":"Feature","geometry":{"type":"Point","coordinates":[19.64755,41.49915]},"properties":{"age_h":117.0,"recency":2,"frp":5.2,"confidence":"nominal"}},{"type":"Feature","geometry":{"type":"Point","coordinates":[19.70053,41.52046]},"properties":{"age_h":117.0,"recency":2,"frp":12.4,"confidence":"nominal"}},{"type":"Feature","geometry":{"type":"Point","coordinates":[19.70041,41.52517]},"properties":{"age_h":117.0,"recency":2,"frp":4.4,"confidence":"nominal"}},{"type":"Feature","geometry":{"type":"Point","coordinates":[15.14227,41.60769]},"properties":{"age_h":117.0,"recency":2,"frp":2.3,"confidence":"nominal"}},{"type":"Feature","geometry":{"type":"Point","coordinates":[15.14779,41.60789]},"properties":{"age_h":117.0,"recency":2,"frp":2.3,"confidence":"nominal"}},{"type":"Feature","geometry":{"type":"Point","coordinates":[20.32138,41.61046]},"properties":{"age_h":117.0,"recency":2,"frp":8.9,"confidence":"nominal"}},{"type":"Feature","geometry":{"type":"Point","coordinates":[15.14298,41.61073]},"properties":{"age_h":117.0,"recency":2,"frp":1.9,"confidence":"nominal"}},{"type":"Feature","geometry":{"type":"Point","coordinates":[15.14845,41.61097]},"properties":{"age_h":117.0,"recency":2,"frp":1.9,"confidence":"nominal"}},{"type":"Feature","geometry":{"type":"Point","coordinates":[20.32474,41.61246]},"properties":{"age_h":117.0,"recency":2,"frp":11.5,"confidence":"nominal"}},{"type":"Feature","geometry":{"type":"Point","coordinates":[20.3163,41.61251]},"properties":{"age_h":117.0,"recency":2,"frp":11.5,"confidence":"nominal"}},{"type":"Feature","geometry":{"type":"Point","coordinates":[20.31988,41.61767]},"properties":{"age_h":117.0,"recency":2,"frp":8.9,"confidence":"nominal"}},{"type":"Feature","geometry":{"type":"Point","coordinates":[15.81335,41.81196]},"properties":{"age_h":117.0,"recency":2,"frp":3.9,"confidence":"nominal"}},{"type":"Feature","geometry":{"type":"Point","coordinates":[15.15018,41.83209]},"properties":{"age_h":117.0,"recency":2,"frp":4.7,"confidence":"nominal"}},{"type":"Feature","geometry":{"type":"Point","coordinates":[-3.81066,40.33727]},"properties":{"age_h":116.9,"recency":2,"frp":4.0,"confidence":"nominal"}},{"type":"Feature","geometry":{"type":"Point","coordinates":[-0.17161,41.08931]},"properties":{"age_h":116.9,"recency":2,"frp":4.0,"confidence":"nominal"}},{"type":"Feature","geometry":{"type":"Point","coordinates":[-0.17469,41.09935]},"properties":{"age_h":116.9,"recency":2,"frp":1.8,"confidence":"nominal"}},{"type":"Feature","geometry":{"type":"Point","coordinates":[-0.45837,41.25847]},"properties":{"age_h":116.9,"recency":2,"frp":4.8,"confidence":"nominal"}},{"type":"Feature","geometry":{"type":"Point","coordinates":[-0.4438,41.26107]},"properties":{"age_h":116.9,"recency":2,"frp":7.5,"confidence":"nominal"}},{"type":"Feature","geometry":{"type":"Point","coordinates":[-7.64233,41.32302]},"properties":{"age_h":116.9,"recency":2,"frp":75.8,"confidence":"nominal"}},{"type":"Feature","geometry":{"type":"Point","coordinates":[-8.1444,41.53593]},"properties":{"age_h":116.9,"recency":2,"frp":6.5,"confidence":"nominal"}},{"type":"Feature","geometry":{"type":"Point","coordinates":[-0.99576,41.62368]},"properties":{"age_h":116.9,"recency":2,"frp":2.0,"confidence":"nominal"}},{"type":"Feature","geometry":{"type":"Point","coordinates":[-1.25408,41.70855]},"properties":{"age_h":116.9,"recency":2,"frp":2.7,"confidence":"nominal"}},{"type":"Feature","geometry":{"type":"Point","coordinates":[15.21716,41.86555]},"properties":{"age_h":116.9,"recency":2,"frp":4.0,"confidence":"nominal"}},{"type":"Feature","geometry":{"type":"Point","coordinates":[15.22283,41.86577]},"properties":{"age_h":116.9,"recency":2,"frp":4.0,"confidence":"nominal"}},{"type":"Feature","geometry":{"type":"Point","coordinates":[-7.84402,41.91335]},"properties":{"age_h":116.9,"recency":2,"frp":167.5,"confidence":"nominal"}},{"type":"Feature","geometry":{"type":"Point","coordinates":[-7.86027,41.9192]},"properties":{"age_h":116.9,"recency":2,"frp":101.4,"confidence":"nominal"}},{"type":"Feature","geometry":{"type":"Point","coordinates":[-7.85331,41.92092]},"properties":{"age_h":116.9,"recency":2,"frp":101.4,"confidence":"high"}},{"type":"Feature","geometry":{"type":"Point","coordinates":[-7.84062,41.92406]},"properties":{"age_h":116.9,"recency":2,"frp":358.8,"confidence":"nominal"}},{"type":"Feature","geometry":{"type":"Point","coordinates":[-7.85477,41.9255]},"properties":{"age_h":116.9,"recency":2,"frp":101.4,"confidence":"nominal"}},{"type":"Feature","geometry":{"type":"Point","coordinates":[-7.8478,41.92722]},"properties":{"age_h":116.9,"recency":2,"frp":358.8,"confidence":"nominal"}},{"type":"Feature","geometry":{"type":"Point","coordinates":[-7.24831,42.07357]},"properties":{"age_h":116.9,"recency":2,"frp":67.6,"confidence":"nominal"}},{"type":"Feature","geometry":{"type":"Point","coordinates":[19.2892,42.26099]},"properties":{"age_h":116.9,"recency":2,"frp":29.8,"confidence":"high"}},{"type":"Feature","geometry":{"type":"Point","coordinates":[19.29775,42.26101]},"properties":{"age_h":116.9,"recency":2,"frp":14.4,"confidence":"nominal"}},{"type":"Feature","geometry":{"type":"Point","coordinates":[19.29203,42.26123]},"properties":{"age_h":116.9,"recency":2,"frp":13.4,"confidence":"high"}},{"type":"Feature","geometry":{"type":"Point","coordinates":[19.30062,42.2613]},"properties":{"age_h":116.9,"recency":2,"frp":13.4,"confidence":"nominal"}},{"type":"Feature","geometry":{"type":"Point","coordinates":[19.29777,42.26793]},"properties":{"age_h":116.9,"recency":2,"frp":14.4,"confidence":"nominal"}},{"type":"Feature","geometry":{"type":"Point","coordinates":[19.31506,42.28873]},"properties":{"age_h":116.9,"recency":2,"frp":2.5,"confidence":"nominal"}},{"type":"Feature","geometry":{"type":"Point","coordinates":[19.13657,42.29489]},"properties":{"age_h":116.9,"recency":2,"frp":9.0,"confidence":"nominal"}},{"type":"Feature","geometry":{"type":"Point","coordinates":[18.83565,42.83018]},"properties":{"age_h":116.9,"recency":2,"frp":7.9,"confidence":"nominal"}},{"type":"Feature","geometry":{"type":"Point","coordinates":[18.84543,42.83025]},"properties":{"age_h":116.9,"recency":2,"frp":7.9,"confidence":"nominal"}},{"type":"Feature","geometry":{"type":"Point","coordinates":[18.83832,42.83184]},"properties":{"age_h":116.9,"recency":2,"frp":13.2,"confidence":"nominal"}},{"type":"Feature","geometry":{"type":"Point","coordinates":[-5.33332,43.21917]},"properties":{"age_h":116.9,"recency":2,"frp":8.0,"confidence":"nominal"}},{"type":"Feature","geometry":{"type":"Point","coordinates":[-5.32771,43.22038]},"properties":{"age_h":116.9,"recency":2,"frp":6.0,"confidence":"nominal"}},{"type":"Feature","geometry":{"type":"Point","coordinates":[-5.33452,43.2231]},"properties":{"age_h":116.9,"recency":2,"frp":86.2,"confidence":"high"}},{"type":"Feature","geometry":{"type":"Point","coordinates":[-5.32935,43.22422]},"properties":{"age_h":116.9,"recency":2,"frp":7.9,"confidence":"nominal"}},{"type":"Feature","geometry":{"type":"Point","coordinates":[0.06027,43.26869]},"properties":{"age_h":116.9,"recency":2,"frp":2.5,"confidence":"nominal"}},{"type":"Feature","geometry":{"type":"Point","coordinates":[-4.81659,43.30937]},"properties":{"age_h":116.9,"recency":2,"frp":9.8,"confidence":"nominal"}},{"type":"Feature","geometry":{"type":"Point","coordinates":[5.19476,43.49781]},"properties":{"age_h":116.9,"recency":2,"frp":23.1,"confidence":"nominal"}},{"type":"Feature","geometry":{"type":"Point","coordinates":[5.19394,43.50133]},"properties":{"age_h":116.9,"recency":2,"frp":4.0,"confidence":"nominal"}},{"type":"Feature","geometry":{"type":"Point","coordinates":[-5.73323,43.52356]},"properties":{"age_h":116.9,"recency":2,"frp":12.4,"confidence":"nominal"}},{"type":"Feature","geometry":{"type":"Point","coordinates":[-1.02518,43.64369]},"properties":{"age_h":116.9,"recency":2,"frp":1.8,"confidence":"nominal"}},{"type":"Feature","geometry":{"type":"Point","coordinates":[4.66144,43.78248]},"properties":{"age_h":116.9,"recency":2,"frp":3.9,"confidence":"nominal"}},{"type":"Feature","geometry":{"type":"Point","coordinates":[-1.28247,43.7834]},"properties":{"age_h":116.9,"recency":2,"frp":19.8,"confidence":"nominal"}},{"type":"Feature","geometry":{"type":"Point","coordinates":[-1.27971,43.79098]},"properties":{"age_h":116.9,"recency":2,"frp":6.5,"confidence":"nominal"}},{"type":"Feature","geometry":{"type":"Point","coordinates":[-1.28083,43.79432]},"properties":{"age_h":116.9,"recency":2,"frp":6.5,"confidence":"nominal"}},{"type":"Feature","geometry":{"type":"Point","coordinates":[-1.17313,43.86003]},"properties":{"age_h":116.9,"recency":2,"frp":6.1,"confidence":"nominal"}},{"type":"Feature","geometry":{"type":"Point","coordinates":[-1.17426,43.86337]},"properties":{"age_h":116.9,"recency":2,"frp":5.0,"confidence":"nominal"}},{"type":"Feature","geometry":{"type":"Point","coordinates":[-1.16929,43.86425]},"properties":{"age_h":116.9,"recency":2,"frp":6.9,"confidence":"nominal"}},{"type":"Feature","geometry":{"type":"Point","coordinates":[-1.0143,43.93377]},"properties":{"age_h":116.9,"recency":2,"frp":3.8,"confidence":"nominal"}},{"type":"Feature","geometry":{"type":"Point","coordinates":[-1.01541,43.9371]},"properties":{"age_h":116.9,"recency":2,"frp":3.8,"confidence":"nominal"}},{"type":"Feature","geometry":{"type":"Point","coordinates":[-0.88147,44.01081]},"properties":{"age_h":116.9,"recency":2,"frp":3.8,"confidence":"nominal"}},{"type":"Feature","geometry":{"type":"Point","coordinates":[2.64279,44.27599]},"properties":{"age_h":116.9,"recency":2,"frp":1.9,"confidence":"nominal"}},{"type":"Feature","geometry":{"type":"Point","coordinates":[-0.14109,44.55608]},"properties":{"age_h":116.9,"recency":2,"frp":0.9,"confidence":"nominal"}},{"type":"Feature","geometry":{"type":"Point","coordinates":[-4.63799,48.41307]},"properties":{"age_h":116.9,"recency":2,"frp":4.3,"confidence":"nominal"}},{"type":"Feature","geometry":{"type":"Point","coordinates":[-4.63522,48.41339]},"properties":{"age_h":116.9,"recency":2,"frp":2.7,"confidence":"nominal"}},{"type":"Feature","geometry":{"type":"Point","coordinates":[3.20261,48.69387]},"properties":{"age_h":116.9,"recency":2,"frp":2.1,"confidence":"nominal"}},{"type":"Feature","geometry":{"type":"Point","coordinates":[-3.87296,50.7466]},"properties":{"age_h":116.9,"recency":2,"frp":2.4,"confidence":"nominal"}},{"type":"Feature","geometry":{"type":"Point","coordinates":[-1.88679,51.17582]},"properties":{"age_h":116.9,"recency":2,"frp":2.6,"confidence":"nominal"}},{"type":"Feature","geometry":{"type":"Point","coordinates":[6.7415,51.46186]},"properties":{"age_h":116.9,"recency":2,"frp":3.4,"confidence":"nominal"}},{"type":"Feature","geometry":{"type":"Point","coordinates":[6.89018,58.278]},"properties":{"age_h":116.9,"recency":2,"frp":6.2,"confidence":"nominal"}},{"type":"Feature","geometry":{"type":"Point","coordinates":[-6.36805,37.28427]},"properties":{"age_h":115.3,"recency":2,"frp":4.7,"confidence":"nominal"}},{"type":"Feature","geometry":{"type":"Point","coordinates":[-7.08245,37.29832]},"properties":{"age_h":115.3,"recency":2,"frp":5.0,"confidence":"nominal"}},{"type":"Feature","geometry":{"type":"Point","coordinates":[-7.01538,38.7235]},"properties":{"age_h":115.3,"recency":2,"frp":5.9,"confidence":"nominal"}},{"type":"Feature","geometry":{"type":"Point","coordinates":[-8.07747,41.60857]},"properties":{"age_h":115.3,"recency":2,"frp":5.4,"confidence":"nominal"}},{"type":"Feature","geometry":{"type":"Point","coordinates":[-8.07917,41.61178]},"properties":{"age_h":115.3,"recency":2,"frp":3.7,"confidence":"nominal"}},{"type":"Feature","geometry":{"type":"Point","coordinates":[-7.85008,41.91306]},"properties":{"age_h":115.3,"recency":2,"frp":41.9,"confidence":"nominal"}},{"type":"Feature","geometry":{"type":"Point","coordinates":[-7.84326,41.9132]},"properties":{"age_h":115.3,"recency":2,"frp":25.5,"confidence":"nominal"}},{"type":"Feature","geometry":{"type":"Point","coordinates":[-7.84998,41.9152]},"properties":{"age_h":115.3,"recency":2,"frp":37.8,"confidence":"nominal"}},{"type":"Feature","geometry":{"type":"Point","coordinates":[-7.84296,41.91531]},"properties":{"age_h":115.3,"recency":2,"frp":37.8,"confidence":"nominal"}},{"type":"Feature","geometry":{"type":"Point","coordinates":[-7.85167,41.91939]},"properties":{"age_h":115.3,"recency":2,"frp":41.9,"confidence":"nominal"}},{"type":"Feature","geometry":{"type":"Point","coordinates":[-7.84474,41.91954]},"properties":{"age_h":115.3,"recency":2,"frp":25.5,"confidence":"high"}},{"type":"Feature","geometry":{"type":"Point","coordinates":[-7.83674,41.91971]},"properties":{"age_h":115.3,"recency":2,"frp":25.5,"confidence":"high"}},{"type":"Feature","geometry":{"type":"Point","coordinates":[-7.85184,41.92154]},"properties":{"age_h":115.3,"recency":2,"frp":37.8,"confidence":"nominal"}},{"type":"Feature","geometry":{"type":"Point","coordinates":[-7.84503,41.92165]},"properties":{"age_h":115.3,"recency":2,"frp":37.8,"confidence":"high"}},{"type":"Feature","geometry":{"type":"Point","coordinates":[-7.83671,41.92178]},"properties":{"age_h":115.3,"recency":2,"frp":19.0,"confidence":"high"}},{"type":"Feature","geometry":{"type":"Point","coordinates":[-7.82925,41.92191]},"properties":{"age_h":115.3,"recency":2,"frp":19.0,"confidence":"nominal"}},{"type":"Feature","geometry":{"type":"Point","coordinates":[-7.85339,41.92572]},"properties":{"age_h":115.3,"recency":2,"frp":43.1,"confidence":"nominal"}},{"type":"Feature","geometry":{"type":"Point","coordinates":[-7.84729,41.92585]},"properties":{"age_h":115.3,"recency":2,"frp":92.2,"confidence":"high"}},{"type":"Feature","geometry":{"type":"Point","coordinates":[-7.82345,41.92638]},"properties":{"age_h":115.3,"recency":2,"frp":200.1,"confidence":"high"}},{"type":"Feature","geometry":{"type":"Point","coordinates":[-7.83999,41.9281]},"properties":{"age_h":115.3,"recency":2,"frp":160.7,"confidence":"high"}},{"type":"Feature","geometry":{"type":"Point","coordinates":[-7.83122,41.92825]},"properties":{"age_h":115.3,"recency":2,"frp":160.7,"confidence":"high"}},{"type":"Feature","geometry":{"type":"Point","coordinates":[-7.82337,41.92838]},"properties":{"age_h":115.3,"recency":2,"frp":80.5,"confidence":"high"}},{"type":"Feature","geometry":{"type":"Point","coordinates":[-7.8163,41.9285]},"properties":{"age_h":115.3,"recency":2,"frp":80.5,"confidence":"nominal"}},{"type":"Feature","geometry":{"type":"Point","coordinates":[-7.84828,41.9322]},"properties":{"age_h":115.3,"recency":2,"frp":92.2,"confidence":"nominal"}},{"type":"Feature","geometry":{"type":"Point","coordinates":[-7.84149,41.93235]},"properties":{"age_h":115.3,"recency":2,"frp":92.2,"confidence":"nominal"}},{"type":"Feature","geometry":{"type":"Point","coordinates":[-7.82493,41.93272]},"properties":{"age_h":115.3,"recency":2,"frp":200.1,"confidence":"high"}},{"type":"Feature","geometry":{"type":"Point","coordinates":[-7.8328,41.9346]},"properties":{"age_h":115.3,"recency":2,"frp":160.7,"confidence":"nominal"}},{"type":"Feature","geometry":{"type":"Point","coordinates":[-5.32902,43.2176]},"properties":{"age_h":115.3,"recency":2,"frp":23.5,"confidence":"nominal"}},{"type":"Feature","geometry":{"type":"Point","coordinates":[-5.33504,43.21762]},"properties":{"age_h":115.3,"recency":2,"frp":14.1,"confidence":"nominal"}},{"type":"Feature","geometry":{"type":"Point","coordinates":[-5.33371,43.22044]},"properties":{"age_h":115.3,"recency":2,"frp":29.5,"confidence":"high"}},{"type":"Feature","geometry":{"type":"Point","coordinates":[39.7753,57.53745]},"properties":{"age_h":106.4,"recency":2,"frp":1.4,"confidence":"nominal"}},{"type":"Feature","geometry":{"type":"Point","coordinates":[41.37898,57.72088]},"properties":{"age_h":106.4,"recency":2,"frp":2.3,"confidence":"nominal"}},{"type":"Feature","geometry":{"type":"Point","coordinates":[37.90104,59.14238]},"properties":{"age_h":106.4,"recency":2,"frp":1.9,"confidence":"nominal"}},{"type":"Feature","geometry":{"type":"Point","coordinates":[37.93341,51.15467]},"properties":{"age_h":106.4,"recency":2,"frp":1.3,"confidence":"nominal"}},{"type":"Feature","geometry":{"type":"Point","coordinates":[37.94086,51.15746]},"properties":{"age_h":106.4,"recency":2,"frp":1.1,"confidence":"nominal"}},{"type":"Feature","geometry":{"type":"Point","coordinates":[38.17872,54.08671]},"properties":{"age_h":106.4,"recency":2,"frp":1.1,"confidence":"nominal"}},{"type":"Feature","geometry":{"type":"Point","coordinates":[37.71332,54.16796]},"properties":{"age_h":106.4,"recency":2,"frp":1.1,"confidence":"nominal"}},{"type":"Feature","geometry":{"type":"Point","coordinates":[38.88698,54.76499]},"properties":{"age_h":106.4,"recency":2,"frp":1.0,"confidence":"nominal"}},{"type":"Feature","geometry":{"type":"Point","coordinates":[38.88817,54.76857]},"properties":{"age_h":106.4,"recency":2,"frp":1.0,"confidence":"nominal"}},{"type":"Feature","geometry":{"type":"Point","coordinates":[37.76426,55.55547]},"properties":{"age_h":106.4,"recency":2,"frp":1.6,"confidence":"nominal"}},{"type":"Feature","geometry":{"type":"Point","coordinates":[28.30595,44.23965]},"properties":{"age_h":106.4,"recency":2,"frp":0.5,"confidence":"nominal"}},{"type":"Feature","geometry":{"type":"Point","coordinates":[38.11759,44.88379]},"properties":{"age_h":106.4,"recency":2,"frp":1.7,"confidence":"nominal"}},{"type":"Feature","geometry":{"type":"Point","coordinates":[39.43878,45.26823]},"properties":{"age_h":106.4,"recency":2,"frp":0.2,"confidence":"nominal"}},{"type":"Feature","geometry":{"type":"Point","coordinates":[35.6888,47.21908]},"properties":{"age_h":106.4,"recency":2,"frp":1.0,"confidence":"nominal"}},{"type":"Feature","geometry":{"type":"Point","coordinates":[37.95489,48.05945]},"properties":{"age_h":106.4,"recency":2,"frp":1.4,"confidence":"nominal"}},{"type":"Feature","geometry":{"type":"Point","coordinates":[38.59555,48.08997]},"properties":{"age_h":106.4,"recency":2,"frp":1.5,"confidence":"nominal"}},{"type":"Feature","geometry":{"type":"Point","coordinates":[37.92698,48.1004]},"properties":{"age_h":106.4,"recency":2,"frp":0.7,"confidence":"nominal"}},{"type":"Feature","geometry":{"type":"Point","coordinates":[38.08748,48.28619]},"properties":{"age_h":106.4,"recency":2,"frp":0.4,"confidence":"nominal"}},{"type":"Feature","geometry":{"type":"Point","coordinates":[37.25834,48.35712]},"properties":{"age_h":106.4,"recency":2,"frp":1.2,"confidence":"nominal"}},{"type":"Feature","geometry":{"type":"Point","coordinates":[37.25933,48.36062]},"properties":{"age_h":106.4,"recency":2,"frp":0.6,"confidence":"nominal"}},{"type":"Feature","geometry":{"type":"Point","coordinates":[39.23615,48.56032]},"properties":{"age_h":106.4,"recency":2,"frp":4.3,"confidence":"nominal"}},{"type":"Feature","geometry":{"type":"Point","coordinates":[37.88368,48.57182]},"properties":{"age_h":106.4,"recency":2,"frp":0.5,"confidence":"nominal"}},{"type":"Feature","geometry":{"type":"Point","coordinates":[37.55071,48.60979]},"properties":{"age_h":106.4,"recency":2,"frp":0.8,"confidence":"nominal"}},{"type":"Feature","geometry":{"type":"Point","coordinates":[37.53321,48.61195]},"properties":{"age_h":106.4,"recency":2,"frp":0.8,"confidence":"nominal"}},{"type":"Feature","geometry":{"type":"Point","coordinates":[26.59925,48.747]},"properties":{"age_h":106.4,"recency":2,"frp":1.0,"confidence":"nominal"}},{"type":"Feature","geometry":{"type":"Point","coordinates":[26.59967,48.75048]},"properties":{"age_h":106.4,"recency":2,"frp":1.2,"confidence":"nominal"}},{"type":"Feature","geometry":{"type":"Point","coordinates":[37.79556,48.98773]},"properties":{"age_h":106.4,"recency":2,"frp":0.3,"confidence":"nominal"}},{"type":"Feature","geometry":{"type":"Point","coordinates":[36.60333,50.61638]},"properties":{"age_h":106.4,"recency":2,"frp":0.7,"confidence":"nominal"}},{"type":"Feature","geometry":{"type":"Point","coordinates":[31.84116,51.04725]},"properties":{"age_h":106.4,"recency":2,"frp":2.2,"confidence":"nominal"}},{"type":"Feature","geometry":{"type":"Point","coordinates":[31.84193,51.05179]},"properties":{"age_h":106.4,"recency":2,"frp":2.2,"confidence":"nominal"}},{"type":"Feature","geometry":{"type":"Point","coordinates":[40.32033,35.34771]},"properties":{"age_h":106.3,"recency":2,"frp":0.7,"confidence":"nominal"}},{"type":"Feature","geometry":{"type":"Point","coordinates":[40.05716,36.08953]},"properties":{"age_h":106.3,"recency":2,"frp":0.4,"confidence":"nominal"}},{"type":"Feature","geometry":{"type":"Point","coordinates":[40.80745,36.13043]},"properties":{"age_h":106.3,"recency":2,"frp":1.3,"confidence":"nominal"}},{"type":"Feature","geometry":{"type":"Point","coordinates":[38.98799,36.39593]},"properties":{"age_h":106.3,"recency":2,"frp":0.7,"confidence":"nominal"}},{"type":"Feature","geometry":{"type":"Point","coordinates":[36.37246,36.51696]},"properties":{"age_h":106.3,"recency":2,"frp":0.6,"confidence":"nominal"}},{"type":"Feature","geometry":{"type":"Point","coordinates":[40.62533,36.64671]},"properties":{"age_h":106.3,"recency":2,"frp":1.7,"confidence":"nominal"}},{"type":"Feature","geometry":{"type":"Point","coordinates":[40.62634,36.6502]},"properties":{"age_h":106.3,"recency":2,"frp":1.3,"confidence":"nominal"}},{"type":"Feature","geometry":{"type":"Point","coordinates":[40.62143,36.65112]},"properties":{"age_h":106.3,"recency":2,"frp":1.3,"confidence":"nominal"}},{"type":"Feature","geometry":{"type":"Point","coordinates":[40.62735,36.65368]},"properties":{"age_h":106.3,"recency":2,"frp":1.3,"confidence":"nominal"}},{"type":"Feature","geometry":{"type":"Point","coordinates":[40.62245,36.65461]},"properties":{"age_h":106.3,"recency":2,"frp":1.3,"confidence":"nominal"}},{"type":"Feature","geometry":{"type":"Point","coordinates":[36.20787,36.72547]},"properties":{"age_h":106.3,"recency":2,"frp":0.5,"confidence":"nominal"}},{"type":"Feature","geometry":{"type":"Point","coordinates":[36.20586,36.73602]},"properties":{"age_h":106.3,"recency":2,"frp":1.3,"confidence":"nominal"}},{"type":"Feature","geometry":{"type":"Point","coordinates":[36.21094,36.73867]},"properties":{"age_h":106.3,"recency":2,"frp":2.2,"confidence":"nominal"}},{"type":"Feature","geometry":{"type":"Point","coordinates":[40.19367,36.7529]},"properties":{"age_h":106.3,"recency":2,"frp":0.8,"confidence":"nominal"}},{"type":"Feature","geometry":{"type":"Point","coordinates":[37.02046,36.79837]},"properties":{"age_h":106.3,"recency":2,"frp":0.7,"confidence":"nominal"}},{"type":"Feature","geometry":{"type":"Point","coordinates":[41.90644,36.81866]},"properties":{"age_h":106.3,"recency":2,"frp":0.9,"confidence":"nominal"}},{"type":"Feature","geometry":{"type":"Point","coordinates":[41.11388,36.87613]},"properties":{"age_h":106.3,"recency":2,"frp":1.4,"confidence":"nominal"}},{"type":"Feature","geometry":{"type":"Point","coordinates":[41.12,36.87869]},"properties":{"age_h":106.3,"recency":2,"frp":1.1,"confidence":"nominal"}},{"type":"Feature","geometry":{"type":"Point","coordinates":[41.11493,36.87967]},"properties":{"age_h":106.3,"recency":2,"frp":1.0,"confidence":"nominal"}},{"type":"Feature","geometry":{"type":"Point","coordinates":[41.89716,36.91538]},"properties":{"age_h":106.3,"recency":2,"frp":0.8,"confidence":"nominal"}},{"type":"Feature","geometry":{"type":"Point","coordinates":[40.51279,36.93554]},"properties":{"age_h":106.3,"recency":2,"frp":1.0,"confidence":"nominal"}},{"type":"Feature","geometry":{"type":"Point","coordinates":[30.64736,36.93719]},"properties":{"age_h":106.3,"recency":2,"frp":0.6,"confidence":"nominal"}},{"type":"Feature","geometry":{"type":"Point","coordinates":[36.10538,37.01312]},"properties":{"age_h":106.3,"recency":2,"frp":0.4,"confidence":"nominal"}},{"type":"Feature","geometry":{"type":"Point","coordinates":[36.11201,37.0224]},"properties":{"age_h":106.3,"recency":2,"frp":0.4,"confidence":"nominal"}},{"type":"Feature","geometry":{"type":"Point","coordinates":[37.43426,37.06355]},"properties":{"age_h":106.3,"recency":2,"frp":0.3,"confidence":"nominal"}},{"type":"Feature","geometry":{"type":"Point","coordinates":[41.09391,37.07237]},"properties":{"age_h":106.3,"recency":2,"frp":0.6,"confidence":"nominal"}},{"type":"Feature","geometry":{"type":"Point","coordinates":[38.29679,37.08637]},"properties":{"age_h":106.3,"recency":2,"frp":1.7,"confidence":"nominal"}},{"type":"Feature","geometry":{"type":"Point","coordinates":[40.11045,37.21505]},"properties":{"age_h":106.3,"recency":2,"frp":0.3,"confidence":"nominal"}},{"type":"Feature","geometry":{"type":"Point","coordinates":[38.72972,37.27712]},"properties":{"age_h":106.3,"recency":2,"frp":0.5,"confidence":"nominal"}},{"type":"Feature","geometry":{"type":"Point","coordinates":[39.76065,37.33488]},"properties":{"age_h":106.3,"recency":2,"frp":2.2,"confidence":"nominal"}},{"type":"Feature","geometry":{"type":"Point","coordinates":[39.07842,37.46624]},"properties":{"age_h":106.3,"recency":2,"frp":0.9,"confidence":"nominal"}},{"type":"Feature","geometry":{"type":"Point","coordinates":[37.99746,37.59384]},"properties":{"age_h":106.3,"recency":2,"frp":0.6,"confidence":"nominal"}},{"type":"Feature","geometry":{"type":"Point","coordinates":[38.43269,37.71684]},"properties":{"age_h":106.3,"recency":2,"frp":1.8,"confidence":"nominal"}},{"type":"Feature","geometry":{"type":"Point","coordinates":[39.05506,37.75199]},"properties":{"age_h":106.3,"recency":2,"frp":0.5,"confidence":"nominal"}},{"type":"Feature","geometry":{"type":"Point","coordinates":[29.37245,37.86492]},"properties":{"age_h":106.3,"recency":2,"frp":0.9,"confidence":"nominal"}},{"type":"Feature","geometry":{"type":"Point","coordinates":[40.32158,37.96387]},"properties":{"age_h":106.3,"recency":2,"frp":3.0,"confidence":"nominal"}},{"type":"Feature","geometry":{"type":"Point","coordinates":[40.32727,37.96642]},"properties":{"age_h":106.3,"recency":2,"frp":1.1,"confidence":"nominal"}},{"type":"Feature","geometry":{"type":"Point","coordinates":[40.32255,37.96728]},"properties":{"age_h":106.3,"recency":2,"frp":1.1,"confidence":"nominal"}},{"type":"Feature","geometry":{"type":"Point","coordinates":[40.43289,38.10972]},"properties":{"age_h":106.3,"recency":2,"frp":0.7,"confidence":"nominal"}},{"type":"Feature","geometry":{"type":"Point","coordinates":[40.4349,38.11653]},"properties":{"age_h":106.3,"recency":2,"frp":0.5,"confidence":"nominal"}},{"type":"Feature","geometry":{"type":"Point","coordinates":[40.43018,38.11739]},"properties":{"age_h":106.3,"recency":2,"frp":0.5,"confidence":"nominal"}},{"type":"Feature","geometry":{"type":"Point","coordinates":[23.52143,38.13332]},"properties":{"age_h":106.3,"recency":2,"frp":0.9,"confidence":"nominal"}},{"type":"Feature","geometry":{"type":"Point","coordinates":[40.51918,38.18957]},"properties":{"age_h":106.3,"recency":2,"frp":0.4,"confidence":"nominal"}},{"type":"Feature","geometry":{"type":"Point","coordinates":[40.50494,38.1922]},"properties":{"age_h":106.3,"recency":2,"frp":0.6,"confidence":"nominal"}},{"type":"Feature","geometry":{"type":"Point","coordinates":[40.3976,38.20126]},"properties":{"age_h":106.3,"recency":2,"frp":0.8,"confidence":"nominal"}},{"type":"Feature","geometry":{"type":"Point","coordinates":[39.76501,38.22]},"properties":{"age_h":106.3,"recency":2,"frp":0.9,"confidence":"nominal"}},{"type":"Feature","geometry":{"type":"Point","coordinates":[38.72464,38.45488]},"properties":{"age_h":106.3,"recency":2,"frp":0.9,"confidence":"nominal"}},{"type":"Feature","geometry":{"type":"Point","coordinates":[30.61762,38.66103]},"properties":{"age_h":106.3,"recency":2,"frp":1.4,"confidence":"nominal"}},{"type":"Feature","geometry":{"type":"Point","coordinates":[39.23471,38.66289]},"properties":{"age_h":106.3,"recency":2,"frp":0.5,"confidence":"nominal"}},{"type":"Feature","geometry":{"type":"Point","coordinates":[26.94937,38.7438]},"properties":{"age_h":106.3,"recency":2,"frp":1.0,"confidence":"nominal"}},{"type":"Feature","geometry":{"type":"Point","coordinates":[26.93883,38.75487]},"properties":{"age_h":106.3,"recency":2,"frp":0.8,"confidence":"nominal"}},{"type":"Feature","geometry":{"type":"Point","coordinates":[26.93486,38.75513]},"properties":{"age_h":106.3,"recency":2,"frp":1.2,"confidence":"nominal"}},{"type":"Feature","geometry":{"type":"Point","coordinates":[37.8971,38.88387]},"properties":{"age_h":106.3,"recency":2,"frp":0.7,"confidence":"nominal"}},{"type":"Feature","geometry":{"type":"Point","coordinates":[41.56751,38.89167]},"properties":{"age_h":106.3,"recency":2,"frp":0.6,"confidence":"nominal"}},{"type":"Feature","geometry":{"type":"Point","coordinates":[27.50795,39.09349]},"properties":{"age_h":106.3,"recency":2,"frp":1.6,"confidence":"nominal"}},{"type":"Feature","geometry":{"type":"Point","coordinates":[27.52555,39.11751]},"properties":{"age_h":106.3,"recency":2,"frp":1.0,"confidence":"nominal"}},{"type":"Feature","geometry":{"type":"Point","coordinates":[30.15053,39.70669]},"properties":{"age_h":106.3,"recency":2,"frp":0.8,"confidence":"nominal"}},{"type":"Feature","geometry":{"type":"Point","coordinates":[33.4776,39.76672]},"properties":{"age_h":106.3,"recency":2,"frp":0.6,"confidence":"nominal"}},{"type":"Feature","geometry":{"type":"Point","coordinates":[26.23935,39.86535]},"properties":{"age_h":106.3,"recency":2,"frp":1.4,"confidence":"nominal"}},{"type":"Feature","geometry":{"type":"Point","coordinates":[26.24098,39.86857]},"properties":{"age_h":106.3,"recency":2,"frp":1.4,"confidence":"nominal"}},{"type":"Feature","geometry":{"type":"Point","coordinates":[28.87359,39.89951]},"properties":{"age_h":106.3,"recency":2,"frp":1.8,"confidence":"nominal"}},{"type":"Feature","geometry":{"type":"Point","coordinates":[28.86687,39.90005]},"properties":{"age_h":106.3,"recency":2,"frp":2.5,"confidence":"nominal"}},{"type":"Feature","geometry":{"type":"Point","coordinates":[28.86792,39.90213]},"properties":{"age_h":106.3,"recency":2,"frp":4.3,"confidence":"nominal"}},{"type":"Feature","geometry":{"type":"Point","coordinates":[40.67099,39.92637]},"properties":{"age_h":106.3,"recency":2,"frp":0.7,"confidence":"nominal"}},{"type":"Feature","geometry":{"type":"Point","coordinates":[33.14338,39.96023]},"properties":{"age_h":106.3,"recency":2,"frp":0.8,"confidence":"nominal"}},{"type":"Feature","geometry":{"type":"Point","coordinates":[32.64693,40.05044]},"properties":{"age_h":106.3,"recency":2,"frp":0.9,"confidence":"nominal"}},{"type":"Feature","geometry":{"type":"Point","coordinates":[32.79499,40.08311]},"properties":{"age_h":106.3,"recency":2,"frp":0.8,"confidence":"nominal"}},{"type":"Feature","geometry":{"type":"Point","coordinates":[29.22469,40.18542]},"properties":{"age_h":106.3,"recency":2,"frp":0.8,"confidence":"nominal"}},{"type":"Feature","geometry":{"type":"Point","coordinates":[29.92283,40.24511]},"properties":{"age_h":106.3,"recency":2,"frp":0.6,"confidence":"nominal"}},{"type":"Feature","geometry":{"type":"Point","coordinates":[30.04218,40.26205]},"properties":{"age_h":106.3,"recency":2,"frp":0.7,"confidence":"nominal"}},{"type":"Feature","geometry":{"type":"Point","coordinates":[29.75255,40.7572]},"properties":{"age_h":106.3,"recency":2,"frp":1.5,"confidence":"nominal"}},{"type":"Feature","geometry":{"type":"Point","coordinates":[30.64816,40.76001]},"properties":{"age_h":106.3,"recency":2,"frp":0.6,"confidence":"nominal"}},{"type":"Feature","geometry":{"type":"Point","coordinates":[29.36004,40.76107]},"properties":{"age_h":106.3,"recency":2,"frp":1.5,"confidence":"nominal"}},{"type":"Feature","geometry":{"type":"Point","coordinates":[29.52865,40.76628]},"properties":{"age_h":106.3,"recency":2,"frp":2.8,"confidence":"nominal"}},{"type":"Feature","geometry":{"type":"Point","coordinates":[36.46378,41.24431]},"properties":{"age_h":106.3,"recency":2,"frp":3.5,"confidence":"nominal"}},{"type":"Feature","geometry":{"type":"Point","coordinates":[31.41169,41.25784]},"properties":{"age_h":106.3,"recency":2,"frp":2.0,"confidence":"nominal"}},{"type":"Feature","geometry":{"type":"Point","coordinates":[31.42807,41.26469]},"properties":{"age_h":106.3,"recency":2,"frp":1.6,"confidence":"nominal"}},{"type":"Feature","geometry":{"type":"Point","coordinates":[27.68383,41.63319]},"properties":{"age_h":106.3,"recency":2,"frp":0.6,"confidence":"nominal"}},{"type":"Feature","geometry":{"type":"Point","coordinates":[35.7308,34.3347]},"properties":{"age_h":106.3,"recency":2,"frp":0.8,"confidence":"nominal"}},{"type":"Feature","geometry":{"type":"Point","coordinates":[36.63538,34.71492]},"properties":{"age_h":106.3,"recency":2,"frp":0.4,"confidence":"nominal"}},{"type":"Feature","geometry":{"type":"Point","coordinates":[36.72632,34.77883]},"properties":{"age_h":106.3,"recency":2,"frp":0.4,"confidence":"nominal"}},{"type":"Feature","geometry":{"type":"Point","coordinates":[41.37626,57.7199]},"properties":{"age_h":104.8,"recency":2,"frp":0.4,"confidence":"nominal"}},{"type":"Feature","geometry":{"type":"Point","coordinates":[41.37851,57.72309]},"properties":{"age_h":104.8,"recency":2,"frp":0.3,"confidence":"nominal"}},{"type":"Feature","geometry":{"type":"Point","coordinates":[40.10022,59.44277]},"properties":{"age_h":104.8,"recency":2,"frp":0.5,"confidence":"nominal"}},{"type":"Feature","geometry":{"type":"Point","coordinates":[40.10427,59.44575]},"properties":{"age_h":104.8,"recency":2,"frp":0.6,"confidence":"nominal"}},{"type":"Feature","geometry":{"type":"Point","coordinates":[24.19697,65.76929]},"properties":{"age_h":104.8,"recency":2,"frp":1.5,"confidence":"nominal"}},{"type":"Feature","geometry":{"type":"Point","coordinates":[14.17304,66.31066]},"properties":{"age_h":104.8,"recency":2,"frp":1.2,"confidence":"nominal"}},{"type":"Feature","geometry":{"type":"Point","coordinates":[35.68862,47.22047]},"properties":{"age_h":104.7,"recency":2,"frp":1.5,"confidence":"nominal"}},{"type":"Feature","geometry":{"type":"Point","coordinates":[26.80915,48.49422]},"properties":{"age_h":104.7,"recency":2,"frp":1.1,"confidence":"nominal"}},{"type":"Feature","geometry":{"type":"Point","coordinates":[6.74357,49.34875]},"properties":{"age_h":104.7,"recency":2,"frp":1.2,"confidence":"nominal"}},{"type":"Feature","geometry":{"type":"Point","coordinates":[9.76575,49.95618]},"properties":{"age_h":104.7,"recency":2,"frp":1.1,"confidence":"nominal"}},{"type":"Feature","geometry":{"type":"Point","coordinates":[4.19142,50.49059]},"properties":{"age_h":104.7,"recency":2,"frp":0.9,"confidence":"nominal"}},{"type":"Feature","geometry":{"type":"Point","coordinates":[13.61758,50.56205]},"properties":{"age_h":104.7,"recency":2,"frp":0.4,"confidence":"nominal"}},{"type":"Feature","geometry":{"type":"Point","coordinates":[5.36682,50.57083]},"properties":{"age_h":104.7,"recency":2,"frp":1.2,"confidence":"nominal"}},{"type":"Feature","geometry":{"type":"Point","coordinates":[5.66922,50.76495]},"properties":{"age_h":104.7,"recency":2,"frp":1.5,"confidence":"nominal"}},{"type":"Feature","geometry":{"type":"Point","coordinates":[-1.37085,50.83191]},"properties":{"age_h":104.7,"recency":2,"frp":1.1,"confidence":"nominal"}},{"type":"Feature","geometry":{"type":"Point","coordinates":[2.29443,51.04249]},"properties":{"age_h":104.7,"recency":2,"frp":1.6,"confidence":"nominal"}},{"type":"Feature","geometry":{"type":"Point","coordinates":[2.31724,51.04731]},"properties":{"age_h":104.7,"recency":2,"frp":1.5,"confidence":"nominal"}},{"type":"Feature","geometry":{"type":"Point","coordinates":[11.66028,51.26892]},"properties":{"age_h":104.7,"recency":2,"frp":0.8,"confidence":"nominal"}},{"type":"Feature","geometry":{"type":"Point","coordinates":[38.33831,51.33327]},"properties":{"age_h":104.7,"recency":2,"frp":0.9,"confidence":"nominal"}},{"type":"Feature","geometry":{"type":"Point","coordinates":[6.70711,51.36372]},"properties":{"age_h":104.7,"recency":2,"frp":3.0,"confidence":"nominal"}},{"type":"Feature","geometry":{"type":"Point","coordinates":[6.69861,51.48411]},"properties":{"age_h":104.7,"recency":2,"frp":1.1,"confidence":"nominal"}},{"type":"Feature","geometry":{"type":"Point","coordinates":[6.69128,51.4846]},"properties":{"age_h":104.7,"recency":2,"frp":1.1,"confidence":"nominal"}},{"type":"Feature","geometry":{"type":"Point","coordinates":[6.70669,51.48814]},"properties":{"age_h":104.7,"recency":2,"frp":0.9,"confidence":"nominal"}},{"type":"Feature","geometry":{"type":"Point","coordinates":[6.73728,51.49523]},"properties":{"age_h":104.7,"recency":2,"frp":1.2,"confidence":"nominal"}},{"type":"Feature","geometry":{"type":"Point","coordinates":[6.72344,51.50072]},"properties":{"age_h":104.7,"recency":2,"frp":1.8,"confidence":"nominal"}},{"type":"Feature","geometry":{"type":"Point","coordinates":[6.73884,51.50425]},"properties":{"age_h":104.7,"recency":2,"frp":1.0,"confidence":"nominal"}},{"type":"Feature","geometry":{"type":"Point","coordinates":[6.72421,51.50525]},"properties":{"age_h":104.7,"recency":2,"frp":1.7,"confidence":"nominal"}},{"type":"Feature","geometry":{"type":"Point","coordinates":[8.33358,51.59418]},"properties":{"age_h":104.7,"recency":2,"frp":1.4,"confidence":"nominal"}},{"type":"Feature","geometry":{"type":"Point","coordinates":[8.50693,51.61866]},"properties":{"age_h":104.7,"recency":2,"frp":1.2,"confidence":"nominal"}},{"type":"Feature","geometry":{"type":"Point","coordinates":[10.40417,52.15149]},"properties":{"age_h":104.7,"recency":2,"frp":3.6,"confidence":"nominal"}},{"type":"Feature","geometry":{"type":"Point","coordinates":[10.39625,52.15226]},"properties":{"age_h":104.7,"recency":2,"frp":3.6,"confidence":"nominal"}},{"type":"Feature","geometry":{"type":"Point","coordinates":[10.39818,52.16002]},"properties":{"age_h":104.7,"recency":2,"frp":6.7,"confidence":"nominal"}},{"type":"Feature","geometry":{"type":"Point","coordinates":[10.41505,52.16236]},"properties":{"age_h":104.7,"recency":2,"frp":2.1,"confidence":"nominal"}},{"type":"Feature","geometry":{"type":"Point","coordinates":[10.43196,52.1647]},"properties":{"age_h":104.7,"recency":2,"frp":0.9,"confidence":"nominal"}},{"type":"Feature","geometry":{"type":"Point","coordinates":[8.0553,52.20731]},"properties":{"age_h":104.7,"recency":2,"frp":0.7,"confidence":"nominal"}},{"type":"Feature","geometry":{"type":"Point","coordinates":[0.02896,52.3329]},"properties":{"age_h":104.7,"recency":2,"frp":0.8,"confidence":"nominal"}},{"type":"Feature","geometry":{"type":"Point","coordinates":[4.61606,52.47525]},"properties":{"age_h":104.7,"recency":2,"frp":2.4,"confidence":"nominal"}},{"type":"Feature","geometry":{"type":"Point","coordinates":[4.61045,52.47609]},"properties":{"age_h":104.7,"recency":2,"frp":2.1,"confidence":"nominal"}},{"type":"Feature","geometry":{"type":"Point","coordinates":[36.52455,52.57499]},"properties":{"age_h":104.7,"recency":2,"frp":4.2,"confidence":"nominal"}},{"type":"Feature","geometry":{"type":"Point","coordinates":[36.52222,52.57547]},"properties":{"age_h":104.7,"recency":2,"frp":3.7,"confidence":"nominal"}},{"type":"Feature","geometry":{"type":"Point","coordinates":[27.1988,52.72406]},"properties":{"age_h":104.7,"recency":2,"frp":0.7,"confidence":"nominal"}},{"type":"Feature","geometry":{"type":"Point","coordinates":[23.90064,53.68045]},"properties":{"age_h":104.7,"recency":2,"frp":1.3,"confidence":"nominal"}},{"type":"Feature","geometry":{"type":"Point","coordinates":[30.61415,38.65837]},"properties":{"age_h":104.7,"recency":2,"frp":1.3,"confidence":"nominal"}},{"type":"Feature","geometry":{"type":"Point","coordinates":[26.93833,38.75386]},"properties":{"age_h":104.7,"recency":2,"frp":1.2,"confidence":"nominal"}},{"type":"Feature","geometry":{"type":"Point","coordinates":[27.50786,39.09182]},"properties":{"age_h":104.7,"recency":2,"frp":1.8,"confidence":"nominal"}},{"type":"Feature","geometry":{"type":"Point","coordinates":[29.76466,40.7587]},"properties":{"age_h":104.7,"recency":2,"frp":2.5,"confidence":"nominal"}},{"type":"Feature","geometry":{"type":"Point","coordinates":[26.70528,41.1811]},"properties":{"age_h":104.7,"recency":2,"frp":1.1,"confidence":"nominal"}},{"type":"Feature","geometry":{"type":"Point","coordinates":[31.41163,41.25819]},"properties":{"age_h":104.7,"recency":2,"frp":2.1,"confidence":"nominal"}},{"type":"Feature","geometry":{"type":"Point","coordinates":[15.29604,41.43704]},"properties":{"age_h":104.7,"recency":2,"frp":0.5,"confidence":"nominal"}},{"type":"Feature","geometry":{"type":"Point","coordinates":[15.17959,41.75963]},"properties":{"age_h":104.7,"recency":2,"frp":0.4,"confidence":"nominal"}},{"type":"Feature","geometry":{"type":"Point","coordinates":[15.35172,41.7853]},"properties":{"age_h":104.7,"recency":2,"frp":1.9,"confidence":"nominal"}},{"type":"Feature","geometry":{"type":"Point","coordinates":[15.09484,41.83707]},"properties":{"age_h":104.7,"recency":2,"frp":0.8,"confidence":"nominal"}},{"type":"Feature","geometry":{"type":"Point","coordinates":[15.20028,41.88332]},"properties":{"age_h":104.7,"recency":2,"frp":5.1,"confidence":"nominal"}},{"type":"Feature","geometry":{"type":"Point","coordinates":[2.00241,42.71591]},"properties":{"age_h":104.7,"recency":2,"frp":1.6,"confidence":"nominal"}},{"type":"Feature","geometry":{"type":"Point","coordinates":[1.99885,42.71611]},"properties":{"age_h":104.7,"recency":2,"frp":2.2,"confidence":"nominal"}},{"type":"Feature","geometry":{"type":"Point","coordinates":[1.99517,42.71632]},"properties":{"age_h":104.7,"recency":2,"frp":2.2,"confidence":"nominal"}},{"type":"Feature","geometry":{"type":"Point","coordinates":[2.00021,42.7164]},"properties":{"age_h":104.7,"recency":2,"frp":2.7,"confidence":"nominal"}},{"type":"Feature","geometry":{"type":"Point","coordinates":[1.99653,42.71659]},"properties":{"age_h":104.7,"recency":2,"frp":4.3,"confidence":"nominal"}},{"type":"Feature","geometry":{"type":"Point","coordinates":[-2.22328,43.04044]},"properties":{"age_h":104.7,"recency":2,"frp":1.3,"confidence":"nominal"}},{"type":"Feature","geometry":{"type":"Point","coordinates":[-2.88121,43.22358]},"properties":{"age_h":104.7,"recency":2,"frp":1.2,"confidence":"nominal"}},{"type":"Feature","geometry":{"type":"Point","coordinates":[-2.88846,43.22364]},"properties":{"age_h":104.7,"recency":2,"frp":1.3,"confidence":"nominal"}},{"type":"Feature","geometry":{"type":"Point","coordinates":[-4.60634,43.3073]},"properties":{"age_h":104.7,"recency":2,"frp":1.5,"confidence":"nominal"}},{"type":"Feature","geometry":{"type":"Point","coordinates":[-4.60861,43.31194]},"properties":{"age_h":104.7,"recency":2,"frp":0.9,"confidence":"nominal"}},{"type":"Feature","geometry":{"type":"Point","coordinates":[12.54378,43.3652]},"properties":{"age_h":104.7,"recency":2,"frp":0.7,"confidence":"nominal"}},{"type":"Feature","geometry":{"type":"Point","coordinates":[4.89462,43.44873]},"properties":{"age_h":104.7,"recency":2,"frp":0.8,"confidence":"nominal"}},{"type":"Feature","geometry":{"type":"Point","coordinates":[5.18774,43.50035]},"properties":{"age_h":104.7,"recency":2,"frp":4.4,"confidence":"nominal"}},{"type":"Feature","geometry":{"type":"Point","coordinates":[10.21427,45.47999]},"properties":{"age_h":104.7,"recency":2,"frp":1.0,"confidence":"nominal"}},{"type":"Feature","geometry":{"type":"Point","coordinates":[10.34519,45.51624]},"properties":{"age_h":104.7,"recency":2,"frp":0.8,"confidence":"nominal"}},{"type":"Feature","geometry":{"type":"Point","coordinates":[9.60063,45.63898]},"properties":{"age_h":104.7,"recency":2,"frp":1.3,"confidence":"nominal"}},{"type":"Feature","geometry":{"type":"Point","coordinates":[13.07543,46.22672]},"properties":{"age_h":104.7,"recency":2,"frp":0.8,"confidence":"nominal"}},{"type":"Feature","geometry":{"type":"Point","coordinates":[14.09452,46.42336]},"properties":{"age_h":104.7,"recency":2,"frp":0.6,"confidence":"nominal"}},{"type":"Feature","geometry":{"type":"Point","coordinates":[15.57454,46.73771]},"properties":{"age_h":104.7,"recency":2,"frp":0.6,"confidence":"nominal"}},{"type":"Feature","geometry":{"type":"Point","coordinates":[1.12102,47.43958]},"properties":{"age_h":104.7,"recency":2,"frp":0.5,"confidence":"nominal"}},{"type":"Feature","geometry":{"type":"Point","coordinates":[13.05007,47.72252]},"properties":{"age_h":104.7,"recency":2,"frp":0.8,"confidence":"nominal"}},{"type":"Feature","geometry":{"type":"Point","coordinates":[12.17967,47.78978]},"properties":{"age_h":104.7,"recency":2,"frp":0.8,"confidence":"nominal"}},{"type":"Feature","geometry":{"type":"Point","coordinates":[7.57045,48.05188]},"properties":{"age_h":104.7,"recency":2,"frp":0.9,"confidence":"nominal"}},{"type":"Feature","geometry":{"type":"Point","coordinates":[6.96348,48.68966]},"properties":{"age_h":104.7,"recency":2,"frp":0.8,"confidence":"nominal"}},{"type":"Feature","geometry":{"type":"Point","coordinates":[6.84314,49.24385]},"properties":{"age_h":104.7,"recency":2,"frp":0.9,"confidence":"nominal"}},{"type":"Feature","geometry":{"type":"Point","coordinates":[6.10102,49.32468]},"properties":{"age_h":104.7,"recency":2,"frp":1.4,"confidence":"nominal"}},{"type":"Feature","geometry":{"type":"Point","coordinates":[6.10121,49.32526]},"properties":{"age_h":104.7,"recency":2,"frp":0.9,"confidence":"nominal"}},{"type":"Feature","geometry":{"type":"Point","coordinates":[36.92828,49.46392]},"properties":{"age_h":104.7,"recency":2,"frp":0.9,"confidence":"nominal"}},{"type":"Feature","geometry":{"type":"Point","coordinates":[36.92854,49.46464]},"properties":{"age_h":104.7,"recency":2,"frp":0.8,"confidence":"nominal"}},{"type":"Feature","geometry":{"type":"Point","coordinates":[30.92923,50.3708]},"properties":{"age_h":104.7,"recency":2,"frp":4.9,"confidence":"nominal"}},{"type":"Feature","geometry":{"type":"Point","coordinates":[30.92485,50.37209]},"properties":{"age_h":104.7,"recency":2,"frp":4.9,"confidence":"high"}},{"type":"Feature","geometry":{"type":"Point","coordinates":[8.6925,53.13449]},"properties":{"age_h":104.7,"recency":2,"frp":3.4,"confidence":"nominal"}},{"type":"Feature","geometry":{"type":"Point","coordinates":[8.68602,53.13499]},"properties":{"age_h":104.7,"recency":2,"frp":2.5,"confidence":"nominal"}},{"type":"Feature","geometry":{"type":"Point","coordinates":[8.68042,53.13971]},"properties":{"age_h":104.7,"recency":2,"frp":2.5,"confidence":"nominal"}},{"type":"Feature","geometry":{"type":"Point","coordinates":[8.67389,53.14022]},"properties":{"age_h":104.7,"recency":2,"frp":2.1,"confidence":"nominal"}},{"type":"Feature","geometry":{"type":"Point","coordinates":[-0.59532,53.56599]},"properties":{"age_h":104.7,"recency":2,"frp":3.4,"confidence":"nominal"}},{"type":"Feature","geometry":{"type":"Point","coordinates":[-0.59538,53.57222]},"properties":{"age_h":104.7,"recency":2,"frp":1.1,"confidence":"nominal"}},{"type":"Feature","geometry":{"type":"Point","coordinates":[-0.25435,53.63314]},"properties":{"age_h":104.7,"recency":2,"frp":0.8,"confidence":"nominal"}},{"type":"Feature","geometry":{"type":"Point","coordinates":[7.30874,34.62674]},"properties":{"age_h":104.6,"recency":2,"frp":0.4,"confidence":"nominal"}},{"type":"Feature","geometry":{"type":"Point","coordinates":[8.17312,35.23197]},"properties":{"age_h":104.6,"recency":2,"frp":2.1,"confidence":"nominal"}},{"type":"Feature","geometry":{"type":"Point","coordinates":[9.88957,35.77503]},"properties":{"age_h":104.6,"recency":2,"frp":1.1,"confidence":"nominal"}},{"type":"Feature","geometry":{"type":"Point","coordinates":[5.37693,35.83854]},"properties":{"age_h":104.6,"recency":2,"frp":0.7,"confidence":"nominal"}},{"type":"Feature","geometry":{"type":"Point","coordinates":[4.44392,35.88005]},"properties":{"age_h":104.6,"recency":2,"frp":0.9,"confidence":"nominal"}},{"type":"Feature","geometry":{"type":"Point","coordinates":[6.80519,36.08691]},"properties":{"age_h":104.6,"recency":2,"frp":1.5,"confidence":"nominal"}},{"type":"Feature","geometry":{"type":"Point","coordinates":[1.23987,36.12634]},"properties":{"age_h":104.6,"recency":2,"frp":2.1,"confidence":"nominal"}},{"type":"Feature","geometry":{"type":"Point","coordinates":[1.23667,36.13171]},"properties":{"age_h":104.6,"recency":2,"frp":1.2,"confidence":"nominal"}},{"type":"Feature","geometry":{"type":"Point","coordinates":[10.28509,36.15895]},"properties":{"age_h":104.6,"recency":2,"frp":0.8,"confidence":"nominal"}},{"type":"Feature","geometry":{"type":"Point","coordinates":[5.56929,36.17777]},"properties":{"age_h":104.6,"recency":2,"frp":0.6,"confidence":"nominal"}},{"type":"Feature","geometry":{"type":"Point","coordinates":[3.74612,36.18151]},"properties":{"age_h":104.6,"recency":2,"frp":0.9,"confidence":"nominal"}},{"type":"Feature","geometry":{"type":"Point","coordinates":[6.6199,36.43148]},"properties":{"age_h":104.6,"recency":2,"frp":1.6,"confidence":"nominal"}},{"type":"Feature","geometry":{"type":"Point","coordinates":[6.56094,36.49932]},"properties":{"age_h":104.6,"recency":2,"frp":0.4,"confidence":"nominal"}},{"type":"Feature","geometry":{"type":"Point","coordinates":[10.02688,36.502]},"properties":{"age_h":104.6,"recency":2,"frp":0.7,"confidence":"nominal"}},{"type":"Feature","geometry":{"type":"Point","coordinates":[10.31615,36.59275]},"properties":{"age_h":104.6,"recency":2,"frp":0.6,"confidence":"nominal"}},{"type":"Feature","geometry":{"type":"Point","coordinates":[2.87767,36.59565]},"properties":{"age_h":104.6,"recency":2,"frp":1.3,"confidence":"nominal"}},{"type":"Feature","geometry":{"type":"Point","coordinates":[3.13398,36.60106]},"properties":{"age_h":104.6,"recency":2,"frp":0.9,"confidence":"nominal"}},{"type":"Feature","geometry":{"type":"Point","coordinates":[3.27313,36.7098]},"properties":{"age_h":104.6,"recency":2,"frp":0.9,"confidence":"nominal"}},{"type":"Feature","geometry":{"type":"Point","coordinates":[3.36178,36.71621]},"properties":{"age_h":104.6,"recency":2,"frp":0.6,"confidence":"nominal"}},{"type":"Feature","geometry":{"type":"Point","coordinates":[6.25172,36.74455]},"properties":{"age_h":104.6,"recency":2,"frp":2.5,"confidence":"nominal"}},{"type":"Feature","geometry":{"type":"Point","coordinates":[6.2524,36.74843]},"properties":{"age_h":104.6,"recency":2,"frp":5.3,"confidence":"nominal"}},{"type":"Feature","geometry":{"type":"Point","coordinates":[10.19629,36.75344]},"properties":{"age_h":104.6,"recency":2,"frp":1.2,"confidence":"nominal"}},{"type":"Feature","geometry":{"type":"Point","coordinates":[15.16899,37.21214]},"properties":{"age_h":104.6,"recency":2,"frp":1.4,"confidence":"nominal"}},{"type":"Feature","geometry":{"type":"Point","coordinates":[15.04184,37.42317]},"properties":{"age_h":104.6,"recency":2,"frp":0.6,"confidence":"nominal"}},{"type":"Feature","geometry":{"type":"Point","coordinates":[15.03148,37.43955]},"properties":{"age_h":104.6,"recency":2,"frp":0.4,"confidence":"nominal"}},{"type":"Feature","geometry":{"type":"Point","coordinates":[14.99612,37.75091]},"properties":{"age_h":104.6,"recency":2,"frp":0.8,"confidence":"nominal"}},{"type":"Feature","geometry":{"type":"Point","coordinates":[23.60538,38.03266]},"properties":{"age_h":104.6,"recency":2,"frp":0.7,"confidence":"nominal"}},{"type":"Feature","geometry":{"type":"Point","coordinates":[23.60467,38.03387]},"properties":{"age_h":104.6,"recency":2,"frp":0.7,"confidence":"nominal"}},{"type":"Feature","geometry":{"type":"Point","coordinates":[24.0574,38.37413]},"properties":{"age_h":104.6,"recency":2,"frp":1.1,"confidence":"nominal"}},{"type":"Feature","geometry":{"type":"Point","coordinates":[-0.54739,38.37902]},"properties":{"age_h":104.6,"recency":2,"frp":0.5,"confidence":"nominal"}},{"type":"Feature","geometry":{"type":"Point","coordinates":[-0.59407,39.15536]},"properties":{"age_h":104.6,"recency":2,"frp":0.5,"confidence":"nominal"}},{"type":"Feature","geometry":{"type":"Point","coordinates":[17.12743,39.17055]},"properties":{"age_h":104.6,"recency":2,"frp":1.5,"confidence":"nominal"}},{"type":"Feature","geometry":{"type":"Point","coordinates":[-0.25061,39.66471]},"properties":{"age_h":104.6,"recency":2,"frp":0.7,"confidence":"nominal"}},{"type":"Feature","geometry":{"type":"Point","coordinates":[-3.47893,40.24887]},"properties":{"age_h":104.6,"recency":2,"frp":3.1,"confidence":"nominal"}},{"type":"Feature","geometry":{"type":"Point","coordinates":[0.5389,40.57972]},"properties":{"age_h":104.6,"recency":2,"frp":0.8,"confidence":"nominal"}},{"type":"Feature","geometry":{"type":"Point","coordinates":[0.54099,40.58003]},"properties":{"age_h":104.6,"recency":2,"frp":0.7,"confidence":"nominal"}},{"type":"Feature","geometry":{"type":"Point","coordinates":[0.64579,41.61874]},"properties":{"age_h":104.6,"recency":2,"frp":2.9,"confidence":"nominal"}},{"type":"Feature","geometry":{"type":"Point","coordinates":[0.6409,41.61895]},"properties":{"age_h":104.6,"recency":2,"frp":2.9,"confidence":"nominal"}},{"type":"Feature","geometry":{"type":"Point","coordinates":[0.64579,41.61947]},"properties":{"age_h":104.6,"recency":2,"frp":4.6,"confidence":"nominal"}},{"type":"Feature","geometry":{"type":"Point","coordinates":[0.64092,41.61971]},"properties":{"age_h":104.6,"recency":2,"frp":3.1,"confidence":"nominal"}},{"type":"Feature","geometry":{"type":"Point","coordinates":[6.14566,49.32243]},"properties":{"age_h":103.0,"recency":2,"frp":1.2,"confidence":"nominal"}},{"type":"Feature","geometry":{"type":"Point","coordinates":[6.099,49.32463]},"properties":{"age_h":103.0,"recency":2,"frp":1.3,"confidence":"nominal"}},{"type":"Feature","geometry":{"type":"Point","coordinates":[5.95722,49.50323]},"properties":{"age_h":103.0,"recency":2,"frp":2.1,"confidence":"nominal"}},{"type":"Feature","geometry":{"type":"Point","coordinates":[5.66917,50.76361]},"properties":{"age_h":103.0,"recency":2,"frp":1.2,"confidence":"nominal"}},{"type":"Feature","geometry":{"type":"Point","coordinates":[2.30229,51.04172]},"properties":{"age_h":103.0,"recency":2,"frp":2.7,"confidence":"nominal"}},{"type":"Feature","geometry":{"type":"Point","coordinates":[2.29589,51.04335]},"properties":{"age_h":103.0,"recency":2,"frp":2.7,"confidence":"nominal"}},{"type":"Feature","geometry":{"type":"Point","coordinates":[2.29031,51.04491]},"properties":{"age_h":103.0,"recency":2,"frp":3.4,"confidence":"nominal"}},{"type":"Feature","geometry":{"type":"Point","coordinates":[2.32112,51.04651]},"properties":{"age_h":103.0,"recency":2,"frp":0.7,"confidence":"nominal"}},{"type":"Feature","geometry":{"type":"Point","coordinates":[6.73932,51.42824]},"properties":{"age_h":103.0,"recency":2,"frp":0.8,"confidence":"nominal"}},{"type":"Feature","geometry":{"type":"Point","coordinates":[6.69848,51.48333]},"properties":{"age_h":103.0,"recency":2,"frp":1.1,"confidence":"nominal"}},{"type":"Feature","geometry":{"type":"Point","coordinates":[6.69402,51.48468]},"properties":{"age_h":103.0,"recency":2,"frp":0.8,"confidence":"nominal"}},{"type":"Feature","geometry":{"type":"Point","coordinates":[6.72842,51.48589]},"properties":{"age_h":103.0,"recency":2,"frp":0.7,"confidence":"nominal"}},{"type":"Feature","geometry":{"type":"Point","coordinates":[6.70211,51.48804]},"properties":{"age_h":103.0,"recency":2,"frp":1.5,"confidence":"nominal"}},{"type":"Feature","geometry":{"type":"Point","coordinates":[8.50915,51.61934]},"properties":{"age_h":103.0,"recency":2,"frp":0.7,"confidence":"nominal"}},{"type":"Feature","geometry":{"type":"Point","coordinates":[8.02793,51.85842]},"properties":{"age_h":103.0,"recency":2,"frp":0.6,"confidence":"nominal"}},{"type":"Feature","geometry":{"type":"Point","coordinates":[10.39704,52.15276]},"properties":{"age_h":103.0,"recency":2,"frp":1.8,"confidence":"nominal"}},{"type":"Feature","geometry":{"type":"Point","coordinates":[10.39962,52.15741]},"properties":{"age_h":103.0,"recency":2,"frp":3.4,"confidence":"nominal"}},{"type":"Feature","geometry":{"type":"Point","coordinates":[10.39375,52.15939]},"properties":{"age_h":103.0,"recency":2,"frp":1.6,"confidence":"nominal"}},{"type":"Feature","geometry":{"type":"Point","coordinates":[10.39586,52.15986]},"properties":{"age_h":103.0,"recency":2,"frp":1.8,"confidence":"nominal"}},{"type":"Feature","geometry":{"type":"Point","coordinates":[10.41015,52.16054]},"properties":{"age_h":103.0,"recency":2,"frp":2.7,"confidence":"nominal"}},{"type":"Feature","geometry":{"type":"Point","coordinates":[10.41217,52.16097]},"properties":{"age_h":103.0,"recency":2,"frp":3.0,"confidence":"nominal"}},{"type":"Feature","geometry":{"type":"Point","coordinates":[10.42063,52.16369]},"properties":{"age_h":103.0,"recency":2,"frp":2.0,"confidence":"nominal"}},{"type":"Feature","geometry":{"type":"Point","coordinates":[10.4311,52.16684]},"properties":{"age_h":103.0,"recency":2,"frp":0.8,"confidence":"nominal"}},{"type":"Feature","geometry":{"type":"Point","coordinates":[8.67822,53.13155]},"properties":{"age_h":103.0,"recency":2,"frp":1.8,"confidence":"nominal"}},{"type":"Feature","geometry":{"type":"Point","coordinates":[8.68708,53.13477]},"properties":{"age_h":103.0,"recency":2,"frp":1.8,"confidence":"nominal"}},{"type":"Feature","geometry":{"type":"Point","coordinates":[8.68226,53.13629]},"properties":{"age_h":103.0,"recency":2,"frp":1.8,"confidence":"nominal"}},{"type":"Feature","geometry":{"type":"Point","coordinates":[-0.59089,53.56855]},"properties":{"age_h":103.0,"recency":2,"frp":0.6,"confidence":"nominal"}},{"type":"Feature","geometry":{"type":"Point","coordinates":[-0.62171,53.58329]},"properties":{"age_h":103.0,"recency":2,"frp":0.8,"confidence":"nominal"}},{"type":"Feature","geometry":{"type":"Point","coordinates":[9.58333,53.87581]},"properties":{"age_h":103.0,"recency":2,"frp":0.8,"confidence":"nominal"}},{"type":"Feature","geometry":{"type":"Point","coordinates":[-1.72944,54.71745]},"properties":{"age_h":103.0,"recency":2,"frp":0.9,"confidence":"nominal"}},{"type":"Feature","geometry":{"type":"Point","coordinates":[-1.03703,48.10758]},"properties":{"age_h":103.0,"recency":2,"frp":1.0,"confidence":"nominal"}},{"type":"Feature","geometry":{"type":"Point","coordinates":[7.82154,48.60077]},"properties":{"age_h":103.0,"recency":2,"frp":1.5,"confidence":"nominal"}},{"type":"Feature","geometry":{"type":"Point","coordinates":[6.965,48.69371]},"properties":{"age_h":103.0,"recency":2,"frp":0.8,"confidence":"nominal"}},{"type":"Feature","geometry":{"type":"Point","coordinates":[1.7592,48.98695]},"properties":{"age_h":103.0,"recency":2,"frp":1.3,"confidence":"nominal"}},{"type":"Feature","geometry":{"type":"Point","coordinates":[1.75902,48.98737]},"properties":{"age_h":103.0,"recency":2,"frp":0.5,"confidence":"nominal"}},{"type":"Feature","geometry":{"type":"Point","coordinates":[0.53492,49.47889]},"properties":{"age_h":103.0,"recency":2,"frp":1.2,"confidence":"nominal"}},{"type":"Feature","geometry":{"type":"Point","coordinates":[-1.37558,50.83543]},"properties":{"age_h":103.0,"recency":2,"frp":1.2,"confidence":"nominal"}},{"type":"Feature","geometry":{"type":"Point","coordinates":[1.23998,36.12605]},"properties":{"age_h":103.0,"recency":2,"frp":1.6,"confidence":"nominal"}},{"type":"Feature","geometry":{"type":"Point","coordinates":[1.24079,36.12936]},"properties":{"age_h":103.0,"recency":2,"frp":3.1,"confidence":"nominal"}},{"type":"Feature","geometry":{"type":"Point","coordinates":[3.12517,36.68003]},"properties":{"age_h":103.0,"recency":2,"frp":1.2,"confidence":"nominal"}},{"type":"Feature","geometry":{"type":"Point","coordinates":[-4.55718,37.8344]},"properties":{"age_h":103.0,"recency":2,"frp":0.6,"confidence":"nominal"}},{"type":"Feature","geometry":{"type":"Point","coordinates":[-9.0796,38.63163]},"properties":{"age_h":103.0,"recency":2,"frp":0.8,"confidence":"nominal"}},{"type":"Feature","geometry":{"type":"Point","coordinates":[-4.06262,38.67802]},"properties":{"age_h":103.0,"recency":2,"frp":0.8,"confidence":"nominal"}},{"type":"Feature","geometry":{"type":"Point","coordinates":[-4.06239,38.68188]},"properties":{"age_h":103.0,"recency":2,"frp":3.8,"confidence":"nominal"}},{"type":"Feature","geometry":{"type":"Point","coordinates":[-6.5419,38.79945]},"properties":{"age_h":103.0,"recency":2,"frp":1.1,"confidence":"nominal"}},{"type":"Feature","geometry":{"type":"Point","coordinates":[-6.53927,38.80125]},"properties":{"age_h":103.0,"recency":2,"frp":1.0,"confidence":"nominal"}},{"type":"Feature","geometry":{"type":"Point","coordinates":[-5.76304,38.92299]},"properties":{"age_h":103.0,"recency":2,"frp":1.4,"confidence":"nominal"}},{"type":"Feature","geometry":{"type":"Point","coordinates":[-0.59305,39.15641]},"properties":{"age_h":103.0,"recency":2,"frp":0.4,"confidence":"nominal"}},{"type":"Feature","geometry":{"type":"Point","coordinates":[-7.86254,41.12679]},"properties":{"age_h":103.0,"recency":2,"frp":8.4,"confidence":"nominal"}},{"type":"Feature","geometry":{"type":"Point","coordinates":[-7.86748,41.12777]},"properties":{"age_h":103.0,"recency":2,"frp":8.4,"confidence":"nominal"}},{"type":"Feature","geometry":{"type":"Point","coordinates":[-7.86109,41.13028]},"properties":{"age_h":103.0,"recency":2,"frp":8.4,"confidence":"nominal"}},{"type":"Feature","geometry":{"type":"Point","coordinates":[-7.86613,41.13128]},"properties":{"age_h":103.0,"recency":2,"frp":8.4,"confidence":"nominal"}},{"type":"Feature","geometry":{"type":"Point","coordinates":[-7.85956,41.13375]},"properties":{"age_h":103.0,"recency":2,"frp":2.3,"confidence":"nominal"}},{"type":"Feature","geometry":{"type":"Point","coordinates":[-7.86968,41.13575]},"properties":{"age_h":103.0,"recency":2,"frp":26.4,"confidence":"nominal"}},{"type":"Feature","geometry":{"type":"Point","coordinates":[-7.86329,41.13827]},"properties":{"age_h":103.0,"recency":2,"frp":2.3,"confidence":"nominal"}},{"type":"Feature","geometry":{"type":"Point","coordinates":[-7.86832,41.13926]},"properties":{"age_h":103.0,"recency":2,"frp":26.4,"confidence":"nominal"}},{"type":"Feature","geometry":{"type":"Point","coordinates":[-7.86166,41.14173]},"properties":{"age_h":103.0,"recency":2,"frp":4.4,"confidence":"nominal"}},{"type":"Feature","geometry":{"type":"Point","coordinates":[-7.86686,41.14275]},"properties":{"age_h":103.0,"recency":2,"frp":11.1,"confidence":"nominal"}},{"type":"Feature","geometry":{"type":"Point","coordinates":[-7.28802,41.69624]},"properties":{"age_h":103.0,"recency":2,"frp":5.9,"confidence":"nominal"}},{"type":"Feature","geometry":{"type":"Point","coordinates":[-7.28692,41.69985]},"properties":{"age_h":103.0,"recency":2,"frp":1.7,"confidence":"nominal"}},{"type":"Feature","geometry":{"type":"Point","coordinates":[-7.85371,41.91866]},"properties":{"age_h":103.0,"recency":2,"frp":1.3,"confidence":"nominal"}},{"type":"Feature","geometry":{"type":"Point","coordinates":[-7.85269,41.92219]},"properties":{"age_h":103.0,"recency":2,"frp":2.6,"confidence":"nominal"}},{"type":"Feature","geometry":{"type":"Point","coordinates":[-7.8351,41.92251]},"properties":{"age_h":103.0,"recency":2,"frp":1.4,"confidence":"nominal"}},{"type":"Feature","geometry":{"type":"Point","coordinates":[0.1767,41.92264]},"properties":{"age_h":103.0,"recency":2,"frp":3.5,"confidence":"nominal"}},{"type":"Feature","geometry":{"type":"Point","coordinates":[-7.82852,41.92496]},"properties":{"age_h":103.0,"recency":2,"frp":2.4,"confidence":"nominal"}},{"type":"Feature","geometry":{"type":"Point","coordinates":[-7.83411,41.92604]},"properties":{"age_h":103.0,"recency":2,"frp":2.2,"confidence":"nominal"}},{"type":"Feature","geometry":{"type":"Point","coordinates":[-7.82741,41.92848]},"properties":{"age_h":103.0,"recency":2,"frp":2.4,"confidence":"nominal"}},{"type":"Feature","geometry":{"type":"Point","coordinates":[-7.83306,41.92958]},"properties":{"age_h":103.0,"recency":2,"frp":2.2,"confidence":"nominal"}},{"type":"Feature","geometry":{"type":"Point","coordinates":[-7.85581,41.93026]},"properties":{"age_h":103.0,"recency":2,"frp":2.5,"confidence":"nominal"}},{"type":"Feature","geometry":{"type":"Point","coordinates":[-7.84425,41.93174]},"properties":{"age_h":103.0,"recency":2,"frp":2.4,"confidence":"nominal"}},{"type":"Feature","geometry":{"type":"Point","coordinates":[-7.84948,41.93275]},"properties":{"age_h":103.0,"recency":2,"frp":2.4,"confidence":"nominal"}},{"type":"Feature","geometry":{"type":"Point","coordinates":[-7.85459,41.93375]},"properties":{"age_h":103.0,"recency":2,"frp":2.5,"confidence":"nominal"}},{"type":"Feature","geometry":{"type":"Point","coordinates":[-7.84823,41.93624]},"properties":{"age_h":103.0,"recency":2,"frp":2.4,"confidence":"nominal"}},{"type":"Feature","geometry":{"type":"Point","coordinates":[-7.85333,41.93723]},"properties":{"age_h":103.0,"recency":2,"frp":2.2,"confidence":"nominal"}},{"type":"Feature","geometry":{"type":"Point","coordinates":[-7.84172,41.93871]},"properties":{"age_h":103.0,"recency":2,"frp":2.4,"confidence":"nominal"}},{"type":"Feature","geometry":{"type":"Point","coordinates":[-7.16697,42.24932]},"properties":{"age_h":103.0,"recency":2,"frp":3.5,"confidence":"nominal"}},{"type":"Feature","geometry":{"type":"Point","coordinates":[-7.1656,42.25287]},"properties":{"age_h":103.0,"recency":2,"frp":13.0,"confidence":"nominal"}},{"type":"Feature","geometry":{"type":"Point","coordinates":[-7.17184,42.2541]},"properties":{"age_h":103.0,"recency":2,"frp":5.0,"confidence":"nominal"}},{"type":"Feature","geometry":{"type":"Point","coordinates":[-6.7693,42.5517]},"properties":{"age_h":103.0,"recency":2,"frp":0.6,"confidence":"nominal"}},{"type":"Feature","geometry":{"type":"Point","coordinates":[-5.56395,43.02806]},"properties":{"age_h":103.0,"recency":2,"frp":1.6,"confidence":"nominal"}},{"type":"Feature","geometry":{"type":"Point","coordinates":[-5.56168,43.03162]},"properties":{"age_h":103.0,"recency":2,"frp":1.6,"confidence":"nominal"}},{"type":"Feature","geometry":{"type":"Point","coordinates":[-4.59242,43.30956]},"properties":{"age_h":103.0,"recency":2,"frp":1.6,"confidence":"nominal"}},{"type":"Feature","geometry":{"type":"Point","coordinates":[-4.59687,43.31055]},"properties":{"age_h":103.0,"recency":2,"frp":1.0,"confidence":"nominal"}},{"type":"Feature","geometry":{"type":"Point","coordinates":[-5.7345,43.52921]},"properties":{"age_h":103.0,"recency":2,"frp":3.2,"confidence":"nominal"}},{"type":"Feature","geometry":{"type":"Point","coordinates":[-5.73503,43.52925]},"properties":{"age_h":103.0,"recency":2,"frp":3.0,"confidence":"nominal"}},{"type":"Feature","geometry":{"type":"Point","coordinates":[-5.84193,43.54344]},"properties":{"age_h":103.0,"recency":2,"frp":1.5,"confidence":"nominal"}},{"type":"Feature","geometry":{"type":"Point","coordinates":[-5.84111,43.54386]},"properties":{"age_h":103.0,"recency":2,"frp":0.7,"confidence":"nominal"}},{"type":"Feature","geometry":{"type":"Point","coordinates":[-5.8571,43.55445]},"properties":{"age_h":103.0,"recency":2,"frp":1.8,"confidence":"nominal"}},{"type":"Feature","geometry":{"type":"Point","coordinates":[-5.85626,43.55497]},"properties":{"age_h":103.0,"recency":2,"frp":1.3,"confidence":"nominal"}},{"type":"Feature","geometry":{"type":"Point","coordinates":[-1.34579,35.31274]},"properties":{"age_h":102.9,"recency":2,"frp":0.7,"confidence":"nominal"}},{"type":"Feature","geometry":{"type":"Point","coordinates":[-0.27016,35.8112]},"properties":{"age_h":102.9,"recency":2,"frp":2.0,"confidence":"nominal"}},{"type":"Feature","geometry":{"type":"Point","coordinates":[-0.25201,35.81242]},"properties":{"age_h":102.9,"recency":2,"frp":1.3,"confidence":"nominal"}},{"type":"Feature","geometry":{"type":"Point","coordinates":[-0.25714,35.81387]},"properties":{"age_h":102.9,"recency":2,"frp":1.3,"confidence":"nominal"}},{"type":"Feature","geometry":{"type":"Point","coordinates":[-0.26732,35.81675]},"properties":{"age_h":102.9,"recency":2,"frp":2.0,"confidence":"nominal"}},{"type":"Feature","geometry":{"type":"Point","coordinates":[-5.39637,36.18507]},"properties":{"age_h":102.9,"recency":2,"frp":0.9,"confidence":"nominal"}},{"type":"Feature","geometry":{"type":"Point","coordinates":[-5.92055,36.73492]},"properties":{"age_h":102.9,"recency":2,"frp":4.7,"confidence":"nominal"}},{"type":"Feature","geometry":{"type":"Point","coordinates":[-6.36902,37.28768]},"properties":{"age_h":102.9,"recency":2,"frp":3.3,"confidence":"nominal"}},{"type":"Feature","geometry":{"type":"Point","coordinates":[-8.42386,37.38749]},"properties":{"age_h":102.9,"recency":2,"frp":1.4,"confidence":"nominal"}},{"type":"Feature","geometry":{"type":"Point","coordinates":[-8.41139,37.3889]},"properties":{"age_h":102.9,"recency":2,"frp":12.1,"confidence":"nominal"}},{"type":"Feature","geometry":{"type":"Point","coordinates":[-8.41021,37.39259]},"properties":{"age_h":102.9,"recency":2,"frp":12.1,"confidence":"nominal"}},{"type":"Feature","geometry":{"type":"Point","coordinates":[-8.41589,37.39373]},"properties":{"age_h":102.9,"recency":2,"frp":12.1,"confidence":"nominal"}},{"type":"Feature","geometry":{"type":"Point","coordinates":[-8.41471,37.39741]},"properties":{"age_h":102.9,"recency":2,"frp":1.2,"confidence":"nominal"}},{"type":"Feature","geometry":{"type":"Point","coordinates":[-4.90159,37.46966]},"properties":{"age_h":102.9,"recency":2,"frp":0.6,"confidence":"nominal"}},{"type":"Feature","geometry":{"type":"Point","coordinates":[-8.79565,37.95234]},"properties":{"age_h":102.9,"recency":2,"frp":0.7,"confidence":"nominal"}},{"type":"Feature","geometry":{"type":"Point","coordinates":[41.97982,36.83936]},"properties":{"age_h":96.7,"recency":2,"frp":19.2,"confidence":"high"}},{"type":"Feature","geometry":{"type":"Point","coordinates":[41.97992,36.83969]},"properties":{"age_h":96.7,"recency":2,"frp":20.6,"confidence":"high"}},{"type":"Feature","geometry":{"type":"Point","coordinates":[41.81783,36.86357]},"properties":{"age_h":96.7,"recency":2,"frp":3.4,"confidence":"nominal"}},{"type":"Feature","geometry":{"type":"Point","coordinates":[34.92132,47.61061]},"properties":{"age_h":96.6,"recency":2,"frp":6.3,"confidence":"nominal"}},{"type":"Feature","geometry":{"type":"Point","coordinates":[36.06472,34.63196]},"properties":{"age_h":95.0,"recency":2,"frp":2.7,"confidence":"nominal"}},{"type":"Feature","geometry":{"type":"Point","coordinates":[36.56619,35.3722]},"properties":{"age_h":95.0,"recency":2,"frp":5.4,"confidence":"nominal"}},{"type":"Feature","geometry":{"type":"Point","coordinates":[38.01847,35.82732]},"properties":{"age_h":95.0,"recency":2,"frp":3.0,"confidence":"nominal"}},{"type":"Feature","geometry":{"type":"Point","coordinates":[37.87373,35.99262]},"properties":{"age_h":95.0,"recency":2,"frp":2.4,"confidence":"nominal"}},{"type":"Feature","geometry":{"type":"Point","coordinates":[39.54369,35.99547]},"properties":{"age_h":95.0,"recency":2,"frp":4.0,"confidence":"nominal"}},{"type":"Feature","geometry":{"type":"Point","coordinates":[40.09076,36.02252]},"properties":{"age_h":95.0,"recency":2,"frp":3.9,"confidence":"nominal"}},{"type":"Feature","geometry":{"type":"Point","coordinates":[40.04185,36.08789]},"properties":{"age_h":95.0,"recency":2,"frp":2.3,"confidence":"nominal"}},{"type":"Feature","geometry":{"type":"Point","coordinates":[38.0534,36.21436]},"properties":{"age_h":95.0,"recency":2,"frp":3.0,"confidence":"nominal"}},{"type":"Feature","geometry":{"type":"Point","coordinates":[36.42651,36.22719]},"properties":{"age_h":95.0,"recency":2,"frp":2.9,"confidence":"nominal"}},{"type":"Feature","geometry":{"type":"Point","coordinates":[36.43111,36.22781]},"properties":{"age_h":95.0,"recency":2,"frp":5.9,"confidence":"nominal"}},{"type":"Feature","geometry":{"type":"Point","coordinates":[36.42583,36.23061]},"properties":{"age_h":95.0,"recency":2,"frp":2.9,"confidence":"nominal"}},{"type":"Feature","geometry":{"type":"Point","coordinates":[36.52559,36.39004]},"properties":{"age_h":95.0,"recency":2,"frp":4.2,"confidence":"nominal"}},{"type":"Feature","geometry":{"type":"Point","coordinates":[36.52025,36.39286]},"properties":{"age_h":95.0,"recency":2,"frp":6.1,"confidence":"nominal"}},{"type":"Feature","geometry":{"type":"Point","coordinates":[36.43575,36.43451]},"properties":{"age_h":95.0,"recency":2,"frp":5.8,"confidence":"nominal"}},{"type":"Feature","geometry":{"type":"Point","coordinates":[39.77269,36.5332]},"properties":{"age_h":95.0,"recency":2,"frp":4.0,"confidence":"nominal"}},{"type":"Feature","geometry":{"type":"Point","coordinates":[39.77145,36.53553]},"properties":{"age_h":95.0,"recency":2,"frp":4.3,"confidence":"nominal"}},{"type":"Feature","geometry":{"type":"Point","coordinates":[40.63261,36.63645]},"properties":{"age_h":95.0,"recency":2,"frp":2.8,"confidence":"nominal"}},{"type":"Feature","geometry":{"type":"Point","coordinates":[40.62726,36.64017]},"properties":{"age_h":95.0,"recency":2,"frp":4.7,"confidence":"nominal"}},{"type":"Feature","geometry":{"type":"Point","coordinates":[40.63672,36.64107]},"properties":{"age_h":95.0,"recency":2,"frp":7.6,"confidence":"nominal"}},{"type":"Feature","geometry":{"type":"Point","coordinates":[40.63364,36.6619]},"properties":{"age_h":95.0,"recency":2,"frp":14.0,"confidence":"nominal"}},{"type":"Feature","geometry":{"type":"Point","coordinates":[40.63303,36.66607]},"properties":{"age_h":95.0,"recency":2,"frp":4.8,"confidence":"nominal"}},{"type":"Feature","geometry":{"type":"Point","coordinates":[38.63765,36.67589]},"properties":{"age_h":95.0,"recency":2,"frp":3.8,"confidence":"nominal"}},{"type":"Feature","geometry":{"type":"Point","coordinates":[39.08825,36.69463]},"properties":{"age_h":95.0,"recency":2,"frp":10.4,"confidence":"nominal"}},{"type":"Feature","geometry":{"type":"Point","coordinates":[39.08763,36.69847]},"properties":{"age_h":95.0,"recency":2,"frp":3.7,"confidence":"nominal"}},{"type":"Feature","geometry":{"type":"Point","coordinates":[35.15355,36.70232]},"properties":{"age_h":95.0,"recency":2,"frp":2.2,"confidence":"nominal"}},{"type":"Feature","geometry":{"type":"Point","coordinates":[38.63234,36.70589]},"properties":{"age_h":95.0,"recency":2,"frp":3.8,"confidence":"nominal"}},{"type":"Feature","geometry":{"type":"Point","coordinates":[40.01337,36.7118]},"properties":{"age_h":95.0,"recency":2,"frp":2.8,"confidence":"nominal"}},{"type":"Feature","geometry":{"type":"Point","coordinates":[38.44098,36.77246]},"properties":{"age_h":95.0,"recency":2,"frp":3.1,"confidence":"nominal"}},{"type":"Feature","geometry":{"type":"Point","coordinates":[40.78249,36.77864]},"properties":{"age_h":95.0,"recency":2,"frp":5.5,"confidence":"nominal"}},{"type":"Feature","geometry":{"type":"Point","coordinates":[40.77705,36.78239]},"properties":{"age_h":95.0,"recency":2,"frp":5.5,"confidence":"nominal"}},{"type":"Feature","geometry":{"type":"Point","coordinates":[41.92631,36.78807]},"properties":{"age_h":95.0,"recency":2,"frp":3.5,"confidence":"nominal"}},{"type":"Feature","geometry":{"type":"Point","coordinates":[40.13621,36.8025]},"properties":{"age_h":95.0,"recency":2,"frp":5.1,"confidence":"nominal"}},{"type":"Feature","geometry":{"type":"Point","coordinates":[41.99552,36.82132]},"properties":{"age_h":95.0,"recency":2,"frp":8.8,"confidence":"nominal"}},{"type":"Feature","geometry":{"type":"Point","coordinates":[34.97165,36.82525]},"properties":{"age_h":95.0,"recency":2,"frp":3.4,"confidence":"nominal"}},{"type":"Feature","geometry":{"type":"Point","coordinates":[34.97092,36.82857]},"properties":{"age_h":95.0,"recency":2,"frp":3.4,"confidence":"nominal"}},{"type":"Feature","geometry":{"type":"Point","coordinates":[41.88167,36.82953]},"properties":{"age_h":95.0,"recency":2,"frp":8.1,"confidence":"nominal"}},{"type":"Feature","geometry":{"type":"Point","coordinates":[41.97932,36.83976]},"properties":{"age_h":95.0,"recency":2,"frp":17.0,"confidence":"nominal"}},{"type":"Feature","geometry":{"type":"Point","coordinates":[41.98495,36.84021]},"properties":{"age_h":95.0,"recency":2,"frp":17.0,"confidence":"nominal"}},{"type":"Feature","geometry":{"type":"Point","coordinates":[41.98138,36.84287]},"properties":{"age_h":95.0,"recency":2,"frp":14.3,"confidence":"nominal"}},{"type":"Feature","geometry":{"type":"Point","coordinates":[41.98699,36.84336]},"properties":{"age_h":95.0,"recency":2,"frp":24.0,"confidence":"nominal"}},{"type":"Feature","geometry":{"type":"Point","coordinates":[41.97873,36.84426]},"properties":{"age_h":95.0,"recency":2,"frp":17.0,"confidence":"nominal"}},{"type":"Feature","geometry":{"type":"Point","coordinates":[41.98435,36.84472]},"properties":{"age_h":95.0,"recency":2,"frp":17.0,"confidence":"nominal"}},{"type":"Feature","geometry":{"type":"Point","coordinates":[41.97519,36.84688]},"properties":{"age_h":95.0,"recency":2,"frp":14.3,"confidence":"nominal"}},{"type":"Feature","geometry":{"type":"Point","coordinates":[41.98079,36.84738]},"properties":{"age_h":95.0,"recency":2,"frp":14.3,"confidence":"high"}},{"type":"Feature","geometry":{"type":"Point","coordinates":[41.9864,36.84787]},"properties":{"age_h":95.0,"recency":2,"frp":24.0,"confidence":"nominal"}},{"type":"Feature","geometry":{"type":"Point","coordinates":[41.97814,36.84877]},"properties":{"age_h":95.0,"recency":2,"frp":4.7,"confidence":"nominal"}},{"type":"Feature","geometry":{"type":"Point","coordinates":[41.98375,36.84923]},"properties":{"age_h":95.0,"recency":2,"frp":4.7,"confidence":"nominal"}},{"type":"Feature","geometry":{"type":"Point","coordinates":[40.64243,36.85542]},"properties":{"age_h":95.0,"recency":2,"frp":3.1,"confidence":"nominal"}},{"type":"Feature","geometry":{"type":"Point","coordinates":[35.12012,36.86688]},"properties":{"age_h":95.0,"recency":2,"frp":1.7,"confidence":"nominal"}},{"type":"Feature","geometry":{"type":"Point","coordinates":[30.85656,36.86776]},"properties":{"age_h":95.0,"recency":2,"frp":3.2,"confidence":"nominal"}},{"type":"Feature","geometry":{"type":"Point","coordinates":[35.24467,36.91877]},"properties":{"age_h":95.0,"recency":2,"frp":3.6,"confidence":"nominal"}},{"type":"Feature","geometry":{"type":"Point","coordinates":[35.8541,36.93011]},"properties":{"age_h":95.0,"recency":2,"frp":3.5,"confidence":"nominal"}},{"type":"Feature","geometry":{"type":"Point","coordinates":[35.85863,36.93073]},"properties":{"age_h":95.0,"recency":2,"frp":4.7,"confidence":"nominal"}},{"type":"Feature","geometry":{"type":"Point","coordinates":[35.8534,36.9335]},"properties":{"age_h":95.0,"recency":2,"frp":3.7,"confidence":"nominal"}},{"type":"Feature","geometry":{"type":"Point","coordinates":[35.86621,36.93869]},"properties":{"age_h":95.0,"recency":2,"frp":1.1,"confidence":"nominal"}},{"type":"Feature","geometry":{"type":"Point","coordinates":[40.53983,36.93988]},"properties":{"age_h":95.0,"recency":2,"frp":2.5,"confidence":"nominal"}},{"type":"Feature","geometry":{"type":"Point","coordinates":[35.04331,36.95084]},"properties":{"age_h":95.0,"recency":2,"frp":5.4,"confidence":"nominal"}},{"type":"Feature","geometry":{"type":"Point","coordinates":[38.0035,37.03741]},"properties":{"age_h":95.0,"recency":2,"frp":3.0,"confidence":"nominal"}},{"type":"Feature","geometry":{"type":"Point","coordinates":[35.89643,37.08932]},"properties":{"age_h":95.0,"recency":2,"frp":5.0,"confidence":"nominal"}},{"type":"Feature","geometry":{"type":"Point","coordinates":[35.90306,37.12505]},"properties":{"age_h":95.0,"recency":2,"frp":6.3,"confidence":"nominal"}},{"type":"Feature","geometry":{"type":"Point","coordinates":[35.96277,37.25555]},"properties":{"age_h":95.0,"recency":2,"frp":3.6,"confidence":"nominal"}},{"type":"Feature","geometry":{"type":"Point","coordinates":[35.73327,37.25632]},"properties":{"age_h":95.0,"recency":2,"frp":16.9,"confidence":"nominal"}},{"type":"Feature","geometry":{"type":"Point","coordinates":[35.73783,37.25693]},"properties":{"age_h":95.0,"recency":2,"frp":70.1,"confidence":"high"}},{"type":"Feature","geometry":{"type":"Point","coordinates":[35.73711,37.26031]},"properties":{"age_h":95.0,"recency":2,"frp":70.1,"confidence":"nominal"}},{"type":"Feature","geometry":{"type":"Point","coordinates":[35.72612,37.29008]},"properties":{"age_h":95.0,"recency":2,"frp":8.4,"confidence":"nominal"}},{"type":"Feature","geometry":{"type":"Point","coordinates":[37.15794,37.42071]},"properties":{"age_h":95.0,"recency":2,"frp":3.4,"confidence":"nominal"}},{"type":"Feature","geometry":{"type":"Point","coordinates":[37.16046,37.42195]},"properties":{"age_h":95.0,"recency":2,"frp":3.1,"confidence":"nominal"}},{"type":"Feature","geometry":{"type":"Point","coordinates":[32.7231,37.68312]},"properties":{"age_h":95.0,"recency":2,"frp":6.0,"confidence":"nominal"}},{"type":"Feature","geometry":{"type":"Point","coordinates":[32.72143,37.68968]},"properties":{"age_h":95.0,"recency":2,"frp":5.5,"confidence":"nominal"}},{"type":"Feature","geometry":{"type":"Point","coordinates":[40.15931,37.80535]},"properties":{"age_h":95.0,"recency":2,"frp":10.4,"confidence":"high"}},{"type":"Feature","geometry":{"type":"Point","coordinates":[40.15402,37.80901]},"properties":{"age_h":95.0,"recency":2,"frp":13.4,"confidence":"high"}},{"type":"Feature","geometry":{"type":"Point","coordinates":[40.15871,37.80946]},"properties":{"age_h":95.0,"recency":2,"frp":10.4,"confidence":"nominal"}},{"type":"Feature","geometry":{"type":"Point","coordinates":[40.15345,37.81313]},"properties":{"age_h":95.0,"recency":2,"frp":5.2,"confidence":"nominal"}},{"type":"Feature","geometry":{"type":"Point","coordinates":[40.15813,37.81358]},"properties":{"age_h":95.0,"recency":2,"frp":5.2,"confidence":"nominal"}},{"type":"Feature","geometry":{"type":"Point","coordinates":[31.63775,37.87714]},"properties":{"age_h":95.0,"recency":2,"frp":2.6,"confidence":"nominal"}},{"type":"Feature","geometry":{"type":"Point","coordinates":[31.06598,38.07985]},"properties":{"age_h":95.0,"recency":2,"frp":1.5,"confidence":"nominal"}},{"type":"Feature","geometry":{"type":"Point","coordinates":[29.66975,38.11]},"properties":{"age_h":95.0,"recency":2,"frp":3.3,"confidence":"nominal"}},{"type":"Feature","geometry":{"type":"Point","coordinates":[31.76735,38.36799]},"properties":{"age_h":95.0,"recency":2,"frp":8.4,"confidence":"nominal"}},{"type":"Feature","geometry":{"type":"Point","coordinates":[29.42949,38.44653]},"properties":{"age_h":95.0,"recency":2,"frp":3.6,"confidence":"nominal"}},{"type":"Feature","geometry":{"type":"Point","coordinates":[31.71631,38.45855]},"properties":{"age_h":95.0,"recency":2,"frp":7.3,"confidence":"nominal"}},{"type":"Feature","geometry":{"type":"Point","coordinates":[30.86802,38.49484]},"properties":{"age_h":95.0,"recency":2,"frp":2.0,"confidence":"nominal"}},{"type":"Feature","geometry":{"type":"Point","coordinates":[31.84637,38.56904]},"properties":{"age_h":95.0,"recency":2,"frp":2.5,"confidence":"nominal"}},{"type":"Feature","geometry":{"type":"Point","coordinates":[31.05296,38.77784]},"properties":{"age_h":95.0,"recency":2,"frp":8.5,"confidence":"nominal"}},{"type":"Feature","geometry":{"type":"Point","coordinates":[34.61711,38.95127]},"properties":{"age_h":95.0,"recency":2,"frp":5.0,"confidence":"nominal"}},{"type":"Feature","geometry":{"type":"Point","coordinates":[34.61177,38.95396]},"properties":{"age_h":95.0,"recency":2,"frp":6.3,"confidence":"nominal"}},{"type":"Feature","geometry":{"type":"Point","coordinates":[31.60362,39.04165]},"properties":{"age_h":95.0,"recency":2,"frp":5.8,"confidence":"nominal"}},{"type":"Feature","geometry":{"type":"Point","coordinates":[31.60272,39.04495]},"properties":{"age_h":95.0,"recency":2,"frp":15.5,"confidence":"nominal"}},{"type":"Feature","geometry":{"type":"Point","coordinates":[31.6072,39.0457]},"properties":{"age_h":95.0,"recency":2,"frp":15.5,"confidence":"nominal"}},{"type":"Feature","geometry":{"type":"Point","coordinates":[31.66085,39.10628]},"properties":{"age_h":95.0,"recency":2,"frp":1.9,"confidence":"nominal"}},{"type":"Feature","geometry":{"type":"Point","coordinates":[27.20378,39.10722]},"properties":{"age_h":95.0,"recency":2,"frp":6.0,"confidence":"nominal"}},{"type":"Feature","geometry":{"type":"Point","coordinates":[31.65994,39.10957]},"properties":{"age_h":95.0,"recency":2,"frp":5.4,"confidence":"nominal"}},{"type":"Feature","geometry":{"type":"Point","coordinates":[33.7427,39.27124]},"properties":{"age_h":95.0,"recency":2,"frp":5.5,"confidence":"nominal"}},{"type":"Feature","geometry":{"type":"Point","coordinates":[32.01074,39.47809]},"properties":{"age_h":95.0,"recency":2,"frp":2.0,"confidence":"nominal"}},{"type":"Feature","geometry":{"type":"Point","coordinates":[32.00985,39.48137]},"properties":{"age_h":95.0,"recency":2,"frp":3.7,"confidence":"nominal"}},{"type":"Feature","geometry":{"type":"Point","coordinates":[32.00896,39.48465]},"properties":{"age_h":95.0,"recency":2,"frp":3.7,"confidence":"nominal"}},{"type":"Feature","geometry":{"type":"Point","coordinates":[32.41233,39.53197]},"properties":{"age_h":95.0,"recency":2,"frp":5.6,"confidence":"nominal"}},{"type":"Feature","geometry":{"type":"Point","coordinates":[32.26572,39.54622]},"properties":{"age_h":95.0,"recency":2,"frp":5.9,"confidence":"nominal"}},{"type":"Feature","geometry":{"type":"Point","coordinates":[33.87872,39.58333]},"properties":{"age_h":95.0,"recency":2,"frp":3.0,"confidence":"nominal"}},{"type":"Feature","geometry":{"type":"Point","coordinates":[33.33941,39.59929]},"properties":{"age_h":95.0,"recency":2,"frp":3.2,"confidence":"nominal"}},{"type":"Feature","geometry":{"type":"Point","coordinates":[30.5743,39.65828]},"properties":{"age_h":95.0,"recency":2,"frp":3.4,"confidence":"nominal"}},{"type":"Feature","geometry":{"type":"Point","coordinates":[31.94584,40.11018]},"properties":{"age_h":95.0,"recency":2,"frp":1.8,"confidence":"nominal"}},{"type":"Feature","geometry":{"type":"Point","coordinates":[29.06808,40.25991]},"properties":{"age_h":95.0,"recency":2,"frp":2.3,"confidence":"nominal"}},{"type":"Feature","geometry":{"type":"Point","coordinates":[29.07319,40.26087]},"properties":{"age_h":95.0,"recency":2,"frp":2.3,"confidence":"nominal"}},{"type":"Feature","geometry":{"type":"Point","coordinates":[33.96179,40.41124]},"properties":{"age_h":95.0,"recency":2,"frp":6.5,"confidence":"nominal"}},{"type":"Feature","geometry":{"type":"Point","coordinates":[33.96639,40.41189]},"properties":{"age_h":95.0,"recency":2,"frp":6.5,"confidence":"nominal"}},{"type":"Feature","geometry":{"type":"Point","coordinates":[33.96098,40.41455]},"properties":{"age_h":95.0,"recency":2,"frp":6.5,"confidence":"nominal"}},{"type":"Feature","geometry":{"type":"Point","coordinates":[34.16103,40.47367]},"properties":{"age_h":95.0,"recency":2,"frp":4.2,"confidence":"nominal"}},{"type":"Feature","geometry":{"type":"Point","coordinates":[29.75893,40.75552]},"properties":{"age_h":95.0,"recency":2,"frp":4.0,"confidence":"nominal"}},{"type":"Feature","geometry":{"type":"Point","coordinates":[30.32874,40.8516]},"properties":{"age_h":95.0,"recency":2,"frp":4.4,"confidence":"nominal"}},{"type":"Feature","geometry":{"type":"Point","coordinates":[26.46759,40.92663]},"properties":{"age_h":95.0,"recency":2,"frp":3.5,"confidence":"nominal"}},{"type":"Feature","geometry":{"type":"Point","coordinates":[16.2336,40.9212]},"properties":{"age_h":94.9,"recency":2,"frp":5.2,"confidence":"nominal"}},{"type":"Feature","geometry":{"type":"Point","coordinates":[25.31739,43.75443]},"properties":{"age_h":94.9,"recency":2,"frp":4.4,"confidence":"nominal"}},{"type":"Feature","geometry":{"type":"Point","coordinates":[25.32382,43.75577]},"properties":{"age_h":94.9,"recency":2,"frp":4.8,"confidence":"nominal"}},{"type":"Feature","geometry":{"type":"Point","coordinates":[38.04383,45.55513]},"properties":{"age_h":94.9,"recency":2,"frp":2.4,"confidence":"nominal"}},{"type":"Feature","geometry":{"type":"Point","coordinates":[27.43972,45.65807]},"properties":{"age_h":94.9,"recency":2,"frp":3.2,"confidence":"nominal"}},{"type":"Feature","geometry":{"type":"Point","coordinates":[28.31257,46.64816]},"properties":{"age_h":94.9,"recency":2,"frp":1.8,"confidence":"nominal"}},{"type":"Feature","geometry":{"type":"Point","coordinates":[28.41214,46.86484]},"properties":{"age_h":94.9,"recency":2,"frp":2.6,"confidence":"nominal"}},{"type":"Feature","geometry":{"type":"Point","coordinates":[28.41724,46.86571]},"properties":{"age_h":94.9,"recency":2,"frp":3.2,"confidence":"nominal"}},{"type":"Feature","geometry":{"type":"Point","coordinates":[35.49112,47.45468]},"properties":{"age_h":94.9,"recency":2,"frp":4.5,"confidence":"nominal"}},{"type":"Feature","geometry":{"type":"Point","coordinates":[37.70944,47.57147]},"properties":{"age_h":94.9,"recency":2,"frp":13.5,"confidence":"nominal"}},{"type":"Feature","geometry":{"type":"Point","coordinates":[37.71498,47.57193]},"properties":{"age_h":94.9,"recency":2,"frp":11.8,"confidence":"nominal"}},{"type":"Feature","geometry":{"type":"Point","coordinates":[37.70626,47.57277]},"properties":{"age_h":94.9,"recency":2,"frp":2.9,"confidence":"nominal"}},{"type":"Feature","geometry":{"type":"Point","coordinates":[37.71177,47.57326]},"properties":{"age_h":94.9,"recency":2,"frp":22.1,"confidence":"nominal"}},{"type":"Feature","geometry":{"type":"Point","coordinates":[37.62005,47.85234]},"properties":{"age_h":94.9,"recency":2,"frp":2.5,"confidence":"nominal"}},{"type":"Feature","geometry":{"type":"Point","coordinates":[39.88863,47.98561]},"properties":{"age_h":94.9,"recency":2,"frp":8.1,"confidence":"nominal"}},{"type":"Feature","geometry":{"type":"Point","coordinates":[34.634,48.52012]},"properties":{"age_h":94.9,"recency":2,"frp":4.9,"confidence":"nominal"}},{"type":"Feature","geometry":{"type":"Point","coordinates":[37.7871,49.0152]},"properties":{"age_h":94.9,"recency":2,"frp":2.7,"confidence":"nominal"}},{"type":"Feature","geometry":{"type":"Point","coordinates":[17.00615,47.91006]},"properties":{"age_h":94.9,"recency":2,"frp":3.5,"confidence":"nominal"}},{"type":"Feature","geometry":{"type":"Point","coordinates":[14.34428,48.27256]},"properties":{"age_h":94.9,"recency":2,"frp":5.8,"confidence":"nominal"}},{"type":"Feature","geometry":{"type":"Point","coordinates":[6.85107,49.24376]},"properties":{"age_h":94.9,"recency":2,"frp":5.4,"confidence":"nominal"}},{"type":"Feature","geometry":{"type":"Point","coordinates":[29.34431,51.89204]},"properties":{"age_h":94.9,"recency":2,"frp":4.6,"confidence":"nominal"}},{"type":"Feature","geometry":{"type":"Point","coordinates":[39.57221,52.55017]},"properties":{"age_h":94.9,"recency":2,"frp":23.8,"confidence":"nominal"}},{"type":"Feature","geometry":{"type":"Point","coordinates":[34.38987,52.61861]},"properties":{"age_h":94.9,"recency":2,"frp":4.3,"confidence":"nominal"}},{"type":"Feature","geometry":{"type":"Point","coordinates":[33.46954,53.43818]},"properties":{"age_h":94.9,"recency":2,"frp":4.3,"confidence":"nominal"}},{"type":"Feature","geometry":{"type":"Point","coordinates":[8.69261,53.13603]},"properties":{"age_h":94.9,"recency":2,"frp":4.4,"confidence":"nominal"}},{"type":"Feature","geometry":{"type":"Point","coordinates":[8.68177,53.13906]},"properties":{"age_h":94.9,"recency":2,"frp":3.1,"confidence":"nominal"}},{"type":"Feature","geometry":{"type":"Point","coordinates":[9.75412,34.81836]},"properties":{"age_h":93.3,"recency":2,"frp":1.5,"confidence":"nominal"}},{"type":"Feature","geometry":{"type":"Point","coordinates":[1.23176,34.9782]},"properties":{"age_h":93.3,"recency":2,"frp":8.8,"confidence":"nominal"}},{"type":"Feature","geometry":{"type":"Point","coordinates":[1.22957,34.97899]},"properties":{"age_h":93.3,"recency":2,"frp":8.7,"confidence":"nominal"}},{"type":"Feature","geometry":{"type":"Point","coordinates":[4.17759,35.78278]},"properties":{"age_h":93.3,"recency":2,"frp":4.5,"confidence":"nominal"}},{"type":"Feature","geometry":{"type":"Point","coordinates":[4.17239,35.80098]},"properties":{"age_h":93.3,"recency":2,"frp":14.1,"confidence":"nominal"}},{"type":"Feature","geometry":{"type":"Point","coordinates":[9.14,35.84592]},"properties":{"age_h":93.3,"recency":2,"frp":4.3,"confidence":"nominal"}},{"type":"Feature","geometry":{"type":"Point","coordinates":[9.11446,36.24696]},"properties":{"age_h":93.3,"recency":2,"frp":4.1,"confidence":"nominal"}},{"type":"Feature","geometry":{"type":"Point","coordinates":[6.50927,36.29092]},"properties":{"age_h":93.3,"recency":2,"frp":2.2,"confidence":"nominal"}},{"type":"Feature","geometry":{"type":"Point","coordinates":[7.16943,36.34756]},"properties":{"age_h":93.3,"recency":2,"frp":2.7,"confidence":"nominal"}},{"type":"Feature","geometry":{"type":"Point","coordinates":[10.25965,36.36447]},"properties":{"age_h":93.3,"recency":2,"frp":12.5,"confidence":"nominal"}},{"type":"Feature","geometry":{"type":"Point","coordinates":[8.71293,36.47572]},"properties":{"age_h":93.3,"recency":2,"frp":3.9,"confidence":"nominal"}},{"type":"Feature","geometry":{"type":"Point","coordinates":[8.66877,36.53376]},"properties":{"age_h":93.3,"recency":2,"frp":3.1,"confidence":"nominal"}},{"type":"Feature","geometry":{"type":"Point","coordinates":[9.10954,36.61]},"properties":{"age_h":93.3,"recency":2,"frp":2.5,"confidence":"nominal"}},{"type":"Feature","geometry":{"type":"Point","coordinates":[9.20502,36.70235]},"properties":{"age_h":93.3,"recency":2,"frp":4.1,"confidence":"nominal"}},{"type":"Feature","geometry":{"type":"Point","coordinates":[9.24928,36.72244]},"properties":{"age_h":93.3,"recency":2,"frp":6.1,"confidence":"nominal"}},{"type":"Feature","geometry":{"type":"Point","coordinates":[9.12701,36.75208]},"properties":{"age_h":93.3,"recency":2,"frp":3.4,"confidence":"nominal"}},{"type":"Feature","geometry":{"type":"Point","coordinates":[9.37158,36.79137]},"properties":{"age_h":93.3,"recency":2,"frp":2.9,"confidence":"nominal"}},{"type":"Feature","geometry":{"type":"Point","coordinates":[-5.15127,34.9752]},"properties":{"age_h":93.3,"recency":2,"frp":50.0,"confidence":"nominal"}},{"type":"Feature","geometry":{"type":"Point","coordinates":[-5.14747,34.97628]},"properties":{"age_h":93.3,"recency":2,"frp":23.4,"confidence":"nominal"}},{"type":"Feature","geometry":{"type":"Point","coordinates":[1.60326,35.60311]},"properties":{"age_h":93.3,"recency":2,"frp":5.5,"confidence":"nominal"}},{"type":"Feature","geometry":{"type":"Point","coordinates":[1.60207,35.60727]},"properties":{"age_h":93.3,"recency":2,"frp":5.5,"confidence":"nominal"}},{"type":"Feature","geometry":{"type":"Point","coordinates":[-0.32426,35.82364]},"properties":{"age_h":93.3,"recency":2,"frp":2.8,"confidence":"nominal"}},{"type":"Feature","geometry":{"type":"Point","coordinates":[6.33849,36.34649]},"properties":{"age_h":93.3,"recency":2,"frp":3.0,"confidence":"nominal"}},{"type":"Feature","geometry":{"type":"Point","coordinates":[6.71164,36.4938]},"properties":{"age_h":93.3,"recency":2,"frp":1.8,"confidence":"nominal"}},{"type":"Feature","geometry":{"type":"Point","coordinates":[5.16375,36.55053]},"properties":{"age_h":93.3,"recency":2,"frp":2.7,"confidence":"nominal"}},{"type":"Feature","geometry":{"type":"Point","coordinates":[5.20558,36.55377]},"properties":{"age_h":93.3,"recency":2,"frp":7.7,"confidence":"nominal"}},{"type":"Feature","geometry":{"type":"Point","coordinates":[9.20092,36.78323]},"properties":{"age_h":93.3,"recency":2,"frp":4.1,"confidence":"nominal"}},{"type":"Feature","geometry":{"type":"Point","coordinates":[9.37084,36.79468]},"properties":{"age_h":93.3,"recency":2,"frp":2.9,"confidence":"nominal"}},{"type":"Feature","geometry":{"type":"Point","coordinates":[9.33969,36.87837]},"properties":{"age_h":93.3,"recency":2,"frp":2.2,"confidence":"nominal"}},{"type":"Feature","geometry":{"type":"Point","coordinates":[9.48306,36.98405]},"properties":{"age_h":93.3,"recency":2,"frp":14.0,"confidence":"nominal"}},{"type":"Feature","geometry":{"type":"Point","coordinates":[-5.40345,37.43948]},"properties":{"age_h":93.3,"recency":2,"frp":2.2,"confidence":"nominal"}},{"type":"Feature","geometry":{"type":"Point","coordinates":[13.80178,37.5271]},"properties":{"age_h":93.3,"recency":2,"frp":4.9,"confidence":"nominal"}},{"type":"Feature","geometry":{"type":"Point","coordinates":[-6.64243,38.91894]},"properties":{"age_h":93.3,"recency":2,"frp":2.8,"confidence":"nominal"}},{"type":"Feature","geometry":{"type":"Point","coordinates":[8.93279,39.63301]},"properties":{"age_h":93.3,"recency":2,"frp":1.2,"confidence":"nominal"}},{"type":"Feature","geometry":{"type":"Point","coordinates":[8.93201,39.63634]},"properties":{"age_h":93.3,"recency":2,"frp":3.6,"confidence":"nominal"}},{"type":"Feature","geometry":{"type":"Point","coordinates":[-5.67822,40.0816]},"properties":{"age_h":93.3,"recency":2,"frp":20.5,"confidence":"nominal"}},{"type":"Feature","geometry":{"type":"Point","coordinates":[-5.67657,40.08221]},"properties":{"age_h":93.3,"recency":2,"frp":28.7,"confidence":"nominal"}},{"type":"Feature","geometry":{"type":"Point","coordinates":[-5.6737,40.08284]},"properties":{"age_h":93.3,"recency":2,"frp":23.2,"confidence":"high"}},{"type":"Feature","geometry":{"type":"Point","coordinates":[-5.67208,40.08347]},"properties":{"age_h":93.3,"recency":2,"frp":11.5,"confidence":"nominal"}},{"type":"Feature","geometry":{"type":"Point","coordinates":[15.72876,41.09771]},"properties":{"age_h":93.3,"recency":2,"frp":12.8,"confidence":"nominal"}},{"type":"Feature","geometry":{"type":"Point","coordinates":[-3.68722,41.1701]},"properties":{"age_h":93.3,"recency":2,"frp":10.2,"confidence":"nominal"}},{"type":"Feature","geometry":{"type":"Point","coordinates":[-3.68825,41.17358]},"properties":{"age_h":93.3,"recency":2,"frp":20.8,"confidence":"high"}},{"type":"Feature","geometry":{"type":"Point","coordinates":[-3.68916,41.1748]},"properties":{"age_h":93.3,"recency":2,"frp":10.2,"confidence":"nominal"}},{"type":"Feature","geometry":{"type":"Point","coordinates":[13.53888,41.45055]},"properties":{"age_h":93.3,"recency":2,"frp":7.8,"confidence":"nominal"}},{"type":"Feature","geometry":{"type":"Point","coordinates":[13.53816,41.45457]},"properties":{"age_h":93.3,"recency":2,"frp":6.4,"confidence":"nominal"}},{"type":"Feature","geometry":{"type":"Point","coordinates":[15.76771,41.54874]},"properties":{"age_h":93.3,"recency":2,"frp":3.0,"confidence":"nominal"}},{"type":"Feature","geometry":{"type":"Point","coordinates":[14.75496,42.06235]},"properties":{"age_h":93.3,"recency":2,"frp":5.3,"confidence":"nominal"}},{"type":"Feature","geometry":{"type":"Point","coordinates":[12.28734,42.13476]},"properties":{"age_h":93.3,"recency":2,"frp":1.6,"confidence":"nominal"}},{"type":"Feature","geometry":{"type":"Point","coordinates":[2.0026,42.71403]},"properties":{"age_h":93.3,"recency":2,"frp":29.0,"confidence":"nominal"}},{"type":"Feature","geometry":{"type":"Point","coordinates":[2.93684,43.02093]},"properties":{"age_h":93.3,"recency":2,"frp":3.8,"confidence":"nominal"}},{"type":"Feature","geometry":{"type":"Point","coordinates":[6.14189,43.147]},"properties":{"age_h":93.3,"recency":2,"frp":2.5,"confidence":"nominal"}},{"type":"Feature","geometry":{"type":"Point","coordinates":[2.34524,43.32632]},"properties":{"age_h":93.3,"recency":2,"frp":9.1,"confidence":"nominal"}},{"type":"Feature","geometry":{"type":"Point","coordinates":[3.37707,43.36487]},"properties":{"age_h":93.3,"recency":2,"frp":3.7,"confidence":"nominal"}},{"type":"Feature","geometry":{"type":"Point","coordinates":[3.37592,43.36823]},"properties":{"age_h":93.3,"recency":2,"frp":3.7,"confidence":"nominal"}},{"type":"Feature","geometry":{"type":"Point","coordinates":[3.43115,43.37809]},"properties":{"age_h":93.3,"recency":2,"frp":2.5,"confidence":"nominal"}},{"type":"Feature","geometry":{"type":"Point","coordinates":[3.32231,43.39396]},"properties":{"age_h":93.3,"recency":2,"frp":3.0,"confidence":"nominal"}},{"type":"Feature","geometry":{"type":"Point","coordinates":[3.32117,43.39734]},"properties":{"age_h":93.3,"recency":2,"frp":3.0,"confidence":"nominal"}},{"type":"Feature","geometry":{"type":"Point","coordinates":[11.03986,43.50034]},"properties":{"age_h":93.3,"recency":2,"frp":2.3,"confidence":"nominal"}},{"type":"Feature","geometry":{"type":"Point","coordinates":[3.25663,43.59201]},"properties":{"age_h":93.3,"recency":2,"frp":4.3,"confidence":"nominal"}},{"type":"Feature","geometry":{"type":"Point","coordinates":[3.2617,43.59293]},"properties":{"age_h":93.3,"recency":2,"frp":5.0,"confidence":"nominal"}},{"type":"Feature","geometry":{"type":"Point","coordinates":[3.26062,43.59631]},"properties":{"age_h":93.3,"recency":2,"frp":3.4,"confidence":"nominal"}},{"type":"Feature","geometry":{"type":"Point","coordinates":[3.72465,43.62194]},"properties":{"age_h":93.3,"recency":2,"frp":1.7,"confidence":"nominal"}},{"type":"Feature","geometry":{"type":"Point","coordinates":[3.72958,43.62281]},"properties":{"age_h":93.3,"recency":2,"frp":1.7,"confidence":"nominal"}},{"type":"Feature","geometry":{"type":"Point","coordinates":[3.73451,43.62367]},"properties":{"age_h":93.3,"recency":2,"frp":2.0,"confidence":"nominal"}},{"type":"Feature","geometry":{"type":"Point","coordinates":[4.88051,43.62989]},"properties":{"age_h":93.3,"recency":2,"frp":6.2,"confidence":"nominal"}},{"type":"Feature","geometry":{"type":"Point","coordinates":[-5.56451,43.02838]},"properties":{"age_h":93.2,"recency":2,"frp":8.2,"confidence":"nominal"}},{"type":"Feature","geometry":{"type":"Point","coordinates":[4.79312,44.72971]},"properties":{"age_h":93.2,"recency":2,"frp":2.2,"confidence":"nominal"}},{"type":"Feature","geometry":{"type":"Point","coordinates":[1.58688,45.31988]},"properties":{"age_h":93.2,"recency":2,"frp":3.5,"confidence":"nominal"}},{"type":"Feature","geometry":{"type":"Point","coordinates":[3.1345,46.09544]},"properties":{"age_h":93.2,"recency":2,"frp":3.3,"confidence":"nominal"}},{"type":"Feature","geometry":{"type":"Point","coordinates":[1.8984,46.31841]},"properties":{"age_h":93.2,"recency":2,"frp":2.9,"confidence":"nominal"}},{"type":"Feature","geometry":{"type":"Point","coordinates":[1.8953,46.32042]},"properties":{"age_h":93.2,"recency":2,"frp":3.8,"confidence":"nominal"}},{"type":"Feature","geometry":{"type":"Point","coordinates":[1.75751,47.27444]},"properties":{"age_h":93.2,"recency":2,"frp":2.4,"confidence":"nominal"}},{"type":"Feature","geometry":{"type":"Point","coordinates":[-2.08697,47.32736]},"properties":{"age_h":93.2,"recency":2,"frp":9.3,"confidence":"nominal"}},{"type":"Feature","geometry":{"type":"Point","coordinates":[-2.0128,47.56842]},"properties":{"age_h":93.2,"recency":2,"frp":14.9,"confidence":"nominal"}},{"type":"Feature","geometry":{"type":"Point","coordinates":[2.54654,47.96225]},"properties":{"age_h":93.2,"recency":2,"frp":3.1,"confidence":"nominal"}},{"type":"Feature","geometry":{"type":"Point","coordinates":[2.55172,47.96312]},"properties":{"age_h":93.2,"recency":2,"frp":5.1,"confidence":"nominal"}},{"type":"Feature","geometry":{"type":"Point","coordinates":[7.82554,48.59831]},"properties":{"age_h":93.2,"recency":2,"frp":3.4,"confidence":"nominal"}},{"type":"Feature","geometry":{"type":"Point","coordinates":[6.74924,49.3557]},"properties":{"age_h":93.2,"recency":2,"frp":3.3,"confidence":"nominal"}},{"type":"Feature","geometry":{"type":"Point","coordinates":[0.77084,49.86782]},"properties":{"age_h":93.2,"recency":2,"frp":3.0,"confidence":"nominal"}},{"type":"Feature","geometry":{"type":"Point","coordinates":[0.86937,50.98775]},"properties":{"age_h":93.2,"recency":2,"frp":4.8,"confidence":"nominal"}},{"type":"Feature","geometry":{"type":"Point","coordinates":[0.8749,50.98872]},"properties":{"age_h":93.2,"recency":2,"frp":4.8,"confidence":"nominal"}},{"type":"Feature","geometry":{"type":"Point","coordinates":[0.88595,50.99064]},"properties":{"age_h":93.2,"recency":2,"frp":5.5,"confidence":"nominal"}},{"type":"Feature","geometry":{"type":"Point","coordinates":[0.87346,50.99199]},"properties":{"age_h":93.2,"recency":2,"frp":8.9,"confidence":"nominal"}},{"type":"Feature","geometry":{"type":"Point","coordinates":[0.87898,50.99295]},"properties":{"age_h":93.2,"recency":2,"frp":5.4,"confidence":"nominal"}},{"type":"Feature","geometry":{"type":"Point","coordinates":[0.92318,51.00064]},"properties":{"age_h":93.2,"recency":2,"frp":2.7,"confidence":"nominal"}},{"type":"Feature","geometry":{"type":"Point","coordinates":[2.32248,51.04488]},"properties":{"age_h":93.2,"recency":2,"frp":3.0,"confidence":"nominal"}},{"type":"Feature","geometry":{"type":"Point","coordinates":[6.72458,51.48464]},"properties":{"age_h":93.2,"recency":2,"frp":4.3,"confidence":"nominal"}},{"type":"Feature","geometry":{"type":"Point","coordinates":[12.49795,52.40142]},"properties":{"age_h":93.2,"recency":2,"frp":2.8,"confidence":"nominal"}},{"type":"Feature","geometry":{"type":"Point","coordinates":[0.46036,51.3103]},"properties":{"age_h":93.2,"recency":2,"frp":3.0,"confidence":"nominal"}},{"type":"Feature","geometry":{"type":"Point","coordinates":[1.34762,51.31486]},"properties":{"age_h":93.2,"recency":2,"frp":2.1,"confidence":"nominal"}},{"type":"Feature","geometry":{"type":"Point","coordinates":[0.90918,51.31671]},"properties":{"age_h":93.2,"recency":2,"frp":2.3,"confidence":"nominal"}},{"type":"Feature","geometry":{"type":"Point","coordinates":[0.9147,51.31767]},"properties":{"age_h":93.2,"recency":2,"frp":3.1,"confidence":"nominal"}},{"type":"Feature","geometry":{"type":"Point","coordinates":[1.34333,51.33856]},"properties":{"age_h":93.2,"recency":2,"frp":1.7,"confidence":"nominal"}},{"type":"Feature","geometry":{"type":"Point","coordinates":[1.34882,51.33949]},"properties":{"age_h":93.2,"recency":2,"frp":1.7,"confidence":"nominal"}},{"type":"Feature","geometry":{"type":"Point","coordinates":[0.77291,51.35128]},"properties":{"age_h":93.2,"recency":2,"frp":6.3,"confidence":"nominal"}},{"type":"Feature","geometry":{"type":"Point","coordinates":[0.77847,51.35225]},"properties":{"age_h":93.2,"recency":2,"frp":6.3,"confidence":"nominal"}},{"type":"Feature","geometry":{"type":"Point","coordinates":[0.86959,51.38923]},"properties":{"age_h":93.2,"recency":2,"frp":1.8,"confidence":"nominal"}},{"type":"Feature","geometry":{"type":"Point","coordinates":[0.87512,51.39018]},"properties":{"age_h":93.2,"recency":2,"frp":1.5,"confidence":"nominal"}},{"type":"Feature","geometry":{"type":"Point","coordinates":[0.86815,51.39249]},"properties":{"age_h":93.2,"recency":2,"frp":3.0,"confidence":"nominal"}},{"type":"Feature","geometry":{"type":"Point","coordinates":[0.87369,51.39345]},"properties":{"age_h":93.2,"recency":2,"frp":2.0,"confidence":"nominal"}},{"type":"Feature","geometry":{"type":"Point","coordinates":[0.80543,51.39918]},"properties":{"age_h":93.2,"recency":2,"frp":2.1,"confidence":"nominal"}},{"type":"Feature","geometry":{"type":"Point","coordinates":[0.81098,51.40015]},"properties":{"age_h":93.2,"recency":2,"frp":2.9,"confidence":"nominal"}},{"type":"Feature","geometry":{"type":"Point","coordinates":[0.80398,51.40245]},"properties":{"age_h":93.2,"recency":2,"frp":2.7,"confidence":"nominal"}},{"type":"Feature","geometry":{"type":"Point","coordinates":[0.80954,51.40341]},"properties":{"age_h":93.2,"recency":2,"frp":1.6,"confidence":"nominal"}},{"type":"Feature","geometry":{"type":"Point","coordinates":[0.45391,51.61767]},"properties":{"age_h":93.2,"recency":2,"frp":2.8,"confidence":"nominal"}},{"type":"Feature","geometry":{"type":"Point","coordinates":[0.59989,51.83902]},"properties":{"age_h":93.2,"recency":2,"frp":3.4,"confidence":"nominal"}},{"type":"Feature","geometry":{"type":"Point","coordinates":[0.6055,51.83998]},"properties":{"age_h":93.2,"recency":2,"frp":3.0,"confidence":"nominal"}},{"type":"Feature","geometry":{"type":"Point","coordinates":[0.26734,51.88483]},"properties":{"age_h":93.2,"recency":2,"frp":4.7,"confidence":"nominal"}},{"type":"Feature","geometry":{"type":"Point","coordinates":[0.36855,51.96437]},"properties":{"age_h":93.2,"recency":2,"frp":7.5,"confidence":"nominal"}},{"type":"Feature","geometry":{"type":"Point","coordinates":[0.37418,51.96536]},"properties":{"age_h":93.2,"recency":2,"frp":4.5,"confidence":"nominal"}},{"type":"Feature","geometry":{"type":"Point","coordinates":[0.37267,51.96863]},"properties":{"age_h":93.2,"recency":2,"frp":4.5,"confidence":"nominal"}},{"type":"Feature","geometry":{"type":"Point","coordinates":[4.58281,52.47743]},"properties":{"age_h":93.2,"recency":2,"frp":8.6,"confidence":"nominal"}},{"type":"Feature","geometry":{"type":"Point","coordinates":[8.69524,53.13497]},"properties":{"age_h":93.2,"recency":2,"frp":3.9,"confidence":"nominal"}},{"type":"Feature","geometry":{"type":"Point","coordinates":[-5.15735,34.97266]},"properties":{"age_h":91.6,"recency":2,"frp":34.8,"confidence":"nominal"}},{"type":"Feature","geometry":{"type":"Point","coordinates":[-5.15562,34.97823]},"properties":{"age_h":91.6,"recency":2,"frp":24.3,"confidence":"high"}},{"type":"Feature","geometry":{"type":"Point","coordinates":[-5.14925,34.97861]},"properties":{"age_h":91.6,"recency":2,"frp":8.7,"confidence":"nominal"}},{"type":"Feature","geometry":{"type":"Point","coordinates":[-6.12889,35.18391]},"properties":{"age_h":91.6,"recency":2,"frp":7.2,"confidence":"high"}},{"type":"Feature","geometry":{"type":"Point","coordinates":[-0.79937,35.67449]},"properties":{"age_h":91.6,"recency":2,"frp":5.4,"confidence":"nominal"}},{"type":"Feature","geometry":{"type":"Point","coordinates":[-0.80068,35.67464]},"properties":{"age_h":91.6,"recency":2,"frp":5.2,"confidence":"nominal"}},{"type":"Feature","geometry":{"type":"Point","coordinates":[-5.83707,36.79333]},"properties":{"age_h":91.6,"recency":2,"frp":4.1,"confidence":"nominal"}},{"type":"Feature","geometry":{"type":"Point","coordinates":[-5.83343,36.79892]},"properties":{"age_h":91.6,"recency":2,"frp":4.1,"confidence":"nominal"}},{"type":"Feature","geometry":{"type":"Point","coordinates":[-5.83447,36.8027]},"properties":{"age_h":91.6,"recency":2,"frp":3.4,"confidence":"nominal"}},{"type":"Feature","geometry":{"type":"Point","coordinates":[-5.40628,37.44069]},"properties":{"age_h":91.6,"recency":2,"frp":4.2,"confidence":"nominal"}},{"type":"Feature","geometry":{"type":"Point","coordinates":[-1.43312,37.73803]},"properties":{"age_h":91.6,"recency":2,"frp":2.0,"confidence":"nominal"}},{"type":"Feature","geometry":{"type":"Point","coordinates":[-1.43448,37.74029]},"properties":{"age_h":91.6,"recency":2,"frp":3.2,"confidence":"nominal"}},{"type":"Feature","geometry":{"type":"Point","coordinates":[-8.34487,37.78766]},"properties":{"age_h":91.6,"recency":2,"frp":5.1,"confidence":"nominal"}},{"type":"Feature","geometry":{"type":"Point","coordinates":[-7.6977,39.1715]},"properties":{"age_h":91.6,"recency":2,"frp":4.2,"confidence":"nominal"}},{"type":"Feature","geometry":{"type":"Point","coordinates":[-8.72881,41.63814]},"properties":{"age_h":91.6,"recency":2,"frp":7.4,"confidence":"nominal"}},{"type":"Feature","geometry":{"type":"Point","coordinates":[-0.73381,49.20916]},"properties":{"age_h":91.5,"recency":2,"frp":3.5,"confidence":"nominal"}},{"type":"Feature","geometry":{"type":"Point","coordinates":[24.41657,64.6442]},"properties":{"age_h":82.8,"recency":2,"frp":3.7,"confidence":"nominal"}},{"type":"Feature","geometry":{"type":"Point","coordinates":[24.40736,64.64574]},"properties":{"age_h":82.8,"recency":2,"frp":1.9,"confidence":"nominal"}},{"type":"Feature","geometry":{"type":"Point","coordinates":[38.1778,54.08455]},"properties":{"age_h":82.7,"recency":2,"frp":1.6,"confidence":"nominal"}},{"type":"Feature","geometry":{"type":"Point","coordinates":[38.18584,54.08843]},"properties":{"age_h":82.7,"recency":2,"frp":2.7,"confidence":"nominal"}},{"type":"Feature","geometry":{"type":"Point","coordinates":[38.17866,54.08894]},"properties":{"age_h":82.7,"recency":2,"frp":2.7,"confidence":"nominal"}},{"type":"Feature","geometry":{"type":"Point","coordinates":[38.872,54.247]},"properties":{"age_h":82.7,"recency":2,"frp":0.9,"confidence":"nominal"}},{"type":"Feature","geometry":{"type":"Point","coordinates":[39.72801,54.55196]},"properties":{"age_h":82.7,"recency":2,"frp":0.9,"confidence":"nominal"}},{"type":"Feature","geometry":{"type":"Point","coordinates":[28.4515,59.3846]},"properties":{"age_h":82.7,"recency":2,"frp":2.3,"confidence":"nominal"}},{"type":"Feature","geometry":{"type":"Point","coordinates":[34.16512,59.52478]},"properties":{"age_h":82.7,"recency":2,"frp":0.6,"confidence":"nominal"}},{"type":"Feature","geometry":{"type":"Point","coordinates":[34.13876,59.53072]},"properties":{"age_h":82.7,"recency":2,"frp":1.1,"confidence":"nominal"}},{"type":"Feature","geometry":{"type":"Point","coordinates":[34.14439,59.53263]},"properties":{"age_h":82.7,"recency":2,"frp":1.2,"confidence":"nominal"}},{"type":"Feature","geometry":{"type":"Point","coordinates":[34.13749,59.53274]},"properties":{"age_h":82.7,"recency":2,"frp":0.9,"confidence":"nominal"}},{"type":"Feature","geometry":{"type":"Point","coordinates":[38.92996,47.23953]},"properties":{"age_h":82.7,"recency":2,"frp":1.6,"confidence":"nominal"}},{"type":"Feature","geometry":{"type":"Point","coordinates":[37.46337,47.6537]},"properties":{"age_h":82.7,"recency":2,"frp":0.3,"confidence":"nominal"}},{"type":"Feature","geometry":{"type":"Point","coordinates":[37.95269,48.06093]},"properties":{"age_h":82.7,"recency":2,"frp":1.2,"confidence":"nominal"}},{"type":"Feature","geometry":{"type":"Point","coordinates":[36.93465,48.4659]},"properties":{"age_h":82.7,"recency":2,"frp":1.0,"confidence":"nominal"}},{"type":"Feature","geometry":{"type":"Point","coordinates":[37.54197,48.60289]},"properties":{"age_h":82.7,"recency":2,"frp":0.8,"confidence":"nominal"}},{"type":"Feature","geometry":{"type":"Point","coordinates":[37.54261,48.60714]},"properties":{"age_h":82.7,"recency":2,"frp":0.8,"confidence":"nominal"}},{"type":"Feature","geometry":{"type":"Point","coordinates":[37.56213,48.62179]},"properties":{"age_h":82.7,"recency":2,"frp":3.5,"confidence":"nominal"}},{"type":"Feature","geometry":{"type":"Point","coordinates":[37.56359,48.62257]},"properties":{"age_h":82.7,"recency":2,"frp":2.2,"confidence":"nominal"}},{"type":"Feature","geometry":{"type":"Point","coordinates":[37.55102,48.62697]},"properties":{"age_h":82.7,"recency":2,"frp":0.7,"confidence":"nominal"}},{"type":"Feature","geometry":{"type":"Point","coordinates":[37.52349,48.64206]},"properties":{"age_h":82.7,"recency":2,"frp":0.5,"confidence":"nominal"}},{"type":"Feature","geometry":{"type":"Point","coordinates":[37.64396,48.7605]},"properties":{"age_h":82.7,"recency":2,"frp":0.5,"confidence":"nominal"}},{"type":"Feature","geometry":{"type":"Point","coordinates":[41.20106,49.22444]},"properties":{"age_h":82.7,"recency":2,"frp":0.5,"confidence":"nominal"}},{"type":"Feature","geometry":{"type":"Point","coordinates":[37.38665,50.0582]},"properties":{"age_h":82.7,"recency":2,"frp":1.9,"confidence":"nominal"}},{"type":"Feature","geometry":{"type":"Point","coordinates":[37.38005,50.05869]},"properties":{"age_h":82.7,"recency":2,"frp":1.7,"confidence":"nominal"}},{"type":"Feature","geometry":{"type":"Point","coordinates":[37.38085,50.06303]},"properties":{"age_h":82.7,"recency":2,"frp":2.5,"confidence":"nominal"}},{"type":"Feature","geometry":{"type":"Point","coordinates":[39.68441,50.14925]},"properties":{"age_h":82.7,"recency":2,"frp":1.5,"confidence":"nominal"}},{"type":"Feature","geometry":{"type":"Point","coordinates":[37.93256,51.14188]},"properties":{"age_h":82.7,"recency":2,"frp":5.4,"confidence":"nominal"}},{"type":"Feature","geometry":{"type":"Point","coordinates":[37.92609,51.1424]},"properties":{"age_h":82.7,"recency":2,"frp":5.5,"confidence":"nominal"}},{"type":"Feature","geometry":{"type":"Point","coordinates":[37.93997,51.15637]},"properties":{"age_h":82.7,"recency":2,"frp":1.4,"confidence":"nominal"}},{"type":"Feature","geometry":{"type":"Point","coordinates":[37.76406,51.26134]},"properties":{"age_h":82.7,"recency":2,"frp":2.1,"confidence":"nominal"}},{"type":"Feature","geometry":{"type":"Point","coordinates":[39.62354,52.53181]},"properties":{"age_h":82.7,"recency":2,"frp":2.8,"confidence":"nominal"}},{"type":"Feature","geometry":{"type":"Point","coordinates":[39.63804,52.54295]},"properties":{"age_h":82.7,"recency":2,"frp":0.5,"confidence":"nominal"}},{"type":"Feature","geometry":{"type":"Point","coordinates":[39.62636,52.54395]},"properties":{"age_h":82.7,"recency":2,"frp":1.3,"confidence":"nominal"}},{"type":"Feature","geometry":{"type":"Point","coordinates":[39.62049,52.54446]},"properties":{"age_h":82.7,"recency":2,"frp":1.1,"confidence":"nominal"}},{"type":"Feature","geometry":{"type":"Point","coordinates":[39.61461,52.54496]},"properties":{"age_h":82.7,"recency":2,"frp":1.1,"confidence":"nominal"}},{"type":"Feature","geometry":{"type":"Point","coordinates":[39.56769,52.54896]},"properties":{"age_h":82.7,"recency":2,"frp":1.1,"confidence":"nominal"}},{"type":"Feature","geometry":{"type":"Point","coordinates":[39.60582,52.55811]},"properties":{"age_h":82.7,"recency":2,"frp":2.1,"confidence":"nominal"}},{"type":"Feature","geometry":{"type":"Point","coordinates":[39.57039,52.56114]},"properties":{"age_h":82.7,"recency":2,"frp":0.7,"confidence":"nominal"}},{"type":"Feature","geometry":{"type":"Point","coordinates":[40.66775,39.92617]},"properties":{"age_h":82.7,"recency":2,"frp":0.8,"confidence":"nominal"}},{"type":"Feature","geometry":{"type":"Point","coordinates":[29.35684,40.75929]},"properties":{"age_h":82.7,"recency":2,"frp":1.0,"confidence":"nominal"}},{"type":"Feature","geometry":{"type":"Point","coordinates":[29.59848,40.78383]},"properties":{"age_h":82.7,"recency":2,"frp":1.1,"confidence":"nominal"}},{"type":"Feature","geometry":{"type":"Point","coordinates":[32.63639,41.17741]},"properties":{"age_h":82.7,"recency":2,"frp":2.4,"confidence":"nominal"}},{"type":"Feature","geometry":{"type":"Point","coordinates":[31.42514,41.26957]},"properties":{"age_h":82.7,"recency":2,"frp":0.9,"confidence":"nominal"}},{"type":"Feature","geometry":{"type":"Point","coordinates":[31.86649,41.49248]},"properties":{"age_h":82.7,"recency":2,"frp":0.4,"confidence":"nominal"}},{"type":"Feature","geometry":{"type":"Point","coordinates":[41.95391,44.66016]},"properties":{"age_h":82.7,"recency":2,"frp":0.5,"confidence":"nominal"}},{"type":"Feature","geometry":{"type":"Point","coordinates":[41.92918,44.6881]},"properties":{"age_h":82.7,"recency":2,"frp":0.7,"confidence":"nominal"}},{"type":"Feature","geometry":{"type":"Point","coordinates":[37.67453,44.83855]},"properties":{"age_h":82.7,"recency":2,"frp":1.2,"confidence":"nominal"}},{"type":"Feature","geometry":{"type":"Point","coordinates":[38.609,44.85967]},"properties":{"age_h":82.7,"recency":2,"frp":3.7,"confidence":"nominal"}},{"type":"Feature","geometry":{"type":"Point","coordinates":[38.60978,44.86353]},"properties":{"age_h":82.7,"recency":2,"frp":1.3,"confidence":"nominal"}},{"type":"Feature","geometry":{"type":"Point","coordinates":[38.01836,44.92419]},"properties":{"age_h":82.7,"recency":2,"frp":0.8,"confidence":"nominal"}},{"type":"Feature","geometry":{"type":"Point","coordinates":[31.67262,45.26146]},"properties":{"age_h":82.7,"recency":2,"frp":4.3,"confidence":"nominal"}},{"type":"Feature","geometry":{"type":"Point","coordinates":[31.66767,45.26168]},"properties":{"age_h":82.7,"recency":2,"frp":4.8,"confidence":"nominal"}},{"type":"Feature","geometry":{"type":"Point","coordinates":[30.89662,45.35717]},"properties":{"age_h":82.7,"recency":2,"frp":1.5,"confidence":"nominal"}},{"type":"Feature","geometry":{"type":"Point","coordinates":[32.29072,46.25728]},"properties":{"age_h":82.7,"recency":2,"frp":1.1,"confidence":"nominal"}},{"type":"Feature","geometry":{"type":"Point","coordinates":[37.00353,46.96632]},"properties":{"age_h":82.7,"recency":2,"frp":1.0,"confidence":"nominal"}},{"type":"Feature","geometry":{"type":"Point","coordinates":[40.98466,34.0694]},"properties":{"age_h":82.6,"recency":2,"frp":0.8,"confidence":"nominal"}},{"type":"Feature","geometry":{"type":"Point","coordinates":[41.21165,34.25872]},"properties":{"age_h":82.6,"recency":2,"frp":0.8,"confidence":"nominal"}},{"type":"Feature","geometry":{"type":"Point","coordinates":[37.94249,34.91489]},"properties":{"age_h":82.6,"recency":2,"frp":0.7,"confidence":"nominal"}},{"type":"Feature","geometry":{"type":"Point","coordinates":[33.72755,36.26576]},"properties":{"age_h":82.6,"recency":2,"frp":1.7,"confidence":"nominal"}},{"type":"Feature","geometry":{"type":"Point","coordinates":[40.48343,36.31028]},"properties":{"age_h":82.6,"recency":2,"frp":3.7,"confidence":"nominal"}},{"type":"Feature","geometry":{"type":"Point","coordinates":[40.4791,36.31092]},"properties":{"age_h":82.6,"recency":2,"frp":3.7,"confidence":"nominal"}},{"type":"Feature","geometry":{"type":"Point","coordinates":[40.47477,36.31156]},"properties":{"age_h":82.6,"recency":2,"frp":1.5,"confidence":"nominal"}},{"type":"Feature","geometry":{"type":"Point","coordinates":[40.47553,36.31488]},"properties":{"age_h":82.6,"recency":2,"frp":0.6,"confidence":"nominal"}},{"type":"Feature","geometry":{"type":"Point","coordinates":[38.61837,36.33688]},"properties":{"age_h":82.6,"recency":2,"frp":1.1,"confidence":"nominal"}},{"type":"Feature","geometry":{"type":"Point","coordinates":[41.28015,36.45893]},"properties":{"age_h":82.6,"recency":2,"frp":0.6,"confidence":"nominal"}},{"type":"Feature","geometry":{"type":"Point","coordinates":[40.26476,36.61]},"properties":{"age_h":82.6,"recency":2,"frp":0.4,"confidence":"nominal"}},{"type":"Feature","geometry":{"type":"Point","coordinates":[40.2655,36.61334]},"properties":{"age_h":82.6,"recency":2,"frp":0.4,"confidence":"nominal"}},{"type":"Feature","geometry":{"type":"Point","coordinates":[40.98678,36.69736]},"properties":{"age_h":82.6,"recency":2,"frp":0.5,"confidence":"nominal"}},{"type":"Feature","geometry":{"type":"Point","coordinates":[36.19913,36.71819]},"properties":{"age_h":82.6,"recency":2,"frp":5.0,"confidence":"nominal"}},{"type":"Feature","geometry":{"type":"Point","coordinates":[40.10893,36.72009]},"properties":{"age_h":82.6,"recency":2,"frp":0.5,"confidence":"nominal"}},{"type":"Feature","geometry":{"type":"Point","coordinates":[36.20945,36.741]},"properties":{"age_h":82.6,"recency":2,"frp":2.8,"confidence":"nominal"}},{"type":"Feature","geometry":{"type":"Point","coordinates":[37.01643,36.79876]},"properties":{"age_h":82.6,"recency":2,"frp":0.9,"confidence":"nominal"}},{"type":"Feature","geometry":{"type":"Point","coordinates":[40.14233,36.80864]},"properties":{"age_h":82.6,"recency":2,"frp":0.6,"confidence":"nominal"}},{"type":"Feature","geometry":{"type":"Point","coordinates":[40.14087,36.81039]},"properties":{"age_h":82.6,"recency":2,"frp":0.2,"confidence":"nominal"}},{"type":"Feature","geometry":{"type":"Point","coordinates":[40.87109,36.82336]},"properties":{"age_h":82.6,"recency":2,"frp":1.0,"confidence":"nominal"}},{"type":"Feature","geometry":{"type":"Point","coordinates":[37.21489,36.83685]},"properties":{"age_h":82.6,"recency":2,"frp":2.1,"confidence":"nominal"}},{"type":"Feature","geometry":{"type":"Point","coordinates":[37.2094,36.8375]},"properties":{"age_h":82.6,"recency":2,"frp":3.5,"confidence":"nominal"}},{"type":"Feature","geometry":{"type":"Point","coordinates":[40.9879,36.86399]},"properties":{"age_h":82.6,"recency":2,"frp":1.0,"confidence":"nominal"}},{"type":"Feature","geometry":{"type":"Point","coordinates":[40.99298,36.86664]},"properties":{"age_h":82.6,"recency":2,"frp":1.0,"confidence":"nominal"}},{"type":"Feature","geometry":{"type":"Point","coordinates":[40.96707,36.87053]},"properties":{"age_h":82.6,"recency":2,"frp":0.4,"confidence":"nominal"}},{"type":"Feature","geometry":{"type":"Point","coordinates":[40.7035,36.87551]},"properties":{"age_h":82.6,"recency":2,"frp":0.8,"confidence":"nominal"}},{"type":"Feature","geometry":{"type":"Point","coordinates":[40.96861,36.87713]},"properties":{"age_h":82.6,"recency":2,"frp":1.3,"confidence":"nominal"}},{"type":"Feature","geometry":{"type":"Point","coordinates":[41.22613,36.954]},"properties":{"age_h":82.6,"recency":2,"frp":0.5,"confidence":"nominal"}},{"type":"Feature","geometry":{"type":"Point","coordinates":[40.68433,36.95631]},"properties":{"age_h":82.6,"recency":2,"frp":0.4,"confidence":"nominal"}},{"type":"Feature","geometry":{"type":"Point","coordinates":[40.96028,36.96339]},"properties":{"age_h":82.6,"recency":2,"frp":0.5,"confidence":"nominal"}},{"type":"Feature","geometry":{"type":"Point","coordinates":[41.58396,37.01134]},"properties":{"age_h":82.6,"recency":2,"frp":0.7,"confidence":"nominal"}},{"type":"Feature","geometry":{"type":"Point","coordinates":[40.51575,37.01177]},"properties":{"age_h":82.6,"recency":2,"frp":0.5,"confidence":"nominal"}},{"type":"Feature","geometry":{"type":"Point","coordinates":[36.10533,37.01413]},"properties":{"age_h":82.6,"recency":2,"frp":2.2,"confidence":"nominal"}},{"type":"Feature","geometry":{"type":"Point","coordinates":[41.66492,37.01577]},"properties":{"age_h":82.6,"recency":2,"frp":0.7,"confidence":"nominal"}},{"type":"Feature","geometry":{"type":"Point","coordinates":[36.10676,37.02203]},"properties":{"age_h":82.6,"recency":2,"frp":1.3,"confidence":"nominal"}},{"type":"Feature","geometry":{"type":"Point","coordinates":[41.75729,37.07309]},"properties":{"age_h":82.6,"recency":2,"frp":2.3,"confidence":"nominal"}},{"type":"Feature","geometry":{"type":"Point","coordinates":[41.75301,37.07376]},"properties":{"age_h":82.6,"recency":2,"frp":2.3,"confidence":"nominal"}},{"type":"Feature","geometry":{"type":"Point","coordinates":[38.72856,37.27811]},"properties":{"age_h":82.6,"recency":2,"frp":0.5,"confidence":"nominal"}},{"type":"Feature","geometry":{"type":"Point","coordinates":[38.03048,37.54869]},"properties":{"age_h":82.6,"recency":2,"frp":0.5,"confidence":"nominal"}},{"type":"Feature","geometry":{"type":"Point","coordinates":[38.36422,37.68526]},"properties":{"age_h":82.6,"recency":2,"frp":2.7,"confidence":"nominal"}},{"type":"Feature","geometry":{"type":"Point","coordinates":[38.35902,37.68592]},"properties":{"age_h":82.6,"recency":2,"frp":2.7,"confidence":"nominal"}},{"type":"Feature","geometry":{"type":"Point","coordinates":[39.51441,37.68715]},"properties":{"age_h":82.6,"recency":2,"frp":0.1,"confidence":"nominal"}},{"type":"Feature","geometry":{"type":"Point","coordinates":[41.86195,37.69075]},"properties":{"age_h":82.6,"recency":2,"frp":0.8,"confidence":"nominal"}},{"type":"Feature","geometry":{"type":"Point","coordinates":[38.14164,37.73616]},"properties":{"age_h":82.6,"recency":2,"frp":3.1,"confidence":"nominal"}},{"type":"Feature","geometry":{"type":"Point","coordinates":[38.1364,37.73679]},"properties":{"age_h":82.6,"recency":2,"frp":3.1,"confidence":"nominal"}},{"type":"Feature","geometry":{"type":"Point","coordinates":[38.13716,37.7404]},"properties":{"age_h":82.6,"recency":2,"frp":3.1,"confidence":"nominal"}},{"type":"Feature","geometry":{"type":"Point","coordinates":[40.78422,37.75078]},"properties":{"age_h":82.6,"recency":2,"frp":0.5,"confidence":"nominal"}},{"type":"Feature","geometry":{"type":"Point","coordinates":[40.7894,37.75346]},"properties":{"age_h":82.6,"recency":2,"frp":0.9,"confidence":"nominal"}},{"type":"Feature","geometry":{"type":"Point","coordinates":[40.78497,37.75411]},"properties":{"age_h":82.6,"recency":2,"frp":0.5,"confidence":"nominal"}},{"type":"Feature","geometry":{"type":"Point","coordinates":[40.61966,37.90409]},"properties":{"age_h":82.6,"recency":2,"frp":0.6,"confidence":"nominal"}},{"type":"Feature","geometry":{"type":"Point","coordinates":[32.52956,37.93873]},"properties":{"age_h":82.6,"recency":2,"frp":1.3,"confidence":"nominal"}},{"type":"Feature","geometry":{"type":"Point","coordinates":[40.20259,37.93917]},"properties":{"age_h":82.6,"recency":2,"frp":0.6,"confidence":"nominal"}},{"type":"Feature","geometry":{"type":"Point","coordinates":[40.38307,37.96914]},"properties":{"age_h":82.6,"recency":2,"frp":1.4,"confidence":"nominal"}},{"type":"Feature","geometry":{"type":"Point","coordinates":[40.4024,38.06453]},"properties":{"age_h":82.6,"recency":2,"frp":0.7,"confidence":"nominal"}},{"type":"Feature","geometry":{"type":"Point","coordinates":[40.53023,38.07897]},"properties":{"age_h":82.6,"recency":2,"frp":1.4,"confidence":"nominal"}},{"type":"Feature","geometry":{"type":"Point","coordinates":[40.54,38.08103]},"properties":{"age_h":82.6,"recency":2,"frp":1.6,"confidence":"nominal"}},{"type":"Feature","geometry":{"type":"Point","coordinates":[40.53551,38.08167]},"properties":{"age_h":82.6,"recency":2,"frp":1.6,"confidence":"nominal"}},{"type":"Feature","geometry":{"type":"Point","coordinates":[40.53101,38.08231]},"properties":{"age_h":82.6,"recency":2,"frp":1.4,"confidence":"nominal"}},{"type":"Feature","geometry":{"type":"Point","coordinates":[40.40615,38.08956]},"properties":{"age_h":82.6,"recency":2,"frp":0.6,"confidence":"nominal"}},{"type":"Feature","geometry":{"type":"Point","coordinates":[40.33688,38.0958]},"properties":{"age_h":82.6,"recency":2,"frp":0.5,"confidence":"nominal"}},{"type":"Feature","geometry":{"type":"Point","coordinates":[40.49333,38.10148]},"properties":{"age_h":82.6,"recency":2,"frp":0.7,"confidence":"nominal"}},{"type":"Feature","geometry":{"type":"Point","coordinates":[39.77508,38.15925]},"properties":{"age_h":82.6,"recency":2,"frp":0.5,"confidence":"nominal"}},{"type":"Feature","geometry":{"type":"Point","coordinates":[27.21112,38.42872]},"properties":{"age_h":82.6,"recency":2,"frp":1.2,"confidence":"nominal"}},{"type":"Feature","geometry":{"type":"Point","coordinates":[38.72513,38.45649]},"properties":{"age_h":82.6,"recency":2,"frp":0.6,"confidence":"nominal"}},{"type":"Feature","geometry":{"type":"Point","coordinates":[39.77146,38.65248]},"properties":{"age_h":82.6,"recency":2,"frp":0.5,"confidence":"nominal"}},{"type":"Feature","geometry":{"type":"Point","coordinates":[30.61607,38.66161]},"properties":{"age_h":82.6,"recency":2,"frp":0.5,"confidence":"nominal"}},{"type":"Feature","geometry":{"type":"Point","coordinates":[26.94323,38.74624]},"properties":{"age_h":82.6,"recency":2,"frp":1.8,"confidence":"nominal"}},{"type":"Feature","geometry":{"type":"Point","coordinates":[26.94608,38.74792]},"properties":{"age_h":82.6,"recency":2,"frp":1.2,"confidence":"nominal"}},{"type":"Feature","geometry":{"type":"Point","coordinates":[35.76262,38.8574]},"properties":{"age_h":82.6,"recency":2,"frp":0.7,"confidence":"nominal"}},{"type":"Feature","geometry":{"type":"Point","coordinates":[37.89595,38.88438]},"properties":{"age_h":82.6,"recency":2,"frp":0.9,"confidence":"nominal"}},{"type":"Feature","geometry":{"type":"Point","coordinates":[41.56889,38.89304]},"properties":{"age_h":82.6,"recency":2,"frp":0.5,"confidence":"nominal"}},{"type":"Feature","geometry":{"type":"Point","coordinates":[30.88136,39.39422]},"properties":{"age_h":82.6,"recency":2,"frp":1.0,"confidence":"nominal"}},{"type":"Feature","geometry":{"type":"Point","coordinates":[36.93341,39.72421]},"properties":{"age_h":82.6,"recency":2,"frp":0.7,"confidence":"nominal"}},{"type":"Feature","geometry":{"type":"Point","coordinates":[28.86514,39.89998]},"properties":{"age_h":82.6,"recency":2,"frp":0.7,"confidence":"nominal"}},{"type":"Feature","geometry":{"type":"Point","coordinates":[33.18756,39.94674]},"properties":{"age_h":82.6,"recency":2,"frp":1.9,"confidence":"nominal"}},{"type":"Feature","geometry":{"type":"Point","coordinates":[33.14066,39.95977]},"properties":{"age_h":82.6,"recency":2,"frp":0.5,"confidence":"nominal"}},{"type":"Feature","geometry":{"type":"Point","coordinates":[29.92122,40.24177]},"properties":{"age_h":82.6,"recency":2,"frp":0.8,"confidence":"nominal"}},{"type":"Feature","geometry":{"type":"Point","coordinates":[34.14871,59.52957]},"properties":{"age_h":81.1,"recency":2,"frp":1.8,"confidence":"nominal"}},{"type":"Feature","geometry":{"type":"Point","coordinates":[34.14083,59.53136]},"properties":{"age_h":81.1,"recency":2,"frp":1.8,"confidence":"nominal"}},{"type":"Feature","geometry":{"type":"Point","coordinates":[32.361,59.9125]},"properties":{"age_h":81.1,"recency":2,"frp":0.5,"confidence":"nominal"}},{"type":"Feature","geometry":{"type":"Point","coordinates":[37.63974,48.76107]},"properties":{"age_h":81.0,"recency":2,"frp":0.9,"confidence":"nominal"}},{"type":"Feature","geometry":{"type":"Point","coordinates":[41.20026,49.22149]},"properties":{"age_h":81.0,"recency":2,"frp":1.3,"confidence":"nominal"}},{"type":"Feature","geometry":{"type":"Point","coordinates":[33.87915,49.83145]},"properties":{"age_h":81.0,"recency":2,"frp":4.0,"confidence":"nominal"}},{"type":"Feature","geometry":{"type":"Point","coordinates":[39.67994,50.14782]},"properties":{"age_h":81.0,"recency":2,"frp":1.0,"confidence":"nominal"}},{"type":"Feature","geometry":{"type":"Point","coordinates":[10.39748,52.15318]},"properties":{"age_h":81.0,"recency":2,"frp":7.4,"confidence":"nominal"}},{"type":"Feature","geometry":{"type":"Point","coordinates":[14.64058,52.16104]},"properties":{"age_h":81.0,"recency":2,"frp":8.0,"confidence":"nominal"}},{"type":"Feature","geometry":{"type":"Point","coordinates":[10.41548,52.16181]},"properties":{"age_h":81.0,"recency":2,"frp":3.8,"confidence":"nominal"}},{"type":"Feature","geometry":{"type":"Point","coordinates":[14.62586,52.17048]},"properties":{"age_h":81.0,"recency":2,"frp":5.6,"confidence":"nominal"}},{"type":"Feature","geometry":{"type":"Point","coordinates":[8.04106,52.20926]},"properties":{"age_h":81.0,"recency":2,"frp":0.7,"confidence":"nominal"}},{"type":"Feature","geometry":{"type":"Point","coordinates":[9.88579,52.35401]},"properties":{"age_h":81.0,"recency":2,"frp":0.9,"confidence":"nominal"}},{"type":"Feature","geometry":{"type":"Point","coordinates":[9.88439,52.35624]},"properties":{"age_h":81.0,"recency":2,"frp":0.6,"confidence":"nominal"}},{"type":"Feature","geometry":{"type":"Point","coordinates":[12.49698,52.40067]},"properties":{"age_h":81.0,"recency":2,"frp":1.8,"confidence":"nominal"}},{"type":"Feature","geometry":{"type":"Point","coordinates":[12.49732,52.40096]},"properties":{"age_h":81.0,"recency":2,"frp":1.5,"confidence":"nominal"}},{"type":"Feature","geometry":{"type":"Point","coordinates":[13.8357,52.49056]},"properties":{"age_h":81.0,"recency":2,"frp":0.7,"confidence":"nominal"}},{"type":"Feature","geometry":{"type":"Point","coordinates":[4.60794,52.49398]},"properties":{"age_h":81.0,"recency":2,"frp":0.7,"confidence":"nominal"}},{"type":"Feature","geometry":{"type":"Point","coordinates":[39.62219,52.54164]},"properties":{"age_h":81.0,"recency":2,"frp":5.6,"confidence":"nominal"}},{"type":"Feature","geometry":{"type":"Point","coordinates":[39.64154,52.548]},"properties":{"age_h":81.0,"recency":2,"frp":1.0,"confidence":"nominal"}},{"type":"Feature","geometry":{"type":"Point","coordinates":[8.69077,53.13625]},"properties":{"age_h":81.0,"recency":2,"frp":0.8,"confidence":"nominal"}},{"type":"Feature","geometry":{"type":"Point","coordinates":[8.68045,53.13661]},"properties":{"age_h":81.0,"recency":2,"frp":2.5,"confidence":"nominal"}},{"type":"Feature","geometry":{"type":"Point","coordinates":[8.67585,53.14197]},"properties":{"age_h":81.0,"recency":2,"frp":1.1,"confidence":"nominal"}},{"type":"Feature","geometry":{"type":"Point","coordinates":[8.67066,53.14215]},"properties":{"age_h":81.0,"recency":2,"frp":1.1,"confidence":"nominal"}},{"type":"Feature","geometry":{"type":"Point","coordinates":[10.03053,53.51287]},"properties":{"age_h":81.0,"recency":2,"frp":1.3,"confidence":"nominal"}},{"type":"Feature","geometry":{"type":"Point","coordinates":[9.90217,53.52362]},"properties":{"age_h":81.0,"recency":2,"frp":2.6,"confidence":"nominal"}},{"type":"Feature","geometry":{"type":"Point","coordinates":[33.81336,53.6194]},"properties":{"age_h":81.0,"recency":2,"frp":0.8,"confidence":"nominal"}},{"type":"Feature","geometry":{"type":"Point","coordinates":[38.18105,54.08328]},"properties":{"age_h":81.0,"recency":2,"frp":3.1,"confidence":"nominal"}},{"type":"Feature","geometry":{"type":"Point","coordinates":[38.18499,54.08776]},"properties":{"age_h":81.0,"recency":2,"frp":3.1,"confidence":"nominal"}},{"type":"Feature","geometry":{"type":"Point","coordinates":[38.86771,54.24561]},"properties":{"age_h":81.0,"recency":2,"frp":1.2,"confidence":"nominal"}},{"type":"Feature","geometry":{"type":"Point","coordinates":[39.7304,54.55118]},"properties":{"age_h":81.0,"recency":2,"frp":1.0,"confidence":"nominal"}},{"type":"Feature","geometry":{"type":"Point","coordinates":[33.85846,44.77116]},"properties":{"age_h":81.0,"recency":2,"frp":0.9,"confidence":"nominal"}},{"type":"Feature","geometry":{"type":"Point","coordinates":[37.67315,44.8423]},"properties":{"age_h":81.0,"recency":2,"frp":1.8,"confidence":"nominal"}},{"type":"Feature","geometry":{"type":"Point","coordinates":[38.11652,44.88604]},"properties":{"age_h":81.0,"recency":2,"frp":1.8,"confidence":"nominal"}},{"type":"Feature","geometry":{"type":"Point","coordinates":[38.11942,44.88777]},"properties":{"age_h":81.0,"recency":2,"frp":1.3,"confidence":"nominal"}},{"type":"Feature","geometry":{"type":"Point","coordinates":[19.70731,45.20872]},"properties":{"age_h":81.0,"recency":2,"frp":0.6,"confidence":"nominal"}},{"type":"Feature","geometry":{"type":"Point","coordinates":[18.0338,45.45377]},"properties":{"age_h":81.0,"recency":2,"frp":0.6,"confidence":"nominal"}},{"type":"Feature","geometry":{"type":"Point","coordinates":[19.73765,45.61519]},"properties":{"age_h":81.0,"recency":2,"frp":0.8,"confidence":"nominal"}},{"type":"Feature","geometry":{"type":"Point","coordinates":[13.62668,46.06759]},"properties":{"age_h":81.0,"recency":2,"frp":1.4,"confidence":"nominal"}},{"type":"Feature","geometry":{"type":"Point","coordinates":[12.73914,46.17676]},"properties":{"age_h":81.0,"recency":2,"frp":0.5,"confidence":"nominal"}},{"type":"Feature","geometry":{"type":"Point","coordinates":[30.09863,46.43213]},"properties":{"age_h":81.0,"recency":2,"frp":1.0,"confidence":"nominal"}},{"type":"Feature","geometry":{"type":"Point","coordinates":[8.26394,47.07255]},"properties":{"age_h":81.0,"recency":2,"frp":1.9,"confidence":"nominal"}},{"type":"Feature","geometry":{"type":"Point","coordinates":[7.54027,47.56428]},"properties":{"age_h":81.0,"recency":2,"frp":0.5,"confidence":"nominal"}},{"type":"Feature","geometry":{"type":"Point","coordinates":[7.23236,47.62947]},"properties":{"age_h":81.0,"recency":2,"frp":0.6,"confidence":"nominal"}},{"type":"Feature","geometry":{"type":"Point","coordinates":[7.2326,47.63095]},"properties":{"age_h":81.0,"recency":2,"frp":0.5,"confidence":"nominal"}},{"type":"Feature","geometry":{"type":"Point","coordinates":[14.33107,48.27567]},"properties":{"age_h":81.0,"recency":2,"frp":3.9,"confidence":"nominal"}},{"type":"Feature","geometry":{"type":"Point","coordinates":[14.32572,48.28403]},"properties":{"age_h":81.0,"recency":2,"frp":0.8,"confidence":"nominal"}},{"type":"Feature","geometry":{"type":"Point","coordinates":[14.32696,48.28627]},"properties":{"age_h":81.0,"recency":2,"frp":0.9,"confidence":"nominal"}},{"type":"Feature","geometry":{"type":"Point","coordinates":[10.85205,48.5123]},"properties":{"age_h":81.0,"recency":2,"frp":3.1,"confidence":"nominal"}},{"type":"Feature","geometry":{"type":"Point","coordinates":[4.17847,48.51521]},"properties":{"age_h":81.0,"recency":2,"frp":3.3,"confidence":"nominal"}},{"type":"Feature","geometry":{"type":"Point","coordinates":[4.17158,48.5153]},"properties":{"age_h":81.0,"recency":2,"frp":3.2,"confidence":"nominal"}},{"type":"Feature","geometry":{"type":"Point","coordinates":[22.24253,48.58329]},"properties":{"age_h":81.0,"recency":2,"frp":0.8,"confidence":"nominal"}},{"type":"Feature","geometry":{"type":"Point","coordinates":[7.81676,48.59774]},"properties":{"age_h":81.0,"recency":2,"frp":0.8,"confidence":"nominal"}},{"type":"Feature","geometry":{"type":"Point","coordinates":[21.18084,48.60196]},"properties":{"age_h":81.0,"recency":2,"frp":1.0,"confidence":"nominal"}},{"type":"Feature","geometry":{"type":"Point","coordinates":[21.19467,48.61005]},"properties":{"age_h":81.0,"recency":2,"frp":1.2,"confidence":"nominal"}},{"type":"Feature","geometry":{"type":"Point","coordinates":[8.3261,49.05959]},"properties":{"age_h":81.0,"recency":2,"frp":0.4,"confidence":"nominal"}},{"type":"Feature","geometry":{"type":"Point","coordinates":[6.157,49.15254]},"properties":{"age_h":81.0,"recency":2,"frp":0.7,"confidence":"nominal"}},{"type":"Feature","geometry":{"type":"Point","coordinates":[6.84089,49.24263]},"properties":{"age_h":81.0,"recency":2,"frp":1.4,"confidence":"nominal"}},{"type":"Feature","geometry":{"type":"Point","coordinates":[6.84124,49.2481]},"properties":{"age_h":81.0,"recency":2,"frp":1.4,"confidence":"nominal"}},{"type":"Feature","geometry":{"type":"Point","coordinates":[6.09733,49.32641]},"properties":{"age_h":81.0,"recency":2,"frp":1.0,"confidence":"nominal"}},{"type":"Feature","geometry":{"type":"Point","coordinates":[6.09932,49.32892]},"properties":{"age_h":81.0,"recency":2,"frp":0.9,"confidence":"nominal"}},{"type":"Feature","geometry":{"type":"Point","coordinates":[6.7436,49.35047]},"properties":{"age_h":81.0,"recency":2,"frp":0.8,"confidence":"nominal"}},{"type":"Feature","geometry":{"type":"Point","coordinates":[6.74406,49.35596]},"properties":{"age_h":81.0,"recency":2,"frp":0.8,"confidence":"nominal"}},{"type":"Feature","geometry":{"type":"Point","coordinates":[6.74467,49.36146]},"properties":{"age_h":81.0,"recency":2,"frp":1.6,"confidence":"nominal"}},{"type":"Feature","geometry":{"type":"Point","coordinates":[5.95457,49.50497]},"properties":{"age_h":81.0,"recency":2,"frp":1.0,"confidence":"nominal"}},{"type":"Feature","geometry":{"type":"Point","coordinates":[9.76503,49.95596]},"properties":{"age_h":81.0,"recency":2,"frp":1.0,"confidence":"nominal"}},{"type":"Feature","geometry":{"type":"Point","coordinates":[10.91141,50.0113]},"properties":{"age_h":81.0,"recency":2,"frp":1.2,"confidence":"nominal"}},{"type":"Feature","geometry":{"type":"Point","coordinates":[5.36567,50.57162]},"properties":{"age_h":81.0,"recency":2,"frp":0.7,"confidence":"nominal"}},{"type":"Feature","geometry":{"type":"Point","coordinates":[5.66611,50.76289]},"properties":{"age_h":81.0,"recency":2,"frp":1.1,"confidence":"nominal"}},{"type":"Feature","geometry":{"type":"Point","coordinates":[11.66108,51.2698]},"properties":{"age_h":81.0,"recency":2,"frp":0.8,"confidence":"nominal"}},{"type":"Feature","geometry":{"type":"Point","coordinates":[7.00621,51.29736]},"properties":{"age_h":81.0,"recency":2,"frp":0.6,"confidence":"nominal"}},{"type":"Feature","geometry":{"type":"Point","coordinates":[6.69948,51.36602]},"properties":{"age_h":81.0,"recency":2,"frp":5.3,"confidence":"nominal"}},{"type":"Feature","geometry":{"type":"Point","coordinates":[6.6998,51.3716]},"properties":{"age_h":81.0,"recency":2,"frp":1.3,"confidence":"nominal"}},{"type":"Feature","geometry":{"type":"Point","coordinates":[7.15972,51.47995]},"properties":{"age_h":81.0,"recency":2,"frp":0.7,"confidence":"nominal"}},{"type":"Feature","geometry":{"type":"Point","coordinates":[6.69138,51.48199]},"properties":{"age_h":81.0,"recency":2,"frp":0.7,"confidence":"nominal"}},{"type":"Feature","geometry":{"type":"Point","coordinates":[6.72726,51.48664]},"properties":{"age_h":81.0,"recency":2,"frp":0.9,"confidence":"nominal"}},{"type":"Feature","geometry":{"type":"Point","coordinates":[6.7037,51.48726]},"properties":{"age_h":81.0,"recency":2,"frp":2.4,"confidence":"nominal"}},{"type":"Feature","geometry":{"type":"Point","coordinates":[6.69775,51.48742]},"properties":{"age_h":81.0,"recency":2,"frp":2.4,"confidence":"nominal"}},{"type":"Feature","geometry":{"type":"Point","coordinates":[6.72181,51.50178]},"properties":{"age_h":81.0,"recency":2,"frp":1.8,"confidence":"nominal"}},{"type":"Feature","geometry":{"type":"Point","coordinates":[6.72238,51.50353]},"properties":{"age_h":81.0,"recency":2,"frp":2.3,"confidence":"nominal"}},{"type":"Feature","geometry":{"type":"Point","coordinates":[6.73419,51.50709]},"properties":{"age_h":81.0,"recency":2,"frp":1.9,"confidence":"nominal"}},{"type":"Feature","geometry":{"type":"Point","coordinates":[8.33409,51.59627]},"properties":{"age_h":81.0,"recency":2,"frp":1.1,"confidence":"nominal"}},{"type":"Feature","geometry":{"type":"Point","coordinates":[8.50679,51.62078]},"properties":{"age_h":81.0,"recency":2,"frp":0.6,"confidence":"nominal"}},{"type":"Feature","geometry":{"type":"Point","coordinates":[8.02772,51.85942]},"properties":{"age_h":81.0,"recency":2,"frp":0.7,"confidence":"nominal"}},{"type":"Feature","geometry":{"type":"Point","coordinates":[14.98977,37.75129]},"properties":{"age_h":81.0,"recency":2,"frp":0.7,"confidence":"nominal"}},{"type":"Feature","geometry":{"type":"Point","coordinates":[15.03394,37.75188]},"properties":{"age_h":81.0,"recency":2,"frp":0.9,"confidence":"nominal"}},{"type":"Feature","geometry":{"type":"Point","coordinates":[24.0615,38.37402]},"properties":{"age_h":81.0,"recency":2,"frp":0.9,"confidence":"nominal"}},{"type":"Feature","geometry":{"type":"Point","coordinates":[27.21688,38.42878]},"properties":{"age_h":81.0,"recency":2,"frp":1.2,"confidence":"nominal"}},{"type":"Feature","geometry":{"type":"Point","coordinates":[26.94857,38.74464]},"properties":{"age_h":81.0,"recency":2,"frp":1.7,"confidence":"nominal"}},{"type":"Feature","geometry":{"type":"Point","coordinates":[26.95056,38.7492]},"properties":{"age_h":81.0,"recency":2,"frp":1.7,"confidence":"nominal"}},{"type":"Feature","geometry":{"type":"Point","coordinates":[15.20686,38.79596]},"properties":{"age_h":81.0,"recency":2,"frp":1.2,"confidence":"nominal"}},{"type":"Feature","geometry":{"type":"Point","coordinates":[27.52539,39.1154]},"properties":{"age_h":81.0,"recency":2,"frp":0.9,"confidence":"nominal"}},{"type":"Feature","geometry":{"type":"Point","coordinates":[30.88233,39.39372]},"properties":{"age_h":81.0,"recency":2,"frp":1.1,"confidence":"nominal"}},{"type":"Feature","geometry":{"type":"Point","coordinates":[15.90112,40.31365]},"properties":{"age_h":81.0,"recency":2,"frp":0.8,"confidence":"nominal"}},{"type":"Feature","geometry":{"type":"Point","coordinates":[17.21781,40.50089]},"properties":{"age_h":81.0,"recency":2,"frp":0.7,"confidence":"nominal"}},{"type":"Feature","geometry":{"type":"Point","coordinates":[17.21868,40.50417]},"properties":{"age_h":81.0,"recency":2,"frp":2.2,"confidence":"nominal"}},{"type":"Feature","geometry":{"type":"Point","coordinates":[17.20968,40.50555]},"properties":{"age_h":81.0,"recency":2,"frp":0.7,"confidence":"nominal"}},{"type":"Feature","geometry":{"type":"Point","coordinates":[17.21054,40.50883]},"properties":{"age_h":81.0,"recency":2,"frp":0.7,"confidence":"nominal"}},{"type":"Feature","geometry":{"type":"Point","coordinates":[17.20865,40.51936]},"properties":{"age_h":81.0,"recency":2,"frp":1.9,"confidence":"nominal"}},{"type":"Feature","geometry":{"type":"Point","coordinates":[29.76047,40.74816]},"properties":{"age_h":81.0,"recency":2,"frp":1.4,"confidence":"nominal"}},{"type":"Feature","geometry":{"type":"Point","coordinates":[16.05446,40.82687]},"properties":{"age_h":81.0,"recency":2,"frp":1.0,"confidence":"nominal"}},{"type":"Feature","geometry":{"type":"Point","coordinates":[15.67146,40.95146]},"properties":{"age_h":81.0,"recency":2,"frp":0.5,"confidence":"nominal"}},{"type":"Feature","geometry":{"type":"Point","coordinates":[28.55554,41.01894]},"properties":{"age_h":81.0,"recency":2,"frp":1.6,"confidence":"nominal"}},{"type":"Feature","geometry":{"type":"Point","coordinates":[30.66054,41.11714]},"properties":{"age_h":81.0,"recency":2,"frp":0.5,"confidence":"nominal"}},{"type":"Feature","geometry":{"type":"Point","coordinates":[15.85007,41.16816]},"properties":{"age_h":81.0,"recency":2,"frp":0.8,"confidence":"nominal"}},{"type":"Feature","geometry":{"type":"Point","coordinates":[31.41089,41.25683]},"properties":{"age_h":81.0,"recency":2,"frp":1.7,"confidence":"nominal"}},{"type":"Feature","geometry":{"type":"Point","coordinates":[31.42896,41.2569]},"properties":{"age_h":81.0,"recency":2,"frp":0.8,"confidence":"nominal"}},{"type":"Feature","geometry":{"type":"Point","coordinates":[14.01173,41.44146]},"properties":{"age_h":81.0,"recency":2,"frp":1.0,"confidence":"nominal"}},{"type":"Feature","geometry":{"type":"Point","coordinates":[14.01253,41.44503]},"properties":{"age_h":81.0,"recency":2,"frp":1.8,"confidence":"nominal"}},{"type":"Feature","geometry":{"type":"Point","coordinates":[14.0073,41.44567]},"properties":{"age_h":81.0,"recency":2,"frp":1.8,"confidence":"nominal"}},{"type":"Feature","geometry":{"type":"Point","coordinates":[14.00178,41.44633]},"properties":{"age_h":81.0,"recency":2,"frp":2.9,"confidence":"nominal"}},{"type":"Feature","geometry":{"type":"Point","coordinates":[19.29463,42.26378]},"properties":{"age_h":81.0,"recency":2,"frp":1.1,"confidence":"nominal"}},{"type":"Feature","geometry":{"type":"Point","coordinates":[19.30488,42.26551]},"properties":{"age_h":81.0,"recency":2,"frp":1.8,"confidence":"nominal"}},{"type":"Feature","geometry":{"type":"Point","coordinates":[12.67687,42.57224]},"properties":{"age_h":81.0,"recency":2,"frp":0.8,"confidence":"nominal"}},{"type":"Feature","geometry":{"type":"Point","coordinates":[1.99675,42.71362]},"properties":{"age_h":81.0,"recency":2,"frp":1.6,"confidence":"nominal"}},{"type":"Feature","geometry":{"type":"Point","coordinates":[1.50614,42.89874]},"properties":{"age_h":81.0,"recency":2,"frp":2.8,"confidence":"nominal"}},{"type":"Feature","geometry":{"type":"Point","coordinates":[1.49764,42.89879]},"properties":{"age_h":81.0,"recency":2,"frp":2.4,"confidence":"nominal"}},{"type":"Feature","geometry":{"type":"Point","coordinates":[1.50198,42.9055]},"properties":{"age_h":81.0,"recency":2,"frp":1.9,"confidence":"nominal"}},{"type":"Feature","geometry":{"type":"Point","coordinates":[4.8915,43.44761]},"properties":{"age_h":81.0,"recency":2,"frp":1.4,"confidence":"nominal"}},{"type":"Feature","geometry":{"type":"Point","coordinates":[16.60621,43.49931]},"properties":{"age_h":81.0,"recency":2,"frp":4.9,"confidence":"nominal"}},{"type":"Feature","geometry":{"type":"Point","coordinates":[16.60113,43.50001]},"properties":{"age_h":81.0,"recency":2,"frp":4.9,"confidence":"nominal"}},{"type":"Feature","geometry":{"type":"Point","coordinates":[11.83441,43.65757]},"properties":{"age_h":81.0,"recency":2,"frp":0.7,"confidence":"nominal"}},{"type":"Feature","geometry":{"type":"Point","coordinates":[11.85008,44.45074]},"properties":{"age_h":81.0,"recency":2,"frp":0.4,"confidence":"nominal"}},{"type":"Feature","geometry":{"type":"Point","coordinates":[10.20781,45.47967]},"properties":{"age_h":81.0,"recency":2,"frp":1.6,"confidence":"nominal"}},{"type":"Feature","geometry":{"type":"Point","coordinates":[4.90441,45.82739]},"properties":{"age_h":81.0,"recency":2,"frp":0.3,"confidence":"nominal"}},{"type":"Feature","geometry":{"type":"Point","coordinates":[2.05495,34.43683]},"properties":{"age_h":80.9,"recency":2,"frp":1.3,"confidence":"nominal"}},{"type":"Feature","geometry":{"type":"Point","coordinates":[2.05445,34.44091]},"properties":{"age_h":80.9,"recency":2,"frp":1.2,"confidence":"nominal"}},{"type":"Feature","geometry":{"type":"Point","coordinates":[5.24878,34.71355]},"properties":{"age_h":80.9,"recency":2,"frp":0.4,"confidence":"nominal"}},{"type":"Feature","geometry":{"type":"Point","coordinates":[9.89022,35.77515]},"properties":{"age_h":80.9,"recency":2,"frp":1.2,"confidence":"nominal"}},{"type":"Feature","geometry":{"type":"Point","coordinates":[4.44587,35.87875]},"properties":{"age_h":80.9,"recency":2,"frp":1.1,"confidence":"nominal"}},{"type":"Feature","geometry":{"type":"Point","coordinates":[4.44694,35.87986]},"properties":{"age_h":80.9,"recency":2,"frp":0.8,"confidence":"nominal"}},{"type":"Feature","geometry":{"type":"Point","coordinates":[6.80532,36.08709]},"properties":{"age_h":80.9,"recency":2,"frp":1.9,"confidence":"nominal"}},{"type":"Feature","geometry":{"type":"Point","coordinates":[1.23416,36.1287]},"properties":{"age_h":80.9,"recency":2,"frp":1.4,"confidence":"nominal"}},{"type":"Feature","geometry":{"type":"Point","coordinates":[1.23358,36.13062]},"properties":{"age_h":80.9,"recency":2,"frp":2.2,"confidence":"nominal"}},{"type":"Feature","geometry":{"type":"Point","coordinates":[10.28169,36.15933]},"properties":{"age_h":80.9,"recency":2,"frp":0.5,"confidence":"nominal"}},{"type":"Feature","geometry":{"type":"Point","coordinates":[3.74576,36.1773]},"properties":{"age_h":80.9,"recency":2,"frp":1.0,"confidence":"nominal"}},{"type":"Feature","geometry":{"type":"Point","coordinates":[3.74567,36.18312]},"properties":{"age_h":80.9,"recency":2,"frp":1.0,"confidence":"nominal"}},{"type":"Feature","geometry":{"type":"Point","coordinates":[6.62273,36.43377]},"properties":{"age_h":80.9,"recency":2,"frp":0.6,"confidence":"nominal"}},{"type":"Feature","geometry":{"type":"Point","coordinates":[6.22498,36.48337]},"properties":{"age_h":80.9,"recency":2,"frp":0.7,"confidence":"nominal"}},{"type":"Feature","geometry":{"type":"Point","coordinates":[3.22617,36.63336]},"properties":{"age_h":80.9,"recency":2,"frp":0.6,"confidence":"nominal"}},{"type":"Feature","geometry":{"type":"Point","coordinates":[3.11928,36.68046]},"properties":{"age_h":80.9,"recency":2,"frp":1.2,"confidence":"nominal"}},{"type":"Feature","geometry":{"type":"Point","coordinates":[3.11588,36.68267]},"properties":{"age_h":80.9,"recency":2,"frp":0.4,"confidence":"nominal"}},{"type":"Feature","geometry":{"type":"Point","coordinates":[6.24803,36.74304]},"properties":{"age_h":80.9,"recency":2,"frp":1.2,"confidence":"nominal"}},{"type":"Feature","geometry":{"type":"Point","coordinates":[3.07678,36.75086]},"properties":{"age_h":80.9,"recency":2,"frp":0.5,"confidence":"nominal"}},{"type":"Feature","geometry":{"type":"Point","coordinates":[6.9755,36.8683]},"properties":{"age_h":80.9,"recency":2,"frp":2.3,"confidence":"nominal"}},{"type":"Feature","geometry":{"type":"Point","coordinates":[15.02928,37.44032]},"properties":{"age_h":80.9,"recency":2,"frp":1.2,"confidence":"nominal"}},{"type":"Feature","geometry":{"type":"Point","coordinates":[1.8368,57.01134]},"properties":{"age_h":79.4,"recency":2,"frp":0.4,"confidence":"nominal"}},{"type":"Feature","geometry":{"type":"Point","coordinates":[2.84703,57.11025]},"properties":{"age_h":79.4,"recency":2,"frp":0.4,"confidence":"nominal"}},{"type":"Feature","geometry":{"type":"Point","coordinates":[1.90553,58.3685]},"properties":{"age_h":79.4,"recency":2,"frp":0.5,"confidence":"nominal"}},{"type":"Feature","geometry":{"type":"Point","coordinates":[2.39641,59.24269]},"properties":{"age_h":79.4,"recency":2,"frp":1.0,"confidence":"nominal"}},{"type":"Feature","geometry":{"type":"Point","coordinates":[1.5342,59.54499]},"properties":{"age_h":79.4,"recency":2,"frp":0.7,"confidence":"nominal"}},{"type":"Feature","geometry":{"type":"Point","coordinates":[-21.792,64.36183]},"properties":{"age_h":79.4,"recency":2,"frp":1.2,"confidence":"nominal"}},{"type":"Feature","geometry":{"type":"Point","coordinates":[11.94807,45.38515]},"properties":{"age_h":79.3,"recency":2,"frp":1.6,"confidence":"nominal"}},{"type":"Feature","geometry":{"type":"Point","coordinates":[3.32542,48.14759]},"properties":{"age_h":79.3,"recency":2,"frp":0.5,"confidence":"nominal"}},{"type":"Feature","geometry":{"type":"Point","coordinates":[14.33074,48.27535]},"properties":{"age_h":79.3,"recency":2,"frp":1.9,"confidence":"nominal"}},{"type":"Feature","geometry":{"type":"Point","coordinates":[14.32376,48.27781]},"properties":{"age_h":79.3,"recency":2,"frp":2.3,"confidence":"nominal"}},{"type":"Feature","geometry":{"type":"Point","coordinates":[14.3353,48.28104]},"properties":{"age_h":79.3,"recency":2,"frp":1.9,"confidence":"nominal"}},{"type":"Feature","geometry":{"type":"Point","coordinates":[2.98127,48.38908]},"properties":{"age_h":79.3,"recency":2,"frp":0.7,"confidence":"nominal"}},{"type":"Feature","geometry":{"type":"Point","coordinates":[17.19201,48.46042]},"properties":{"age_h":79.3,"recency":2,"frp":1.1,"confidence":"nominal"}},{"type":"Feature","geometry":{"type":"Point","coordinates":[4.18104,48.5169]},"properties":{"age_h":79.3,"recency":2,"frp":1.2,"confidence":"nominal"}},{"type":"Feature","geometry":{"type":"Point","coordinates":[7.82094,48.60071]},"properties":{"age_h":79.3,"recency":2,"frp":1.8,"confidence":"nominal"}},{"type":"Feature","geometry":{"type":"Point","coordinates":[6.96397,48.69226]},"properties":{"age_h":79.3,"recency":2,"frp":1.1,"confidence":"nominal"}},{"type":"Feature","geometry":{"type":"Point","coordinates":[4.56467,48.77036]},"properties":{"age_h":79.3,"recency":2,"frp":0.8,"confidence":"nominal"}},{"type":"Feature","geometry":{"type":"Point","coordinates":[1.76158,48.98542]},"properties":{"age_h":79.3,"recency":2,"frp":1.2,"confidence":"nominal"}},{"type":"Feature","geometry":{"type":"Point","coordinates":[6.74737,49.35547]},"properties":{"age_h":79.3,"recency":2,"frp":5.1,"confidence":"nominal"}},{"type":"Feature","geometry":{"type":"Point","coordinates":[0.533,49.47673]},"properties":{"age_h":79.3,"recency":2,"frp":1.0,"confidence":"nominal"}},{"type":"Feature","geometry":{"type":"Point","coordinates":[18.27245,49.86218]},"properties":{"age_h":79.3,"recency":2,"frp":0.8,"confidence":"nominal"}},{"type":"Feature","geometry":{"type":"Point","coordinates":[5.36766,50.5707]},"properties":{"age_h":79.3,"recency":2,"frp":1.1,"confidence":"nominal"}},{"type":"Feature","geometry":{"type":"Point","coordinates":[5.67083,50.76636]},"properties":{"age_h":79.3,"recency":2,"frp":1.3,"confidence":"nominal"}},{"type":"Feature","geometry":{"type":"Point","coordinates":[2.305,51.04322]},"properties":{"age_h":79.3,"recency":2,"frp":1.3,"confidence":"nominal"}},{"type":"Feature","geometry":{"type":"Point","coordinates":[2.29182,51.04602]},"properties":{"age_h":79.3,"recency":2,"frp":4.3,"confidence":"nominal"}},{"type":"Feature","geometry":{"type":"Point","coordinates":[2.32198,51.04747]},"properties":{"age_h":79.3,"recency":2,"frp":3.4,"confidence":"nominal"}},{"type":"Feature","geometry":{"type":"Point","coordinates":[2.30029,51.04815]},"properties":{"age_h":79.3,"recency":2,"frp":4.3,"confidence":"nominal"}},{"type":"Feature","geometry":{"type":"Point","coordinates":[3.80352,51.16729]},"properties":{"age_h":79.3,"recency":2,"frp":2.3,"confidence":"nominal"}},{"type":"Feature","geometry":{"type":"Point","coordinates":[10.48162,51.36339]},"properties":{"age_h":79.3,"recency":2,"frp":0.6,"confidence":"nominal"}},{"type":"Feature","geometry":{"type":"Point","coordinates":[10.47951,51.36363]},"properties":{"age_h":79.3,"recency":2,"frp":0.6,"confidence":"nominal"}},{"type":"Feature","geometry":{"type":"Point","coordinates":[-3.39694,51.39837]},"properties":{"age_h":79.3,"recency":2,"frp":0.8,"confidence":"nominal"}},{"type":"Feature","geometry":{"type":"Point","coordinates":[6.74486,51.46326]},"properties":{"age_h":79.3,"recency":2,"frp":0.7,"confidence":"nominal"}},{"type":"Feature","geometry":{"type":"Point","coordinates":[7.15988,51.47688]},"properties":{"age_h":79.3,"recency":2,"frp":1.0,"confidence":"nominal"}},{"type":"Feature","geometry":{"type":"Point","coordinates":[-3.13702,51.4809]},"properties":{"age_h":79.3,"recency":2,"frp":1.1,"confidence":"nominal"}},{"type":"Feature","geometry":{"type":"Point","coordinates":[6.70145,51.48369]},"properties":{"age_h":79.3,"recency":2,"frp":4.8,"confidence":"nominal"}},{"type":"Feature","geometry":{"type":"Point","coordinates":[6.69541,51.48523]},"properties":{"age_h":79.3,"recency":2,"frp":1.1,"confidence":"nominal"}},{"type":"Feature","geometry":{"type":"Point","coordinates":[6.73097,51.48555]},"properties":{"age_h":79.3,"recency":2,"frp":0.5,"confidence":"nominal"}},{"type":"Feature","geometry":{"type":"Point","coordinates":[6.73793,51.50719]},"properties":{"age_h":79.3,"recency":2,"frp":1.1,"confidence":"nominal"}},{"type":"Feature","geometry":{"type":"Point","coordinates":[-5.03191,51.6853]},"properties":{"age_h":79.3,"recency":2,"frp":0.8,"confidence":"nominal"}},{"type":"Feature","geometry":{"type":"Point","coordinates":[11.75656,51.81416]},"properties":{"age_h":79.3,"recency":2,"frp":0.4,"confidence":"nominal"}},{"type":"Feature","geometry":{"type":"Point","coordinates":[4.29091,51.87392]},"properties":{"age_h":79.3,"recency":2,"frp":0.7,"confidence":"nominal"}},{"type":"Feature","geometry":{"type":"Point","coordinates":[10.39904,52.15455]},"properties":{"age_h":79.3,"recency":2,"frp":7.6,"confidence":"nominal"}},{"type":"Feature","geometry":{"type":"Point","coordinates":[10.41384,52.16114]},"properties":{"age_h":79.3,"recency":2,"frp":3.3,"confidence":"nominal"}},{"type":"Feature","geometry":{"type":"Point","coordinates":[14.62666,52.1697]},"properties":{"age_h":79.3,"recency":2,"frp":1.2,"confidence":"nominal"}},{"type":"Feature","geometry":{"type":"Point","coordinates":[8.04899,52.2107]},"properties":{"age_h":79.3,"recency":2,"frp":1.8,"confidence":"nominal"}},{"type":"Feature","geometry":{"type":"Point","coordinates":[8.04251,52.2124]},"properties":{"age_h":79.3,"recency":2,"frp":1.8,"confidence":"nominal"}},{"type":"Feature","geometry":{"type":"Point","coordinates":[12.49684,52.40062]},"properties":{"age_h":79.3,"recency":2,"frp":0.5,"confidence":"nominal"}},{"type":"Feature","geometry":{"type":"Point","coordinates":[7.31575,52.46907]},"properties":{"age_h":79.3,"recency":2,"frp":1.1,"confidence":"nominal"}},{"type":"Feature","geometry":{"type":"Point","coordinates":[4.58777,52.47797]},"properties":{"age_h":79.3,"recency":2,"frp":1.6,"confidence":"nominal"}},{"type":"Feature","geometry":{"type":"Point","coordinates":[4.58256,52.48332]},"properties":{"age_h":79.3,"recency":2,"frp":2.1,"confidence":"nominal"}},{"type":"Feature","geometry":{"type":"Point","coordinates":[13.83869,52.4915]},"properties":{"age_h":79.3,"recency":2,"frp":0.6,"confidence":"nominal"}},{"type":"Feature","geometry":{"type":"Point","coordinates":[4.6086,52.4982]},"properties":{"age_h":79.3,"recency":2,"frp":0.9,"confidence":"nominal"}},{"type":"Feature","geometry":{"type":"Point","coordinates":[-7.2389,52.9851]},"properties":{"age_h":79.3,"recency":2,"frp":0.8,"confidence":"nominal"}},{"type":"Feature","geometry":{"type":"Point","coordinates":[-1.85524,53.26502]},"properties":{"age_h":79.3,"recency":2,"frp":0.5,"confidence":"nominal"}},{"type":"Feature","geometry":{"type":"Point","coordinates":[-1.75355,53.3383]},"properties":{"age_h":79.3,"recency":2,"frp":1.0,"confidence":"nominal"}},{"type":"Feature","geometry":{"type":"Point","coordinates":[-0.59076,53.5687]},"properties":{"age_h":79.3,"recency":2,"frp":1.3,"confidence":"nominal"}},{"type":"Feature","geometry":{"type":"Point","coordinates":[-0.62066,53.58342]},"properties":{"age_h":79.3,"recency":2,"frp":1.1,"confidence":"nominal"}},{"type":"Feature","geometry":{"type":"Point","coordinates":[-7.40706,55.02348]},"properties":{"age_h":79.3,"recency":2,"frp":1.0,"confidence":"nominal"}},{"type":"Feature","geometry":{"type":"Point","coordinates":[-4.685,55.68186]},"properties":{"age_h":79.3,"recency":2,"frp":0.4,"confidence":"nominal"}},{"type":"Feature","geometry":{"type":"Point","coordinates":[-3.67083,56.00965]},"properties":{"age_h":79.3,"recency":2,"frp":0.9,"confidence":"nominal"}},{"type":"Feature","geometry":{"type":"Point","coordinates":[1.65899,41.31217]},"properties":{"age_h":79.3,"recency":2,"frp":1.0,"confidence":"nominal"}},{"type":"Feature","geometry":{"type":"Point","coordinates":[2.00169,42.71288]},"properties":{"age_h":79.3,"recency":2,"frp":0.9,"confidence":"nominal"}},{"type":"Feature","geometry":{"type":"Point","coordinates":[-5.83798,42.99156]},"properties":{"age_h":79.3,"recency":2,"frp":3.4,"confidence":"nominal"}},{"type":"Feature","geometry":{"type":"Point","coordinates":[4.83982,43.44563]},"properties":{"age_h":79.3,"recency":2,"frp":1.0,"confidence":"nominal"}},{"type":"Feature","geometry":{"type":"Point","coordinates":[4.8911,43.44804]},"properties":{"age_h":79.3,"recency":2,"frp":2.8,"confidence":"nominal"}},{"type":"Feature","geometry":{"type":"Point","coordinates":[-2.05542,47.31712]},"properties":{"age_h":79.3,"recency":2,"frp":0.7,"confidence":"nominal"}},{"type":"Feature","geometry":{"type":"Point","coordinates":[-1.039,48.10962]},"properties":{"age_h":79.3,"recency":2,"frp":1.1,"confidence":"nominal"}},{"type":"Feature","geometry":{"type":"Point","coordinates":[2.05809,34.44039]},"properties":{"age_h":79.3,"recency":2,"frp":0.8,"confidence":"nominal"}},{"type":"Feature","geometry":{"type":"Point","coordinates":[-5.16498,34.9611]},"properties":{"age_h":79.3,"recency":2,"frp":4.2,"confidence":"nominal"}},{"type":"Feature","geometry":{"type":"Point","coordinates":[-5.16971,34.96202]},"properties":{"age_h":79.3,"recency":2,"frp":19.2,"confidence":"nominal"}},{"type":"Feature","geometry":{"type":"Point","coordinates":[-5.17432,34.96292]},"properties":{"age_h":79.3,"recency":2,"frp":19.2,"confidence":"nominal"}},{"type":"Feature","geometry":{"type":"Point","coordinates":[-5.16403,34.96471]},"properties":{"age_h":79.3,"recency":2,"frp":4.2,"confidence":"nominal"}},{"type":"Feature","geometry":{"type":"Point","coordinates":[-5.16893,34.96567]},"properties":{"age_h":79.3,"recency":2,"frp":19.2,"confidence":"nominal"}},{"type":"Feature","geometry":{"type":"Point","coordinates":[-5.17374,34.96661]},"properties":{"age_h":79.3,"recency":2,"frp":19.2,"confidence":"nominal"}},{"type":"Feature","geometry":{"type":"Point","coordinates":[-5.17846,34.96753]},"properties":{"age_h":79.3,"recency":2,"frp":6.5,"confidence":"nominal"}},{"type":"Feature","geometry":{"type":"Point","coordinates":[-5.16262,34.96823]},"properties":{"age_h":79.3,"recency":2,"frp":3.2,"confidence":"nominal"}},{"type":"Feature","geometry":{"type":"Point","coordinates":[-5.17791,34.97123]},"properties":{"age_h":79.3,"recency":2,"frp":0.9,"confidence":"nominal"}},{"type":"Feature","geometry":{"type":"Point","coordinates":[-5.1828,34.97218]},"properties":{"age_h":79.3,"recency":2,"frp":0.9,"confidence":"nominal"}},{"type":"Feature","geometry":{"type":"Point","coordinates":[-5.16526,34.97634]},"properties":{"age_h":79.3,"recency":2,"frp":0.4,"confidence":"nominal"}},{"type":"Feature","geometry":{"type":"Point","coordinates":[-5.15643,34.9822]},"properties":{"age_h":79.3,"recency":2,"frp":0.8,"confidence":"nominal"}},{"type":"Feature","geometry":{"type":"Point","coordinates":[-1.34388,35.31279]},"properties":{"age_h":79.3,"recency":2,"frp":0.9,"confidence":"nominal"}},{"type":"Feature","geometry":{"type":"Point","coordinates":[5.76102,35.35267]},"properties":{"age_h":79.3,"recency":2,"frp":1.2,"confidence":"nominal"}},{"type":"Feature","geometry":{"type":"Point","coordinates":[-0.39779,35.46153]},"properties":{"age_h":79.3,"recency":2,"frp":2.3,"confidence":"nominal"}},{"type":"Feature","geometry":{"type":"Point","coordinates":[-0.2742,35.53413]},"properties":{"age_h":79.3,"recency":2,"frp":0.9,"confidence":"nominal"}},{"type":"Feature","geometry":{"type":"Point","coordinates":[-0.94058,35.56777]},"properties":{"age_h":79.3,"recency":2,"frp":0.7,"confidence":"nominal"}},{"type":"Feature","geometry":{"type":"Point","coordinates":[-5.43439,35.60135]},"properties":{"age_h":79.3,"recency":2,"frp":1.0,"confidence":"nominal"}},{"type":"Feature","geometry":{"type":"Point","coordinates":[-0.26246,35.76833]},"properties":{"age_h":79.3,"recency":2,"frp":2.8,"confidence":"nominal"}},{"type":"Feature","geometry":{"type":"Point","coordinates":[-0.26753,35.76838]},"properties":{"age_h":79.3,"recency":2,"frp":3.5,"confidence":"nominal"}},{"type":"Feature","geometry":{"type":"Point","coordinates":[-0.2103,35.8036]},"properties":{"age_h":79.3,"recency":2,"frp":1.5,"confidence":"nominal"}},{"type":"Feature","geometry":{"type":"Point","coordinates":[4.44901,35.88102]},"properties":{"age_h":79.3,"recency":2,"frp":1.0,"confidence":"nominal"}},{"type":"Feature","geometry":{"type":"Point","coordinates":[1.24255,36.12839]},"properties":{"age_h":79.3,"recency":2,"frp":1.5,"confidence":"nominal"}},{"type":"Feature","geometry":{"type":"Point","coordinates":[1.23917,36.12924]},"properties":{"age_h":79.3,"recency":2,"frp":1.8,"confidence":"nominal"}},{"type":"Feature","geometry":{"type":"Point","coordinates":[-5.42317,36.1792]},"properties":{"age_h":79.3,"recency":2,"frp":0.9,"confidence":"nominal"}},{"type":"Feature","geometry":{"type":"Point","coordinates":[3.74759,36.17993]},"properties":{"age_h":79.3,"recency":2,"frp":2.1,"confidence":"nominal"}},{"type":"Feature","geometry":{"type":"Point","coordinates":[5.47901,36.33565]},"properties":{"age_h":79.3,"recency":2,"frp":1.6,"confidence":"nominal"}},{"type":"Feature","geometry":{"type":"Point","coordinates":[6.62269,36.43384]},"properties":{"age_h":79.3,"recency":2,"frp":1.4,"confidence":"nominal"}},{"type":"Feature","geometry":{"type":"Point","coordinates":[6.22597,36.48841]},"properties":{"age_h":79.3,"recency":2,"frp":1.0,"confidence":"nominal"}},{"type":"Feature","geometry":{"type":"Point","coordinates":[3.23011,36.63237]},"properties":{"age_h":79.3,"recency":2,"frp":0.6,"confidence":"nominal"}},{"type":"Feature","geometry":{"type":"Point","coordinates":[6.24736,36.74534]},"properties":{"age_h":79.3,"recency":2,"frp":1.6,"confidence":"nominal"}},{"type":"Feature","geometry":{"type":"Point","coordinates":[6.25622,36.7495]},"properties":{"age_h":79.3,"recency":2,"frp":2.1,"confidence":"nominal"}},{"type":"Feature","geometry":{"type":"Point","coordinates":[7.3033,36.76237]},"properties":{"age_h":79.3,"recency":2,"frp":0.6,"confidence":"nominal"}},{"type":"Feature","geometry":{"type":"Point","coordinates":[-6.37074,37.28515]},"properties":{"age_h":79.3,"recency":2,"frp":0.4,"confidence":"nominal"}},{"type":"Feature","geometry":{"type":"Point","coordinates":[-5.08476,37.594]},"properties":{"age_h":79.3,"recency":2,"frp":0.6,"confidence":"nominal"}},{"type":"Feature","geometry":{"type":"Point","coordinates":[-8.79893,37.95805]},"properties":{"age_h":79.3,"recency":2,"frp":0.8,"confidence":"nominal"}},{"type":"Feature","geometry":{"type":"Point","coordinates":[-8.80327,37.95872]},"properties":{"age_h":79.3,"recency":2,"frp":1.4,"confidence":"nominal"}},{"type":"Feature","geometry":{"type":"Point","coordinates":[-6.06154,38.30673]},"properties":{"age_h":79.3,"recency":2,"frp":1.2,"confidence":"nominal"}},{"type":"Feature","geometry":{"type":"Point","coordinates":[-6.05929,38.30676]},"properties":{"age_h":79.3,"recency":2,"frp":0.5,"confidence":"nominal"}},{"type":"Feature","geometry":{"type":"Point","coordinates":[-0.54313,38.3769]},"properties":{"age_h":79.3,"recency":2,"frp":1.3,"confidence":"nominal"}},{"type":"Feature","geometry":{"type":"Point","coordinates":[-6.81049,38.95372]},"properties":{"age_h":79.3,"recency":2,"frp":0.6,"confidence":"nominal"}},{"type":"Feature","geometry":{"type":"Point","coordinates":[-6.81404,38.95778]},"properties":{"age_h":79.3,"recency":2,"frp":0.5,"confidence":"nominal"}},{"type":"Feature","geometry":{"type":"Point","coordinates":[-6.80865,38.96032]},"properties":{"age_h":79.3,"recency":2,"frp":0.5,"confidence":"nominal"}},{"type":"Feature","geometry":{"type":"Point","coordinates":[-6.82206,38.96259]},"properties":{"age_h":79.3,"recency":2,"frp":0.7,"confidence":"nominal"}},{"type":"Feature","geometry":{"type":"Point","coordinates":[-6.80773,38.96361]},"properties":{"age_h":79.3,"recency":2,"frp":0.5,"confidence":"nominal"}},{"type":"Feature","geometry":{"type":"Point","coordinates":[-3.47331,40.24324]},"properties":{"age_h":79.3,"recency":2,"frp":1.7,"confidence":"nominal"}},{"type":"Feature","geometry":{"type":"Point","coordinates":[-8.41986,40.28895]},"properties":{"age_h":79.3,"recency":2,"frp":1.0,"confidence":"nominal"}},{"type":"Feature","geometry":{"type":"Point","coordinates":[-1.48865,41.47588]},"properties":{"age_h":79.3,"recency":2,"frp":0.7,"confidence":"nominal"}},{"type":"Feature","geometry":{"type":"Point","coordinates":[-6.76977,42.55468]},"properties":{"age_h":79.3,"recency":2,"frp":0.4,"confidence":"nominal"}},{"type":"Feature","geometry":{"type":"Point","coordinates":[-4.77689,34.03723]},"properties":{"age_h":79.2,"recency":2,"frp":0.6,"confidence":"nominal"}},{"type":"Feature","geometry":{"type":"Point","coordinates":[0.86053,58.35088]},"properties":{"age_h":77.7,"recency":2,"frp":2.6,"confidence":"nominal"}},{"type":"Feature","geometry":{"type":"Point","coordinates":[0.86871,58.35257]},"properties":{"age_h":77.7,"recency":2,"frp":2.9,"confidence":"nominal"}},{"type":"Feature","geometry":{"type":"Point","coordinates":[0.86092,58.35588]},"properties":{"age_h":77.7,"recency":2,"frp":2.9,"confidence":"nominal"}},{"type":"Feature","geometry":{"type":"Point","coordinates":[0.86827,58.35588]},"properties":{"age_h":77.7,"recency":2,"frp":2.6,"confidence":"nominal"}},{"type":"Feature","geometry":{"type":"Point","coordinates":[-21.78973,64.35855]},"properties":{"age_h":77.7,"recency":2,"frp":1.4,"confidence":"nominal"}},{"type":"Feature","geometry":{"type":"Point","coordinates":[39.57838,52.56118]},"properties":{"age_h":72.9,"recency":2,"frp":8.9,"confidence":"nominal"}},{"type":"Feature","geometry":{"type":"Point","coordinates":[34.26298,52.40943]},"properties":{"age_h":72.9,"recency":2,"frp":5.3,"confidence":"nominal"}},{"type":"Feature","geometry":{"type":"Point","coordinates":[36.55973,34.53511]},"properties":{"age_h":71.3,"recency":1,"frp":3.2,"confidence":"nominal"}},{"type":"Feature","geometry":{"type":"Point","coordinates":[36.52359,34.95642]},"properties":{"age_h":71.3,"recency":1,"frp":2.2,"confidence":"nominal"}},{"type":"Feature","geometry":{"type":"Point","coordinates":[37.04341,35.81922]},"properties":{"age_h":71.3,"recency":1,"frp":4.8,"confidence":"nominal"}},{"type":"Feature","geometry":{"type":"Point","coordinates":[36.51483,35.92706]},"properties":{"age_h":71.3,"recency":1,"frp":2.4,"confidence":"nominal"}},{"type":"Feature","geometry":{"type":"Point","coordinates":[37.88538,35.94753]},"properties":{"age_h":71.3,"recency":1,"frp":3.8,"confidence":"nominal"}},{"type":"Feature","geometry":{"type":"Point","coordinates":[37.23152,36.0384]},"properties":{"age_h":71.3,"recency":1,"frp":3.1,"confidence":"nominal"}},{"type":"Feature","geometry":{"type":"Point","coordinates":[37.54073,36.14786]},"properties":{"age_h":71.3,"recency":1,"frp":1.8,"confidence":"nominal"}},{"type":"Feature","geometry":{"type":"Point","coordinates":[37.62188,36.18458]},"properties":{"age_h":71.3,"recency":1,"frp":8.5,"confidence":"nominal"}},{"type":"Feature","geometry":{"type":"Point","coordinates":[37.62107,36.18788]},"properties":{"age_h":71.3,"recency":1,"frp":4.0,"confidence":"nominal"}},{"type":"Feature","geometry":{"type":"Point","coordinates":[36.35735,36.27074]},"properties":{"age_h":71.3,"recency":1,"frp":3.2,"confidence":"nominal"}},{"type":"Feature","geometry":{"type":"Point","coordinates":[36.52546,36.27505]},"properties":{"age_h":71.3,"recency":1,"frp":2.4,"confidence":"nominal"}},{"type":"Feature","geometry":{"type":"Point","coordinates":[36.31398,36.31651]},"properties":{"age_h":71.3,"recency":1,"frp":4.7,"confidence":"nominal"}},{"type":"Feature","geometry":{"type":"Point","coordinates":[36.47183,36.39655]},"properties":{"age_h":71.3,"recency":1,"frp":2.1,"confidence":"nominal"}},{"type":"Feature","geometry":{"type":"Point","coordinates":[38.70821,36.39714]},"properties":{"age_h":71.3,"recency":1,"frp":2.4,"confidence":"nominal"}},{"type":"Feature","geometry":{"type":"Point","coordinates":[36.47044,36.44262]},"properties":{"age_h":71.3,"recency":1,"frp":1.3,"confidence":"nominal"}},{"type":"Feature","geometry":{"type":"Point","coordinates":[37.11903,36.48141]},"properties":{"age_h":71.3,"recency":1,"frp":3.6,"confidence":"nominal"}},{"type":"Feature","geometry":{"type":"Point","coordinates":[41.17264,36.5414]},"properties":{"age_h":71.3,"recency":1,"frp":6.9,"confidence":"nominal"}},{"type":"Feature","geometry":{"type":"Point","coordinates":[41.23441,36.54251]},"properties":{"age_h":71.3,"recency":1,"frp":8.3,"confidence":"nominal"}},{"type":"Feature","geometry":{"type":"Point","coordinates":[37.2302,36.54714]},"properties":{"age_h":71.3,"recency":1,"frp":2.4,"confidence":"nominal"}},{"type":"Feature","geometry":{"type":"Point","coordinates":[37.11059,36.5548]},"properties":{"age_h":71.3,"recency":1,"frp":2.9,"confidence":"nominal"}},{"type":"Feature","geometry":{"type":"Point","coordinates":[40.41975,36.56179]},"properties":{"age_h":71.3,"recency":1,"frp":4.5,"confidence":"nominal"}},{"type":"Feature","geometry":{"type":"Point","coordinates":[40.38314,36.58923]},"properties":{"age_h":71.3,"recency":1,"frp":3.9,"confidence":"nominal"}},{"type":"Feature","geometry":{"type":"Point","coordinates":[40.37283,36.5947]},"properties":{"age_h":71.3,"recency":1,"frp":8.1,"confidence":"nominal"}},{"type":"Feature","geometry":{"type":"Point","coordinates":[40.38849,36.60721]},"properties":{"age_h":71.3,"recency":1,"frp":8.6,"confidence":"nominal"}},{"type":"Feature","geometry":{"type":"Point","coordinates":[38.6672,36.61562]},"properties":{"age_h":71.3,"recency":1,"frp":11.1,"confidence":"nominal"}},{"type":"Feature","geometry":{"type":"Point","coordinates":[37.15978,36.62847]},"properties":{"age_h":71.3,"recency":1,"frp":1.9,"confidence":"nominal"}},{"type":"Feature","geometry":{"type":"Point","coordinates":[40.73937,36.65141]},"properties":{"age_h":71.3,"recency":1,"frp":5.0,"confidence":"nominal"}},{"type":"Feature","geometry":{"type":"Point","coordinates":[39.28877,36.65446]},"properties":{"age_h":71.3,"recency":1,"frp":2.4,"confidence":"nominal"}},{"type":"Feature","geometry":{"type":"Point","coordinates":[38.6807,36.67583]},"properties":{"age_h":71.3,"recency":1,"frp":4.0,"confidence":"nominal"}},{"type":"Feature","geometry":{"type":"Point","coordinates":[40.81696,36.6827]},"properties":{"age_h":71.3,"recency":1,"frp":2.6,"confidence":"nominal"}},{"type":"Feature","geometry":{"type":"Point","coordinates":[35.32198,36.69192]},"properties":{"age_h":71.3,"recency":1,"frp":2.2,"confidence":"nominal"}},{"type":"Feature","geometry":{"type":"Point","coordinates":[38.79174,36.70966]},"properties":{"age_h":71.3,"recency":1,"frp":5.9,"confidence":"nominal"}},{"type":"Feature","geometry":{"type":"Point","coordinates":[35.43963,36.72052]},"properties":{"age_h":71.3,"recency":1,"frp":2.7,"confidence":"nominal"}},{"type":"Feature","geometry":{"type":"Point","coordinates":[40.09083,36.7933]},"properties":{"age_h":71.3,"recency":1,"frp":14.3,"confidence":"nominal"}},{"type":"Feature","geometry":{"type":"Point","coordinates":[35.1022,36.79462]},"properties":{"age_h":71.3,"recency":1,"frp":2.9,"confidence":"nominal"}},{"type":"Feature","geometry":{"type":"Point","coordinates":[39.92979,36.82549]},"properties":{"age_h":71.3,"recency":1,"frp":5.6,"confidence":"nominal"}},{"type":"Feature","geometry":{"type":"Point","coordinates":[39.93417,36.82611]},"properties":{"age_h":71.3,"recency":1,"frp":5.6,"confidence":"nominal"}},{"type":"Feature","geometry":{"type":"Point","coordinates":[35.26033,36.85323]},"properties":{"age_h":71.3,"recency":1,"frp":3.7,"confidence":"nominal"}},{"type":"Feature","geometry":{"type":"Point","coordinates":[35.25826,36.85571]},"properties":{"age_h":71.3,"recency":1,"frp":3.2,"confidence":"nominal"}},{"type":"Feature","geometry":{"type":"Point","coordinates":[35.74643,36.88898]},"properties":{"age_h":71.3,"recency":1,"frp":6.9,"confidence":"nominal"}},{"type":"Feature","geometry":{"type":"Point","coordinates":[40.53924,36.90707]},"properties":{"age_h":71.3,"recency":1,"frp":11.2,"confidence":"nominal"}},{"type":"Feature","geometry":{"type":"Point","coordinates":[40.54377,36.90769]},"properties":{"age_h":71.3,"recency":1,"frp":20.5,"confidence":"nominal"}},{"type":"Feature","geometry":{"type":"Point","coordinates":[40.53853,36.91044]},"properties":{"age_h":71.3,"recency":1,"frp":6.2,"confidence":"nominal"}},{"type":"Feature","geometry":{"type":"Point","coordinates":[41.6163,36.98889]},"properties":{"age_h":71.3,"recency":1,"frp":9.7,"confidence":"nominal"}},{"type":"Feature","geometry":{"type":"Point","coordinates":[41.73542,37.04332]},"properties":{"age_h":71.3,"recency":1,"frp":5.2,"confidence":"nominal"}},{"type":"Feature","geometry":{"type":"Point","coordinates":[40.47136,37.04537]},"properties":{"age_h":71.3,"recency":1,"frp":4.8,"confidence":"nominal"}},{"type":"Feature","geometry":{"type":"Point","coordinates":[41.73472,37.04682]},"properties":{"age_h":71.3,"recency":1,"frp":4.8,"confidence":"nominal"}},{"type":"Feature","geometry":{"type":"Point","coordinates":[40.93289,37.08932]},"properties":{"age_h":71.3,"recency":1,"frp":4.1,"confidence":"nominal"}},{"type":"Feature","geometry":{"type":"Point","coordinates":[35.90124,37.1145]},"properties":{"age_h":71.3,"recency":1,"frp":6.7,"confidence":"nominal"}},{"type":"Feature","geometry":{"type":"Point","coordinates":[35.90952,37.1195]},"properties":{"age_h":71.3,"recency":1,"frp":5.0,"confidence":"nominal"}},{"type":"Feature","geometry":{"type":"Point","coordinates":[39.99171,37.14297]},"properties":{"age_h":71.3,"recency":1,"frp":3.4,"confidence":"nominal"}},{"type":"Feature","geometry":{"type":"Point","coordinates":[40.06293,37.19604]},"properties":{"age_h":71.3,"recency":1,"frp":6.8,"confidence":"nominal"}},{"type":"Feature","geometry":{"type":"Point","coordinates":[35.98933,37.19712]},"properties":{"age_h":71.3,"recency":1,"frp":5.2,"confidence":"nominal"}},{"type":"Feature","geometry":{"type":"Point","coordinates":[40.06221,37.19938]},"properties":{"age_h":71.3,"recency":1,"frp":6.8,"confidence":"nominal"}},{"type":"Feature","geometry":{"type":"Point","coordinates":[38.15,37.2138]},"properties":{"age_h":71.3,"recency":1,"frp":2.6,"confidence":"nominal"}},{"type":"Feature","geometry":{"type":"Point","coordinates":[36.42221,37.22945]},"properties":{"age_h":71.3,"recency":1,"frp":12.8,"confidence":"nominal"}},{"type":"Feature","geometry":{"type":"Point","coordinates":[37.00565,37.42297]},"properties":{"age_h":71.3,"recency":1,"frp":2.9,"confidence":"nominal"}},{"type":"Feature","geometry":{"type":"Point","coordinates":[37.15595,37.44084]},"properties":{"age_h":71.3,"recency":1,"frp":3.9,"confidence":"nominal"}},{"type":"Feature","geometry":{"type":"Point","coordinates":[37.16466,37.44226]},"properties":{"age_h":71.3,"recency":1,"frp":2.5,"confidence":"nominal"}},{"type":"Feature","geometry":{"type":"Point","coordinates":[37.14991,37.44671]},"properties":{"age_h":71.3,"recency":1,"frp":4.9,"confidence":"nominal"}},{"type":"Feature","geometry":{"type":"Point","coordinates":[37.16733,37.44956]},"properties":{"age_h":71.3,"recency":1,"frp":3.2,"confidence":"nominal"}},{"type":"Feature","geometry":{"type":"Point","coordinates":[37.0094,37.46143]},"properties":{"age_h":71.3,"recency":1,"frp":3.5,"confidence":"nominal"}},{"type":"Feature","geometry":{"type":"Point","coordinates":[39.11754,37.49625]},"properties":{"age_h":71.3,"recency":1,"frp":4.1,"confidence":"nominal"}},{"type":"Feature","geometry":{"type":"Point","coordinates":[37.08441,37.56601]},"properties":{"age_h":71.3,"recency":1,"frp":6.8,"confidence":"nominal"}},{"type":"Feature","geometry":{"type":"Point","coordinates":[38.79784,37.62597]},"properties":{"age_h":71.3,"recency":1,"frp":5.1,"confidence":"nominal"}},{"type":"Feature","geometry":{"type":"Point","coordinates":[38.08276,37.63291]},"properties":{"age_h":71.3,"recency":1,"frp":4.2,"confidence":"nominal"}},{"type":"Feature","geometry":{"type":"Point","coordinates":[38.08706,37.63358]},"properties":{"age_h":71.3,"recency":1,"frp":4.2,"confidence":"nominal"}},{"type":"Feature","geometry":{"type":"Point","coordinates":[40.56766,37.64554]},"properties":{"age_h":71.3,"recency":1,"frp":2.7,"confidence":"nominal"}},{"type":"Feature","geometry":{"type":"Point","coordinates":[40.57228,37.64616]},"properties":{"age_h":71.3,"recency":1,"frp":2.7,"confidence":"nominal"}},{"type":"Feature","geometry":{"type":"Point","coordinates":[38.22126,37.65091]},"properties":{"age_h":71.3,"recency":1,"frp":5.4,"confidence":"nominal"}},{"type":"Feature","geometry":{"type":"Point","coordinates":[40.29216,37.70279]},"properties":{"age_h":71.3,"recency":1,"frp":3.6,"confidence":"nominal"}},{"type":"Feature","geometry":{"type":"Point","coordinates":[38.94844,37.73328]},"properties":{"age_h":71.3,"recency":1,"frp":6.5,"confidence":"nominal"}},{"type":"Feature","geometry":{"type":"Point","coordinates":[38.95278,37.73391]},"properties":{"age_h":71.3,"recency":1,"frp":8.4,"confidence":"nominal"}},{"type":"Feature","geometry":{"type":"Point","coordinates":[40.97754,37.9445]},"properties":{"age_h":71.3,"recency":1,"frp":5.0,"confidence":"nominal"}},{"type":"Feature","geometry":{"type":"Point","coordinates":[40.06892,38.02202]},"properties":{"age_h":71.3,"recency":1,"frp":5.9,"confidence":"nominal"}},{"type":"Feature","geometry":{"type":"Point","coordinates":[40.37701,38.06046]},"properties":{"age_h":71.3,"recency":1,"frp":4.4,"confidence":"nominal"}},{"type":"Feature","geometry":{"type":"Point","coordinates":[40.44244,38.06576]},"properties":{"age_h":71.3,"recency":1,"frp":5.9,"confidence":"nominal"}},{"type":"Feature","geometry":{"type":"Point","coordinates":[40.40405,38.06758]},"properties":{"age_h":71.3,"recency":1,"frp":7.8,"confidence":"nominal"}},{"type":"Feature","geometry":{"type":"Point","coordinates":[40.42908,38.10581]},"properties":{"age_h":71.3,"recency":1,"frp":10.7,"confidence":"nominal"}},{"type":"Feature","geometry":{"type":"Point","coordinates":[40.6539,38.14248]},"properties":{"age_h":71.3,"recency":1,"frp":2.3,"confidence":"nominal"}},{"type":"Feature","geometry":{"type":"Point","coordinates":[40.29399,38.14367]},"properties":{"age_h":71.3,"recency":1,"frp":4.0,"confidence":"nominal"}},{"type":"Feature","geometry":{"type":"Point","coordinates":[40.25871,38.15281]},"properties":{"age_h":71.3,"recency":1,"frp":5.4,"confidence":"nominal"}},{"type":"Feature","geometry":{"type":"Point","coordinates":[40.27047,38.16483]},"properties":{"age_h":71.3,"recency":1,"frp":6.2,"confidence":"nominal"}},{"type":"Feature","geometry":{"type":"Point","coordinates":[40.62857,38.17072]},"properties":{"age_h":71.3,"recency":1,"frp":2.5,"confidence":"nominal"}},{"type":"Feature","geometry":{"type":"Point","coordinates":[40.62785,38.17414]},"properties":{"age_h":71.3,"recency":1,"frp":4.5,"confidence":"nominal"}},{"type":"Feature","geometry":{"type":"Point","coordinates":[40.5873,38.22836]},"properties":{"age_h":71.3,"recency":1,"frp":2.3,"confidence":"nominal"}},{"type":"Feature","geometry":{"type":"Point","coordinates":[40.59126,38.23239]},"properties":{"age_h":71.3,"recency":1,"frp":10.3,"confidence":"nominal"}},{"type":"Feature","geometry":{"type":"Point","coordinates":[40.59053,38.23579]},"properties":{"age_h":71.3,"recency":1,"frp":10.3,"confidence":"nominal"}},{"type":"Feature","geometry":{"type":"Point","coordinates":[38.1465,38.33829]},"properties":{"age_h":71.3,"recency":1,"frp":3.0,"confidence":"nominal"}},{"type":"Feature","geometry":{"type":"Point","coordinates":[38.48496,38.56274]},"properties":{"age_h":71.3,"recency":1,"frp":1.2,"confidence":"nominal"}},{"type":"Feature","geometry":{"type":"Point","coordinates":[40.15809,38.6849]},"properties":{"age_h":71.3,"recency":1,"frp":8.8,"confidence":"nominal"}},{"type":"Feature","geometry":{"type":"Point","coordinates":[40.14895,38.68715]},"properties":{"age_h":71.3,"recency":1,"frp":4.1,"confidence":"nominal"}},{"type":"Feature","geometry":{"type":"Point","coordinates":[40.15322,38.68772]},"properties":{"age_h":71.3,"recency":1,"frp":4.1,"confidence":"nominal"}},{"type":"Feature","geometry":{"type":"Point","coordinates":[40.15754,38.6883]},"properties":{"age_h":71.3,"recency":1,"frp":4.4,"confidence":"nominal"}},{"type":"Feature","geometry":{"type":"Point","coordinates":[28.767,36.90712]},"properties":{"age_h":71.3,"recency":1,"frp":3.7,"confidence":"nominal"}},{"type":"Feature","geometry":{"type":"Point","coordinates":[28.76726,36.90724]},"properties":{"age_h":71.3,"recency":1,"frp":4.1,"confidence":"nominal"}},{"type":"Feature","geometry":{"type":"Point","coordinates":[29.89559,37.07428]},"properties":{"age_h":71.3,"recency":1,"frp":5.5,"confidence":"nominal"}},{"type":"Feature","geometry":{"type":"Point","coordinates":[31.82612,37.59386]},"properties":{"age_h":71.3,"recency":1,"frp":3.0,"confidence":"nominal"}},{"type":"Feature","geometry":{"type":"Point","coordinates":[31.83818,37.6132]},"properties":{"age_h":71.3,"recency":1,"frp":10.1,"confidence":"nominal"}},{"type":"Feature","geometry":{"type":"Point","coordinates":[31.83512,37.61409]},"properties":{"age_h":71.3,"recency":1,"frp":15.2,"confidence":"nominal"}},{"type":"Feature","geometry":{"type":"Point","coordinates":[31.86586,37.61477]},"properties":{"age_h":71.3,"recency":1,"frp":1.9,"confidence":"nominal"}},{"type":"Feature","geometry":{"type":"Point","coordinates":[31.83252,37.61623]},"properties":{"age_h":71.3,"recency":1,"frp":11.2,"confidence":"nominal"}},{"type":"Feature","geometry":{"type":"Point","coordinates":[31.83687,37.61714]},"properties":{"age_h":71.3,"recency":1,"frp":10.1,"confidence":"nominal"}},{"type":"Feature","geometry":{"type":"Point","coordinates":[31.83381,37.61802]},"properties":{"age_h":71.3,"recency":1,"frp":15.2,"confidence":"nominal"}},{"type":"Feature","geometry":{"type":"Point","coordinates":[31.84122,37.61804]},"properties":{"age_h":71.3,"recency":1,"frp":10.1,"confidence":"nominal"}},{"type":"Feature","geometry":{"type":"Point","coordinates":[31.86765,37.62354]},"properties":{"age_h":71.3,"recency":1,"frp":6.8,"confidence":"nominal"}},{"type":"Feature","geometry":{"type":"Point","coordinates":[31.8645,37.6246]},"properties":{"age_h":71.3,"recency":1,"frp":6.8,"confidence":"nominal"}},{"type":"Feature","geometry":{"type":"Point","coordinates":[31.8031,37.6283]},"properties":{"age_h":71.3,"recency":1,"frp":4.1,"confidence":"nominal"}},{"type":"Feature","geometry":{"type":"Point","coordinates":[31.80741,37.62922]},"properties":{"age_h":71.3,"recency":1,"frp":3.5,"confidence":"nominal"}},{"type":"Feature","geometry":{"type":"Point","coordinates":[31.90933,37.65933]},"properties":{"age_h":71.3,"recency":1,"frp":1.5,"confidence":"nominal"}},{"type":"Feature","geometry":{"type":"Point","coordinates":[31.80296,37.68301]},"properties":{"age_h":71.3,"recency":1,"frp":3.6,"confidence":"nominal"}},{"type":"Feature","geometry":{"type":"Point","coordinates":[31.81083,37.68887]},"properties":{"age_h":71.3,"recency":1,"frp":4.3,"confidence":"nominal"}},{"type":"Feature","geometry":{"type":"Point","coordinates":[31.79615,37.68999]},"properties":{"age_h":71.3,"recency":1,"frp":5.5,"confidence":"nominal"}},{"type":"Feature","geometry":{"type":"Point","coordinates":[31.80054,37.69092]},"properties":{"age_h":71.3,"recency":1,"frp":5.5,"confidence":"nominal"}},{"type":"Feature","geometry":{"type":"Point","coordinates":[31.80506,37.69186]},"properties":{"age_h":71.3,"recency":1,"frp":2.7,"confidence":"nominal"}},{"type":"Feature","geometry":{"type":"Point","coordinates":[31.80973,37.69284]},"properties":{"age_h":71.3,"recency":1,"frp":2.7,"confidence":"nominal"}},{"type":"Feature","geometry":{"type":"Point","coordinates":[31.79942,37.69489]},"properties":{"age_h":71.3,"recency":1,"frp":5.5,"confidence":"nominal"}},{"type":"Feature","geometry":{"type":"Point","coordinates":[31.7638,37.70426]},"properties":{"age_h":71.3,"recency":1,"frp":4.2,"confidence":"nominal"}},{"type":"Feature","geometry":{"type":"Point","coordinates":[31.76785,37.76523]},"properties":{"age_h":71.3,"recency":1,"frp":4.1,"confidence":"nominal"}},{"type":"Feature","geometry":{"type":"Point","coordinates":[31.77086,37.77007]},"properties":{"age_h":71.3,"recency":1,"frp":10.3,"confidence":"nominal"}},{"type":"Feature","geometry":{"type":"Point","coordinates":[31.76519,37.77308]},"properties":{"age_h":71.3,"recency":1,"frp":2.7,"confidence":"nominal"}},{"type":"Feature","geometry":{"type":"Point","coordinates":[31.74858,37.79483]},"properties":{"age_h":71.3,"recency":1,"frp":2.1,"confidence":"nominal"}},{"type":"Feature","geometry":{"type":"Point","coordinates":[31.73016,37.8078]},"properties":{"age_h":71.3,"recency":1,"frp":25.1,"confidence":"nominal"}},{"type":"Feature","geometry":{"type":"Point","coordinates":[31.73456,37.80872]},"properties":{"age_h":71.3,"recency":1,"frp":25.1,"confidence":"nominal"}},{"type":"Feature","geometry":{"type":"Point","coordinates":[31.73895,37.80964]},"properties":{"age_h":71.3,"recency":1,"frp":4.0,"confidence":"nominal"}},{"type":"Feature","geometry":{"type":"Point","coordinates":[31.67386,37.80976]},"properties":{"age_h":71.3,"recency":1,"frp":3.0,"confidence":"nominal"}},{"type":"Feature","geometry":{"type":"Point","coordinates":[31.73325,37.81266]},"properties":{"age_h":71.3,"recency":1,"frp":43.2,"confidence":"high"}},{"type":"Feature","geometry":{"type":"Point","coordinates":[31.72917,37.81322]},"properties":{"age_h":71.3,"recency":1,"frp":21.9,"confidence":"nominal"}},{"type":"Feature","geometry":{"type":"Point","coordinates":[31.73765,37.81358]},"properties":{"age_h":71.3,"recency":1,"frp":3.4,"confidence":"nominal"}},{"type":"Feature","geometry":{"type":"Point","coordinates":[31.69182,37.82629]},"properties":{"age_h":71.3,"recency":1,"frp":2.6,"confidence":"nominal"}},{"type":"Feature","geometry":{"type":"Point","coordinates":[31.6905,37.83023]},"properties":{"age_h":71.3,"recency":1,"frp":3.7,"confidence":"nominal"}},{"type":"Feature","geometry":{"type":"Point","coordinates":[31.68918,37.83417]},"properties":{"age_h":71.3,"recency":1,"frp":3.7,"confidence":"nominal"}},{"type":"Feature","geometry":{"type":"Point","coordinates":[31.69352,37.8351]},"properties":{"age_h":71.3,"recency":1,"frp":3.5,"confidence":"nominal"}},{"type":"Feature","geometry":{"type":"Point","coordinates":[31.61416,37.86047]},"properties":{"age_h":71.3,"recency":1,"frp":9.8,"confidence":"nominal"}},{"type":"Feature","geometry":{"type":"Point","coordinates":[31.59167,37.88536]},"properties":{"age_h":71.3,"recency":1,"frp":2.7,"confidence":"nominal"}},{"type":"Feature","geometry":{"type":"Point","coordinates":[31.59037,37.88932]},"properties":{"age_h":71.3,"recency":1,"frp":2.7,"confidence":"nominal"}},{"type":"Feature","geometry":{"type":"Point","coordinates":[31.58892,37.89809]},"properties":{"age_h":71.3,"recency":1,"frp":4.3,"confidence":"nominal"}},{"type":"Feature","geometry":{"type":"Point","coordinates":[31.59221,37.89818]},"properties":{"age_h":71.3,"recency":1,"frp":1.8,"confidence":"nominal"}},{"type":"Feature","geometry":{"type":"Point","coordinates":[31.59772,37.89999]},"properties":{"age_h":71.3,"recency":1,"frp":2.1,"confidence":"nominal"}},{"type":"Feature","geometry":{"type":"Point","coordinates":[32.29405,38.2563]},"properties":{"age_h":71.3,"recency":1,"frp":7.4,"confidence":"nominal"}},{"type":"Feature","geometry":{"type":"Point","coordinates":[32.22261,38.27095]},"properties":{"age_h":71.3,"recency":1,"frp":3.2,"confidence":"nominal"}},{"type":"Feature","geometry":{"type":"Point","coordinates":[32.55886,38.34038]},"properties":{"age_h":71.3,"recency":1,"frp":8.4,"confidence":"nominal"}},{"type":"Feature","geometry":{"type":"Point","coordinates":[32.74282,38.536]},"properties":{"age_h":71.3,"recency":1,"frp":13.7,"confidence":"nominal"}},{"type":"Feature","geometry":{"type":"Point","coordinates":[36.18645,38.56513]},"properties":{"age_h":71.3,"recency":1,"frp":4.5,"confidence":"nominal"}},{"type":"Feature","geometry":{"type":"Point","coordinates":[34.2912,38.62886]},"properties":{"age_h":71.3,"recency":1,"frp":1.9,"confidence":"nominal"}},{"type":"Feature","geometry":{"type":"Point","coordinates":[32.01074,38.6328]},"properties":{"age_h":71.3,"recency":1,"frp":5.0,"confidence":"nominal"}},{"type":"Feature","geometry":{"type":"Point","coordinates":[32.42437,38.637]},"properties":{"age_h":71.3,"recency":1,"frp":26.9,"confidence":"nominal"}},{"type":"Feature","geometry":{"type":"Point","coordinates":[32.35116,38.66607]},"properties":{"age_h":71.3,"recency":1,"frp":3.2,"confidence":"nominal"}},{"type":"Feature","geometry":{"type":"Point","coordinates":[34.2487,38.6905]},"properties":{"age_h":71.3,"recency":1,"frp":6.0,"confidence":"nominal"}},{"type":"Feature","geometry":{"type":"Point","coordinates":[34.24763,38.69398]},"properties":{"age_h":71.3,"recency":1,"frp":6.0,"confidence":"nominal"}},{"type":"Feature","geometry":{"type":"Point","coordinates":[31.9928,38.71928]},"properties":{"age_h":71.3,"recency":1,"frp":4.6,"confidence":"nominal"}},{"type":"Feature","geometry":{"type":"Point","coordinates":[31.99902,38.72057]},"properties":{"age_h":71.3,"recency":1,"frp":4.6,"confidence":"nominal"}},{"type":"Feature","geometry":{"type":"Point","coordinates":[31.99775,38.72438]},"properties":{"age_h":71.3,"recency":1,"frp":4.6,"confidence":"nominal"}},{"type":"Feature","geometry":{"type":"Point","coordinates":[32.13625,38.7787]},"properties":{"age_h":71.3,"recency":1,"frp":11.7,"confidence":"nominal"}},{"type":"Feature","geometry":{"type":"Point","coordinates":[32.13632,38.78118]},"properties":{"age_h":71.3,"recency":1,"frp":7.2,"confidence":"nominal"}},{"type":"Feature","geometry":{"type":"Point","coordinates":[32.22503,38.80722]},"properties":{"age_h":71.3,"recency":1,"frp":6.0,"confidence":"nominal"}},{"type":"Feature","geometry":{"type":"Point","coordinates":[32.45715,38.87314]},"properties":{"age_h":71.3,"recency":1,"frp":11.6,"confidence":"nominal"}},{"type":"Feature","geometry":{"type":"Point","coordinates":[32.46307,38.87435]},"properties":{"age_h":71.3,"recency":1,"frp":5.8,"confidence":"nominal"}},{"type":"Feature","geometry":{"type":"Point","coordinates":[36.51757,38.88816]},"properties":{"age_h":71.3,"recency":1,"frp":5.5,"confidence":"nominal"}},{"type":"Feature","geometry":{"type":"Point","coordinates":[32.42366,38.89814]},"properties":{"age_h":71.3,"recency":1,"frp":7.3,"confidence":"nominal"}},{"type":"Feature","geometry":{"type":"Point","coordinates":[37.87612,38.9784]},"properties":{"age_h":71.3,"recency":1,"frp":2.2,"confidence":"nominal"}},{"type":"Feature","geometry":{"type":"Point","coordinates":[31.8599,39.05684]},"properties":{"age_h":71.3,"recency":1,"frp":4.4,"confidence":"nominal"}},{"type":"Feature","geometry":{"type":"Point","coordinates":[31.85846,39.05703]},"properties":{"age_h":71.3,"recency":1,"frp":6.5,"confidence":"nominal"}},{"type":"Feature","geometry":{"type":"Point","coordinates":[34.75743,39.08574]},"properties":{"age_h":71.3,"recency":1,"frp":2.0,"confidence":"nominal"}},{"type":"Feature","geometry":{"type":"Point","coordinates":[34.43357,39.11712]},"properties":{"age_h":71.3,"recency":1,"frp":4.2,"confidence":"nominal"}},{"type":"Feature","geometry":{"type":"Point","coordinates":[34.43862,39.11803]},"properties":{"age_h":71.3,"recency":1,"frp":2.9,"confidence":"nominal"}},{"type":"Feature","geometry":{"type":"Point","coordinates":[33.37146,39.24566]},"properties":{"age_h":71.3,"recency":1,"frp":7.7,"confidence":"nominal"}},{"type":"Feature","geometry":{"type":"Point","coordinates":[36.92823,39.25618]},"properties":{"age_h":71.3,"recency":1,"frp":3.0,"confidence":"nominal"}},{"type":"Feature","geometry":{"type":"Point","coordinates":[33.64423,39.33678]},"properties":{"age_h":71.3,"recency":1,"frp":4.6,"confidence":"nominal"}},{"type":"Feature","geometry":{"type":"Point","coordinates":[37.01586,39.34183]},"properties":{"age_h":71.3,"recency":1,"frp":1.9,"confidence":"nominal"}},{"type":"Feature","geometry":{"type":"Point","coordinates":[34.9464,39.36842]},"properties":{"age_h":71.3,"recency":1,"frp":3.8,"confidence":"nominal"}},{"type":"Feature","geometry":{"type":"Point","coordinates":[33.59291,39.37563]},"properties":{"age_h":71.3,"recency":1,"frp":8.3,"confidence":"nominal"}},{"type":"Feature","geometry":{"type":"Point","coordinates":[32.33661,39.39418]},"properties":{"age_h":71.3,"recency":1,"frp":13.8,"confidence":"nominal"}},{"type":"Feature","geometry":{"type":"Point","coordinates":[32.34256,39.3954]},"properties":{"age_h":71.3,"recency":1,"frp":13.8,"confidence":"nominal"}},{"type":"Feature","geometry":{"type":"Point","coordinates":[32.3354,39.3979]},"properties":{"age_h":71.3,"recency":1,"frp":15.6,"confidence":"nominal"}},{"type":"Feature","geometry":{"type":"Point","coordinates":[32.34136,39.39912]},"properties":{"age_h":71.3,"recency":1,"frp":15.6,"confidence":"nominal"}},{"type":"Feature","geometry":{"type":"Point","coordinates":[33.54489,39.43173]},"properties":{"age_h":71.3,"recency":1,"frp":7.8,"confidence":"nominal"}},{"type":"Feature","geometry":{"type":"Point","coordinates":[33.78588,39.45544]},"properties":{"age_h":71.3,"recency":1,"frp":5.7,"confidence":"nominal"}},{"type":"Feature","geometry":{"type":"Point","coordinates":[33.6729,39.46368]},"properties":{"age_h":71.3,"recency":1,"frp":29.6,"confidence":"nominal"}},{"type":"Feature","geometry":{"type":"Point","coordinates":[33.67813,39.46468]},"properties":{"age_h":71.3,"recency":1,"frp":6.8,"confidence":"nominal"}},{"type":"Feature","geometry":{"type":"Point","coordinates":[33.83005,39.50457]},"properties":{"age_h":71.3,"recency":1,"frp":6.0,"confidence":"nominal"}},{"type":"Feature","geometry":{"type":"Point","coordinates":[36.78253,39.51288]},"properties":{"age_h":71.3,"recency":1,"frp":4.7,"confidence":"nominal"}},{"type":"Feature","geometry":{"type":"Point","coordinates":[33.99277,39.52038]},"properties":{"age_h":71.3,"recency":1,"frp":2.8,"confidence":"nominal"}},{"type":"Feature","geometry":{"type":"Point","coordinates":[34.8807,39.53378]},"properties":{"age_h":71.3,"recency":1,"frp":3.5,"confidence":"nominal"}},{"type":"Feature","geometry":{"type":"Point","coordinates":[34.88369,39.53477]},"properties":{"age_h":71.3,"recency":1,"frp":6.9,"confidence":"nominal"}},{"type":"Feature","geometry":{"type":"Point","coordinates":[35.288,39.58441]},"properties":{"age_h":71.3,"recency":1,"frp":1.5,"confidence":"nominal"}},{"type":"Feature","geometry":{"type":"Point","coordinates":[39.48077,39.70522]},"properties":{"age_h":71.3,"recency":1,"frp":2.2,"confidence":"nominal"}},{"type":"Feature","geometry":{"type":"Point","coordinates":[34.25065,39.85396]},"properties":{"age_h":71.3,"recency":1,"frp":3.4,"confidence":"nominal"}},{"type":"Feature","geometry":{"type":"Point","coordinates":[34.46957,40.16264]},"properties":{"age_h":71.3,"recency":1,"frp":3.2,"confidence":"nominal"}},{"type":"Feature","geometry":{"type":"Point","coordinates":[34.73764,40.16474]},"properties":{"age_h":71.3,"recency":1,"frp":1.7,"confidence":"nominal"}},{"type":"Feature","geometry":{"type":"Point","coordinates":[27.81447,40.2227]},"properties":{"age_h":71.3,"recency":1,"frp":2.6,"confidence":"nominal"}},{"type":"Feature","geometry":{"type":"Point","coordinates":[33.972,40.29548]},"properties":{"age_h":71.3,"recency":1,"frp":1.2,"confidence":"nominal"}},{"type":"Feature","geometry":{"type":"Point","coordinates":[33.97457,40.41334]},"properties":{"age_h":71.3,"recency":1,"frp":2.8,"confidence":"nominal"}},{"type":"Feature","geometry":{"type":"Point","coordinates":[34.26678,40.42362]},"properties":{"age_h":71.3,"recency":1,"frp":7.7,"confidence":"nominal"}},{"type":"Feature","geometry":{"type":"Point","coordinates":[34.19551,40.55687]},"properties":{"age_h":71.3,"recency":1,"frp":3.7,"confidence":"nominal"}},{"type":"Feature","geometry":{"type":"Point","coordinates":[34.11753,40.57153]},"properties":{"age_h":71.3,"recency":1,"frp":4.6,"confidence":"nominal"}},{"type":"Feature","geometry":{"type":"Point","coordinates":[34.20311,40.58347]},"properties":{"age_h":71.3,"recency":1,"frp":3.8,"confidence":"nominal"}},{"type":"Feature","geometry":{"type":"Point","coordinates":[34.20806,40.58436]},"properties":{"age_h":71.3,"recency":1,"frp":7.6,"confidence":"nominal"}},{"type":"Feature","geometry":{"type":"Point","coordinates":[33.60066,40.65266]},"properties":{"age_h":71.3,"recency":1,"frp":7.0,"confidence":"nominal"}},{"type":"Feature","geometry":{"type":"Point","coordinates":[35.14372,40.65734]},"properties":{"age_h":71.3,"recency":1,"frp":6.1,"confidence":"nominal"}},{"type":"Feature","geometry":{"type":"Point","coordinates":[35.35657,40.78622]},"properties":{"age_h":71.3,"recency":1,"frp":2.5,"confidence":"nominal"}},{"type":"Feature","geometry":{"type":"Point","coordinates":[35.35038,40.84609]},"properties":{"age_h":71.3,"recency":1,"frp":2.8,"confidence":"nominal"}},{"type":"Feature","geometry":{"type":"Point","coordinates":[35.34943,40.84941]},"properties":{"age_h":71.3,"recency":1,"frp":2.8,"confidence":"nominal"}},{"type":"Feature","geometry":{"type":"Point","coordinates":[27.6989,41.45723]},"properties":{"age_h":71.3,"recency":1,"frp":5.0,"confidence":"nominal"}},{"type":"Feature","geometry":{"type":"Point","coordinates":[36.40887,45.15742]},"properties":{"age_h":71.3,"recency":1,"frp":2.7,"confidence":"nominal"}},{"type":"Feature","geometry":{"type":"Point","coordinates":[37.93976,45.18499]},"properties":{"age_h":71.3,"recency":1,"frp":1.8,"confidence":"nominal"}},{"type":"Feature","geometry":{"type":"Point","coordinates":[37.94487,45.18568]},"properties":{"age_h":71.3,"recency":1,"frp":2.5,"confidence":"nominal"}},{"type":"Feature","geometry":{"type":"Point","coordinates":[37.94909,45.18972]},"properties":{"age_h":71.3,"recency":1,"frp":2.5,"confidence":"nominal"}},{"type":"Feature","geometry":{"type":"Point","coordinates":[37.84702,45.23518]},"properties":{"age_h":71.3,"recency":1,"frp":6.8,"confidence":"nominal"}},{"type":"Feature","geometry":{"type":"Point","coordinates":[37.84612,45.23854]},"properties":{"age_h":71.3,"recency":1,"frp":6.8,"confidence":"nominal"}},{"type":"Feature","geometry":{"type":"Point","coordinates":[37.85122,45.23923]},"properties":{"age_h":71.3,"recency":1,"frp":6.8,"confidence":"nominal"}},{"type":"Feature","geometry":{"type":"Point","coordinates":[37.80359,45.23973]},"properties":{"age_h":71.3,"recency":1,"frp":7.4,"confidence":"nominal"}},{"type":"Feature","geometry":{"type":"Point","coordinates":[37.80628,45.24111]},"properties":{"age_h":71.3,"recency":1,"frp":7.5,"confidence":"nominal"}},{"type":"Feature","geometry":{"type":"Point","coordinates":[37.75181,45.24771]},"properties":{"age_h":71.3,"recency":1,"frp":3.8,"confidence":"nominal"}},{"type":"Feature","geometry":{"type":"Point","coordinates":[37.7509,45.25106]},"properties":{"age_h":71.3,"recency":1,"frp":3.8,"confidence":"nominal"}},{"type":"Feature","geometry":{"type":"Point","coordinates":[37.74492,45.25373]},"properties":{"age_h":71.3,"recency":1,"frp":4.6,"confidence":"nominal"}},{"type":"Feature","geometry":{"type":"Point","coordinates":[37.75,45.25441]},"properties":{"age_h":71.3,"recency":1,"frp":4.3,"confidence":"nominal"}},{"type":"Feature","geometry":{"type":"Point","coordinates":[37.86057,45.25529]},"properties":{"age_h":71.3,"recency":1,"frp":10.1,"confidence":"nominal"}},{"type":"Feature","geometry":{"type":"Point","coordinates":[37.86568,45.25598]},"properties":{"age_h":71.3,"recency":1,"frp":9.8,"confidence":"nominal"}},{"type":"Feature","geometry":{"type":"Point","coordinates":[37.91863,45.25604]},"properties":{"age_h":71.3,"recency":1,"frp":3.9,"confidence":"nominal"}},{"type":"Feature","geometry":{"type":"Point","coordinates":[37.85967,45.25866]},"properties":{"age_h":71.3,"recency":1,"frp":10.1,"confidence":"nominal"}},{"type":"Feature","geometry":{"type":"Point","coordinates":[37.88523,45.26205]},"properties":{"age_h":71.3,"recency":1,"frp":3.3,"confidence":"nominal"}},{"type":"Feature","geometry":{"type":"Point","coordinates":[37.99895,45.27361]},"properties":{"age_h":71.3,"recency":1,"frp":3.6,"confidence":"nominal"}},{"type":"Feature","geometry":{"type":"Point","coordinates":[38.2989,45.3162]},"properties":{"age_h":71.3,"recency":1,"frp":6.8,"confidence":"nominal"}},{"type":"Feature","geometry":{"type":"Point","coordinates":[38.29802,45.31959]},"properties":{"age_h":71.3,"recency":1,"frp":5.9,"confidence":"nominal"}},{"type":"Feature","geometry":{"type":"Point","coordinates":[38.354,45.4668]},"properties":{"age_h":71.3,"recency":1,"frp":5.2,"confidence":"nominal"}},{"type":"Feature","geometry":{"type":"Point","coordinates":[38.35927,45.46748]},"properties":{"age_h":71.3,"recency":1,"frp":2.5,"confidence":"nominal"}},{"type":"Feature","geometry":{"type":"Point","coordinates":[37.86635,45.46974]},"properties":{"age_h":71.3,"recency":1,"frp":8.7,"confidence":"nominal"}},{"type":"Feature","geometry":{"type":"Point","coordinates":[37.86544,45.47311]},"properties":{"age_h":71.3,"recency":1,"frp":2.7,"confidence":"nominal"}},{"type":"Feature","geometry":{"type":"Point","coordinates":[39.82444,46.39394]},"properties":{"age_h":71.3,"recency":1,"frp":7.9,"confidence":"nominal"}},{"type":"Feature","geometry":{"type":"Point","coordinates":[39.82268,46.40115]},"properties":{"age_h":71.3,"recency":1,"frp":7.3,"confidence":"nominal"}},{"type":"Feature","geometry":{"type":"Point","coordinates":[39.82871,46.40183]},"properties":{"age_h":71.3,"recency":1,"frp":7.3,"confidence":"nominal"}},{"type":"Feature","geometry":{"type":"Point","coordinates":[39.82785,46.40544]},"properties":{"age_h":71.3,"recency":1,"frp":7.0,"confidence":"nominal"}},{"type":"Feature","geometry":{"type":"Point","coordinates":[19.44293,44.9964]},"properties":{"age_h":71.2,"recency":1,"frp":2.7,"confidence":"nominal"}},{"type":"Feature","geometry":{"type":"Point","coordinates":[19.5324,45.0677]},"properties":{"age_h":71.2,"recency":1,"frp":2.1,"confidence":"nominal"}},{"type":"Feature","geometry":{"type":"Point","coordinates":[19.54359,45.08447]},"properties":{"age_h":71.2,"recency":1,"frp":8.9,"confidence":"nominal"}},{"type":"Feature","geometry":{"type":"Point","coordinates":[20.68375,45.41689]},"properties":{"age_h":71.2,"recency":1,"frp":10.3,"confidence":"high"}},{"type":"Feature","geometry":{"type":"Point","coordinates":[20.74252,45.74467]},"properties":{"age_h":71.2,"recency":1,"frp":2.5,"confidence":"nominal"}},{"type":"Feature","geometry":{"type":"Point","coordinates":[20.73929,45.74483]},"properties":{"age_h":71.2,"recency":1,"frp":2.8,"confidence":"nominal"}},{"type":"Feature","geometry":{"type":"Point","coordinates":[20.74428,45.74631]},"properties":{"age_h":71.2,"recency":1,"frp":2.8,"confidence":"nominal"}},{"type":"Feature","geometry":{"type":"Point","coordinates":[20.73441,45.74837]},"properties":{"age_h":71.2,"recency":1,"frp":3.8,"confidence":"nominal"}},{"type":"Feature","geometry":{"type":"Point","coordinates":[20.73937,45.74987]},"properties":{"age_h":71.2,"recency":1,"frp":3.6,"confidence":"nominal"}},{"type":"Feature","geometry":{"type":"Point","coordinates":[20.73614,45.75003]},"properties":{"age_h":71.2,"recency":1,"frp":2.8,"confidence":"nominal"}},{"type":"Feature","geometry":{"type":"Point","coordinates":[22.09405,46.68698]},"properties":{"age_h":71.2,"recency":1,"frp":3.9,"confidence":"nominal"}},{"type":"Feature","geometry":{"type":"Point","coordinates":[32.83576,47.31656]},"properties":{"age_h":71.2,"recency":1,"frp":1.6,"confidence":"nominal"}},{"type":"Feature","geometry":{"type":"Point","coordinates":[32.8397,47.32073]},"properties":{"age_h":71.2,"recency":1,"frp":5.3,"confidence":"nominal"}},{"type":"Feature","geometry":{"type":"Point","coordinates":[34.93688,47.58818]},"properties":{"age_h":71.2,"recency":1,"frp":6.5,"confidence":"nominal"}},{"type":"Feature","geometry":{"type":"Point","coordinates":[32.45798,48.19606]},"properties":{"age_h":71.2,"recency":1,"frp":6.7,"confidence":"nominal"}},{"type":"Feature","geometry":{"type":"Point","coordinates":[37.46571,48.60368]},"properties":{"age_h":71.2,"recency":1,"frp":1.3,"confidence":"nominal"}},{"type":"Feature","geometry":{"type":"Point","coordinates":[26.28106,49.51134]},"properties":{"age_h":71.2,"recency":1,"frp":2.1,"confidence":"nominal"}},{"type":"Feature","geometry":{"type":"Point","coordinates":[18.66798,49.67859]},"properties":{"age_h":71.2,"recency":1,"frp":7.4,"confidence":"nominal"}},{"type":"Feature","geometry":{"type":"Point","coordinates":[35.44796,50.30627]},"properties":{"age_h":71.2,"recency":1,"frp":1.8,"confidence":"nominal"}},{"type":"Feature","geometry":{"type":"Point","coordinates":[29.60918,50.52558]},"properties":{"age_h":71.2,"recency":1,"frp":5.3,"confidence":"nominal"}},{"type":"Feature","geometry":{"type":"Point","coordinates":[29.61502,50.52669]},"properties":{"age_h":71.2,"recency":1,"frp":5.4,"confidence":"nominal"}},{"type":"Feature","geometry":{"type":"Point","coordinates":[30.88568,50.60977]},"properties":{"age_h":71.2,"recency":1,"frp":5.5,"confidence":"nominal"}},{"type":"Feature","geometry":{"type":"Point","coordinates":[28.76169,51.06583]},"properties":{"age_h":71.2,"recency":1,"frp":2.4,"confidence":"nominal"}},{"type":"Feature","geometry":{"type":"Point","coordinates":[34.13995,52.1421]},"properties":{"age_h":71.2,"recency":1,"frp":2.6,"confidence":"nominal"}},{"type":"Feature","geometry":{"type":"Point","coordinates":[32.30475,52.19242]},"properties":{"age_h":71.2,"recency":1,"frp":2.4,"confidence":"nominal"}},{"type":"Feature","geometry":{"type":"Point","coordinates":[33.32023,52.33792]},"properties":{"age_h":71.2,"recency":1,"frp":2.1,"confidence":"nominal"}},{"type":"Feature","geometry":{"type":"Point","coordinates":[34.10348,52.35592]},"properties":{"age_h":71.2,"recency":1,"frp":2.4,"confidence":"nominal"}},{"type":"Feature","geometry":{"type":"Point","coordinates":[34.10224,52.3592]},"properties":{"age_h":71.2,"recency":1,"frp":2.4,"confidence":"nominal"}},{"type":"Feature","geometry":{"type":"Point","coordinates":[34.26077,52.40804]},"properties":{"age_h":71.2,"recency":1,"frp":4.0,"confidence":"nominal"}},{"type":"Feature","geometry":{"type":"Point","coordinates":[31.57064,53.02723]},"properties":{"age_h":71.2,"recency":1,"frp":5.0,"confidence":"nominal"}},{"type":"Feature","geometry":{"type":"Point","coordinates":[31.57625,53.02814]},"properties":{"age_h":71.2,"recency":1,"frp":5.0,"confidence":"nominal"}},{"type":"Feature","geometry":{"type":"Point","coordinates":[34.02209,53.42533]},"properties":{"age_h":71.2,"recency":1,"frp":8.5,"confidence":"nominal"}},{"type":"Feature","geometry":{"type":"Point","coordinates":[15.98837,51.6838]},"properties":{"age_h":71.2,"recency":1,"frp":2.2,"confidence":"nominal"}},{"type":"Feature","geometry":{"type":"Point","coordinates":[14.63146,52.17058]},"properties":{"age_h":71.2,"recency":1,"frp":4.3,"confidence":"nominal"}},{"type":"Feature","geometry":{"type":"Point","coordinates":[14.63083,52.17201]},"properties":{"age_h":71.2,"recency":1,"frp":4.9,"confidence":"nominal"}},{"type":"Feature","geometry":{"type":"Point","coordinates":[36.6421,53.94534]},"properties":{"age_h":71.2,"recency":1,"frp":2.5,"confidence":"nominal"}},{"type":"Feature","geometry":{"type":"Point","coordinates":[2.2465,58.84045]},"properties":{"age_h":71.2,"recency":1,"frp":6.6,"confidence":"nominal"}},{"type":"Feature","geometry":{"type":"Point","coordinates":[2.25361,58.84168]},"properties":{"age_h":71.2,"recency":1,"frp":7.7,"confidence":"nominal"}},{"type":"Feature","geometry":{"type":"Point","coordinates":[3.31076,34.09413]},"properties":{"age_h":69.6,"recency":1,"frp":4.5,"confidence":"nominal"}},{"type":"Feature","geometry":{"type":"Point","coordinates":[3.31443,34.09504]},"properties":{"age_h":69.6,"recency":1,"frp":5.0,"confidence":"nominal"}},{"type":"Feature","geometry":{"type":"Point","coordinates":[1.10866,35.41854]},"properties":{"age_h":69.6,"recency":1,"frp":2.3,"confidence":"nominal"}},{"type":"Feature","geometry":{"type":"Point","coordinates":[-0.25035,35.80586]},"properties":{"age_h":69.6,"recency":1,"frp":2.7,"confidence":"nominal"}},{"type":"Feature","geometry":{"type":"Point","coordinates":[6.9188,36.08534]},"properties":{"age_h":69.6,"recency":1,"frp":3.8,"confidence":"nominal"}},{"type":"Feature","geometry":{"type":"Point","coordinates":[6.92012,36.08626]},"properties":{"age_h":69.6,"recency":1,"frp":2.4,"confidence":"nominal"}},{"type":"Feature","geometry":{"type":"Point","coordinates":[6.84787,36.10908]},"properties":{"age_h":69.6,"recency":1,"frp":3.2,"confidence":"nominal"}},{"type":"Feature","geometry":{"type":"Point","coordinates":[8.72775,36.13299]},"properties":{"age_h":69.6,"recency":1,"frp":5.1,"confidence":"nominal"}},{"type":"Feature","geometry":{"type":"Point","coordinates":[8.72018,36.13922]},"properties":{"age_h":69.6,"recency":1,"frp":10.5,"confidence":"nominal"}},{"type":"Feature","geometry":{"type":"Point","coordinates":[6.6214,36.22723]},"properties":{"age_h":69.6,"recency":1,"frp":4.3,"confidence":"nominal"}},{"type":"Feature","geometry":{"type":"Point","coordinates":[7.13812,36.24736]},"properties":{"age_h":69.6,"recency":1,"frp":9.8,"confidence":"nominal"}},{"type":"Feature","geometry":{"type":"Point","coordinates":[7.13271,36.2504]},"properties":{"age_h":69.6,"recency":1,"frp":9.8,"confidence":"nominal"}},{"type":"Feature","geometry":{"type":"Point","coordinates":[7.17544,36.33843]},"properties":{"age_h":69.6,"recency":1,"frp":3.1,"confidence":"nominal"}},{"type":"Feature","geometry":{"type":"Point","coordinates":[7.17976,36.33931]},"properties":{"age_h":69.6,"recency":1,"frp":3.1,"confidence":"nominal"}},{"type":"Feature","geometry":{"type":"Point","coordinates":[3.70116,36.33981]},"properties":{"age_h":69.6,"recency":1,"frp":3.7,"confidence":"nominal"}},{"type":"Feature","geometry":{"type":"Point","coordinates":[6.60755,36.48365]},"properties":{"age_h":69.6,"recency":1,"frp":2.7,"confidence":"nominal"}},{"type":"Feature","geometry":{"type":"Point","coordinates":[9.48726,36.74154]},"properties":{"age_h":69.6,"recency":1,"frp":2.4,"confidence":"nominal"}},{"type":"Feature","geometry":{"type":"Point","coordinates":[9.48717,36.97627]},"properties":{"age_h":69.6,"recency":1,"frp":5.3,"confidence":"nominal"}},{"type":"Feature","geometry":{"type":"Point","coordinates":[9.86913,36.99469]},"properties":{"age_h":69.6,"recency":1,"frp":2.3,"confidence":"nominal"}},{"type":"Feature","geometry":{"type":"Point","coordinates":[9.87091,36.99594]},"properties":{"age_h":69.6,"recency":1,"frp":5.0,"confidence":"nominal"}},{"type":"Feature","geometry":{"type":"Point","coordinates":[9.86987,36.99937]},"properties":{"age_h":69.6,"recency":1,"frp":3.5,"confidence":"nominal"}},{"type":"Feature","geometry":{"type":"Point","coordinates":[13.76603,37.31713]},"properties":{"age_h":69.6,"recency":1,"frp":3.8,"confidence":"nominal"}},{"type":"Feature","geometry":{"type":"Point","coordinates":[13.64285,37.36702]},"properties":{"age_h":69.6,"recency":1,"frp":1.8,"confidence":"nominal"}},{"type":"Feature","geometry":{"type":"Point","coordinates":[13.63743,37.41378]},"properties":{"age_h":69.6,"recency":1,"frp":6.1,"confidence":"nominal"}},{"type":"Feature","geometry":{"type":"Point","coordinates":[13.64175,37.41442]},"properties":{"age_h":69.6,"recency":1,"frp":6.1,"confidence":"nominal"}},{"type":"Feature","geometry":{"type":"Point","coordinates":[13.86739,37.50534]},"properties":{"age_h":69.6,"recency":1,"frp":6.9,"confidence":"nominal"}},{"type":"Feature","geometry":{"type":"Point","coordinates":[13.57182,37.50963]},"properties":{"age_h":69.6,"recency":1,"frp":6.5,"confidence":"nominal"}},{"type":"Feature","geometry":{"type":"Point","coordinates":[13.80322,37.53673]},"properties":{"age_h":69.6,"recency":1,"frp":3.0,"confidence":"nominal"}},{"type":"Feature","geometry":{"type":"Point","coordinates":[13.88211,37.53815]},"properties":{"age_h":69.6,"recency":1,"frp":2.6,"confidence":"nominal"}},{"type":"Feature","geometry":{"type":"Point","coordinates":[13.32608,37.54778]},"properties":{"age_h":69.6,"recency":1,"frp":9.1,"confidence":"nominal"}},{"type":"Feature","geometry":{"type":"Point","coordinates":[13.80979,37.58537]},"properties":{"age_h":69.6,"recency":1,"frp":2.8,"confidence":"nominal"}},{"type":"Feature","geometry":{"type":"Point","coordinates":[13.79588,37.58674]},"properties":{"age_h":69.6,"recency":1,"frp":4.8,"confidence":"nominal"}},{"type":"Feature","geometry":{"type":"Point","coordinates":[12.85773,37.58885]},"properties":{"age_h":69.6,"recency":1,"frp":3.6,"confidence":"nominal"}},{"type":"Feature","geometry":{"type":"Point","coordinates":[12.86203,37.58951]},"properties":{"age_h":69.6,"recency":1,"frp":3.6,"confidence":"nominal"}},{"type":"Feature","geometry":{"type":"Point","coordinates":[12.85693,37.59212]},"properties":{"age_h":69.6,"recency":1,"frp":5.7,"confidence":"nominal"}},{"type":"Feature","geometry":{"type":"Point","coordinates":[13.9432,37.61155]},"properties":{"age_h":69.6,"recency":1,"frp":4.7,"confidence":"nominal"}},{"type":"Feature","geometry":{"type":"Point","coordinates":[14.01502,37.65263]},"properties":{"age_h":69.6,"recency":1,"frp":3.0,"confidence":"nominal"}},{"type":"Feature","geometry":{"type":"Point","coordinates":[13.73521,37.65934]},"properties":{"age_h":69.6,"recency":1,"frp":2.4,"confidence":"nominal"}},{"type":"Feature","geometry":{"type":"Point","coordinates":[12.68019,37.66033]},"properties":{"age_h":69.6,"recency":1,"frp":4.8,"confidence":"nominal"}},{"type":"Feature","geometry":{"type":"Point","coordinates":[13.11452,37.69297]},"properties":{"age_h":69.6,"recency":1,"frp":6.7,"confidence":"nominal"}},{"type":"Feature","geometry":{"type":"Point","coordinates":[12.80113,37.73701]},"properties":{"age_h":69.6,"recency":1,"frp":2.7,"confidence":"nominal"}},{"type":"Feature","geometry":{"type":"Point","coordinates":[13.78123,37.77487]},"properties":{"age_h":69.6,"recency":1,"frp":6.1,"confidence":"nominal"}},{"type":"Feature","geometry":{"type":"Point","coordinates":[12.73174,37.95799]},"properties":{"age_h":69.6,"recency":1,"frp":54.8,"confidence":"nominal"}},{"type":"Feature","geometry":{"type":"Point","coordinates":[12.73094,37.96127]},"properties":{"age_h":69.6,"recency":1,"frp":4.9,"confidence":"nominal"}},{"type":"Feature","geometry":{"type":"Point","coordinates":[13.09997,37.99371]},"properties":{"age_h":69.6,"recency":1,"frp":10.0,"confidence":"nominal"}},{"type":"Feature","geometry":{"type":"Point","coordinates":[15.22947,38.15729]},"properties":{"age_h":69.6,"recency":1,"frp":5.2,"confidence":"nominal"}},{"type":"Feature","geometry":{"type":"Point","coordinates":[15.22635,38.16006]},"properties":{"age_h":69.6,"recency":1,"frp":3.5,"confidence":"nominal"}},{"type":"Feature","geometry":{"type":"Point","coordinates":[16.23113,38.76888]},"properties":{"age_h":69.6,"recency":1,"frp":1.7,"confidence":"nominal"}},{"type":"Feature","geometry":{"type":"Point","coordinates":[16.29492,38.83338]},"properties":{"age_h":69.6,"recency":1,"frp":2.1,"confidence":"nominal"}},{"type":"Feature","geometry":{"type":"Point","coordinates":[16.29693,38.83522]},"properties":{"age_h":69.6,"recency":1,"frp":1.5,"confidence":"nominal"}},{"type":"Feature","geometry":{"type":"Point","coordinates":[16.86836,39.00769]},"properties":{"age_h":69.6,"recency":1,"frp":3.5,"confidence":"nominal"}},{"type":"Feature","geometry":{"type":"Point","coordinates":[16.86456,39.0078]},"properties":{"age_h":69.6,"recency":1,"frp":2.5,"confidence":"nominal"}},{"type":"Feature","geometry":{"type":"Point","coordinates":[16.87002,39.00844]},"properties":{"age_h":69.6,"recency":1,"frp":2.5,"confidence":"nominal"}},{"type":"Feature","geometry":{"type":"Point","coordinates":[9.0091,39.51463]},"properties":{"age_h":69.6,"recency":1,"frp":4.5,"confidence":"nominal"}},{"type":"Feature","geometry":{"type":"Point","coordinates":[28.06446,40.1161]},"properties":{"age_h":69.6,"recency":1,"frp":3.4,"confidence":"nominal"}},{"type":"Feature","geometry":{"type":"Point","coordinates":[16.50174,40.7378]},"properties":{"age_h":69.6,"recency":1,"frp":6.9,"confidence":"nominal"}},{"type":"Feature","geometry":{"type":"Point","coordinates":[-4.87758,41.00479]},"properties":{"age_h":69.6,"recency":1,"frp":10.7,"confidence":"nominal"}},{"type":"Feature","geometry":{"type":"Point","coordinates":[-4.88768,41.00864]},"properties":{"age_h":69.6,"recency":1,"frp":16.9,"confidence":"nominal"}},{"type":"Feature","geometry":{"type":"Point","coordinates":[-4.88101,41.01077]},"properties":{"age_h":69.6,"recency":1,"frp":10.7,"confidence":"high"}},{"type":"Feature","geometry":{"type":"Point","coordinates":[13.92165,41.28752]},"properties":{"age_h":69.6,"recency":1,"frp":20.2,"confidence":"nominal"}},{"type":"Feature","geometry":{"type":"Point","coordinates":[13.92626,41.28813]},"properties":{"age_h":69.6,"recency":1,"frp":20.2,"confidence":"nominal"}},{"type":"Feature","geometry":{"type":"Point","coordinates":[12.88986,41.42278]},"properties":{"age_h":69.6,"recency":1,"frp":2.5,"confidence":"nominal"}},{"type":"Feature","geometry":{"type":"Point","coordinates":[15.57551,41.55505]},"properties":{"age_h":69.6,"recency":1,"frp":3.8,"confidence":"nominal"}},{"type":"Feature","geometry":{"type":"Point","coordinates":[9.28519,41.566]},"properties":{"age_h":69.6,"recency":1,"frp":2.5,"confidence":"nominal"}},{"type":"Feature","geometry":{"type":"Point","coordinates":[15.67509,41.57576]},"properties":{"age_h":69.6,"recency":1,"frp":3.8,"confidence":"nominal"}},{"type":"Feature","geometry":{"type":"Point","coordinates":[15.58568,41.60192]},"properties":{"age_h":69.6,"recency":1,"frp":2.9,"confidence":"nominal"}},{"type":"Feature","geometry":{"type":"Point","coordinates":[15.91416,41.65512]},"properties":{"age_h":69.6,"recency":1,"frp":1.8,"confidence":"nominal"}},{"type":"Feature","geometry":{"type":"Point","coordinates":[12.56519,41.67593]},"properties":{"age_h":69.6,"recency":1,"frp":2.9,"confidence":"nominal"}},{"type":"Feature","geometry":{"type":"Point","coordinates":[13.74424,41.69072]},"properties":{"age_h":69.6,"recency":1,"frp":2.0,"confidence":"nominal"}},{"type":"Feature","geometry":{"type":"Point","coordinates":[15.49511,41.73206]},"properties":{"age_h":69.6,"recency":1,"frp":3.9,"confidence":"nominal"}},{"type":"Feature","geometry":{"type":"Point","coordinates":[-5.56215,43.03022]},"properties":{"age_h":69.6,"recency":1,"frp":7.5,"confidence":"nominal"}},{"type":"Feature","geometry":{"type":"Point","coordinates":[-2.87957,43.22521]},"properties":{"age_h":69.6,"recency":1,"frp":3.0,"confidence":"nominal"}},{"type":"Feature","geometry":{"type":"Point","coordinates":[5.14355,43.51706]},"properties":{"age_h":69.6,"recency":1,"frp":5.8,"confidence":"nominal"}},{"type":"Feature","geometry":{"type":"Point","coordinates":[5.14402,43.53312]},"properties":{"age_h":69.6,"recency":1,"frp":5.3,"confidence":"nominal"}},{"type":"Feature","geometry":{"type":"Point","coordinates":[-5.82723,43.53571]},"properties":{"age_h":69.6,"recency":1,"frp":1.7,"confidence":"nominal"}},{"type":"Feature","geometry":{"type":"Point","coordinates":[5.14259,43.53681]},"properties":{"age_h":69.6,"recency":1,"frp":5.4,"confidence":"nominal"}},{"type":"Feature","geometry":{"type":"Point","coordinates":[-5.83097,43.54142]},"properties":{"age_h":69.6,"recency":1,"frp":4.9,"confidence":"nominal"}},{"type":"Feature","geometry":{"type":"Point","coordinates":[6.77278,43.79882]},"properties":{"age_h":69.6,"recency":1,"frp":3.8,"confidence":"nominal"}},{"type":"Feature","geometry":{"type":"Point","coordinates":[6.77825,43.79986]},"properties":{"age_h":69.6,"recency":1,"frp":6.2,"confidence":"nominal"}},{"type":"Feature","geometry":{"type":"Point","coordinates":[11.06444,43.8186]},"properties":{"age_h":69.6,"recency":1,"frp":1.9,"confidence":"nominal"}},{"type":"Feature","geometry":{"type":"Point","coordinates":[4.8323,43.8614]},"properties":{"age_h":69.6,"recency":1,"frp":4.2,"confidence":"nominal"}},{"type":"Feature","geometry":{"type":"Point","coordinates":[11.73694,44.38853]},"properties":{"age_h":69.6,"recency":1,"frp":1.4,"confidence":"nominal"}},{"type":"Feature","geometry":{"type":"Point","coordinates":[6.72312,44.424]},"properties":{"age_h":69.6,"recency":1,"frp":3.2,"confidence":"nominal"}},{"type":"Feature","geometry":{"type":"Point","coordinates":[11.53313,44.51889]},"properties":{"age_h":69.6,"recency":1,"frp":3.4,"confidence":"nominal"}},{"type":"Feature","geometry":{"type":"Point","coordinates":[11.17053,44.6365]},"properties":{"age_h":69.6,"recency":1,"frp":2.9,"confidence":"nominal"}},{"type":"Feature","geometry":{"type":"Point","coordinates":[11.31453,44.70177]},"properties":{"age_h":69.6,"recency":1,"frp":1.7,"confidence":"nominal"}},{"type":"Feature","geometry":{"type":"Point","coordinates":[11.57474,44.86222]},"properties":{"age_h":69.6,"recency":1,"frp":3.1,"confidence":"nominal"}},{"type":"Feature","geometry":{"type":"Point","coordinates":[19.88397,44.88345]},"properties":{"age_h":69.6,"recency":1,"frp":9.1,"confidence":"nominal"}},{"type":"Feature","geometry":{"type":"Point","coordinates":[20.12924,45.0342]},"properties":{"age_h":69.6,"recency":1,"frp":16.3,"confidence":"nominal"}},{"type":"Feature","geometry":{"type":"Point","coordinates":[11.81117,45.04246]},"properties":{"age_h":69.6,"recency":1,"frp":2.5,"confidence":"nominal"}},{"type":"Feature","geometry":{"type":"Point","coordinates":[21.13096,45.06919]},"properties":{"age_h":69.6,"recency":1,"frp":7.8,"confidence":"nominal"}},{"type":"Feature","geometry":{"type":"Point","coordinates":[7.71875,45.1094]},"properties":{"age_h":69.6,"recency":1,"frp":2.8,"confidence":"nominal"}},{"type":"Feature","geometry":{"type":"Point","coordinates":[7.77692,45.1587]},"properties":{"age_h":69.6,"recency":1,"frp":1.6,"confidence":"nominal"}},{"type":"Feature","geometry":{"type":"Point","coordinates":[7.7296,45.18573]},"properties":{"age_h":69.6,"recency":1,"frp":2.0,"confidence":"nominal"}},{"type":"Feature","geometry":{"type":"Point","coordinates":[19.47443,45.26996]},"properties":{"age_h":69.6,"recency":1,"frp":4.8,"confidence":"nominal"}},{"type":"Feature","geometry":{"type":"Point","coordinates":[11.21811,45.39695]},"properties":{"age_h":69.6,"recency":1,"frp":3.2,"confidence":"nominal"}},{"type":"Feature","geometry":{"type":"Point","coordinates":[10.20558,45.55307]},"properties":{"age_h":69.6,"recency":1,"frp":1.9,"confidence":"nominal"}},{"type":"Feature","geometry":{"type":"Point","coordinates":[10.21044,45.55381]},"properties":{"age_h":69.6,"recency":1,"frp":2.7,"confidence":"nominal"}},{"type":"Feature","geometry":{"type":"Point","coordinates":[8.14624,45.56082]},"properties":{"age_h":69.6,"recency":1,"frp":3.1,"confidence":"nominal"}},{"type":"Feature","geometry":{"type":"Point","coordinates":[9.23681,45.66058]},"properties":{"age_h":69.6,"recency":1,"frp":2.4,"confidence":"nominal"}},{"type":"Feature","geometry":{"type":"Point","coordinates":[9.76015,45.68919]},"properties":{"age_h":69.6,"recency":1,"frp":3.3,"confidence":"nominal"}},{"type":"Feature","geometry":{"type":"Point","coordinates":[20.72664,45.74231]},"properties":{"age_h":69.6,"recency":1,"frp":6.9,"confidence":"nominal"}},{"type":"Feature","geometry":{"type":"Point","coordinates":[11.44254,45.74604]},"properties":{"age_h":69.6,"recency":1,"frp":2.1,"confidence":"nominal"}},{"type":"Feature","geometry":{"type":"Point","coordinates":[9.29449,45.7555]},"properties":{"age_h":69.6,"recency":1,"frp":1.6,"confidence":"nominal"}},{"type":"Feature","geometry":{"type":"Point","coordinates":[9.29938,45.75629]},"properties":{"age_h":69.6,"recency":1,"frp":1.6,"confidence":"nominal"}},{"type":"Feature","geometry":{"type":"Point","coordinates":[4.47912,45.92775]},"properties":{"age_h":69.6,"recency":1,"frp":39.3,"confidence":"nominal"}},{"type":"Feature","geometry":{"type":"Point","coordinates":[16.25163,46.2355]},"properties":{"age_h":69.6,"recency":1,"frp":2.4,"confidence":"nominal"}},{"type":"Feature","geometry":{"type":"Point","coordinates":[14.33212,48.28193]},"properties":{"age_h":69.6,"recency":1,"frp":4.0,"confidence":"nominal"}},{"type":"Feature","geometry":{"type":"Point","coordinates":[7.54041,47.39919]},"properties":{"age_h":69.5,"recency":1,"frp":5.0,"confidence":"nominal"}},{"type":"Feature","geometry":{"type":"Point","coordinates":[8.44385,48.06573]},"properties":{"age_h":69.5,"recency":1,"frp":2.5,"confidence":"nominal"}},{"type":"Feature","geometry":{"type":"Point","coordinates":[12.52525,48.10675]},"properties":{"age_h":69.5,"recency":1,"frp":1.6,"confidence":"nominal"}},{"type":"Feature","geometry":{"type":"Point","coordinates":[12.52279,48.10793]},"properties":{"age_h":69.5,"recency":1,"frp":2.0,"confidence":"nominal"}},{"type":"Feature","geometry":{"type":"Point","coordinates":[6.52348,49.30873]},"properties":{"age_h":69.5,"recency":1,"frp":5.2,"confidence":"nominal"}},{"type":"Feature","geometry":{"type":"Point","coordinates":[6.21058,50.05722]},"properties":{"age_h":69.5,"recency":1,"frp":3.0,"confidence":"nominal"}},{"type":"Feature","geometry":{"type":"Point","coordinates":[4.13555,50.59412]},"properties":{"age_h":69.5,"recency":1,"frp":8.5,"confidence":"nominal"}},{"type":"Feature","geometry":{"type":"Point","coordinates":[14.62845,52.16888]},"properties":{"age_h":69.5,"recency":1,"frp":4.7,"confidence":"nominal"}},{"type":"Feature","geometry":{"type":"Point","coordinates":[4.59614,52.4839]},"properties":{"age_h":69.5,"recency":1,"frp":2.8,"confidence":"nominal"}},{"type":"Feature","geometry":{"type":"Point","coordinates":[4.61752,52.49124]},"properties":{"age_h":69.5,"recency":1,"frp":4.4,"confidence":"nominal"}},{"type":"Feature","geometry":{"type":"Point","coordinates":[-0.5897,53.56951]},"properties":{"age_h":69.5,"recency":1,"frp":4.1,"confidence":"nominal"}},{"type":"Feature","geometry":{"type":"Point","coordinates":[20.33289,54.75169]},"properties":{"age_h":69.5,"recency":1,"frp":1.7,"confidence":"nominal"}},{"type":"Feature","geometry":{"type":"Point","coordinates":[-3.15073,57.1891]},"properties":{"age_h":69.5,"recency":1,"frp":7.1,"confidence":"nominal"}},{"type":"Feature","geometry":{"type":"Point","coordinates":[2.25007,58.84336]},"properties":{"age_h":69.5,"recency":1,"frp":6.2,"confidence":"nominal"}},{"type":"Feature","geometry":{"type":"Point","coordinates":[2.19964,58.92231]},"properties":{"age_h":69.5,"recency":1,"frp":8.9,"confidence":"nominal"}},{"type":"Feature","geometry":{"type":"Point","coordinates":[5.97331,59.28011]},"properties":{"age_h":69.5,"recency":1,"frp":3.3,"confidence":"nominal"}},{"type":"Feature","geometry":{"type":"Point","coordinates":[8.13927,55.58072]},"properties":{"age_h":69.5,"recency":1,"frp":4.0,"confidence":"nominal"}},{"type":"Feature","geometry":{"type":"Point","coordinates":[-3.93177,34.26934]},"properties":{"age_h":67.9,"recency":1,"frp":18.5,"confidence":"nominal"}},{"type":"Feature","geometry":{"type":"Point","coordinates":[-3.93396,34.26936]},"properties":{"age_h":67.9,"recency":1,"frp":22.3,"confidence":"nominal"}},{"type":"Feature","geometry":{"type":"Point","coordinates":[-3.92731,34.27421]},"properties":{"age_h":67.9,"recency":1,"frp":14.5,"confidence":"nominal"}},{"type":"Feature","geometry":{"type":"Point","coordinates":[-3.92424,34.27468]},"properties":{"age_h":67.9,"recency":1,"frp":4.7,"confidence":"nominal"}},{"type":"Feature","geometry":{"type":"Point","coordinates":[-0.88756,34.91087]},"properties":{"age_h":67.9,"recency":1,"frp":15.8,"confidence":"high"}},{"type":"Feature","geometry":{"type":"Point","coordinates":[-0.88363,34.91114]},"properties":{"age_h":67.9,"recency":1,"frp":7.8,"confidence":"nominal"}},{"type":"Feature","geometry":{"type":"Point","coordinates":[-5.17523,34.95503]},"properties":{"age_h":67.9,"recency":1,"frp":10.2,"confidence":"high"}},{"type":"Feature","geometry":{"type":"Point","coordinates":[-5.1716,34.95539]},"properties":{"age_h":67.9,"recency":1,"frp":26.2,"confidence":"nominal"}},{"type":"Feature","geometry":{"type":"Point","coordinates":[-5.16789,34.95577]},"properties":{"age_h":67.9,"recency":1,"frp":26.2,"confidence":"nominal"}},{"type":"Feature","geometry":{"type":"Point","coordinates":[-5.16406,34.95615]},"properties":{"age_h":67.9,"recency":1,"frp":19.6,"confidence":"nominal"}},{"type":"Feature","geometry":{"type":"Point","coordinates":[-5.16,34.95656]},"properties":{"age_h":67.9,"recency":1,"frp":19.6,"confidence":"nominal"}},{"type":"Feature","geometry":{"type":"Point","coordinates":[-5.17619,34.95911]},"properties":{"age_h":67.9,"recency":1,"frp":10.8,"confidence":"nominal"}},{"type":"Feature","geometry":{"type":"Point","coordinates":[-5.17262,34.95947]},"properties":{"age_h":67.9,"recency":1,"frp":4.8,"confidence":"nominal"}},{"type":"Feature","geometry":{"type":"Point","coordinates":[-5.16893,34.95984]},"properties":{"age_h":67.9,"recency":1,"frp":4.8,"confidence":"nominal"}},{"type":"Feature","geometry":{"type":"Point","coordinates":[-5.16508,34.96023]},"properties":{"age_h":67.9,"recency":1,"frp":8.5,"confidence":"nominal"}},{"type":"Feature","geometry":{"type":"Point","coordinates":[-5.16088,34.96065]},"properties":{"age_h":67.9,"recency":1,"frp":8.5,"confidence":"nominal"}},{"type":"Feature","geometry":{"type":"Point","coordinates":[-5.18227,34.96685]},"properties":{"age_h":67.9,"recency":1,"frp":3.5,"confidence":"nominal"}},{"type":"Feature","geometry":{"type":"Point","coordinates":[-5.17844,34.96724]},"properties":{"age_h":67.9,"recency":1,"frp":3.5,"confidence":"nominal"}},{"type":"Feature","geometry":{"type":"Point","coordinates":[-5.17966,34.97129]},"properties":{"age_h":67.9,"recency":1,"frp":3.5,"confidence":"nominal"}},{"type":"Feature","geometry":{"type":"Point","coordinates":[3.61695,35.15841]},"properties":{"age_h":67.9,"recency":1,"frp":5.1,"confidence":"nominal"}},{"type":"Feature","geometry":{"type":"Point","coordinates":[1.28903,35.18967]},"properties":{"age_h":67.9,"recency":1,"frp":3.7,"confidence":"nominal"}},{"type":"Feature","geometry":{"type":"Point","coordinates":[-0.25103,35.80659]},"properties":{"age_h":67.9,"recency":1,"frp":4.1,"confidence":"nominal"}},{"type":"Feature","geometry":{"type":"Point","coordinates":[-3.94937,39.36328]},"properties":{"age_h":67.9,"recency":1,"frp":5.7,"confidence":"nominal"}},{"type":"Feature","geometry":{"type":"Point","coordinates":[0.18299,41.9209]},"properties":{"age_h":67.9,"recency":1,"frp":5.4,"confidence":"nominal"}},{"type":"Feature","geometry":{"type":"Point","coordinates":[0.18359,41.92322]},"properties":{"age_h":67.9,"recency":1,"frp":6.1,"confidence":"nominal"}},{"type":"Feature","geometry":{"type":"Point","coordinates":[-5.99434,36.99821]},"properties":{"age_h":67.9,"recency":1,"frp":3.0,"confidence":"nominal"}},{"type":"Feature","geometry":{"type":"Point","coordinates":[-5.99496,37.00226]},"properties":{"age_h":67.9,"recency":1,"frp":2.8,"confidence":"nominal"}},{"type":"Feature","geometry":{"type":"Point","coordinates":[-5.6506,37.34489]},"properties":{"age_h":67.9,"recency":1,"frp":3.7,"confidence":"nominal"}},{"type":"Feature","geometry":{"type":"Point","coordinates":[-6.49784,38.60782]},"properties":{"age_h":67.9,"recency":1,"frp":4.0,"confidence":"nominal"}},{"type":"Feature","geometry":{"type":"Point","coordinates":[-5.81101,42.98128]},"properties":{"age_h":67.9,"recency":1,"frp":31.1,"confidence":"nominal"}},{"type":"Feature","geometry":{"type":"Point","coordinates":[-5.83123,42.98854]},"properties":{"age_h":67.9,"recency":1,"frp":4.7,"confidence":"nominal"}},{"type":"Feature","geometry":{"type":"Point","coordinates":[-3.68569,43.32371]},"properties":{"age_h":67.9,"recency":1,"frp":9.7,"confidence":"nominal"}},{"type":"Feature","geometry":{"type":"Point","coordinates":[4.48342,45.93098]},"properties":{"age_h":67.9,"recency":1,"frp":26.5,"confidence":"high"}},{"type":"Feature","geometry":{"type":"Point","coordinates":[4.47052,45.93122]},"properties":{"age_h":67.9,"recency":1,"frp":26.5,"confidence":"nominal"}},{"type":"Feature","geometry":{"type":"Point","coordinates":[37.81649,59.12852]},"properties":{"age_h":59.1,"recency":1,"frp":0.6,"confidence":"nominal"}},{"type":"Feature","geometry":{"type":"Point","coordinates":[37.81504,59.13219]},"properties":{"age_h":59.1,"recency":1,"frp":1.2,"confidence":"nominal"}},{"type":"Feature","geometry":{"type":"Point","coordinates":[37.81578,59.14334]},"properties":{"age_h":59.1,"recency":1,"frp":1.5,"confidence":"nominal"}},{"type":"Feature","geometry":{"type":"Point","coordinates":[39.72408,54.55058]},"properties":{"age_h":59.0,"recency":1,"frp":1.4,"confidence":"nominal"}},{"type":"Feature","geometry":{"type":"Point","coordinates":[39.77295,57.5365]},"properties":{"age_h":59.0,"recency":1,"frp":0.7,"confidence":"nominal"}},{"type":"Feature","geometry":{"type":"Point","coordinates":[32.90179,46.16555]},"properties":{"age_h":59.0,"recency":1,"frp":0.5,"confidence":"nominal"}},{"type":"Feature","geometry":{"type":"Point","coordinates":[32.9018,46.16597]},"properties":{"age_h":59.0,"recency":1,"frp":0.5,"confidence":"nominal"}},{"type":"Feature","geometry":{"type":"Point","coordinates":[33.22427,46.36336]},"properties":{"age_h":59.0,"recency":1,"frp":1.4,"confidence":"nominal"}},{"type":"Feature","geometry":{"type":"Point","coordinates":[35.148,46.69734]},"properties":{"age_h":59.0,"recency":1,"frp":2.1,"confidence":"nominal"}},{"type":"Feature","geometry":{"type":"Point","coordinates":[35.14201,46.69748]},"properties":{"age_h":59.0,"recency":1,"frp":2.1,"confidence":"nominal"}},{"type":"Feature","geometry":{"type":"Point","coordinates":[35.14836,46.70319]},"properties":{"age_h":59.0,"recency":1,"frp":1.8,"confidence":"nominal"}},{"type":"Feature","geometry":{"type":"Point","coordinates":[35.14238,46.70333]},"properties":{"age_h":59.0,"recency":1,"frp":1.8,"confidence":"nominal"}},{"type":"Feature","geometry":{"type":"Point","coordinates":[33.25411,46.75237]},"properties":{"age_h":59.0,"recency":1,"frp":0.7,"confidence":"nominal"}},{"type":"Feature","geometry":{"type":"Point","coordinates":[38.66126,47.32172]},"properties":{"age_h":59.0,"recency":1,"frp":1.2,"confidence":"nominal"}},{"type":"Feature","geometry":{"type":"Point","coordinates":[38.65294,47.32217]},"properties":{"age_h":59.0,"recency":1,"frp":1.2,"confidence":"nominal"}},{"type":"Feature","geometry":{"type":"Point","coordinates":[34.62633,47.50974]},"properties":{"age_h":59.0,"recency":1,"frp":1.8,"confidence":"nominal"}},{"type":"Feature","geometry":{"type":"Point","coordinates":[34.62536,47.51134]},"properties":{"age_h":59.0,"recency":1,"frp":1.9,"confidence":"nominal"}},{"type":"Feature","geometry":{"type":"Point","coordinates":[40.42548,36.56758]},"properties":{"age_h":59.0,"recency":1,"frp":0.7,"confidence":"nominal"}},{"type":"Feature","geometry":{"type":"Point","coordinates":[40.72389,36.68147]},"properties":{"age_h":59.0,"recency":1,"frp":2.2,"confidence":"nominal"}},{"type":"Feature","geometry":{"type":"Point","coordinates":[40.72336,36.6831]},"properties":{"age_h":59.0,"recency":1,"frp":2.4,"confidence":"nominal"}},{"type":"Feature","geometry":{"type":"Point","coordinates":[39.52089,36.76282]},"properties":{"age_h":59.0,"recency":1,"frp":0.7,"confidence":"nominal"}},{"type":"Feature","geometry":{"type":"Point","coordinates":[39.53397,36.78303]},"properties":{"age_h":59.0,"recency":1,"frp":1.6,"confidence":"nominal"}},{"type":"Feature","geometry":{"type":"Point","coordinates":[40.96539,36.78306]},"properties":{"age_h":59.0,"recency":1,"frp":0.8,"confidence":"nominal"}},{"type":"Feature","geometry":{"type":"Point","coordinates":[37.23431,36.82885]},"properties":{"age_h":59.0,"recency":1,"frp":1.4,"confidence":"nominal"}},{"type":"Feature","geometry":{"type":"Point","coordinates":[41.26105,36.83078]},"properties":{"age_h":59.0,"recency":1,"frp":1.1,"confidence":"nominal"}},{"type":"Feature","geometry":{"type":"Point","coordinates":[34.75719,36.87058]},"properties":{"age_h":59.0,"recency":1,"frp":2.3,"confidence":"nominal"}},{"type":"Feature","geometry":{"type":"Point","coordinates":[40.64042,36.9452]},"properties":{"age_h":59.0,"recency":1,"frp":0.8,"confidence":"nominal"}},{"type":"Feature","geometry":{"type":"Point","coordinates":[36.10394,37.0157]},"properties":{"age_h":59.0,"recency":1,"frp":1.5,"confidence":"nominal"}},{"type":"Feature","geometry":{"type":"Point","coordinates":[36.10018,37.01595]},"properties":{"age_h":59.0,"recency":1,"frp":1.5,"confidence":"nominal"}},{"type":"Feature","geometry":{"type":"Point","coordinates":[36.10825,37.02061]},"properties":{"age_h":59.0,"recency":1,"frp":1.9,"confidence":"nominal"}},{"type":"Feature","geometry":{"type":"Point","coordinates":[41.72588,37.03682]},"properties":{"age_h":59.0,"recency":1,"frp":4.8,"confidence":"nominal"}},{"type":"Feature","geometry":{"type":"Point","coordinates":[41.72007,37.03748]},"properties":{"age_h":59.0,"recency":1,"frp":4.8,"confidence":"nominal"}},{"type":"Feature","geometry":{"type":"Point","coordinates":[38.731,37.27746]},"properties":{"age_h":59.0,"recency":1,"frp":0.9,"confidence":"nominal"}},{"type":"Feature","geometry":{"type":"Point","coordinates":[39.7466,37.33519]},"properties":{"age_h":59.0,"recency":1,"frp":0.3,"confidence":"nominal"}},{"type":"Feature","geometry":{"type":"Point","coordinates":[39.20247,37.39012]},"properties":{"age_h":59.0,"recency":1,"frp":2.1,"confidence":"nominal"}},{"type":"Feature","geometry":{"type":"Point","coordinates":[37.45948,37.41894]},"properties":{"age_h":59.0,"recency":1,"frp":2.1,"confidence":"nominal"}},{"type":"Feature","geometry":{"type":"Point","coordinates":[37.16229,37.46055]},"properties":{"age_h":59.0,"recency":1,"frp":1.1,"confidence":"nominal"}},{"type":"Feature","geometry":{"type":"Point","coordinates":[38.97971,37.55698]},"properties":{"age_h":59.0,"recency":1,"frp":1.1,"confidence":"nominal"}},{"type":"Feature","geometry":{"type":"Point","coordinates":[39.59236,37.59367]},"properties":{"age_h":59.0,"recency":1,"frp":0.5,"confidence":"nominal"}},{"type":"Feature","geometry":{"type":"Point","coordinates":[40.38478,37.73407]},"properties":{"age_h":59.0,"recency":1,"frp":0.6,"confidence":"nominal"}},{"type":"Feature","geometry":{"type":"Point","coordinates":[38.4563,37.74175]},"properties":{"age_h":59.0,"recency":1,"frp":1.5,"confidence":"nominal"}},{"type":"Feature","geometry":{"type":"Point","coordinates":[38.45627,37.74234]},"properties":{"age_h":59.0,"recency":1,"frp":3.5,"confidence":"nominal"}},{"type":"Feature","geometry":{"type":"Point","coordinates":[38.45695,37.7463]},"properties":{"age_h":59.0,"recency":1,"frp":1.5,"confidence":"nominal"}},{"type":"Feature","geometry":{"type":"Point","coordinates":[38.45695,37.74689]},"properties":{"age_h":59.0,"recency":1,"frp":0.8,"confidence":"nominal"}},{"type":"Feature","geometry":{"type":"Point","coordinates":[40.79737,37.76214]},"properties":{"age_h":59.0,"recency":1,"frp":0.8,"confidence":"nominal"}},{"type":"Feature","geometry":{"type":"Point","coordinates":[40.94949,38.0135]},"properties":{"age_h":59.0,"recency":1,"frp":2.6,"confidence":"nominal"}},{"type":"Feature","geometry":{"type":"Point","coordinates":[40.95018,38.01748]},"properties":{"age_h":59.0,"recency":1,"frp":3.2,"confidence":"nominal"}},{"type":"Feature","geometry":{"type":"Point","coordinates":[40.94439,38.02215]},"properties":{"age_h":59.0,"recency":1,"frp":2.8,"confidence":"nominal"}},{"type":"Feature","geometry":{"type":"Point","coordinates":[40.44344,38.04532]},"properties":{"age_h":59.0,"recency":1,"frp":3.1,"confidence":"nominal"}},{"type":"Feature","geometry":{"type":"Point","coordinates":[40.44412,38.04941]},"properties":{"age_h":59.0,"recency":1,"frp":3.1,"confidence":"nominal"}},{"type":"Feature","geometry":{"type":"Point","coordinates":[40.53292,38.07768]},"properties":{"age_h":59.0,"recency":1,"frp":0.9,"confidence":"nominal"}},{"type":"Feature","geometry":{"type":"Point","coordinates":[40.52378,38.07863]},"properties":{"age_h":59.0,"recency":1,"frp":1.1,"confidence":"nominal"}},{"type":"Feature","geometry":{"type":"Point","coordinates":[40.35938,38.08299]},"properties":{"age_h":59.0,"recency":1,"frp":0.8,"confidence":"nominal"}},{"type":"Feature","geometry":{"type":"Point","coordinates":[40.51985,38.08318]},"properties":{"age_h":59.0,"recency":1,"frp":0.6,"confidence":"nominal"}},{"type":"Feature","geometry":{"type":"Point","coordinates":[40.51517,38.08367]},"properties":{"age_h":59.0,"recency":1,"frp":0.6,"confidence":"nominal"}},{"type":"Feature","geometry":{"type":"Point","coordinates":[41.30667,38.08629]},"properties":{"age_h":59.0,"recency":1,"frp":14.3,"confidence":"nominal"}},{"type":"Feature","geometry":{"type":"Point","coordinates":[40.60093,38.09511]},"properties":{"age_h":59.0,"recency":1,"frp":0.7,"confidence":"nominal"}},{"type":"Feature","geometry":{"type":"Point","coordinates":[40.64974,38.13554]},"properties":{"age_h":59.0,"recency":1,"frp":0.7,"confidence":"nominal"}},{"type":"Feature","geometry":{"type":"Point","coordinates":[40.65045,38.13958]},"properties":{"age_h":59.0,"recency":1,"frp":0.9,"confidence":"nominal"}},{"type":"Feature","geometry":{"type":"Point","coordinates":[40.64662,38.1441]},"properties":{"age_h":59.0,"recency":1,"frp":1.0,"confidence":"nominal"}},{"type":"Feature","geometry":{"type":"Point","coordinates":[40.48551,38.18132]},"properties":{"age_h":59.0,"recency":1,"frp":1.0,"confidence":"nominal"}},{"type":"Feature","geometry":{"type":"Point","coordinates":[39.86353,38.18751]},"properties":{"age_h":59.0,"recency":1,"frp":2.7,"confidence":"nominal"}},{"type":"Feature","geometry":{"type":"Point","coordinates":[40.34217,38.20429]},"properties":{"age_h":59.0,"recency":1,"frp":0.8,"confidence":"nominal"}},{"type":"Feature","geometry":{"type":"Point","coordinates":[40.544,38.2079]},"properties":{"age_h":59.0,"recency":1,"frp":0.5,"confidence":"nominal"}},{"type":"Feature","geometry":{"type":"Point","coordinates":[40.53638,38.21695]},"properties":{"age_h":59.0,"recency":1,"frp":0.7,"confidence":"nominal"}},{"type":"Feature","geometry":{"type":"Point","coordinates":[32.34202,38.67563]},"properties":{"age_h":59.0,"recency":1,"frp":1.5,"confidence":"nominal"}},{"type":"Feature","geometry":{"type":"Point","coordinates":[35.76319,38.85699]},"properties":{"age_h":59.0,"recency":1,"frp":0.4,"confidence":"nominal"}},{"type":"Feature","geometry":{"type":"Point","coordinates":[40.98678,34.06701]},"properties":{"age_h":58.9,"recency":1,"frp":2.2,"confidence":"nominal"}},{"type":"Feature","geometry":{"type":"Point","coordinates":[40.98521,34.06765]},"properties":{"age_h":58.9,"recency":1,"frp":1.8,"confidence":"nominal"}},{"type":"Feature","geometry":{"type":"Point","coordinates":[41.01316,34.25262]},"properties":{"age_h":58.9,"recency":1,"frp":27.8,"confidence":"nominal"}},{"type":"Feature","geometry":{"type":"Point","coordinates":[41.01381,34.25641]},"properties":{"age_h":58.9,"recency":1,"frp":2.2,"confidence":"nominal"}},{"type":"Feature","geometry":{"type":"Point","coordinates":[37.90102,34.6104]},"properties":{"age_h":58.9,"recency":1,"frp":0.4,"confidence":"nominal"}},{"type":"Feature","geometry":{"type":"Point","coordinates":[40.44345,35.30462]},"properties":{"age_h":58.9,"recency":1,"frp":1.4,"confidence":"nominal"}},{"type":"Feature","geometry":{"type":"Point","coordinates":[40.80667,36.13221]},"properties":{"age_h":58.9,"recency":1,"frp":1.7,"confidence":"nominal"}},{"type":"Feature","geometry":{"type":"Point","coordinates":[40.80635,36.13277]},"properties":{"age_h":58.9,"recency":1,"frp":1.1,"confidence":"nominal"}},{"type":"Feature","geometry":{"type":"Point","coordinates":[33.72227,36.26486]},"properties":{"age_h":58.9,"recency":1,"frp":0.9,"confidence":"nominal"}},{"type":"Feature","geometry":{"type":"Point","coordinates":[33.72662,36.26565]},"properties":{"age_h":58.9,"recency":1,"frp":1.4,"confidence":"nominal"}},{"type":"Feature","geometry":{"type":"Point","coordinates":[21.2819,64.66292]},"properties":{"age_h":57.4,"recency":1,"frp":8.5,"confidence":"nominal"}},{"type":"Feature","geometry":{"type":"Point","coordinates":[21.27714,64.66386]},"properties":{"age_h":57.4,"recency":1,"frp":9.0,"confidence":"nominal"}},{"type":"Feature","geometry":{"type":"Point","coordinates":[38.7468,55.25816]},"properties":{"age_h":57.4,"recency":1,"frp":0.7,"confidence":"nominal"}},{"type":"Feature","geometry":{"type":"Point","coordinates":[39.77916,57.53728]},"properties":{"age_h":57.4,"recency":1,"frp":0.7,"confidence":"nominal"}},{"type":"Feature","geometry":{"type":"Point","coordinates":[18.79814,57.70928]},"properties":{"age_h":57.4,"recency":1,"frp":0.9,"confidence":"nominal"}},{"type":"Feature","geometry":{"type":"Point","coordinates":[37.82234,59.13019]},"properties":{"age_h":57.4,"recency":1,"frp":0.8,"confidence":"nominal"}},{"type":"Feature","geometry":{"type":"Point","coordinates":[37.8485,59.14038]},"properties":{"age_h":57.4,"recency":1,"frp":0.9,"confidence":"nominal"}},{"type":"Feature","geometry":{"type":"Point","coordinates":[37.8258,59.14536]},"properties":{"age_h":57.4,"recency":1,"frp":1.2,"confidence":"nominal"}},{"type":"Feature","geometry":{"type":"Point","coordinates":[37.84372,59.14542]},"properties":{"age_h":57.4,"recency":1,"frp":1.1,"confidence":"nominal"}},{"type":"Feature","geometry":{"type":"Point","coordinates":[37.87209,59.14716]},"properties":{"age_h":57.4,"recency":1,"frp":1.5,"confidence":"nominal"}},{"type":"Feature","geometry":{"type":"Point","coordinates":[37.88253,59.14886]},"properties":{"age_h":57.4,"recency":1,"frp":1.5,"confidence":"nominal"}},{"type":"Feature","geometry":{"type":"Point","coordinates":[37.83893,59.15045]},"properties":{"age_h":57.4,"recency":1,"frp":1.1,"confidence":"nominal"}},{"type":"Feature","geometry":{"type":"Point","coordinates":[28.46231,59.38387]},"properties":{"age_h":57.4,"recency":1,"frp":0.8,"confidence":"nominal"}},{"type":"Feature","geometry":{"type":"Point","coordinates":[32.90575,46.16797]},"properties":{"age_h":57.3,"recency":1,"frp":0.5,"confidence":"nominal"}},{"type":"Feature","geometry":{"type":"Point","coordinates":[32.73908,46.58776]},"properties":{"age_h":57.3,"recency":1,"frp":0.9,"confidence":"nominal"}},{"type":"Feature","geometry":{"type":"Point","coordinates":[17.18737,48.45911]},"properties":{"age_h":57.3,"recency":1,"frp":1.4,"confidence":"nominal"}},{"type":"Feature","geometry":{"type":"Point","coordinates":[21.19115,48.60672]},"properties":{"age_h":57.3,"recency":1,"frp":1.6,"confidence":"nominal"}},{"type":"Feature","geometry":{"type":"Point","coordinates":[21.18607,48.61098]},"properties":{"age_h":57.3,"recency":1,"frp":1.6,"confidence":"nominal"}},{"type":"Feature","geometry":{"type":"Point","coordinates":[21.19919,48.61309]},"properties":{"age_h":57.3,"recency":1,"frp":0.9,"confidence":"nominal"}},{"type":"Feature","geometry":{"type":"Point","coordinates":[21.18802,48.61807]},"properties":{"age_h":57.3,"recency":1,"frp":2.0,"confidence":"nominal"}},{"type":"Feature","geometry":{"type":"Point","coordinates":[16.77453,49.21801]},"properties":{"age_h":57.3,"recency":1,"frp":0.7,"confidence":"nominal"}},{"type":"Feature","geometry":{"type":"Point","coordinates":[6.7396,49.35621]},"properties":{"age_h":57.3,"recency":1,"frp":2.9,"confidence":"nominal"}},{"type":"Feature","geometry":{"type":"Point","coordinates":[6.74126,49.36059]},"properties":{"age_h":57.3,"recency":1,"frp":2.4,"confidence":"nominal"}},{"type":"Feature","geometry":{"type":"Point","coordinates":[5.95422,49.50246]},"properties":{"age_h":57.3,"recency":1,"frp":1.0,"confidence":"nominal"}},{"type":"Feature","geometry":{"type":"Point","coordinates":[17.44427,50.00324]},"properties":{"age_h":57.3,"recency":1,"frp":10.2,"confidence":"nominal"}},{"type":"Feature","geometry":{"type":"Point","coordinates":[17.44516,50.00744]},"properties":{"age_h":57.3,"recency":1,"frp":10.2,"confidence":"nominal"}},{"type":"Feature","geometry":{"type":"Point","coordinates":[17.97392,50.53608]},"properties":{"age_h":57.3,"recency":1,"frp":1.7,"confidence":"nominal"}},{"type":"Feature","geometry":{"type":"Point","coordinates":[16.27361,51.08734]},"properties":{"age_h":57.3,"recency":1,"frp":2.1,"confidence":"nominal"}},{"type":"Feature","geometry":{"type":"Point","coordinates":[6.69761,51.36855]},"properties":{"age_h":57.3,"recency":1,"frp":3.1,"confidence":"nominal"}},{"type":"Feature","geometry":{"type":"Point","coordinates":[4.57931,52.48021]},"properties":{"age_h":57.3,"recency":1,"frp":2.2,"confidence":"nominal"}},{"type":"Feature","geometry":{"type":"Point","coordinates":[4.58745,52.48053]},"properties":{"age_h":57.3,"recency":1,"frp":1.8,"confidence":"nominal"}},{"type":"Feature","geometry":{"type":"Point","coordinates":[4.60255,52.49574]},"properties":{"age_h":57.3,"recency":1,"frp":2.2,"confidence":"nominal"}},{"type":"Feature","geometry":{"type":"Point","coordinates":[8.67049,53.13121]},"properties":{"age_h":57.3,"recency":1,"frp":4.2,"confidence":"nominal"}},{"type":"Feature","geometry":{"type":"Point","coordinates":[8.67046,53.1375]},"properties":{"age_h":57.3,"recency":1,"frp":1.6,"confidence":"nominal"}},{"type":"Feature","geometry":{"type":"Point","coordinates":[8.68706,53.13757]},"properties":{"age_h":57.3,"recency":1,"frp":1.2,"confidence":"nominal"}},{"type":"Feature","geometry":{"type":"Point","coordinates":[8.67048,53.14379]},"properties":{"age_h":57.3,"recency":1,"frp":1.6,"confidence":"nominal"}},{"type":"Feature","geometry":{"type":"Point","coordinates":[9.89667,53.52117]},"properties":{"age_h":57.3,"recency":1,"frp":2.7,"confidence":"nominal"}},{"type":"Feature","geometry":{"type":"Point","coordinates":[9.89664,53.52528]},"properties":{"age_h":57.3,"recency":1,"frp":3.1,"confidence":"nominal"}},{"type":"Feature","geometry":{"type":"Point","coordinates":[9.89687,53.52718]},"properties":{"age_h":57.3,"recency":1,"frp":0.6,"confidence":"nominal"}},{"type":"Feature","geometry":{"type":"Point","coordinates":[9.58009,53.87585]},"properties":{"age_h":57.3,"recency":1,"frp":0.8,"confidence":"nominal"}},{"type":"Feature","geometry":{"type":"Point","coordinates":[21.79867,55.09371]},"properties":{"age_h":57.3,"recency":1,"frp":0.7,"confidence":"nominal"}},{"type":"Feature","geometry":{"type":"Point","coordinates":[21.80057,55.09421]},"properties":{"age_h":57.3,"recency":1,"frp":0.8,"confidence":"nominal"}},{"type":"Feature","geometry":{"type":"Point","coordinates":[39.19817,37.39122]},"properties":{"age_h":57.3,"recency":1,"frp":0.9,"confidence":"nominal"}},{"type":"Feature","geometry":{"type":"Point","coordinates":[33.74084,39.25402]},"properties":{"age_h":57.3,"recency":1,"frp":0.5,"confidence":"nominal"}},{"type":"Feature","geometry":{"type":"Point","coordinates":[27.10254,41.027]},"properties":{"age_h":57.3,"recency":1,"frp":1.0,"confidence":"nominal"}},{"type":"Feature","geometry":{"type":"Point","coordinates":[27.10379,41.03055]},"properties":{"age_h":57.3,"recency":1,"frp":1.1,"confidence":"nominal"}},{"type":"Feature","geometry":{"type":"Point","coordinates":[21.4653,42.01531]},"properties":{"age_h":57.3,"recency":1,"frp":1.0,"confidence":"nominal"}},{"type":"Feature","geometry":{"type":"Point","coordinates":[19.36725,42.55117]},"properties":{"age_h":57.3,"recency":1,"frp":0.5,"confidence":"nominal"}},{"type":"Feature","geometry":{"type":"Point","coordinates":[11.83376,43.65904]},"properties":{"age_h":57.3,"recency":1,"frp":0.5,"confidence":"nominal"}},{"type":"Feature","geometry":{"type":"Point","coordinates":[24.0805,44.12405]},"properties":{"age_h":57.3,"recency":1,"frp":0.7,"confidence":"nominal"}},{"type":"Feature","geometry":{"type":"Point","coordinates":[8.94244,44.57738]},"properties":{"age_h":57.3,"recency":1,"frp":1.4,"confidence":"nominal"}},{"type":"Feature","geometry":{"type":"Point","coordinates":[8.94144,44.58136]},"properties":{"age_h":57.3,"recency":1,"frp":1.1,"confidence":"nominal"}},{"type":"Feature","geometry":{"type":"Point","coordinates":[20.97944,44.60018]},"properties":{"age_h":57.3,"recency":1,"frp":0.6,"confidence":"nominal"}},{"type":"Feature","geometry":{"type":"Point","coordinates":[24.89111,44.85209]},"properties":{"age_h":57.3,"recency":1,"frp":0.8,"confidence":"nominal"}},{"type":"Feature","geometry":{"type":"Point","coordinates":[22.45948,44.9281]},"properties":{"age_h":57.3,"recency":1,"frp":0.6,"confidence":"nominal"}},{"type":"Feature","geometry":{"type":"Point","coordinates":[19.53404,45.07339]},"properties":{"age_h":57.3,"recency":1,"frp":2.9,"confidence":"nominal"}},{"type":"Feature","geometry":{"type":"Point","coordinates":[20.08579,45.07875]},"properties":{"age_h":57.3,"recency":1,"frp":0.8,"confidence":"nominal"}},{"type":"Feature","geometry":{"type":"Point","coordinates":[25.41645,45.12474]},"properties":{"age_h":57.3,"recency":1,"frp":1.1,"confidence":"nominal"}},{"type":"Feature","geometry":{"type":"Point","coordinates":[9.93749,45.14802]},"properties":{"age_h":57.3,"recency":1,"frp":1.6,"confidence":"nominal"}},{"type":"Feature","geometry":{"type":"Point","coordinates":[19.70674,45.20597]},"properties":{"age_h":57.3,"recency":1,"frp":0.8,"confidence":"nominal"}},{"type":"Feature","geometry":{"type":"Point","coordinates":[10.99973,45.42814]},"properties":{"age_h":57.3,"recency":1,"frp":0.8,"confidence":"nominal"}},{"type":"Feature","geometry":{"type":"Point","coordinates":[10.21203,45.48108]},"properties":{"age_h":57.3,"recency":1,"frp":2.9,"confidence":"nominal"}},{"type":"Feature","geometry":{"type":"Point","coordinates":[10.2065,45.48127]},"properties":{"age_h":57.3,"recency":1,"frp":2.6,"confidence":"nominal"}},{"type":"Feature","geometry":{"type":"Point","coordinates":[10.20953,45.48295]},"properties":{"age_h":57.3,"recency":1,"frp":2.1,"confidence":"nominal"}},{"type":"Feature","geometry":{"type":"Point","coordinates":[11.49559,45.52204]},"properties":{"age_h":57.3,"recency":1,"frp":2.3,"confidence":"nominal"}},{"type":"Feature","geometry":{"type":"Point","coordinates":[9.46223,45.68458]},"properties":{"age_h":57.3,"recency":1,"frp":0.6,"confidence":"nominal"}},{"type":"Feature","geometry":{"type":"Point","coordinates":[20.63538,45.71791]},"properties":{"age_h":57.3,"recency":1,"frp":0.8,"confidence":"nominal"}},{"type":"Feature","geometry":{"type":"Point","coordinates":[25.27971,45.95148]},"properties":{"age_h":57.3,"recency":1,"frp":0.9,"confidence":"nominal"}},{"type":"Feature","geometry":{"type":"Point","coordinates":[22.86882,45.9557]},"properties":{"age_h":57.3,"recency":1,"frp":1.0,"confidence":"nominal"}},{"type":"Feature","geometry":{"type":"Point","coordinates":[27.12516,46.0493]},"properties":{"age_h":57.3,"recency":1,"frp":0.9,"confidence":"nominal"}},{"type":"Feature","geometry":{"type":"Point","coordinates":[13.62603,46.06727]},"properties":{"age_h":57.3,"recency":1,"frp":1.0,"confidence":"nominal"}},{"type":"Feature","geometry":{"type":"Point","coordinates":[12.73698,46.17573]},"properties":{"age_h":57.3,"recency":1,"frp":0.4,"confidence":"nominal"}},{"type":"Feature","geometry":{"type":"Point","coordinates":[13.07462,46.22739]},"properties":{"age_h":57.3,"recency":1,"frp":2.6,"confidence":"nominal"}},{"type":"Feature","geometry":{"type":"Point","coordinates":[15.56942,46.73641]},"properties":{"age_h":57.3,"recency":1,"frp":0.8,"confidence":"nominal"}},{"type":"Feature","geometry":{"type":"Point","coordinates":[8.26014,47.0707]},"properties":{"age_h":57.3,"recency":1,"frp":1.2,"confidence":"nominal"}},{"type":"Feature","geometry":{"type":"Point","coordinates":[8.26339,47.0734]},"properties":{"age_h":57.3,"recency":1,"frp":1.4,"confidence":"nominal"}},{"type":"Feature","geometry":{"type":"Point","coordinates":[7.55769,47.17744]},"properties":{"age_h":57.3,"recency":1,"frp":0.8,"confidence":"nominal"}},{"type":"Feature","geometry":{"type":"Point","coordinates":[5.75408,35.34925]},"properties":{"age_h":57.2,"recency":1,"frp":0.9,"confidence":"nominal"}},{"type":"Feature","geometry":{"type":"Point","coordinates":[9.88792,35.77862]},"properties":{"age_h":57.2,"recency":1,"frp":1.0,"confidence":"nominal"}},{"type":"Feature","geometry":{"type":"Point","coordinates":[4.44347,35.88253]},"properties":{"age_h":57.2,"recency":1,"frp":1.7,"confidence":"nominal"}},{"type":"Feature","geometry":{"type":"Point","coordinates":[6.79962,36.0856]},"properties":{"age_h":57.2,"recency":1,"frp":1.6,"confidence":"nominal"}},{"type":"Feature","geometry":{"type":"Point","coordinates":[6.80093,36.08821]},"properties":{"age_h":57.2,"recency":1,"frp":1.5,"confidence":"nominal"}},{"type":"Feature","geometry":{"type":"Point","coordinates":[10.28168,36.15906]},"properties":{"age_h":57.2,"recency":1,"frp":0.7,"confidence":"nominal"}},{"type":"Feature","geometry":{"type":"Point","coordinates":[6.61586,36.43108]},"properties":{"age_h":57.2,"recency":1,"frp":1.6,"confidence":"nominal"}},{"type":"Feature","geometry":{"type":"Point","coordinates":[6.61504,36.43226]},"properties":{"age_h":57.2,"recency":1,"frp":1.0,"confidence":"nominal"}},{"type":"Feature","geometry":{"type":"Point","coordinates":[6.2506,36.74899]},"properties":{"age_h":57.2,"recency":1,"frp":4.3,"confidence":"nominal"}},{"type":"Feature","geometry":{"type":"Point","coordinates":[6.24977,36.74988]},"properties":{"age_h":57.2,"recency":1,"frp":4.5,"confidence":"nominal"}},{"type":"Feature","geometry":{"type":"Point","coordinates":[7.30618,36.76411]},"properties":{"age_h":57.2,"recency":1,"frp":1.6,"confidence":"nominal"}},{"type":"Feature","geometry":{"type":"Point","coordinates":[6.97337,36.86837]},"properties":{"age_h":57.2,"recency":1,"frp":4.4,"confidence":"nominal"}},{"type":"Feature","geometry":{"type":"Point","coordinates":[15.16606,37.21286]},"properties":{"age_h":57.2,"recency":1,"frp":0.7,"confidence":"nominal"}},{"type":"Feature","geometry":{"type":"Point","coordinates":[13.7934,37.29921]},"properties":{"age_h":57.2,"recency":1,"frp":0.3,"confidence":"nominal"}},{"type":"Feature","geometry":{"type":"Point","coordinates":[15.02915,37.43674]},"properties":{"age_h":57.2,"recency":1,"frp":0.6,"confidence":"nominal"}},{"type":"Feature","geometry":{"type":"Point","coordinates":[15.02983,37.44081]},"properties":{"age_h":57.2,"recency":1,"frp":0.7,"confidence":"nominal"}},{"type":"Feature","geometry":{"type":"Point","coordinates":[14.99381,37.75412]},"properties":{"age_h":57.2,"recency":1,"frp":1.3,"confidence":"nominal"}},{"type":"Feature","geometry":{"type":"Point","coordinates":[12.89699,37.86473]},"properties":{"age_h":57.2,"recency":1,"frp":0.8,"confidence":"nominal"}},{"type":"Feature","geometry":{"type":"Point","coordinates":[15.20761,38.79512]},"properties":{"age_h":57.2,"recency":1,"frp":11.2,"confidence":"nominal"}},{"type":"Feature","geometry":{"type":"Point","coordinates":[9.04737,39.58421]},"properties":{"age_h":57.2,"recency":1,"frp":0.8,"confidence":"nominal"}},{"type":"Feature","geometry":{"type":"Point","coordinates":[8.61723,40.29417]},"properties":{"age_h":57.2,"recency":1,"frp":3.1,"confidence":"nominal"}},{"type":"Feature","geometry":{"type":"Point","coordinates":[8.60557,40.29462]},"properties":{"age_h":57.2,"recency":1,"frp":1.1,"confidence":"nominal"}},{"type":"Feature","geometry":{"type":"Point","coordinates":[8.61764,40.29727]},"properties":{"age_h":57.2,"recency":1,"frp":1.5,"confidence":"nominal"}},{"type":"Feature","geometry":{"type":"Point","coordinates":[8.61171,40.29747]},"properties":{"age_h":57.2,"recency":1,"frp":1.7,"confidence":"nominal"}},{"type":"Feature","geometry":{"type":"Point","coordinates":[8.60588,40.29766]},"properties":{"age_h":57.2,"recency":1,"frp":1.7,"confidence":"nominal"}},{"type":"Feature","geometry":{"type":"Point","coordinates":[8.60591,40.30058]},"properties":{"age_h":57.2,"recency":1,"frp":1.1,"confidence":"nominal"}},{"type":"Feature","geometry":{"type":"Point","coordinates":[8.81075,40.34368]},"properties":{"age_h":57.2,"recency":1,"frp":0.9,"confidence":"nominal"}},{"type":"Feature","geometry":{"type":"Point","coordinates":[18.03216,40.58653]},"properties":{"age_h":57.2,"recency":1,"frp":1.5,"confidence":"nominal"}},{"type":"Feature","geometry":{"type":"Point","coordinates":[18.00017,40.62777]},"properties":{"age_h":57.2,"recency":1,"frp":0.9,"confidence":"nominal"}},{"type":"Feature","geometry":{"type":"Point","coordinates":[15.7143,41.46484]},"properties":{"age_h":57.2,"recency":1,"frp":1.0,"confidence":"nominal"}},{"type":"Feature","geometry":{"type":"Point","coordinates":[15.70937,41.4653]},"properties":{"age_h":57.2,"recency":1,"frp":1.0,"confidence":"nominal"}},{"type":"Feature","geometry":{"type":"Point","coordinates":[19.6667,41.60458]},"properties":{"age_h":57.2,"recency":1,"frp":0.5,"confidence":"nominal"}},{"type":"Feature","geometry":{"type":"Point","coordinates":[10.67988,34.79787]},"properties":{"age_h":57.2,"recency":1,"frp":0.4,"confidence":"nominal"}},{"type":"Feature","geometry":{"type":"Point","coordinates":[5.71092,34.98177]},"properties":{"age_h":57.2,"recency":1,"frp":2.3,"confidence":"nominal"}},{"type":"Feature","geometry":{"type":"Point","coordinates":[5.70991,34.98556]},"properties":{"age_h":57.2,"recency":1,"frp":2.1,"confidence":"nominal"}},{"type":"Feature","geometry":{"type":"Point","coordinates":[5.64318,35.09464]},"properties":{"age_h":57.2,"recency":1,"frp":1.0,"confidence":"nominal"}},{"type":"Feature","geometry":{"type":"Point","coordinates":[21.27988,64.66529]},"properties":{"age_h":55.7,"recency":1,"frp":1.4,"confidence":"nominal"}},{"type":"Feature","geometry":{"type":"Point","coordinates":[22.22801,65.56541]},"properties":{"age_h":55.7,"recency":1,"frp":11.6,"confidence":"nominal"}},{"type":"Feature","geometry":{"type":"Point","coordinates":[16.17361,60.13215]},"properties":{"age_h":55.7,"recency":1,"frp":1.5,"confidence":"nominal"}},{"type":"Feature","geometry":{"type":"Point","coordinates":[25.52931,60.3]},"properties":{"age_h":55.7,"recency":1,"frp":1.6,"confidence":"nominal"}},{"type":"Feature","geometry":{"type":"Point","coordinates":[25.5242,60.30173]},"properties":{"age_h":55.7,"recency":1,"frp":2.0,"confidence":"nominal"}},{"type":"Feature","geometry":{"type":"Point","coordinates":[23.16272,63.00878]},"properties":{"age_h":55.7,"recency":1,"frp":1.0,"confidence":"nominal"}},{"type":"Feature","geometry":{"type":"Point","coordinates":[23.16579,63.0094]},"properties":{"age_h":55.7,"recency":1,"frp":0.7,"confidence":"nominal"}},{"type":"Feature","geometry":{"type":"Point","coordinates":[7.78248,64.35314]},"properties":{"age_h":55.7,"recency":1,"frp":1.0,"confidence":"nominal"}},{"type":"Feature","geometry":{"type":"Point","coordinates":[21.17166,48.60845]},"properties":{"age_h":55.6,"recency":1,"frp":2.7,"confidence":"nominal"}},{"type":"Feature","geometry":{"type":"Point","coordinates":[17.44521,50.0079]},"properties":{"age_h":55.6,"recency":1,"frp":2.5,"confidence":"nominal"}},{"type":"Feature","geometry":{"type":"Point","coordinates":[16.11498,51.18406]},"properties":{"age_h":55.6,"recency":1,"frp":0.6,"confidence":"nominal"}},{"type":"Feature","geometry":{"type":"Point","coordinates":[8.03015,51.8597]},"properties":{"age_h":55.6,"recency":1,"frp":0.6,"confidence":"nominal"}},{"type":"Feature","geometry":{"type":"Point","coordinates":[8.04845,52.20785]},"properties":{"age_h":55.6,"recency":1,"frp":1.3,"confidence":"nominal"}},{"type":"Feature","geometry":{"type":"Point","coordinates":[8.04161,52.20933]},"properties":{"age_h":55.6,"recency":1,"frp":1.3,"confidence":"nominal"}},{"type":"Feature","geometry":{"type":"Point","coordinates":[4.60967,52.47478]},"properties":{"age_h":55.6,"recency":1,"frp":0.6,"confidence":"nominal"}},{"type":"Feature","geometry":{"type":"Point","coordinates":[4.58504,52.47569]},"properties":{"age_h":55.6,"recency":1,"frp":0.6,"confidence":"nominal"}},{"type":"Feature","geometry":{"type":"Point","coordinates":[4.59239,52.47792]},"properties":{"age_h":55.6,"recency":1,"frp":0.6,"confidence":"nominal"}},{"type":"Feature","geometry":{"type":"Point","coordinates":[4.5825,52.48329]},"properties":{"age_h":55.6,"recency":1,"frp":0.6,"confidence":"nominal"}},{"type":"Feature","geometry":{"type":"Point","coordinates":[19.69473,52.5897]},"properties":{"age_h":55.6,"recency":1,"frp":1.2,"confidence":"nominal"}},{"type":"Feature","geometry":{"type":"Point","coordinates":[8.67767,53.12896]},"properties":{"age_h":55.6,"recency":1,"frp":3.5,"confidence":"nominal"}},{"type":"Feature","geometry":{"type":"Point","coordinates":[8.68985,53.1363]},"properties":{"age_h":55.6,"recency":1,"frp":1.5,"confidence":"nominal"}},{"type":"Feature","geometry":{"type":"Point","coordinates":[8.67703,53.14107]},"properties":{"age_h":55.6,"recency":1,"frp":3.9,"confidence":"nominal"}},{"type":"Feature","geometry":{"type":"Point","coordinates":[9.90631,53.52104]},"properties":{"age_h":55.6,"recency":1,"frp":2.2,"confidence":"nominal"}},{"type":"Feature","geometry":{"type":"Point","coordinates":[9.89878,53.52274]},"properties":{"age_h":55.6,"recency":1,"frp":2.2,"confidence":"nominal"}},{"type":"Feature","geometry":{"type":"Point","coordinates":[-0.59334,53.56666]},"properties":{"age_h":55.6,"recency":1,"frp":1.1,"confidence":"nominal"}},{"type":"Feature","geometry":{"type":"Point","coordinates":[-0.61053,53.57246]},"properties":{"age_h":55.6,"recency":1,"frp":1.8,"confidence":"nominal"}},{"type":"Feature","geometry":{"type":"Point","coordinates":[9.58709,53.87429]},"properties":{"age_h":55.6,"recency":1,"frp":0.6,"confidence":"nominal"}},{"type":"Feature","geometry":{"type":"Point","coordinates":[-3.18815,54.10446]},"properties":{"age_h":55.6,"recency":1,"frp":1.2,"confidence":"nominal"}},{"type":"Feature","geometry":{"type":"Point","coordinates":[21.79936,55.09486]},"properties":{"age_h":55.6,"recency":1,"frp":0.5,"confidence":"nominal"}},{"type":"Feature","geometry":{"type":"Point","coordinates":[-3.6702,56.00861]},"properties":{"age_h":55.6,"recency":1,"frp":1.0,"confidence":"nominal"}},{"type":"Feature","geometry":{"type":"Point","coordinates":[1.66244,57.29544]},"properties":{"age_h":55.6,"recency":1,"frp":0.5,"confidence":"nominal"}},{"type":"Feature","geometry":{"type":"Point","coordinates":[11.42255,58.34612]},"properties":{"age_h":55.6,"recency":1,"frp":0.5,"confidence":"nominal"}},{"type":"Feature","geometry":{"type":"Point","coordinates":[0.86059,58.35378]},"properties":{"age_h":55.6,"recency":1,"frp":2.9,"confidence":"nominal"}},{"type":"Feature","geometry":{"type":"Point","coordinates":[9.6249,59.12925]},"properties":{"age_h":55.6,"recency":1,"frp":2.9,"confidence":"nominal"}},{"type":"Feature","geometry":{"type":"Point","coordinates":[-0.2478,39.66367]},"properties":{"age_h":55.6,"recency":1,"frp":0.7,"confidence":"nominal"}},{"type":"Feature","geometry":{"type":"Point","coordinates":[-3.47635,40.24491]},"properties":{"age_h":55.6,"recency":1,"frp":1.6,"confidence":"nominal"}},{"type":"Feature","geometry":{"type":"Point","coordinates":[8.60314,40.29482]},"properties":{"age_h":55.6,"recency":1,"frp":0.8,"confidence":"nominal"}},{"type":"Feature","geometry":{"type":"Point","coordinates":[8.81812,40.34472]},"properties":{"age_h":55.6,"recency":1,"frp":0.5,"confidence":"nominal"}},{"type":"Feature","geometry":{"type":"Point","coordinates":[0.5399,40.57774]},"properties":{"age_h":55.6,"recency":1,"frp":1.0,"confidence":"nominal"}},{"type":"Feature","geometry":{"type":"Point","coordinates":[15.71033,41.46233]},"properties":{"age_h":55.6,"recency":1,"frp":1.4,"confidence":"nominal"}},{"type":"Feature","geometry":{"type":"Point","coordinates":[-1.4889,41.47403]},"properties":{"age_h":55.6,"recency":1,"frp":1.1,"confidence":"nominal"}},{"type":"Feature","geometry":{"type":"Point","coordinates":[-8.07587,41.66385]},"properties":{"age_h":55.6,"recency":1,"frp":13.2,"confidence":"nominal"}},{"type":"Feature","geometry":{"type":"Point","coordinates":[-8.07647,41.66594]},"properties":{"age_h":55.6,"recency":1,"frp":15.2,"confidence":"high"}},{"type":"Feature","geometry":{"type":"Point","coordinates":[0.17679,41.92487]},"properties":{"age_h":55.6,"recency":1,"frp":0.5,"confidence":"nominal"}},{"type":"Feature","geometry":{"type":"Point","coordinates":[-0.40018,42.94635]},"properties":{"age_h":55.6,"recency":1,"frp":0.7,"confidence":"nominal"}},{"type":"Feature","geometry":{"type":"Point","coordinates":[-1.8465,43.08015]},"properties":{"age_h":55.6,"recency":1,"frp":0.7,"confidence":"nominal"}},{"type":"Feature","geometry":{"type":"Point","coordinates":[-2.77217,43.20672]},"properties":{"age_h":55.6,"recency":1,"frp":0.3,"confidence":"nominal"}},{"type":"Feature","geometry":{"type":"Point","coordinates":[12.54454,43.36423]},"properties":{"age_h":55.6,"recency":1,"frp":0.7,"confidence":"nominal"}},{"type":"Feature","geometry":{"type":"Point","coordinates":[-3.84299,43.44392]},"properties":{"age_h":55.6,"recency":1,"frp":1.2,"confidence":"nominal"}},{"type":"Feature","geometry":{"type":"Point","coordinates":[-5.83469,43.53867]},"properties":{"age_h":55.6,"recency":1,"frp":1.0,"confidence":"nominal"}},{"type":"Feature","geometry":{"type":"Point","coordinates":[4.7201,44.57297]},"properties":{"age_h":55.6,"recency":1,"frp":0.5,"confidence":"nominal"}},{"type":"Feature","geometry":{"type":"Point","coordinates":[8.94524,44.57738]},"properties":{"age_h":55.6,"recency":1,"frp":0.5,"confidence":"nominal"}},{"type":"Feature","geometry":{"type":"Point","coordinates":[8.79293,45.43558]},"properties":{"age_h":55.6,"recency":1,"frp":0.9,"confidence":"nominal"}},{"type":"Feature","geometry":{"type":"Point","coordinates":[10.21298,45.48108]},"properties":{"age_h":55.6,"recency":1,"frp":3.2,"confidence":"nominal"}},{"type":"Feature","geometry":{"type":"Point","coordinates":[10.21298,45.48148]},"properties":{"age_h":55.6,"recency":1,"frp":1.3,"confidence":"nominal"}},{"type":"Feature","geometry":{"type":"Point","coordinates":[9.46575,45.68362]},"properties":{"age_h":55.6,"recency":1,"frp":1.1,"confidence":"nominal"}},{"type":"Feature","geometry":{"type":"Point","coordinates":[5.8226,45.91259]},"properties":{"age_h":55.6,"recency":1,"frp":0.9,"confidence":"nominal"}},{"type":"Feature","geometry":{"type":"Point","coordinates":[13.62161,46.07093]},"properties":{"age_h":55.6,"recency":1,"frp":1.0,"confidence":"nominal"}},{"type":"Feature","geometry":{"type":"Point","coordinates":[12.73885,46.18023]},"properties":{"age_h":55.6,"recency":1,"frp":0.3,"confidence":"nominal"}},{"type":"Feature","geometry":{"type":"Point","coordinates":[4.80946,46.29043]},"properties":{"age_h":55.6,"recency":1,"frp":0.5,"confidence":"nominal"}},{"type":"Feature","geometry":{"type":"Point","coordinates":[-0.14158,46.80801]},"properties":{"age_h":55.6,"recency":1,"frp":0.4,"confidence":"nominal"}},{"type":"Feature","geometry":{"type":"Point","coordinates":[7.56127,47.17621]},"properties":{"age_h":55.6,"recency":1,"frp":1.1,"confidence":"nominal"}},{"type":"Feature","geometry":{"type":"Point","coordinates":[14.32716,48.26476]},"properties":{"age_h":55.6,"recency":1,"frp":1.0,"confidence":"nominal"}},{"type":"Feature","geometry":{"type":"Point","coordinates":[2.98125,48.38774]},"properties":{"age_h":55.6,"recency":1,"frp":1.4,"confidence":"nominal"}},{"type":"Feature","geometry":{"type":"Point","coordinates":[7.81972,48.60055]},"properties":{"age_h":55.6,"recency":1,"frp":1.9,"confidence":"nominal"}},{"type":"Feature","geometry":{"type":"Point","coordinates":[8.61367,49.01701]},"properties":{"age_h":55.6,"recency":1,"frp":0.7,"confidence":"nominal"}},{"type":"Feature","geometry":{"type":"Point","coordinates":[8.32665,49.05817]},"properties":{"age_h":55.6,"recency":1,"frp":0.9,"confidence":"nominal"}},{"type":"Feature","geometry":{"type":"Point","coordinates":[5.8976,49.52435]},"properties":{"age_h":55.6,"recency":1,"frp":0.5,"confidence":"nominal"}},{"type":"Feature","geometry":{"type":"Point","coordinates":[3.49017,50.32963]},"properties":{"age_h":55.6,"recency":1,"frp":0.7,"confidence":"nominal"}},{"type":"Feature","geometry":{"type":"Point","coordinates":[3.4931,50.33621]},"properties":{"age_h":55.6,"recency":1,"frp":0.6,"confidence":"nominal"}},{"type":"Feature","geometry":{"type":"Point","coordinates":[3.49456,50.3395]},"properties":{"age_h":55.6,"recency":1,"frp":0.8,"confidence":"nominal"}},{"type":"Feature","geometry":{"type":"Point","coordinates":[3.56045,50.4032]},"properties":{"age_h":55.6,"recency":1,"frp":0.9,"confidence":"nominal"}},{"type":"Feature","geometry":{"type":"Point","coordinates":[4.41484,50.41257]},"properties":{"age_h":55.6,"recency":1,"frp":0.6,"confidence":"nominal"}},{"type":"Feature","geometry":{"type":"Point","coordinates":[3.99063,50.47114]},"properties":{"age_h":55.6,"recency":1,"frp":1.7,"confidence":"nominal"}},{"type":"Feature","geometry":{"type":"Point","coordinates":[4.19664,50.49019]},"properties":{"age_h":55.6,"recency":1,"frp":0.7,"confidence":"nominal"}},{"type":"Feature","geometry":{"type":"Point","coordinates":[5.36916,50.57266]},"properties":{"age_h":55.6,"recency":1,"frp":0.8,"confidence":"nominal"}},{"type":"Feature","geometry":{"type":"Point","coordinates":[3.44096,50.57491]},"properties":{"age_h":55.6,"recency":1,"frp":0.6,"confidence":"nominal"}},{"type":"Feature","geometry":{"type":"Point","coordinates":[5.67061,50.76284]},"properties":{"age_h":55.6,"recency":1,"frp":0.6,"confidence":"nominal"}},{"type":"Feature","geometry":{"type":"Point","coordinates":[1.88969,50.96959]},"properties":{"age_h":55.6,"recency":1,"frp":0.7,"confidence":"nominal"}},{"type":"Feature","geometry":{"type":"Point","coordinates":[2.25115,51.03387]},"properties":{"age_h":55.6,"recency":1,"frp":0.8,"confidence":"nominal"}},{"type":"Feature","geometry":{"type":"Point","coordinates":[2.29979,51.03959]},"properties":{"age_h":55.6,"recency":1,"frp":0.8,"confidence":"nominal"}},{"type":"Feature","geometry":{"type":"Point","coordinates":[2.29576,51.04374]},"properties":{"age_h":55.6,"recency":1,"frp":0.9,"confidence":"nominal"}},{"type":"Feature","geometry":{"type":"Point","coordinates":[2.29037,51.04464]},"properties":{"age_h":55.6,"recency":1,"frp":0.9,"confidence":"nominal"}},{"type":"Feature","geometry":{"type":"Point","coordinates":[4.27832,51.36326]},"properties":{"age_h":55.6,"recency":1,"frp":1.1,"confidence":"nominal"}},{"type":"Feature","geometry":{"type":"Point","coordinates":[4.2951,51.87388]},"properties":{"age_h":55.6,"recency":1,"frp":0.7,"confidence":"nominal"}},{"type":"Feature","geometry":{"type":"Point","coordinates":[4.29622,51.87443]},"properties":{"age_h":55.6,"recency":1,"frp":0.7,"confidence":"nominal"}},{"type":"Feature","geometry":{"type":"Point","coordinates":[-1.75081,53.33979]},"properties":{"age_h":55.6,"recency":1,"frp":0.9,"confidence":"nominal"}},{"type":"Feature","geometry":{"type":"Point","coordinates":[-5.16959,34.95264]},"properties":{"age_h":55.6,"recency":1,"frp":2.1,"confidence":"nominal"}},{"type":"Feature","geometry":{"type":"Point","coordinates":[-5.17728,34.95721]},"properties":{"age_h":55.6,"recency":1,"frp":1.4,"confidence":"nominal"}},{"type":"Feature","geometry":{"type":"Point","coordinates":[-5.18151,34.95786]},"properties":{"age_h":55.6,"recency":1,"frp":0.5,"confidence":"nominal"}},{"type":"Feature","geometry":{"type":"Point","coordinates":[-5.15959,34.95789]},"properties":{"age_h":55.6,"recency":1,"frp":1.0,"confidence":"nominal"}},{"type":"Feature","geometry":{"type":"Point","coordinates":[5.71503,34.98498]},"properties":{"age_h":55.6,"recency":1,"frp":0.8,"confidence":"nominal"}},{"type":"Feature","geometry":{"type":"Point","coordinates":[5.64808,35.09689]},"properties":{"age_h":55.6,"recency":1,"frp":1.0,"confidence":"nominal"}},{"type":"Feature","geometry":{"type":"Point","coordinates":[5.64476,35.09771]},"properties":{"age_h":55.6,"recency":1,"frp":0.7,"confidence":"nominal"}},{"type":"Feature","geometry":{"type":"Point","coordinates":[-1.34576,35.31114]},"properties":{"age_h":55.6,"recency":1,"frp":0.6,"confidence":"nominal"}},{"type":"Feature","geometry":{"type":"Point","coordinates":[-0.21758,35.76965]},"properties":{"age_h":55.6,"recency":1,"frp":0.8,"confidence":"nominal"}},{"type":"Feature","geometry":{"type":"Point","coordinates":[-0.22267,35.77063]},"properties":{"age_h":55.6,"recency":1,"frp":0.8,"confidence":"nominal"}},{"type":"Feature","geometry":{"type":"Point","coordinates":[-0.25158,35.81081]},"properties":{"age_h":55.6,"recency":1,"frp":0.2,"confidence":"nominal"}},{"type":"Feature","geometry":{"type":"Point","coordinates":[-0.26698,35.81382]},"properties":{"age_h":55.6,"recency":1,"frp":1.3,"confidence":"nominal"}},{"type":"Feature","geometry":{"type":"Point","coordinates":[-0.32339,35.82483]},"properties":{"age_h":55.6,"recency":1,"frp":1.3,"confidence":"nominal"}},{"type":"Feature","geometry":{"type":"Point","coordinates":[4.4485,35.881]},"properties":{"age_h":55.6,"recency":1,"frp":2.2,"confidence":"nominal"}},{"type":"Feature","geometry":{"type":"Point","coordinates":[6.80419,36.08788]},"properties":{"age_h":55.6,"recency":1,"frp":0.6,"confidence":"nominal"}},{"type":"Feature","geometry":{"type":"Point","coordinates":[2.92992,36.13994]},"properties":{"age_h":55.6,"recency":1,"frp":0.6,"confidence":"nominal"}},{"type":"Feature","geometry":{"type":"Point","coordinates":[10.28327,36.1607]},"properties":{"age_h":55.6,"recency":1,"frp":0.5,"confidence":"nominal"}},{"type":"Feature","geometry":{"type":"Point","coordinates":[-5.4251,36.17823]},"properties":{"age_h":55.6,"recency":1,"frp":1.1,"confidence":"nominal"}},{"type":"Feature","geometry":{"type":"Point","coordinates":[6.2255,36.48321]},"properties":{"age_h":55.6,"recency":1,"frp":0.5,"confidence":"nominal"}},{"type":"Feature","geometry":{"type":"Point","coordinates":[2.86901,36.50864]},"properties":{"age_h":55.6,"recency":1,"frp":0.5,"confidence":"nominal"}},{"type":"Feature","geometry":{"type":"Point","coordinates":[-5.10246,36.62995]},"properties":{"age_h":55.6,"recency":1,"frp":1.6,"confidence":"nominal"}},{"type":"Feature","geometry":{"type":"Point","coordinates":[3.2305,36.63237]},"properties":{"age_h":55.6,"recency":1,"frp":1.3,"confidence":"nominal"}},{"type":"Feature","geometry":{"type":"Point","coordinates":[-5.09733,36.6326]},"properties":{"age_h":55.6,"recency":1,"frp":5.1,"confidence":"nominal"}},{"type":"Feature","geometry":{"type":"Point","coordinates":[-5.10168,36.63325]},"properties":{"age_h":55.6,"recency":1,"frp":5.1,"confidence":"nominal"}},{"type":"Feature","geometry":{"type":"Point","coordinates":[-5.10604,36.63389]},"properties":{"age_h":55.6,"recency":1,"frp":1.9,"confidence":"nominal"}},{"type":"Feature","geometry":{"type":"Point","coordinates":[-5.1104,36.63454]},"properties":{"age_h":55.6,"recency":1,"frp":1.9,"confidence":"nominal"}},{"type":"Feature","geometry":{"type":"Point","coordinates":[-5.11476,36.63519]},"properties":{"age_h":55.6,"recency":1,"frp":3.5,"confidence":"nominal"}},{"type":"Feature","geometry":{"type":"Point","coordinates":[-5.09656,36.63589]},"properties":{"age_h":55.6,"recency":1,"frp":5.1,"confidence":"nominal"}},{"type":"Feature","geometry":{"type":"Point","coordinates":[-5.10091,36.63654]},"properties":{"age_h":55.6,"recency":1,"frp":5.1,"confidence":"nominal"}},{"type":"Feature","geometry":{"type":"Point","coordinates":[-5.10524,36.63718]},"properties":{"age_h":55.6,"recency":1,"frp":1.9,"confidence":"nominal"}},{"type":"Feature","geometry":{"type":"Point","coordinates":[-5.10959,36.63784]},"properties":{"age_h":55.6,"recency":1,"frp":1.9,"confidence":"nominal"}},{"type":"Feature","geometry":{"type":"Point","coordinates":[-5.11395,36.63848]},"properties":{"age_h":55.6,"recency":1,"frp":3.5,"confidence":"nominal"}},{"type":"Feature","geometry":{"type":"Point","coordinates":[-5.09138,36.63854]},"properties":{"age_h":55.6,"recency":1,"frp":1.4,"confidence":"nominal"}},{"type":"Feature","geometry":{"type":"Point","coordinates":[-5.11833,36.63913]},"properties":{"age_h":55.6,"recency":1,"frp":3.5,"confidence":"nominal"}},{"type":"Feature","geometry":{"type":"Point","coordinates":[-5.09577,36.63919]},"properties":{"age_h":55.6,"recency":1,"frp":1.3,"confidence":"nominal"}},{"type":"Feature","geometry":{"type":"Point","coordinates":[-5.1001,36.63984]},"properties":{"age_h":55.6,"recency":1,"frp":1.3,"confidence":"nominal"}},{"type":"Feature","geometry":{"type":"Point","coordinates":[-5.11312,36.64177]},"properties":{"age_h":55.6,"recency":1,"frp":1.4,"confidence":"nominal"}},{"type":"Feature","geometry":{"type":"Point","coordinates":[-5.0906,36.64184]},"properties":{"age_h":55.6,"recency":1,"frp":1.4,"confidence":"nominal"}},{"type":"Feature","geometry":{"type":"Point","coordinates":[-5.11752,36.64243]},"properties":{"age_h":55.6,"recency":1,"frp":1.4,"confidence":"nominal"}},{"type":"Feature","geometry":{"type":"Point","coordinates":[-5.09495,36.64249]},"properties":{"age_h":55.6,"recency":1,"frp":1.3,"confidence":"nominal"}},{"type":"Feature","geometry":{"type":"Point","coordinates":[-5.09927,36.64313]},"properties":{"age_h":55.6,"recency":1,"frp":1.3,"confidence":"nominal"}},{"type":"Feature","geometry":{"type":"Point","coordinates":[-5.10357,36.64377]},"properties":{"age_h":55.6,"recency":1,"frp":0.8,"confidence":"nominal"}},{"type":"Feature","geometry":{"type":"Point","coordinates":[-5.08982,36.64513]},"properties":{"age_h":55.6,"recency":1,"frp":0.3,"confidence":"nominal"}},{"type":"Feature","geometry":{"type":"Point","coordinates":[-5.11672,36.64572]},"properties":{"age_h":55.6,"recency":1,"frp":1.4,"confidence":"nominal"}},{"type":"Feature","geometry":{"type":"Point","coordinates":[-5.09416,36.64578]},"properties":{"age_h":55.6,"recency":1,"frp":8.2,"confidence":"nominal"}},{"type":"Feature","geometry":{"type":"Point","coordinates":[-5.09848,36.64642]},"properties":{"age_h":55.6,"recency":1,"frp":8.2,"confidence":"nominal"}},{"type":"Feature","geometry":{"type":"Point","coordinates":[-5.10277,36.64706]},"properties":{"age_h":55.6,"recency":1,"frp":3.1,"confidence":"nominal"}},{"type":"Feature","geometry":{"type":"Point","coordinates":[-5.09771,36.64972]},"properties":{"age_h":55.6,"recency":1,"frp":8.2,"confidence":"nominal"}},{"type":"Feature","geometry":{"type":"Point","coordinates":[-5.10203,36.65036]},"properties":{"age_h":55.6,"recency":1,"frp":3.1,"confidence":"nominal"}},{"type":"Feature","geometry":{"type":"Point","coordinates":[3.12496,36.68266]},"properties":{"age_h":55.6,"recency":1,"frp":0.7,"confidence":"nominal"}},{"type":"Feature","geometry":{"type":"Point","coordinates":[7.30576,36.76437]},"properties":{"age_h":55.6,"recency":1,"frp":0.8,"confidence":"nominal"}},{"type":"Feature","geometry":{"type":"Point","coordinates":[6.96054,36.88194]},"properties":{"age_h":55.6,"recency":1,"frp":0.8,"confidence":"nominal"}},{"type":"Feature","geometry":{"type":"Point","coordinates":[-0.54288,38.37706]},"properties":{"age_h":55.6,"recency":1,"frp":0.9,"confidence":"nominal"}},{"type":"Feature","geometry":{"type":"Point","coordinates":[1.76287,42.69825]},"properties":{"age_h":55.6,"recency":1,"frp":1.0,"confidence":"nominal"}},{"type":"Feature","geometry":{"type":"Point","coordinates":[1.50703,42.90237]},"properties":{"age_h":55.6,"recency":1,"frp":1.0,"confidence":"nominal"}},{"type":"Feature","geometry":{"type":"Point","coordinates":[1.50179,42.90337]},"properties":{"age_h":55.6,"recency":1,"frp":8.3,"confidence":"nominal"}},{"type":"Feature","geometry":{"type":"Point","coordinates":[1.49663,42.90435]},"properties":{"age_h":55.6,"recency":1,"frp":8.3,"confidence":"nominal"}},{"type":"Feature","geometry":{"type":"Point","coordinates":[1.50302,42.90679]},"properties":{"age_h":55.6,"recency":1,"frp":1.1,"confidence":"nominal"}},{"type":"Feature","geometry":{"type":"Point","coordinates":[1.49797,42.90775]},"properties":{"age_h":55.6,"recency":1,"frp":1.1,"confidence":"nominal"}},{"type":"Feature","geometry":{"type":"Point","coordinates":[0.98749,43.88001]},"properties":{"age_h":55.6,"recency":1,"frp":1.0,"confidence":"nominal"}},{"type":"Feature","geometry":{"type":"Point","coordinates":[4.12631,44.56402]},"properties":{"age_h":55.6,"recency":1,"frp":4.4,"confidence":"nominal"}},{"type":"Feature","geometry":{"type":"Point","coordinates":[4.12707,44.56781]},"properties":{"age_h":55.6,"recency":1,"frp":4.4,"confidence":"nominal"}},{"type":"Feature","geometry":{"type":"Point","coordinates":[4.12096,44.56911]},"properties":{"age_h":55.6,"recency":1,"frp":4.4,"confidence":"nominal"}},{"type":"Feature","geometry":{"type":"Point","coordinates":[4.12826,44.57152]},"properties":{"age_h":55.6,"recency":1,"frp":1.1,"confidence":"nominal"}},{"type":"Feature","geometry":{"type":"Point","coordinates":[21.27544,64.66525]},"properties":{"age_h":54.0,"recency":1,"frp":1.5,"confidence":"nominal"}},{"type":"Feature","geometry":{"type":"Point","coordinates":[9.1439,63.32035]},"properties":{"age_h":54.0,"recency":1,"frp":1.2,"confidence":"nominal"}},{"type":"Feature","geometry":{"type":"Point","coordinates":[0.85966,58.35685]},"properties":{"age_h":54.0,"recency":1,"frp":1.2,"confidence":"nominal"}},{"type":"Feature","geometry":{"type":"Point","coordinates":[25.53043,60.29622]},"properties":{"age_h":49.1,"recency":1,"frp":8.9,"confidence":"nominal"}},{"type":"Feature","geometry":{"type":"Point","coordinates":[25.53324,60.29959]},"properties":{"age_h":49.1,"recency":1,"frp":5.1,"confidence":"nominal"}},{"type":"Feature","geometry":{"type":"Point","coordinates":[24.43224,64.64442]},"properties":{"age_h":49.1,"recency":1,"frp":4.8,"confidence":"nominal"}},{"type":"Feature","geometry":{"type":"Point","coordinates":[24.19646,65.76737]},"properties":{"age_h":49.1,"recency":1,"frp":3.8,"confidence":"nominal"}},{"type":"Feature","geometry":{"type":"Point","coordinates":[35.65178,37.17999]},"properties":{"age_h":47.6,"recency":1,"frp":6.0,"confidence":"nominal"}},{"type":"Feature","geometry":{"type":"Point","coordinates":[35.65028,37.18413]},"properties":{"age_h":47.6,"recency":1,"frp":2.9,"confidence":"nominal"}},{"type":"Feature","geometry":{"type":"Point","coordinates":[35.74355,37.24001]},"properties":{"age_h":47.6,"recency":1,"frp":3.8,"confidence":"nominal"}},{"type":"Feature","geometry":{"type":"Point","coordinates":[35.73108,37.24614]},"properties":{"age_h":47.6,"recency":1,"frp":2.2,"confidence":"nominal"}},{"type":"Feature","geometry":{"type":"Point","coordinates":[35.7393,37.25241]},"properties":{"age_h":47.6,"recency":1,"frp":13.6,"confidence":"nominal"}},{"type":"Feature","geometry":{"type":"Point","coordinates":[35.73788,37.25654]},"properties":{"age_h":47.6,"recency":1,"frp":13.6,"confidence":"nominal"}},{"type":"Feature","geometry":{"type":"Point","coordinates":[35.70467,37.26255]},"properties":{"age_h":47.6,"recency":1,"frp":3.5,"confidence":"nominal"}},{"type":"Feature","geometry":{"type":"Point","coordinates":[35.73022,37.26374]},"properties":{"age_h":47.6,"recency":1,"frp":4.4,"confidence":"nominal"}},{"type":"Feature","geometry":{"type":"Point","coordinates":[35.71432,37.26468]},"properties":{"age_h":47.6,"recency":1,"frp":17.6,"confidence":"nominal"}},{"type":"Feature","geometry":{"type":"Point","coordinates":[35.74186,37.2752]},"properties":{"age_h":47.6,"recency":1,"frp":5.9,"confidence":"nominal"}},{"type":"Feature","geometry":{"type":"Point","coordinates":[35.71346,37.2823]},"properties":{"age_h":47.6,"recency":1,"frp":4.7,"confidence":"nominal"}},{"type":"Feature","geometry":{"type":"Point","coordinates":[35.74385,37.28453]},"properties":{"age_h":47.6,"recency":1,"frp":3.6,"confidence":"nominal"}},{"type":"Feature","geometry":{"type":"Point","coordinates":[35.74243,37.28865]},"properties":{"age_h":47.6,"recency":1,"frp":1.2,"confidence":"nominal"}},{"type":"Feature","geometry":{"type":"Point","coordinates":[35.60089,37.31018]},"properties":{"age_h":47.6,"recency":1,"frp":2.8,"confidence":"nominal"}},{"type":"Feature","geometry":{"type":"Point","coordinates":[35.60577,37.31128]},"properties":{"age_h":47.6,"recency":1,"frp":2.8,"confidence":"nominal"}},{"type":"Feature","geometry":{"type":"Point","coordinates":[35.61409,37.31762]},"properties":{"age_h":47.6,"recency":1,"frp":2.7,"confidence":"nominal"}},{"type":"Feature","geometry":{"type":"Point","coordinates":[35.91621,37.33546]},"properties":{"age_h":47.6,"recency":1,"frp":1.9,"confidence":"nominal"}},{"type":"Feature","geometry":{"type":"Point","coordinates":[36.00504,37.34161]},"properties":{"age_h":47.6,"recency":1,"frp":3.4,"confidence":"nominal"}},{"type":"Feature","geometry":{"type":"Point","coordinates":[36.89066,37.34633]},"properties":{"age_h":47.6,"recency":1,"frp":2.8,"confidence":"nominal"}},{"type":"Feature","geometry":{"type":"Point","coordinates":[35.90308,37.35898]},"properties":{"age_h":47.6,"recency":1,"frp":2.6,"confidence":"nominal"}},{"type":"Feature","geometry":{"type":"Point","coordinates":[35.86637,37.36496]},"properties":{"age_h":47.6,"recency":1,"frp":8.5,"confidence":"nominal"}},{"type":"Feature","geometry":{"type":"Point","coordinates":[35.87052,37.36514]},"properties":{"age_h":47.6,"recency":1,"frp":6.6,"confidence":"nominal"}},{"type":"Feature","geometry":{"type":"Point","coordinates":[35.8711,37.366]},"properties":{"age_h":47.6,"recency":1,"frp":15.6,"confidence":"nominal"}},{"type":"Feature","geometry":{"type":"Point","coordinates":[36.91539,37.37051]},"properties":{"age_h":47.6,"recency":1,"frp":3.6,"confidence":"nominal"}},{"type":"Feature","geometry":{"type":"Point","coordinates":[38.0266,37.54015]},"properties":{"age_h":47.6,"recency":1,"frp":4.7,"confidence":"nominal"}},{"type":"Feature","geometry":{"type":"Point","coordinates":[38.54578,37.73663]},"properties":{"age_h":47.6,"recency":1,"frp":6.3,"confidence":"nominal"}},{"type":"Feature","geometry":{"type":"Point","coordinates":[38.84875,37.73743]},"properties":{"age_h":47.6,"recency":1,"frp":38.5,"confidence":"nominal"}},{"type":"Feature","geometry":{"type":"Point","coordinates":[38.54473,37.74023]},"properties":{"age_h":47.6,"recency":1,"frp":15.2,"confidence":"nominal"}},{"type":"Feature","geometry":{"type":"Point","coordinates":[38.95218,37.75688]},"properties":{"age_h":47.6,"recency":1,"frp":8.6,"confidence":"nominal"}},{"type":"Feature","geometry":{"type":"Point","coordinates":[38.87131,37.85542]},"properties":{"age_h":47.6,"recency":1,"frp":3.4,"confidence":"nominal"}},{"type":"Feature","geometry":{"type":"Point","coordinates":[38.87027,37.85897]},"properties":{"age_h":47.6,"recency":1,"frp":3.4,"confidence":"nominal"}},{"type":"Feature","geometry":{"type":"Point","coordinates":[40.0784,37.98272]},"properties":{"age_h":47.6,"recency":1,"frp":3.2,"confidence":"nominal"}},{"type":"Feature","geometry":{"type":"Point","coordinates":[40.27852,37.98349]},"properties":{"age_h":47.6,"recency":1,"frp":3.1,"confidence":"nominal"}},{"type":"Feature","geometry":{"type":"Point","coordinates":[40.43277,38.04949]},"properties":{"age_h":47.6,"recency":1,"frp":8.0,"confidence":"nominal"}},{"type":"Feature","geometry":{"type":"Point","coordinates":[40.33769,38.05747]},"properties":{"age_h":47.6,"recency":1,"frp":5.6,"confidence":"nominal"}},{"type":"Feature","geometry":{"type":"Point","coordinates":[40.09532,38.08861]},"properties":{"age_h":47.6,"recency":1,"frp":3.1,"confidence":"nominal"}},{"type":"Feature","geometry":{"type":"Point","coordinates":[40.09751,38.08972]},"properties":{"age_h":47.6,"recency":1,"frp":3.1,"confidence":"nominal"}},{"type":"Feature","geometry":{"type":"Point","coordinates":[40.52602,38.09762]},"properties":{"age_h":47.6,"recency":1,"frp":3.5,"confidence":"nominal"}},{"type":"Feature","geometry":{"type":"Point","coordinates":[40.4612,38.10393]},"properties":{"age_h":47.6,"recency":1,"frp":4.8,"confidence":"nominal"}},{"type":"Feature","geometry":{"type":"Point","coordinates":[40.46027,38.1073]},"properties":{"age_h":47.6,"recency":1,"frp":7.1,"confidence":"nominal"}},{"type":"Feature","geometry":{"type":"Point","coordinates":[40.24534,38.11549]},"properties":{"age_h":47.6,"recency":1,"frp":6.3,"confidence":"nominal"}},{"type":"Feature","geometry":{"type":"Point","coordinates":[40.64062,38.15269]},"properties":{"age_h":47.6,"recency":1,"frp":10.0,"confidence":"nominal"}},{"type":"Feature","geometry":{"type":"Point","coordinates":[40.63054,38.15445]},"properties":{"age_h":47.6,"recency":1,"frp":5.6,"confidence":"nominal"}},{"type":"Feature","geometry":{"type":"Point","coordinates":[40.63969,38.15603]},"properties":{"age_h":47.6,"recency":1,"frp":10.0,"confidence":"nominal"}},{"type":"Feature","geometry":{"type":"Point","coordinates":[40.24251,38.16116]},"properties":{"age_h":47.6,"recency":1,"frp":11.7,"confidence":"nominal"}},{"type":"Feature","geometry":{"type":"Point","coordinates":[40.63691,38.16608]},"properties":{"age_h":47.6,"recency":1,"frp":19.0,"confidence":"nominal"}},{"type":"Feature","geometry":{"type":"Point","coordinates":[40.47123,38.18024]},"properties":{"age_h":47.6,"recency":1,"frp":20.8,"confidence":"nominal"}},{"type":"Feature","geometry":{"type":"Point","coordinates":[40.47025,38.18359]},"properties":{"age_h":47.6,"recency":1,"frp":19.8,"confidence":"nominal"}},{"type":"Feature","geometry":{"type":"Point","coordinates":[33.21216,38.19223]},"properties":{"age_h":47.6,"recency":1,"frp":6.3,"confidence":"nominal"}},{"type":"Feature","geometry":{"type":"Point","coordinates":[33.21119,38.19367]},"properties":{"age_h":47.6,"recency":1,"frp":6.3,"confidence":"nominal"}},{"type":"Feature","geometry":{"type":"Point","coordinates":[40.59727,38.21281]},"properties":{"age_h":47.6,"recency":1,"frp":2.6,"confidence":"nominal"}},{"type":"Feature","geometry":{"type":"Point","coordinates":[40.56418,38.22815]},"properties":{"age_h":47.6,"recency":1,"frp":7.1,"confidence":"nominal"}},{"type":"Feature","geometry":{"type":"Point","coordinates":[35.21624,38.2292]},"properties":{"age_h":47.6,"recency":1,"frp":3.2,"confidence":"nominal"}},{"type":"Feature","geometry":{"type":"Point","coordinates":[41.57944,38.23856]},"properties":{"age_h":47.6,"recency":1,"frp":7.0,"confidence":"nominal"}},{"type":"Feature","geometry":{"type":"Point","coordinates":[41.57846,38.24184]},"properties":{"age_h":47.6,"recency":1,"frp":4.6,"confidence":"nominal"}},{"type":"Feature","geometry":{"type":"Point","coordinates":[41.57748,38.24511]},"properties":{"age_h":47.6,"recency":1,"frp":4.6,"confidence":"nominal"}},{"type":"Feature","geometry":{"type":"Point","coordinates":[41.5819,38.24583]},"properties":{"age_h":47.6,"recency":1,"frp":9.5,"confidence":"nominal"}},{"type":"Feature","geometry":{"type":"Point","coordinates":[41.05564,38.24783]},"properties":{"age_h":47.6,"recency":1,"frp":2.1,"confidence":"nominal"}},{"type":"Feature","geometry":{"type":"Point","coordinates":[41.58095,38.24911]},"properties":{"age_h":47.6,"recency":1,"frp":3.0,"confidence":"nominal"}},{"type":"Feature","geometry":{"type":"Point","coordinates":[32.24886,38.25058]},"properties":{"age_h":47.6,"recency":1,"frp":5.0,"confidence":"nominal"}},{"type":"Feature","geometry":{"type":"Point","coordinates":[32.26366,38.27011]},"properties":{"age_h":47.6,"recency":1,"frp":6.4,"confidence":"nominal"}},{"type":"Feature","geometry":{"type":"Point","coordinates":[32.22443,38.28142]},"properties":{"age_h":47.6,"recency":1,"frp":4.3,"confidence":"nominal"}},{"type":"Feature","geometry":{"type":"Point","coordinates":[32.16103,38.29267]},"properties":{"age_h":47.6,"recency":1,"frp":7.1,"confidence":"nominal"}},{"type":"Feature","geometry":{"type":"Point","coordinates":[32.21949,38.32865]},"properties":{"age_h":47.6,"recency":1,"frp":4.2,"confidence":"high"}},{"type":"Feature","geometry":{"type":"Point","coordinates":[32.22295,38.32952]},"properties":{"age_h":47.6,"recency":1,"frp":4.2,"confidence":"nominal"}},{"type":"Feature","geometry":{"type":"Point","coordinates":[32.21755,38.33344]},"properties":{"age_h":47.6,"recency":1,"frp":3.3,"confidence":"nominal"}},{"type":"Feature","geometry":{"type":"Point","coordinates":[32.11274,38.3441]},"properties":{"age_h":47.6,"recency":1,"frp":1.9,"confidence":"nominal"}},{"type":"Feature","geometry":{"type":"Point","coordinates":[32.28356,38.34481]},"properties":{"age_h":47.6,"recency":1,"frp":4.5,"confidence":"nominal"}},{"type":"Feature","geometry":{"type":"Point","coordinates":[32.09093,38.34924]},"properties":{"age_h":47.6,"recency":1,"frp":4.6,"confidence":"nominal"}},{"type":"Feature","geometry":{"type":"Point","coordinates":[32.28162,38.34958]},"properties":{"age_h":47.6,"recency":1,"frp":11.1,"confidence":"nominal"}},{"type":"Feature","geometry":{"type":"Point","coordinates":[32.15712,38.38807]},"properties":{"age_h":47.6,"recency":1,"frp":2.8,"confidence":"nominal"}},{"type":"Feature","geometry":{"type":"Point","coordinates":[41.03539,38.41837]},"properties":{"age_h":47.6,"recency":1,"frp":2.9,"confidence":"nominal"}},{"type":"Feature","geometry":{"type":"Point","coordinates":[31.85599,38.43362]},"properties":{"age_h":47.6,"recency":1,"frp":3.3,"confidence":"nominal"}},{"type":"Feature","geometry":{"type":"Point","coordinates":[32.10099,38.61929]},"properties":{"age_h":47.6,"recency":1,"frp":16.7,"confidence":"nominal"}},{"type":"Feature","geometry":{"type":"Point","coordinates":[32.03373,38.62867]},"properties":{"age_h":47.6,"recency":1,"frp":2.0,"confidence":"nominal"}},{"type":"Feature","geometry":{"type":"Point","coordinates":[32.0786,38.65583]},"properties":{"age_h":47.6,"recency":1,"frp":8.2,"confidence":"nominal"}},{"type":"Feature","geometry":{"type":"Point","coordinates":[36.6181,38.90475]},"properties":{"age_h":47.6,"recency":1,"frp":12.1,"confidence":"nominal"}},{"type":"Feature","geometry":{"type":"Point","coordinates":[36.83438,38.98594]},"properties":{"age_h":47.6,"recency":1,"frp":6.6,"confidence":"nominal"}},{"type":"Feature","geometry":{"type":"Point","coordinates":[36.88979,39.01145]},"properties":{"age_h":47.6,"recency":1,"frp":4.1,"confidence":"nominal"}},{"type":"Feature","geometry":{"type":"Point","coordinates":[36.89011,39.0134]},"properties":{"age_h":47.6,"recency":1,"frp":6.8,"confidence":"nominal"}},{"type":"Feature","geometry":{"type":"Point","coordinates":[36.8885,39.01522]},"properties":{"age_h":47.6,"recency":1,"frp":4.1,"confidence":"nominal"}},{"type":"Feature","geometry":{"type":"Point","coordinates":[33.73027,39.15935]},"properties":{"age_h":47.6,"recency":1,"frp":8.9,"confidence":"nominal"}},{"type":"Feature","geometry":{"type":"Point","coordinates":[33.73616,39.16073]},"properties":{"age_h":47.6,"recency":1,"frp":7.2,"confidence":"nominal"}},{"type":"Feature","geometry":{"type":"Point","coordinates":[35.34519,39.2398]},"properties":{"age_h":47.6,"recency":1,"frp":2.9,"confidence":"nominal"}},{"type":"Feature","geometry":{"type":"Point","coordinates":[33.90266,39.242]},"properties":{"age_h":47.6,"recency":1,"frp":6.9,"confidence":"nominal"}},{"type":"Feature","geometry":{"type":"Point","coordinates":[33.64672,39.32498]},"properties":{"age_h":47.6,"recency":1,"frp":12.0,"confidence":"nominal"}},{"type":"Feature","geometry":{"type":"Point","coordinates":[33.69847,39.36572]},"properties":{"age_h":47.6,"recency":1,"frp":5.8,"confidence":"nominal"}},{"type":"Feature","geometry":{"type":"Point","coordinates":[33.69483,39.37435]},"properties":{"age_h":47.6,"recency":1,"frp":9.4,"confidence":"nominal"}},{"type":"Feature","geometry":{"type":"Point","coordinates":[33.83865,39.52448]},"properties":{"age_h":47.6,"recency":1,"frp":5.7,"confidence":"nominal"}},{"type":"Feature","geometry":{"type":"Point","coordinates":[33.82037,39.52492]},"properties":{"age_h":47.6,"recency":1,"frp":7.2,"confidence":"nominal"}},{"type":"Feature","geometry":{"type":"Point","coordinates":[33.82581,39.52618]},"properties":{"age_h":47.6,"recency":1,"frp":7.7,"confidence":"nominal"}},{"type":"Feature","geometry":{"type":"Point","coordinates":[33.84787,39.53131]},"properties":{"age_h":47.6,"recency":1,"frp":5.0,"confidence":"nominal"}},{"type":"Feature","geometry":{"type":"Point","coordinates":[33.84795,39.54538]},"properties":{"age_h":47.6,"recency":1,"frp":8.0,"confidence":"nominal"}},{"type":"Feature","geometry":{"type":"Point","coordinates":[33.79891,39.54809]},"properties":{"age_h":47.6,"recency":1,"frp":15.2,"confidence":"nominal"}},{"type":"Feature","geometry":{"type":"Point","coordinates":[33.80446,39.54937]},"properties":{"age_h":47.6,"recency":1,"frp":24.9,"confidence":"nominal"}},{"type":"Feature","geometry":{"type":"Point","coordinates":[33.81362,39.55618]},"properties":{"age_h":47.6,"recency":1,"frp":5.2,"confidence":"nominal"}},{"type":"Feature","geometry":{"type":"Point","coordinates":[33.8091,39.59164]},"properties":{"age_h":47.6,"recency":1,"frp":4.9,"confidence":"nominal"}},{"type":"Feature","geometry":{"type":"Point","coordinates":[33.81453,39.59291]},"properties":{"age_h":47.6,"recency":1,"frp":3.5,"confidence":"nominal"}},{"type":"Feature","geometry":{"type":"Point","coordinates":[33.81578,39.63536]},"properties":{"age_h":47.6,"recency":1,"frp":12.8,"confidence":"nominal"}},{"type":"Feature","geometry":{"type":"Point","coordinates":[40.54555,40.07193]},"properties":{"age_h":47.6,"recency":1,"frp":9.1,"confidence":"nominal"}},{"type":"Feature","geometry":{"type":"Point","coordinates":[34.92368,40.20328]},"properties":{"age_h":47.6,"recency":1,"frp":2.2,"confidence":"nominal"}},{"type":"Feature","geometry":{"type":"Point","coordinates":[32.63052,40.2044]},"properties":{"age_h":47.6,"recency":1,"frp":3.7,"confidence":"nominal"}},{"type":"Feature","geometry":{"type":"Point","coordinates":[32.73903,40.21623]},"properties":{"age_h":47.6,"recency":1,"frp":2.6,"confidence":"nominal"}},{"type":"Feature","geometry":{"type":"Point","coordinates":[34.38777,40.48939]},"properties":{"age_h":47.6,"recency":1,"frp":3.1,"confidence":"nominal"}},{"type":"Feature","geometry":{"type":"Point","coordinates":[34.2042,40.55517]},"properties":{"age_h":47.6,"recency":1,"frp":3.2,"confidence":"nominal"}},{"type":"Feature","geometry":{"type":"Point","coordinates":[34.36666,40.64056]},"properties":{"age_h":47.6,"recency":1,"frp":4.1,"confidence":"nominal"}},{"type":"Feature","geometry":{"type":"Point","coordinates":[34.37166,40.64168]},"properties":{"age_h":47.6,"recency":1,"frp":4.1,"confidence":"nominal"}},{"type":"Feature","geometry":{"type":"Point","coordinates":[36.33098,34.74876]},"properties":{"age_h":47.6,"recency":1,"frp":3.2,"confidence":"nominal"}},{"type":"Feature","geometry":{"type":"Point","coordinates":[36.49429,35.896]},"properties":{"age_h":47.6,"recency":1,"frp":6.3,"confidence":"nominal"}},{"type":"Feature","geometry":{"type":"Point","coordinates":[40.20456,35.99408]},"properties":{"age_h":47.6,"recency":1,"frp":3.1,"confidence":"nominal"}},{"type":"Feature","geometry":{"type":"Point","coordinates":[36.86435,36.02143]},"properties":{"age_h":47.6,"recency":1,"frp":5.9,"confidence":"nominal"}},{"type":"Feature","geometry":{"type":"Point","coordinates":[36.86274,36.02203]},"properties":{"age_h":47.6,"recency":1,"frp":2.8,"confidence":"nominal"}},{"type":"Feature","geometry":{"type":"Point","coordinates":[39.93024,36.05008]},"properties":{"age_h":47.6,"recency":1,"frp":5.9,"confidence":"nominal"}},{"type":"Feature","geometry":{"type":"Point","coordinates":[36.89238,36.06601]},"properties":{"age_h":47.6,"recency":1,"frp":20.1,"confidence":"nominal"}},{"type":"Feature","geometry":{"type":"Point","coordinates":[37.74605,36.0848]},"properties":{"age_h":47.6,"recency":1,"frp":5.3,"confidence":"nominal"}},{"type":"Feature","geometry":{"type":"Point","coordinates":[36.48063,36.25567]},"properties":{"age_h":47.6,"recency":1,"frp":7.6,"confidence":"nominal"}},{"type":"Feature","geometry":{"type":"Point","coordinates":[36.50882,36.27473]},"properties":{"age_h":47.6,"recency":1,"frp":5.7,"confidence":"nominal"}},{"type":"Feature","geometry":{"type":"Point","coordinates":[36.51341,36.2757]},"properties":{"age_h":47.6,"recency":1,"frp":5.7,"confidence":"nominal"}},{"type":"Feature","geometry":{"type":"Point","coordinates":[36.51046,36.27721]},"properties":{"age_h":47.6,"recency":1,"frp":10.1,"confidence":"nominal"}},{"type":"Feature","geometry":{"type":"Point","coordinates":[36.23749,36.31877]},"properties":{"age_h":47.6,"recency":1,"frp":18.4,"confidence":"nominal"}},{"type":"Feature","geometry":{"type":"Point","coordinates":[36.52193,36.33188]},"properties":{"age_h":47.6,"recency":1,"frp":4.6,"confidence":"nominal"}},{"type":"Feature","geometry":{"type":"Point","coordinates":[36.56142,36.37502]},"properties":{"age_h":47.6,"recency":1,"frp":9.6,"confidence":"nominal"}},{"type":"Feature","geometry":{"type":"Point","coordinates":[36.46756,36.40908]},"properties":{"age_h":47.6,"recency":1,"frp":17.6,"confidence":"nominal"}},{"type":"Feature","geometry":{"type":"Point","coordinates":[38.94227,36.46368]},"properties":{"age_h":47.6,"recency":1,"frp":11.0,"confidence":"nominal"}},{"type":"Feature","geometry":{"type":"Point","coordinates":[38.89983,36.47458]},"properties":{"age_h":47.6,"recency":1,"frp":3.2,"confidence":"nominal"}},{"type":"Feature","geometry":{"type":"Point","coordinates":[40.56095,36.49701]},"properties":{"age_h":47.6,"recency":1,"frp":7.9,"confidence":"nominal"}},{"type":"Feature","geometry":{"type":"Point","coordinates":[36.43432,36.5172]},"properties":{"age_h":47.6,"recency":1,"frp":4.5,"confidence":"nominal"}},{"type":"Feature","geometry":{"type":"Point","coordinates":[41.85162,36.5466]},"properties":{"age_h":47.6,"recency":1,"frp":3.1,"confidence":"nominal"}},{"type":"Feature","geometry":{"type":"Point","coordinates":[40.72672,36.57184]},"properties":{"age_h":47.6,"recency":1,"frp":11.8,"confidence":"nominal"}},{"type":"Feature","geometry":{"type":"Point","coordinates":[38.86829,36.57495]},"properties":{"age_h":47.6,"recency":1,"frp":6.2,"confidence":"nominal"}},{"type":"Feature","geometry":{"type":"Point","coordinates":[38.20536,36.68077]},"properties":{"age_h":47.6,"recency":1,"frp":5.7,"confidence":"nominal"}},{"type":"Feature","geometry":{"type":"Point","coordinates":[39.25406,36.69041]},"properties":{"age_h":47.6,"recency":1,"frp":3.3,"confidence":"nominal"}},{"type":"Feature","geometry":{"type":"Point","coordinates":[40.23207,36.77837]},"properties":{"age_h":47.6,"recency":1,"frp":4.4,"confidence":"nominal"}},{"type":"Feature","geometry":{"type":"Point","coordinates":[40.2082,36.79214]},"properties":{"age_h":47.6,"recency":1,"frp":11.3,"confidence":"nominal"}},{"type":"Feature","geometry":{"type":"Point","coordinates":[39.97247,36.79788]},"properties":{"age_h":47.6,"recency":1,"frp":2.5,"confidence":"nominal"}},{"type":"Feature","geometry":{"type":"Point","coordinates":[37.42149,36.80006]},"properties":{"age_h":47.6,"recency":1,"frp":5.0,"confidence":"nominal"}},{"type":"Feature","geometry":{"type":"Point","coordinates":[37.42282,36.80047]},"properties":{"age_h":47.6,"recency":1,"frp":7.5,"confidence":"nominal"}},{"type":"Feature","geometry":{"type":"Point","coordinates":[41.23964,36.82378]},"properties":{"age_h":47.6,"recency":1,"frp":4.5,"confidence":"nominal"}},{"type":"Feature","geometry":{"type":"Point","coordinates":[40.92461,36.86142]},"properties":{"age_h":47.6,"recency":1,"frp":4.3,"confidence":"nominal"}},{"type":"Feature","geometry":{"type":"Point","coordinates":[38.27224,36.867]},"properties":{"age_h":47.6,"recency":1,"frp":8.7,"confidence":"nominal"}},{"type":"Feature","geometry":{"type":"Point","coordinates":[38.27059,36.86743]},"properties":{"age_h":47.6,"recency":1,"frp":7.6,"confidence":"nominal"}},{"type":"Feature","geometry":{"type":"Point","coordinates":[35.77957,36.8968]},"properties":{"age_h":47.6,"recency":1,"frp":8.3,"confidence":"nominal"}},{"type":"Feature","geometry":{"type":"Point","coordinates":[35.78186,36.89822]},"properties":{"age_h":47.6,"recency":1,"frp":8.1,"confidence":"nominal"}},{"type":"Feature","geometry":{"type":"Point","coordinates":[35.77813,36.90096]},"properties":{"age_h":47.6,"recency":1,"frp":11.0,"confidence":"nominal"}},{"type":"Feature","geometry":{"type":"Point","coordinates":[35.78299,36.90205]},"properties":{"age_h":47.6,"recency":1,"frp":7.6,"confidence":"nominal"}},{"type":"Feature","geometry":{"type":"Point","coordinates":[35.78039,36.90236]},"properties":{"age_h":47.6,"recency":1,"frp":8.1,"confidence":"nominal"}},{"type":"Feature","geometry":{"type":"Point","coordinates":[41.92879,36.93249]},"properties":{"age_h":47.6,"recency":1,"frp":8.5,"confidence":"nominal"}},{"type":"Feature","geometry":{"type":"Point","coordinates":[35.85471,36.93587]},"properties":{"age_h":47.6,"recency":1,"frp":4.4,"confidence":"nominal"}},{"type":"Feature","geometry":{"type":"Point","coordinates":[35.97712,36.98946]},"properties":{"age_h":47.6,"recency":1,"frp":3.2,"confidence":"nominal"}},{"type":"Feature","geometry":{"type":"Point","coordinates":[41.80799,37.01838]},"properties":{"age_h":47.6,"recency":1,"frp":28.7,"confidence":"nominal"}},{"type":"Feature","geometry":{"type":"Point","coordinates":[41.80277,37.02096]},"properties":{"age_h":47.6,"recency":1,"frp":32.4,"confidence":"nominal"}},{"type":"Feature","geometry":{"type":"Point","coordinates":[41.72954,37.03986]},"properties":{"age_h":47.6,"recency":1,"frp":4.8,"confidence":"nominal"}},{"type":"Feature","geometry":{"type":"Point","coordinates":[40.24231,37.10604]},"properties":{"age_h":47.6,"recency":1,"frp":4.1,"confidence":"nominal"}},{"type":"Feature","geometry":{"type":"Point","coordinates":[40.24134,37.10946]},"properties":{"age_h":47.6,"recency":1,"frp":16.4,"confidence":"nominal"}},{"type":"Feature","geometry":{"type":"Point","coordinates":[38.98053,37.23898]},"properties":{"age_h":47.6,"recency":1,"frp":5.3,"confidence":"nominal"}},{"type":"Feature","geometry":{"type":"Point","coordinates":[38.97949,37.24255]},"properties":{"age_h":47.6,"recency":1,"frp":4.5,"confidence":"nominal"}},{"type":"Feature","geometry":{"type":"Point","coordinates":[39.0197,37.27283]},"properties":{"age_h":47.6,"recency":1,"frp":3.0,"confidence":"nominal"}},{"type":"Feature","geometry":{"type":"Point","coordinates":[38.34989,37.38306]},"properties":{"age_h":47.6,"recency":1,"frp":11.3,"confidence":"nominal"}},{"type":"Feature","geometry":{"type":"Point","coordinates":[39.49933,37.68584]},"properties":{"age_h":47.6,"recency":1,"frp":3.1,"confidence":"nominal"}},{"type":"Feature","geometry":{"type":"Point","coordinates":[24.09198,41.02121]},"properties":{"age_h":47.6,"recency":1,"frp":6.5,"confidence":"nominal"}},{"type":"Feature","geometry":{"type":"Point","coordinates":[24.09563,41.02642]},"properties":{"age_h":47.6,"recency":1,"frp":3.7,"confidence":"nominal"}},{"type":"Feature","geometry":{"type":"Point","coordinates":[24.46811,43.8806]},"properties":{"age_h":47.6,"recency":1,"frp":6.7,"confidence":"nominal"}},{"type":"Feature","geometry":{"type":"Point","coordinates":[23.56575,43.90988]},"properties":{"age_h":47.6,"recency":1,"frp":5.6,"confidence":"nominal"}},{"type":"Feature","geometry":{"type":"Point","coordinates":[23.22525,44.0732]},"properties":{"age_h":47.6,"recency":1,"frp":3.1,"confidence":"nominal"}},{"type":"Feature","geometry":{"type":"Point","coordinates":[22.96461,44.1982]},"properties":{"age_h":47.6,"recency":1,"frp":15.1,"confidence":"high"}},{"type":"Feature","geometry":{"type":"Point","coordinates":[22.96086,44.20417]},"properties":{"age_h":47.6,"recency":1,"frp":15.1,"confidence":"nominal"}},{"type":"Feature","geometry":{"type":"Point","coordinates":[28.43367,44.20691]},"properties":{"age_h":47.6,"recency":1,"frp":4.2,"confidence":"nominal"}},{"type":"Feature","geometry":{"type":"Point","coordinates":[28.43766,44.208]},"properties":{"age_h":47.6,"recency":1,"frp":2.9,"confidence":"nominal"}},{"type":"Feature","geometry":{"type":"Point","coordinates":[41.70416,44.81081]},"properties":{"age_h":47.6,"recency":1,"frp":5.2,"confidence":"nominal"}},{"type":"Feature","geometry":{"type":"Point","coordinates":[29.58701,45.46729]},"properties":{"age_h":47.6,"recency":1,"frp":78.4,"confidence":"high"}},{"type":"Feature","geometry":{"type":"Point","coordinates":[40.84211,45.61247]},"properties":{"age_h":47.6,"recency":1,"frp":2.9,"confidence":"nominal"}},{"type":"Feature","geometry":{"type":"Point","coordinates":[40.84698,45.6132]},"properties":{"age_h":47.6,"recency":1,"frp":1.5,"confidence":"nominal"}},{"type":"Feature","geometry":{"type":"Point","coordinates":[40.73669,45.62408]},"properties":{"age_h":47.6,"recency":1,"frp":1.8,"confidence":"nominal"}},{"type":"Feature","geometry":{"type":"Point","coordinates":[32.42214,46.19429]},"properties":{"age_h":47.6,"recency":1,"frp":6.9,"confidence":"nominal"}},{"type":"Feature","geometry":{"type":"Point","coordinates":[32.42292,46.19833]},"properties":{"age_h":47.6,"recency":1,"frp":5.7,"confidence":"nominal"}},{"type":"Feature","geometry":{"type":"Point","coordinates":[32.42526,46.19932]},"properties":{"age_h":47.6,"recency":1,"frp":4.1,"confidence":"nominal"}},{"type":"Feature","geometry":{"type":"Point","coordinates":[29.81365,46.39007]},"properties":{"age_h":47.6,"recency":1,"frp":3.7,"confidence":"nominal"}},{"type":"Feature","geometry":{"type":"Point","coordinates":[30.32421,46.47532]},"properties":{"age_h":47.6,"recency":1,"frp":7.0,"confidence":"nominal"}},{"type":"Feature","geometry":{"type":"Point","coordinates":[39.23627,46.76793]},"properties":{"age_h":47.6,"recency":1,"frp":3.4,"confidence":"nominal"}},{"type":"Feature","geometry":{"type":"Point","coordinates":[39.23021,46.7704]},"properties":{"age_h":47.6,"recency":1,"frp":7.9,"confidence":"nominal"}},{"type":"Feature","geometry":{"type":"Point","coordinates":[39.23518,46.77119]},"properties":{"age_h":47.6,"recency":1,"frp":7.9,"confidence":"nominal"}},{"type":"Feature","geometry":{"type":"Point","coordinates":[41.62831,47.0972]},"properties":{"age_h":47.6,"recency":1,"frp":3.3,"confidence":"nominal"}},{"type":"Feature","geometry":{"type":"Point","coordinates":[41.62215,47.09983]},"properties":{"age_h":47.6,"recency":1,"frp":3.3,"confidence":"nominal"}},{"type":"Feature","geometry":{"type":"Point","coordinates":[38.66344,47.31406]},"properties":{"age_h":47.6,"recency":1,"frp":3.9,"confidence":"nominal"}},{"type":"Feature","geometry":{"type":"Point","coordinates":[39.34189,47.44969]},"properties":{"age_h":47.6,"recency":1,"frp":3.4,"confidence":"nominal"}},{"type":"Feature","geometry":{"type":"Point","coordinates":[38.33241,47.51085]},"properties":{"age_h":47.6,"recency":1,"frp":1.8,"confidence":"nominal"}},{"type":"Feature","geometry":{"type":"Point","coordinates":[38.21198,47.67995]},"properties":{"age_h":47.6,"recency":1,"frp":2.0,"confidence":"nominal"}},{"type":"Feature","geometry":{"type":"Point","coordinates":[20.50691,45.00676]},"properties":{"age_h":47.5,"recency":1,"frp":5.9,"confidence":"nominal"}},{"type":"Feature","geometry":{"type":"Point","coordinates":[20.64486,45.44873]},"properties":{"age_h":47.5,"recency":1,"frp":4.9,"confidence":"nominal"}},{"type":"Feature","geometry":{"type":"Point","coordinates":[20.64585,45.45161]},"properties":{"age_h":47.5,"recency":1,"frp":6.3,"confidence":"nominal"}},{"type":"Feature","geometry":{"type":"Point","coordinates":[23.79606,46.10074]},"properties":{"age_h":47.5,"recency":1,"frp":2.8,"confidence":"nominal"}},{"type":"Feature","geometry":{"type":"Point","coordinates":[17.44717,50.00655]},"properties":{"age_h":47.5,"recency":1,"frp":9.6,"confidence":"nominal"}},{"type":"Feature","geometry":{"type":"Point","coordinates":[29.63979,50.5058]},"properties":{"age_h":47.5,"recency":1,"frp":5.6,"confidence":"nominal"}},{"type":"Feature","geometry":{"type":"Point","coordinates":[29.64518,50.50706]},"properties":{"age_h":47.5,"recency":1,"frp":5.6,"confidence":"nominal"}},{"type":"Feature","geometry":{"type":"Point","coordinates":[34.06231,51.94604]},"properties":{"age_h":47.5,"recency":1,"frp":7.4,"confidence":"nominal"}},{"type":"Feature","geometry":{"type":"Point","coordinates":[35.95224,52.20586]},"properties":{"age_h":47.5,"recency":1,"frp":3.9,"confidence":"nominal"}},{"type":"Feature","geometry":{"type":"Point","coordinates":[35.95781,52.2068]},"properties":{"age_h":47.5,"recency":1,"frp":3.4,"confidence":"nominal"}},{"type":"Feature","geometry":{"type":"Point","coordinates":[32.59528,52.35004]},"properties":{"age_h":47.5,"recency":1,"frp":1.8,"confidence":"nominal"}},{"type":"Feature","geometry":{"type":"Point","coordinates":[34.2782,52.40388]},"properties":{"age_h":47.5,"recency":1,"frp":4.3,"confidence":"nominal"}},{"type":"Feature","geometry":{"type":"Point","coordinates":[34.28085,52.40419]},"properties":{"age_h":47.5,"recency":1,"frp":4.3,"confidence":"nominal"}},{"type":"Feature","geometry":{"type":"Point","coordinates":[36.3856,52.63013]},"properties":{"age_h":47.5,"recency":1,"frp":6.2,"confidence":"nominal"}},{"type":"Feature","geometry":{"type":"Point","coordinates":[33.27599,53.27109]},"properties":{"age_h":47.5,"recency":1,"frp":7.0,"confidence":"nominal"}},{"type":"Feature","geometry":{"type":"Point","coordinates":[35.02217,53.32672]},"properties":{"age_h":47.5,"recency":1,"frp":2.0,"confidence":"nominal"}},{"type":"Feature","geometry":{"type":"Point","coordinates":[35.33254,53.51501]},"properties":{"age_h":47.5,"recency":1,"frp":1.7,"confidence":"nominal"}},{"type":"Feature","geometry":{"type":"Point","coordinates":[33.25493,53.679]},"properties":{"age_h":47.5,"recency":1,"frp":4.0,"confidence":"nominal"}},{"type":"Feature","geometry":{"type":"Point","coordinates":[37.8644,54.54723]},"properties":{"age_h":47.5,"recency":1,"frp":3.1,"confidence":"nominal"}},{"type":"Feature","geometry":{"type":"Point","coordinates":[20.33488,54.7557]},"properties":{"age_h":47.5,"recency":1,"frp":1.7,"confidence":"nominal"}},{"type":"Feature","geometry":{"type":"Point","coordinates":[30.07032,59.06018]},"properties":{"age_h":47.5,"recency":1,"frp":7.3,"confidence":"nominal"}},{"type":"Feature","geometry":{"type":"Point","coordinates":[28.46187,59.3838]},"properties":{"age_h":47.5,"recency":1,"frp":2.8,"confidence":"nominal"}},{"type":"Feature","geometry":{"type":"Point","coordinates":[22.23232,65.56076]},"properties":{"age_h":47.5,"recency":1,"frp":4.4,"confidence":"nominal"}},{"type":"Feature","geometry":{"type":"Point","coordinates":[22.22854,65.56389]},"properties":{"age_h":47.5,"recency":1,"frp":6.1,"confidence":"nominal"}},{"type":"Feature","geometry":{"type":"Point","coordinates":[24.19625,65.76768]},"properties":{"age_h":47.5,"recency":1,"frp":5.8,"confidence":"nominal"}},{"type":"Feature","geometry":{"type":"Point","coordinates":[5.30165,35.35839]},"properties":{"age_h":45.9,"recency":1,"frp":6.6,"confidence":"high"}},{"type":"Feature","geometry":{"type":"Point","coordinates":[8.87565,36.29851]},"properties":{"age_h":45.9,"recency":1,"frp":3.8,"confidence":"nominal"}},{"type":"Feature","geometry":{"type":"Point","coordinates":[8.85767,36.37608]},"properties":{"age_h":45.9,"recency":1,"frp":1.9,"confidence":"nominal"}},{"type":"Feature","geometry":{"type":"Point","coordinates":[6.36523,36.46213]},"properties":{"age_h":45.9,"recency":1,"frp":4.2,"confidence":"nominal"}},{"type":"Feature","geometry":{"type":"Point","coordinates":[9.19186,36.47452]},"properties":{"age_h":45.9,"recency":1,"frp":5.7,"confidence":"nominal"}},{"type":"Feature","geometry":{"type":"Point","coordinates":[10.89088,36.64877]},"properties":{"age_h":45.9,"recency":1,"frp":1.9,"confidence":"nominal"}},{"type":"Feature","geometry":{"type":"Point","coordinates":[10.88964,36.76358]},"properties":{"age_h":45.9,"recency":1,"frp":2.9,"confidence":"nominal"}},{"type":"Feature","geometry":{"type":"Point","coordinates":[9.4407,36.77378]},"properties":{"age_h":45.9,"recency":1,"frp":2.8,"confidence":"nominal"}},{"type":"Feature","geometry":{"type":"Point","coordinates":[9.05531,36.83432]},"properties":{"age_h":45.9,"recency":1,"frp":5.8,"confidence":"nominal"}},{"type":"Feature","geometry":{"type":"Point","coordinates":[9.05429,36.8344]},"properties":{"age_h":45.9,"recency":1,"frp":8.7,"confidence":"nominal"}},{"type":"Feature","geometry":{"type":"Point","coordinates":[9.04878,36.83764]},"properties":{"age_h":45.9,"recency":1,"frp":9.2,"confidence":"nominal"}},{"type":"Feature","geometry":{"type":"Point","coordinates":[9.04769,36.83767]},"properties":{"age_h":45.9,"recency":1,"frp":7.4,"confidence":"nominal"}},{"type":"Feature","geometry":{"type":"Point","coordinates":[9.30879,36.84019]},"properties":{"age_h":45.9,"recency":1,"frp":6.7,"confidence":"nominal"}},{"type":"Feature","geometry":{"type":"Point","coordinates":[9.57094,36.87713]},"properties":{"age_h":45.9,"recency":1,"frp":13.3,"confidence":"nominal"}},{"type":"Feature","geometry":{"type":"Point","coordinates":[9.59281,37.02157]},"properties":{"age_h":45.9,"recency":1,"frp":7.4,"confidence":"nominal"}},{"type":"Feature","geometry":{"type":"Point","coordinates":[9.59799,37.02275]},"properties":{"age_h":45.9,"recency":1,"frp":7.4,"confidence":"nominal"}},{"type":"Feature","geometry":{"type":"Point","coordinates":[13.67207,37.2252]},"properties":{"age_h":45.9,"recency":1,"frp":2.4,"confidence":"nominal"}},{"type":"Feature","geometry":{"type":"Point","coordinates":[9.68077,37.22698]},"properties":{"age_h":45.9,"recency":1,"frp":2.0,"confidence":"nominal"}},{"type":"Feature","geometry":{"type":"Point","coordinates":[13.61696,37.35108]},"properties":{"age_h":45.9,"recency":1,"frp":2.7,"confidence":"nominal"}},{"type":"Feature","geometry":{"type":"Point","coordinates":[15.0457,37.36309]},"properties":{"age_h":45.9,"recency":1,"frp":7.0,"confidence":"nominal"}},{"type":"Feature","geometry":{"type":"Point","coordinates":[15.06265,37.41542]},"properties":{"age_h":45.9,"recency":1,"frp":4.0,"confidence":"nominal"}},{"type":"Feature","geometry":{"type":"Point","coordinates":[13.75004,37.48249]},"properties":{"age_h":45.9,"recency":1,"frp":14.9,"confidence":"nominal"}},{"type":"Feature","geometry":{"type":"Point","coordinates":[14.0892,37.52335]},"properties":{"age_h":45.9,"recency":1,"frp":3.6,"confidence":"nominal"}},{"type":"Feature","geometry":{"type":"Point","coordinates":[13.34395,37.53506]},"properties":{"age_h":45.9,"recency":1,"frp":3.6,"confidence":"nominal"}},{"type":"Feature","geometry":{"type":"Point","coordinates":[13.34289,37.53865]},"properties":{"age_h":45.9,"recency":1,"frp":3.5,"confidence":"nominal"}},{"type":"Feature","geometry":{"type":"Point","coordinates":[13.80469,37.54314]},"properties":{"age_h":45.9,"recency":1,"frp":15.1,"confidence":"nominal"}},{"type":"Feature","geometry":{"type":"Point","coordinates":[14.51513,37.54336]},"properties":{"age_h":45.9,"recency":1,"frp":3.7,"confidence":"nominal"}},{"type":"Feature","geometry":{"type":"Point","coordinates":[14.36797,37.58179]},"properties":{"age_h":45.9,"recency":1,"frp":3.9,"confidence":"nominal"}},{"type":"Feature","geometry":{"type":"Point","coordinates":[13.72811,37.59204]},"properties":{"age_h":45.9,"recency":1,"frp":0.9,"confidence":"nominal"}},{"type":"Feature","geometry":{"type":"Point","coordinates":[12.63214,37.67375]},"properties":{"age_h":45.9,"recency":1,"frp":3.1,"confidence":"nominal"}},{"type":"Feature","geometry":{"type":"Point","coordinates":[13.10925,37.69127]},"properties":{"age_h":45.9,"recency":1,"frp":4.2,"confidence":"nominal"}},{"type":"Feature","geometry":{"type":"Point","coordinates":[12.63629,37.74971]},"properties":{"age_h":45.9,"recency":1,"frp":3.1,"confidence":"nominal"}},{"type":"Feature","geometry":{"type":"Point","coordinates":[12.64186,37.75082]},"properties":{"age_h":45.9,"recency":1,"frp":3.1,"confidence":"nominal"}},{"type":"Feature","geometry":{"type":"Point","coordinates":[12.69089,37.87507]},"properties":{"age_h":45.9,"recency":1,"frp":2.2,"confidence":"nominal"}},{"type":"Feature","geometry":{"type":"Point","coordinates":[12.66102,37.95086]},"properties":{"age_h":45.9,"recency":1,"frp":5.3,"confidence":"nominal"}},{"type":"Feature","geometry":{"type":"Point","coordinates":[16.55879,38.54257]},"properties":{"age_h":45.9,"recency":1,"frp":2.3,"confidence":"nominal"}},{"type":"Feature","geometry":{"type":"Point","coordinates":[16.1755,38.65811]},"properties":{"age_h":45.9,"recency":1,"frp":13.2,"confidence":"nominal"}},{"type":"Feature","geometry":{"type":"Point","coordinates":[16.17991,38.65883]},"properties":{"age_h":45.9,"recency":1,"frp":6.7,"confidence":"nominal"}},{"type":"Feature","geometry":{"type":"Point","coordinates":[16.17463,38.6614]},"properties":{"age_h":45.9,"recency":1,"frp":13.2,"confidence":"nominal"}},{"type":"Feature","geometry":{"type":"Point","coordinates":[16.17905,38.66213]},"properties":{"age_h":45.9,"recency":1,"frp":6.7,"confidence":"nominal"}},{"type":"Feature","geometry":{"type":"Point","coordinates":[16.17376,38.6647]},"properties":{"age_h":45.9,"recency":1,"frp":4.4,"confidence":"nominal"}},{"type":"Feature","geometry":{"type":"Point","coordinates":[16.94281,38.95841]},"properties":{"age_h":45.9,"recency":1,"frp":2.9,"confidence":"nominal"}},{"type":"Feature","geometry":{"type":"Point","coordinates":[16.18545,39.54504]},"properties":{"age_h":45.9,"recency":1,"frp":2.4,"confidence":"nominal"}},{"type":"Feature","geometry":{"type":"Point","coordinates":[33.90027,39.69237]},"properties":{"age_h":45.9,"recency":1,"frp":22.4,"confidence":"nominal"}},{"type":"Feature","geometry":{"type":"Point","coordinates":[33.90916,39.69244]},"properties":{"age_h":45.9,"recency":1,"frp":19.1,"confidence":"nominal"}},{"type":"Feature","geometry":{"type":"Point","coordinates":[33.90067,39.69345]},"properties":{"age_h":45.9,"recency":1,"frp":15.8,"confidence":"nominal"}},{"type":"Feature","geometry":{"type":"Point","coordinates":[33.9094,39.69357]},"properties":{"age_h":45.9,"recency":1,"frp":15.8,"confidence":"nominal"}},{"type":"Feature","geometry":{"type":"Point","coordinates":[18.34189,39.85752]},"properties":{"age_h":45.9,"recency":1,"frp":3.5,"confidence":"nominal"}},{"type":"Feature","geometry":{"type":"Point","coordinates":[16.33858,40.21848]},"properties":{"age_h":45.9,"recency":1,"frp":1.7,"confidence":"nominal"}},{"type":"Feature","geometry":{"type":"Point","coordinates":[16.3045,40.22334]},"properties":{"age_h":45.9,"recency":1,"frp":3.2,"confidence":"nominal"}},{"type":"Feature","geometry":{"type":"Point","coordinates":[16.30722,40.23059]},"properties":{"age_h":45.9,"recency":1,"frp":3.4,"confidence":"nominal"}},{"type":"Feature","geometry":{"type":"Point","coordinates":[16.77169,40.32003]},"properties":{"age_h":45.9,"recency":1,"frp":3.1,"confidence":"nominal"}},{"type":"Feature","geometry":{"type":"Point","coordinates":[16.77978,40.3284]},"properties":{"age_h":45.9,"recency":1,"frp":2.4,"confidence":"nominal"}},{"type":"Feature","geometry":{"type":"Point","coordinates":[17.69961,40.47234]},"properties":{"age_h":45.9,"recency":1,"frp":1.2,"confidence":"nominal"}},{"type":"Feature","geometry":{"type":"Point","coordinates":[18.01122,40.48688]},"properties":{"age_h":45.9,"recency":1,"frp":3.2,"confidence":"nominal"}},{"type":"Feature","geometry":{"type":"Point","coordinates":[17.61715,40.50133]},"properties":{"age_h":45.9,"recency":1,"frp":1.8,"confidence":"nominal"}},{"type":"Feature","geometry":{"type":"Point","coordinates":[17.62074,40.62428]},"properties":{"age_h":45.9,"recency":1,"frp":1.6,"confidence":"nominal"}},{"type":"Feature","geometry":{"type":"Point","coordinates":[19.54478,40.80059]},"properties":{"age_h":45.9,"recency":1,"frp":6.0,"confidence":"nominal"}},{"type":"Feature","geometry":{"type":"Point","coordinates":[19.75506,40.83111]},"properties":{"age_h":45.9,"recency":1,"frp":1.7,"confidence":"nominal"}},{"type":"Feature","geometry":{"type":"Point","coordinates":[16.05565,41.02434]},"properties":{"age_h":45.9,"recency":1,"frp":13.7,"confidence":"nominal"}},{"type":"Feature","geometry":{"type":"Point","coordinates":[23.42871,41.03409]},"properties":{"age_h":45.9,"recency":1,"frp":3.8,"confidence":"nominal"}},{"type":"Feature","geometry":{"type":"Point","coordinates":[23.43166,41.03551]},"properties":{"age_h":45.9,"recency":1,"frp":2.6,"confidence":"nominal"}},{"type":"Feature","geometry":{"type":"Point","coordinates":[15.86725,41.07996]},"properties":{"age_h":45.9,"recency":1,"frp":1.3,"confidence":"nominal"}},{"type":"Feature","geometry":{"type":"Point","coordinates":[15.77319,41.20156]},"properties":{"age_h":45.9,"recency":1,"frp":3.0,"confidence":"nominal"}},{"type":"Feature","geometry":{"type":"Point","coordinates":[13.81862,41.21832]},"properties":{"age_h":45.9,"recency":1,"frp":3.0,"confidence":"nominal"}},{"type":"Feature","geometry":{"type":"Point","coordinates":[14.34737,41.28977]},"properties":{"age_h":45.9,"recency":1,"frp":1.6,"confidence":"nominal"}},{"type":"Feature","geometry":{"type":"Point","coordinates":[14.34637,41.2931]},"properties":{"age_h":45.9,"recency":1,"frp":1.6,"confidence":"nominal"}},{"type":"Feature","geometry":{"type":"Point","coordinates":[26.61542,41.29552]},"properties":{"age_h":45.9,"recency":1,"frp":4.0,"confidence":"nominal"}},{"type":"Feature","geometry":{"type":"Point","coordinates":[26.61416,41.29824]},"properties":{"age_h":45.9,"recency":1,"frp":4.1,"confidence":"nominal"}},{"type":"Feature","geometry":{"type":"Point","coordinates":[15.14882,41.30864]},"properties":{"age_h":45.9,"recency":1,"frp":3.8,"confidence":"nominal"}},{"type":"Feature","geometry":{"type":"Point","coordinates":[13.77043,41.47583]},"properties":{"age_h":45.9,"recency":1,"frp":4.5,"confidence":"nominal"}},{"type":"Feature","geometry":{"type":"Point","coordinates":[13.77528,41.4767]},"properties":{"age_h":45.9,"recency":1,"frp":4.5,"confidence":"nominal"}},{"type":"Feature","geometry":{"type":"Point","coordinates":[13.77423,41.48006]},"properties":{"age_h":45.9,"recency":1,"frp":4.5,"confidence":"nominal"}},{"type":"Feature","geometry":{"type":"Point","coordinates":[15.90695,41.52034]},"properties":{"age_h":45.9,"recency":1,"frp":1.9,"confidence":"nominal"}},{"type":"Feature","geometry":{"type":"Point","coordinates":[13.51167,41.52578]},"properties":{"age_h":45.9,"recency":1,"frp":3.7,"confidence":"nominal"}},{"type":"Feature","geometry":{"type":"Point","coordinates":[15.82946,41.54221]},"properties":{"age_h":45.9,"recency":1,"frp":3.7,"confidence":"nominal"}},{"type":"Feature","geometry":{"type":"Point","coordinates":[19.6054,41.6849]},"properties":{"age_h":45.9,"recency":1,"frp":2.2,"confidence":"nominal"}},{"type":"Feature","geometry":{"type":"Point","coordinates":[13.07428,41.74864]},"properties":{"age_h":45.9,"recency":1,"frp":2.4,"confidence":"nominal"}},{"type":"Feature","geometry":{"type":"Point","coordinates":[15.0399,41.85596]},"properties":{"age_h":45.9,"recency":1,"frp":5.8,"confidence":"nominal"}},{"type":"Feature","geometry":{"type":"Point","coordinates":[15.30369,41.9128]},"properties":{"age_h":45.9,"recency":1,"frp":1.5,"confidence":"nominal"}},{"type":"Feature","geometry":{"type":"Point","coordinates":[13.50116,42.06005]},"properties":{"age_h":45.9,"recency":1,"frp":3.3,"confidence":"nominal"}},{"type":"Feature","geometry":{"type":"Point","coordinates":[12.5781,42.15755]},"properties":{"age_h":45.9,"recency":1,"frp":2.7,"confidence":"nominal"}},{"type":"Feature","geometry":{"type":"Point","coordinates":[25.74911,42.21338]},"properties":{"age_h":45.9,"recency":1,"frp":6.7,"confidence":"nominal"}},{"type":"Feature","geometry":{"type":"Point","coordinates":[14.0226,42.25756]},"properties":{"age_h":45.9,"recency":1,"frp":1.6,"confidence":"nominal"}},{"type":"Feature","geometry":{"type":"Point","coordinates":[11.72974,42.35717]},"properties":{"age_h":45.9,"recency":1,"frp":2.9,"confidence":"nominal"}},{"type":"Feature","geometry":{"type":"Point","coordinates":[26.07191,42.3651]},"properties":{"age_h":45.9,"recency":1,"frp":5.7,"confidence":"nominal"}},{"type":"Feature","geometry":{"type":"Point","coordinates":[26.07133,42.36987]},"properties":{"age_h":45.9,"recency":1,"frp":3.3,"confidence":"nominal"}},{"type":"Feature","geometry":{"type":"Point","coordinates":[14.14059,42.37034]},"properties":{"age_h":45.9,"recency":1,"frp":1.5,"confidence":"nominal"}},{"type":"Feature","geometry":{"type":"Point","coordinates":[11.74742,42.48619]},"properties":{"age_h":45.9,"recency":1,"frp":2.2,"confidence":"nominal"}},{"type":"Feature","geometry":{"type":"Point","coordinates":[18.1634,43.23465]},"properties":{"age_h":45.9,"recency":1,"frp":1.9,"confidence":"nominal"}},{"type":"Feature","geometry":{"type":"Point","coordinates":[23.24809,43.79396]},"properties":{"age_h":45.9,"recency":1,"frp":3.4,"confidence":"nominal"}},{"type":"Feature","geometry":{"type":"Point","coordinates":[23.24931,43.79444]},"properties":{"age_h":45.9,"recency":1,"frp":5.7,"confidence":"nominal"}},{"type":"Feature","geometry":{"type":"Point","coordinates":[24.08807,43.82599]},"properties":{"age_h":45.9,"recency":1,"frp":1.9,"confidence":"nominal"}},{"type":"Feature","geometry":{"type":"Point","coordinates":[24.49043,43.95464]},"properties":{"age_h":45.9,"recency":1,"frp":9.0,"confidence":"nominal"}},{"type":"Feature","geometry":{"type":"Point","coordinates":[24.49657,43.9551]},"properties":{"age_h":45.9,"recency":1,"frp":9.0,"confidence":"nominal"}},{"type":"Feature","geometry":{"type":"Point","coordinates":[27.71585,44.05309]},"properties":{"age_h":45.9,"recency":1,"frp":5.2,"confidence":"nominal"}},{"type":"Feature","geometry":{"type":"Point","coordinates":[22.66446,44.27514]},"properties":{"age_h":45.9,"recency":1,"frp":4.9,"confidence":"nominal"}},{"type":"Feature","geometry":{"type":"Point","coordinates":[1.76607,42.69341]},"properties":{"age_h":45.9,"recency":1,"frp":3.6,"confidence":"nominal"}},{"type":"Feature","geometry":{"type":"Point","coordinates":[1.76973,42.69447]},"properties":{"age_h":45.9,"recency":1,"frp":3.6,"confidence":"nominal"}},{"type":"Feature","geometry":{"type":"Point","coordinates":[1.76285,42.69579]},"properties":{"age_h":45.9,"recency":1,"frp":32.5,"confidence":"nominal"}},{"type":"Feature","geometry":{"type":"Point","coordinates":[1.76686,42.69697]},"properties":{"age_h":45.9,"recency":1,"frp":33.8,"confidence":"high"}},{"type":"Feature","geometry":{"type":"Point","coordinates":[1.75962,42.69769]},"properties":{"age_h":45.9,"recency":1,"frp":19.1,"confidence":"nominal"}},{"type":"Feature","geometry":{"type":"Point","coordinates":[1.76396,42.69894]},"properties":{"age_h":45.9,"recency":1,"frp":24.7,"confidence":"nominal"}},{"type":"Feature","geometry":{"type":"Point","coordinates":[1.76812,42.70015]},"properties":{"age_h":45.9,"recency":1,"frp":24.7,"confidence":"nominal"}},{"type":"Feature","geometry":{"type":"Point","coordinates":[1.76087,42.70137]},"properties":{"age_h":45.9,"recency":1,"frp":6.9,"confidence":"nominal"}},{"type":"Feature","geometry":{"type":"Point","coordinates":[1.99598,42.70502]},"properties":{"age_h":45.9,"recency":1,"frp":12.7,"confidence":"high"}},{"type":"Feature","geometry":{"type":"Point","coordinates":[2.0006,42.70636]},"properties":{"age_h":45.9,"recency":1,"frp":12.7,"confidence":"nominal"}},{"type":"Feature","geometry":{"type":"Point","coordinates":[1.99206,42.70996]},"properties":{"age_h":45.9,"recency":1,"frp":22.2,"confidence":"high"}},{"type":"Feature","geometry":{"type":"Point","coordinates":[1.99715,42.71144]},"properties":{"age_h":45.9,"recency":1,"frp":12.7,"confidence":"high"}},{"type":"Feature","geometry":{"type":"Point","coordinates":[1.49454,42.9013]},"properties":{"age_h":45.9,"recency":1,"frp":5.0,"confidence":"nominal"}},{"type":"Feature","geometry":{"type":"Point","coordinates":[12.99646,43.32729]},"properties":{"age_h":45.9,"recency":1,"frp":2.9,"confidence":"nominal"}},{"type":"Feature","geometry":{"type":"Point","coordinates":[12.97347,43.78555]},"properties":{"age_h":45.9,"recency":1,"frp":3.3,"confidence":"nominal"}},{"type":"Feature","geometry":{"type":"Point","coordinates":[12.97846,43.78643]},"properties":{"age_h":45.9,"recency":1,"frp":5.4,"confidence":"nominal"}},{"type":"Feature","geometry":{"type":"Point","coordinates":[12.05471,44.14151]},"properties":{"age_h":45.9,"recency":1,"frp":1.1,"confidence":"nominal"}},{"type":"Feature","geometry":{"type":"Point","coordinates":[11.39513,44.51862]},"properties":{"age_h":45.9,"recency":1,"frp":4.8,"confidence":"nominal"}},{"type":"Feature","geometry":{"type":"Point","coordinates":[21.01595,44.56279]},"properties":{"age_h":45.9,"recency":1,"frp":2.5,"confidence":"nominal"}},{"type":"Feature","geometry":{"type":"Point","coordinates":[21.19273,44.58842]},"properties":{"age_h":45.9,"recency":1,"frp":6.8,"confidence":"nominal"}},{"type":"Feature","geometry":{"type":"Point","coordinates":[21.19196,44.59225]},"properties":{"age_h":45.9,"recency":1,"frp":12.5,"confidence":"nominal"}},{"type":"Feature","geometry":{"type":"Point","coordinates":[10.82558,44.76797]},"properties":{"age_h":45.9,"recency":1,"frp":1.8,"confidence":"nominal"}},{"type":"Feature","geometry":{"type":"Point","coordinates":[22.80898,44.86211]},"properties":{"age_h":45.9,"recency":1,"frp":1.3,"confidence":"nominal"}},{"type":"Feature","geometry":{"type":"Point","coordinates":[16.18594,44.87601]},"properties":{"age_h":45.9,"recency":1,"frp":2.3,"confidence":"nominal"}},{"type":"Feature","geometry":{"type":"Point","coordinates":[19.43867,44.98553]},"properties":{"age_h":45.9,"recency":1,"frp":9.6,"confidence":"nominal"}},{"type":"Feature","geometry":{"type":"Point","coordinates":[19.42634,45.0135]},"properties":{"age_h":45.9,"recency":1,"frp":9.7,"confidence":"nominal"}},{"type":"Feature","geometry":{"type":"Point","coordinates":[19.32881,45.01845]},"properties":{"age_h":45.9,"recency":1,"frp":19.4,"confidence":"nominal"}},{"type":"Feature","geometry":{"type":"Point","coordinates":[19.30496,45.01936]},"properties":{"age_h":45.9,"recency":1,"frp":6.1,"confidence":"nominal"}},{"type":"Feature","geometry":{"type":"Point","coordinates":[7.85948,45.02955]},"properties":{"age_h":45.9,"recency":1,"frp":4.8,"confidence":"nominal"}},{"type":"Feature","geometry":{"type":"Point","coordinates":[19.75077,45.06609]},"properties":{"age_h":45.9,"recency":1,"frp":5.0,"confidence":"nominal"}},{"type":"Feature","geometry":{"type":"Point","coordinates":[19.53717,45.0717]},"properties":{"age_h":45.9,"recency":1,"frp":10.1,"confidence":"nominal"}},{"type":"Feature","geometry":{"type":"Point","coordinates":[19.54046,45.08315]},"properties":{"age_h":45.9,"recency":1,"frp":9.6,"confidence":"nominal"}},{"type":"Feature","geometry":{"type":"Point","coordinates":[11.41922,45.09142]},"properties":{"age_h":45.9,"recency":1,"frp":2.6,"confidence":"nominal"}},{"type":"Feature","geometry":{"type":"Point","coordinates":[11.42461,45.09243]},"properties":{"age_h":45.9,"recency":1,"frp":2.6,"confidence":"nominal"}},{"type":"Feature","geometry":{"type":"Point","coordinates":[19.56224,45.09303]},"properties":{"age_h":45.9,"recency":1,"frp":33.9,"confidence":"high"}},{"type":"Feature","geometry":{"type":"Point","coordinates":[11.61365,45.19479]},"properties":{"age_h":45.9,"recency":1,"frp":3.6,"confidence":"nominal"}},{"type":"Feature","geometry":{"type":"Point","coordinates":[19.63301,45.20141]},"properties":{"age_h":45.9,"recency":1,"frp":4.6,"confidence":"nominal"}},{"type":"Feature","geometry":{"type":"Point","coordinates":[19.63224,45.20503]},"properties":{"age_h":45.9,"recency":1,"frp":4.6,"confidence":"nominal"}},{"type":"Feature","geometry":{"type":"Point","coordinates":[20.66261,45.21343]},"properties":{"age_h":45.9,"recency":1,"frp":3.2,"confidence":"nominal"}},{"type":"Feature","geometry":{"type":"Point","coordinates":[20.81536,45.25257]},"properties":{"age_h":45.9,"recency":1,"frp":8.8,"confidence":"nominal"}},{"type":"Feature","geometry":{"type":"Point","coordinates":[21.9024,45.3401]},"properties":{"age_h":45.9,"recency":1,"frp":2.6,"confidence":"nominal"}},{"type":"Feature","geometry":{"type":"Point","coordinates":[9.51359,45.37347]},"properties":{"age_h":45.9,"recency":1,"frp":4.7,"confidence":"nominal"}},{"type":"Feature","geometry":{"type":"Point","coordinates":[29.55904,45.45538]},"properties":{"age_h":45.9,"recency":1,"frp":9.4,"confidence":"nominal"}},{"type":"Feature","geometry":{"type":"Point","coordinates":[29.56489,45.45553]},"properties":{"age_h":45.9,"recency":1,"frp":18.7,"confidence":"nominal"}},{"type":"Feature","geometry":{"type":"Point","coordinates":[8.63189,45.45559]},"properties":{"age_h":45.9,"recency":1,"frp":2.9,"confidence":"nominal"}},{"type":"Feature","geometry":{"type":"Point","coordinates":[29.57078,45.45568]},"properties":{"age_h":45.9,"recency":1,"frp":18.7,"confidence":"nominal"}},{"type":"Feature","geometry":{"type":"Point","coordinates":[8.63136,45.45733]},"properties":{"age_h":45.9,"recency":1,"frp":1.2,"confidence":"nominal"}},{"type":"Feature","geometry":{"type":"Point","coordinates":[29.56465,45.46137]},"properties":{"age_h":45.9,"recency":1,"frp":18.7,"confidence":"nominal"}},{"type":"Feature","geometry":{"type":"Point","coordinates":[29.57051,45.46153]},"properties":{"age_h":45.9,"recency":1,"frp":18.7,"confidence":"nominal"}},{"type":"Feature","geometry":{"type":"Point","coordinates":[29.57638,45.46168]},"properties":{"age_h":45.9,"recency":1,"frp":15.2,"confidence":"nominal"}},{"type":"Feature","geometry":{"type":"Point","coordinates":[29.58225,45.46184]},"properties":{"age_h":45.9,"recency":1,"frp":15.2,"confidence":"nominal"}},{"type":"Feature","geometry":{"type":"Point","coordinates":[29.58199,45.46769]},"properties":{"age_h":45.9,"recency":1,"frp":20.0,"confidence":"nominal"}},{"type":"Feature","geometry":{"type":"Point","coordinates":[29.58787,45.46784]},"properties":{"age_h":45.9,"recency":1,"frp":14.6,"confidence":"nominal"}},{"type":"Feature","geometry":{"type":"Point","coordinates":[11.37491,45.50777]},"properties":{"age_h":45.9,"recency":1,"frp":6.4,"confidence":"nominal"}},{"type":"Feature","geometry":{"type":"Point","coordinates":[9.47665,45.58493]},"properties":{"age_h":45.9,"recency":1,"frp":3.5,"confidence":"nominal"}},{"type":"Feature","geometry":{"type":"Point","coordinates":[20.61879,45.62706]},"properties":{"age_h":45.9,"recency":1,"frp":8.3,"confidence":"nominal"}},{"type":"Feature","geometry":{"type":"Point","coordinates":[11.6941,45.69918]},"properties":{"age_h":45.9,"recency":1,"frp":2.2,"confidence":"nominal"}},{"type":"Feature","geometry":{"type":"Point","coordinates":[9.73089,45.7326]},"properties":{"age_h":45.9,"recency":1,"frp":3.6,"confidence":"nominal"}},{"type":"Feature","geometry":{"type":"Point","coordinates":[11.74733,45.76189]},"properties":{"age_h":45.9,"recency":1,"frp":1.9,"confidence":"nominal"}},{"type":"Feature","geometry":{"type":"Point","coordinates":[21.86574,45.82264]},"properties":{"age_h":45.9,"recency":1,"frp":7.9,"confidence":"nominal"}},{"type":"Feature","geometry":{"type":"Point","coordinates":[29.83206,46.00147]},"properties":{"age_h":45.9,"recency":1,"frp":5.6,"confidence":"nominal"}},{"type":"Feature","geometry":{"type":"Point","coordinates":[14.5846,46.19657]},"properties":{"age_h":45.9,"recency":1,"frp":4.7,"confidence":"nominal"}},{"type":"Feature","geometry":{"type":"Point","coordinates":[14.58951,46.19733]},"properties":{"age_h":45.9,"recency":1,"frp":4.7,"confidence":"nominal"}},{"type":"Feature","geometry":{"type":"Point","coordinates":[32.46738,46.3046]},"properties":{"age_h":45.9,"recency":1,"frp":4.2,"confidence":"nominal"}},{"type":"Feature","geometry":{"type":"Point","coordinates":[32.46692,46.3077]},"properties":{"age_h":45.9,"recency":1,"frp":3.3,"confidence":"nominal"}},{"type":"Feature","geometry":{"type":"Point","coordinates":[10.9424,46.36223]},"properties":{"age_h":45.9,"recency":1,"frp":7.1,"confidence":"nominal"}},{"type":"Feature","geometry":{"type":"Point","coordinates":[10.94404,46.3647]},"properties":{"age_h":45.9,"recency":1,"frp":4.0,"confidence":"nominal"}},{"type":"Feature","geometry":{"type":"Point","coordinates":[11.34652,46.42807]},"properties":{"age_h":45.9,"recency":1,"frp":1.7,"confidence":"nominal"}},{"type":"Feature","geometry":{"type":"Point","coordinates":[13.86823,46.60115]},"properties":{"age_h":45.9,"recency":1,"frp":1.3,"confidence":"nominal"}},{"type":"Feature","geometry":{"type":"Point","coordinates":[20.35181,47.57581]},"properties":{"age_h":45.9,"recency":1,"frp":5.7,"confidence":"nominal"}},{"type":"Feature","geometry":{"type":"Point","coordinates":[10.30163,47.8213]},"properties":{"age_h":45.9,"recency":1,"frp":1.5,"confidence":"nominal"}},{"type":"Feature","geometry":{"type":"Point","coordinates":[10.30024,47.82469]},"properties":{"age_h":45.9,"recency":1,"frp":2.3,"confidence":"nominal"}},{"type":"Feature","geometry":{"type":"Point","coordinates":[11.63234,48.04311]},"properties":{"age_h":45.9,"recency":1,"frp":1.5,"confidence":"nominal"}},{"type":"Feature","geometry":{"type":"Point","coordinates":[11.31073,48.21443]},"properties":{"age_h":45.9,"recency":1,"frp":2.3,"confidence":"nominal"}},{"type":"Feature","geometry":{"type":"Point","coordinates":[11.25911,48.28669]},"properties":{"age_h":45.9,"recency":1,"frp":7.2,"confidence":"nominal"}},{"type":"Feature","geometry":{"type":"Point","coordinates":[32.09187,48.42897]},"properties":{"age_h":45.9,"recency":1,"frp":3.7,"confidence":"nominal"}},{"type":"Feature","geometry":{"type":"Point","coordinates":[11.71622,48.50701]},"properties":{"age_h":45.9,"recency":1,"frp":3.0,"confidence":"nominal"}},{"type":"Feature","geometry":{"type":"Point","coordinates":[12.19832,48.65536]},"properties":{"age_h":45.9,"recency":1,"frp":1.5,"confidence":"nominal"}},{"type":"Feature","geometry":{"type":"Point","coordinates":[10.02064,48.81261]},"properties":{"age_h":45.9,"recency":1,"frp":1.2,"confidence":"nominal"}},{"type":"Feature","geometry":{"type":"Point","coordinates":[11.83141,48.84206]},"properties":{"age_h":45.9,"recency":1,"frp":4.5,"confidence":"nominal"}},{"type":"Feature","geometry":{"type":"Point","coordinates":[10.60639,48.93828]},"properties":{"age_h":45.9,"recency":1,"frp":3.5,"confidence":"nominal"}},{"type":"Feature","geometry":{"type":"Point","coordinates":[10.80045,49.04497]},"properties":{"age_h":45.9,"recency":1,"frp":1.8,"confidence":"nominal"}},{"type":"Feature","geometry":{"type":"Point","coordinates":[12.82642,49.05421]},"properties":{"age_h":45.9,"recency":1,"frp":2.7,"confidence":"nominal"}},{"type":"Feature","geometry":{"type":"Point","coordinates":[11.00443,49.08487]},"properties":{"age_h":45.9,"recency":1,"frp":1.8,"confidence":"nominal"}},{"type":"Feature","geometry":{"type":"Point","coordinates":[11.36496,49.30415]},"properties":{"age_h":45.9,"recency":1,"frp":1.7,"confidence":"nominal"}},{"type":"Feature","geometry":{"type":"Point","coordinates":[10.82657,49.35725]},"properties":{"age_h":45.9,"recency":1,"frp":2.1,"confidence":"nominal"}},{"type":"Feature","geometry":{"type":"Point","coordinates":[10.83199,49.35822]},"properties":{"age_h":45.9,"recency":1,"frp":2.1,"confidence":"nominal"}},{"type":"Feature","geometry":{"type":"Point","coordinates":[10.72993,49.37901]},"properties":{"age_h":45.9,"recency":1,"frp":1.7,"confidence":"nominal"}},{"type":"Feature","geometry":{"type":"Point","coordinates":[10.63967,49.70273]},"properties":{"age_h":45.9,"recency":1,"frp":3.1,"confidence":"nominal"}},{"type":"Feature","geometry":{"type":"Point","coordinates":[10.32975,49.85137]},"properties":{"age_h":45.9,"recency":1,"frp":1.1,"confidence":"nominal"}},{"type":"Feature","geometry":{"type":"Point","coordinates":[8.99095,49.96515]},"properties":{"age_h":45.9,"recency":1,"frp":2.4,"confidence":"nominal"}},{"type":"Feature","geometry":{"type":"Point","coordinates":[8.91741,50.01097]},"properties":{"age_h":45.9,"recency":1,"frp":1.3,"confidence":"nominal"}},{"type":"Feature","geometry":{"type":"Point","coordinates":[8.91582,50.01436]},"properties":{"age_h":45.9,"recency":1,"frp":1.3,"confidence":"nominal"}},{"type":"Feature","geometry":{"type":"Point","coordinates":[10.15778,50.33281]},"properties":{"age_h":45.9,"recency":1,"frp":2.4,"confidence":"nominal"}},{"type":"Feature","geometry":{"type":"Point","coordinates":[19.29244,50.33454]},"properties":{"age_h":45.9,"recency":1,"frp":3.0,"confidence":"nominal"}},{"type":"Feature","geometry":{"type":"Point","coordinates":[18.14463,50.41585]},"properties":{"age_h":45.9,"recency":1,"frp":8.0,"confidence":"nominal"}},{"type":"Feature","geometry":{"type":"Point","coordinates":[10.27047,50.41705]},"properties":{"age_h":45.9,"recency":1,"frp":3.7,"confidence":"nominal"}},{"type":"Feature","geometry":{"type":"Point","coordinates":[10.75353,50.42643]},"properties":{"age_h":45.9,"recency":1,"frp":5.4,"confidence":"nominal"}},{"type":"Feature","geometry":{"type":"Point","coordinates":[29.34568,51.88956]},"properties":{"age_h":45.9,"recency":1,"frp":4.2,"confidence":"nominal"}},{"type":"Feature","geometry":{"type":"Point","coordinates":[10.54882,50.91677]},"properties":{"age_h":45.8,"recency":1,"frp":4.7,"confidence":"nominal"}},{"type":"Feature","geometry":{"type":"Point","coordinates":[11.13879,50.97568]},"properties":{"age_h":45.8,"recency":1,"frp":2.8,"confidence":"nominal"}},{"type":"Feature","geometry":{"type":"Point","coordinates":[11.1374,50.97892]},"properties":{"age_h":45.8,"recency":1,"frp":2.8,"confidence":"nominal"}},{"type":"Feature","geometry":{"type":"Point","coordinates":[11.11696,50.98592]},"properties":{"age_h":45.8,"recency":1,"frp":0.8,"confidence":"nominal"}},{"type":"Feature","geometry":{"type":"Point","coordinates":[10.32668,50.99961]},"properties":{"age_h":45.8,"recency":1,"frp":1.7,"confidence":"nominal"}},{"type":"Feature","geometry":{"type":"Point","coordinates":[10.32523,51.00288]},"properties":{"age_h":45.8,"recency":1,"frp":2.6,"confidence":"nominal"}},{"type":"Feature","geometry":{"type":"Point","coordinates":[2.3011,51.0443]},"properties":{"age_h":45.8,"recency":1,"frp":2.5,"confidence":"nominal"}},{"type":"Feature","geometry":{"type":"Point","coordinates":[6.35315,51.23325]},"properties":{"age_h":45.8,"recency":1,"frp":1.9,"confidence":"nominal"}},{"type":"Feature","geometry":{"type":"Point","coordinates":[8.2393,51.35909]},"properties":{"age_h":45.8,"recency":1,"frp":2.5,"confidence":"nominal"}},{"type":"Feature","geometry":{"type":"Point","coordinates":[10.06914,51.38424]},"properties":{"age_h":45.8,"recency":1,"frp":3.5,"confidence":"nominal"}},{"type":"Feature","geometry":{"type":"Point","coordinates":[9.11554,51.40244]},"properties":{"age_h":45.8,"recency":1,"frp":5.0,"confidence":"nominal"}},{"type":"Feature","geometry":{"type":"Point","coordinates":[10.0657,51.58453]},"properties":{"age_h":45.8,"recency":1,"frp":2.5,"confidence":"nominal"}},{"type":"Feature","geometry":{"type":"Point","coordinates":[9.58639,51.58549]},"properties":{"age_h":45.8,"recency":1,"frp":3.0,"confidence":"nominal"}},{"type":"Feature","geometry":{"type":"Point","coordinates":[10.24145,51.70851]},"properties":{"age_h":45.8,"recency":1,"frp":1.1,"confidence":"nominal"}},{"type":"Feature","geometry":{"type":"Point","coordinates":[9.08811,51.9297]},"properties":{"age_h":45.8,"recency":1,"frp":1.2,"confidence":"nominal"}},{"type":"Feature","geometry":{"type":"Point","coordinates":[8.04802,52.20694]},"properties":{"age_h":45.8,"recency":1,"frp":2.8,"confidence":"nominal"}},{"type":"Feature","geometry":{"type":"Point","coordinates":[9.34685,52.91042]},"properties":{"age_h":45.8,"recency":1,"frp":0.6,"confidence":"nominal"}},{"type":"Feature","geometry":{"type":"Point","coordinates":[8.69364,53.13538]},"properties":{"age_h":45.8,"recency":1,"frp":4.6,"confidence":"nominal"}},{"type":"Feature","geometry":{"type":"Point","coordinates":[12.20326,53.33617]},"properties":{"age_h":45.8,"recency":1,"frp":2.3,"confidence":"nominal"}},{"type":"Feature","geometry":{"type":"Point","coordinates":[8.35066,56.82419]},"properties":{"age_h":45.8,"recency":1,"frp":1.9,"confidence":"nominal"}},{"type":"Feature","geometry":{"type":"Point","coordinates":[6.89469,58.27739]},"properties":{"age_h":45.8,"recency":1,"frp":6.8,"confidence":"nominal"}},{"type":"Feature","geometry":{"type":"Point","coordinates":[25.5268,60.29612]},"properties":{"age_h":45.8,"recency":1,"frp":7.3,"confidence":"high"}},{"type":"Feature","geometry":{"type":"Point","coordinates":[24.43079,64.64358]},"properties":{"age_h":45.8,"recency":1,"frp":3.4,"confidence":"nominal"}},{"type":"Feature","geometry":{"type":"Point","coordinates":[-4.66443,34.83618]},"properties":{"age_h":44.2,"recency":1,"frp":4.3,"confidence":"nominal"}},{"type":"Feature","geometry":{"type":"Point","coordinates":[-4.66014,34.83675]},"properties":{"age_h":44.2,"recency":1,"frp":4.3,"confidence":"nominal"}},{"type":"Feature","geometry":{"type":"Point","coordinates":[-4.66505,34.83957]},"properties":{"age_h":44.2,"recency":1,"frp":4.3,"confidence":"nominal"}},{"type":"Feature","geometry":{"type":"Point","coordinates":[-0.56816,35.54679]},"properties":{"age_h":44.2,"recency":1,"frp":6.2,"confidence":"nominal"}},{"type":"Feature","geometry":{"type":"Point","coordinates":[6.98915,35.96388]},"properties":{"age_h":44.2,"recency":1,"frp":5.1,"confidence":"nominal"}},{"type":"Feature","geometry":{"type":"Point","coordinates":[6.98973,35.96712]},"properties":{"age_h":44.2,"recency":1,"frp":5.5,"confidence":"nominal"}},{"type":"Feature","geometry":{"type":"Point","coordinates":[6.66545,36.47356]},"properties":{"age_h":44.2,"recency":1,"frp":5.0,"confidence":"nominal"}},{"type":"Feature","geometry":{"type":"Point","coordinates":[6.66798,36.47567]},"properties":{"age_h":44.2,"recency":1,"frp":5.5,"confidence":"nominal"}},{"type":"Feature","geometry":{"type":"Point","coordinates":[-5.09068,36.64162]},"properties":{"age_h":44.2,"recency":1,"frp":33.6,"confidence":"nominal"}},{"type":"Feature","geometry":{"type":"Point","coordinates":[4.30741,36.64166]},"properties":{"age_h":44.2,"recency":1,"frp":1.9,"confidence":"nominal"}},{"type":"Feature","geometry":{"type":"Point","coordinates":[-5.08628,36.6422]},"properties":{"age_h":44.2,"recency":1,"frp":49.3,"confidence":"nominal"}},{"type":"Feature","geometry":{"type":"Point","coordinates":[-5.09139,36.64501]},"properties":{"age_h":44.2,"recency":1,"frp":33.6,"confidence":"nominal"}},{"type":"Feature","geometry":{"type":"Point","coordinates":[-5.08693,36.64561]},"properties":{"age_h":44.2,"recency":1,"frp":49.3,"confidence":"nominal"}},{"type":"Feature","geometry":{"type":"Point","coordinates":[-5.09208,36.64841]},"properties":{"age_h":44.2,"recency":1,"frp":27.1,"confidence":"nominal"}},{"type":"Feature","geometry":{"type":"Point","coordinates":[-5.08757,36.64901]},"properties":{"age_h":44.2,"recency":1,"frp":9.1,"confidence":"nominal"}},{"type":"Feature","geometry":{"type":"Point","coordinates":[-5.10316,36.6574]},"properties":{"age_h":44.2,"recency":1,"frp":5.5,"confidence":"nominal"}},{"type":"Feature","geometry":{"type":"Point","coordinates":[-5.10384,36.66079]},"properties":{"age_h":44.2,"recency":1,"frp":8.5,"confidence":"nominal"}},{"type":"Feature","geometry":{"type":"Point","coordinates":[-5.10452,36.66419]},"properties":{"age_h":44.2,"recency":1,"frp":8.5,"confidence":"nominal"}},{"type":"Feature","geometry":{"type":"Point","coordinates":[-5.09999,36.66479]},"properties":{"age_h":44.2,"recency":1,"frp":8.3,"confidence":"nominal"}},{"type":"Feature","geometry":{"type":"Point","coordinates":[-5.1052,36.66758]},"properties":{"age_h":44.2,"recency":1,"frp":13.2,"confidence":"nominal"}},{"type":"Feature","geometry":{"type":"Point","coordinates":[-5.10068,36.66819]},"properties":{"age_h":44.2,"recency":1,"frp":20.1,"confidence":"nominal"}},{"type":"Feature","geometry":{"type":"Point","coordinates":[-5.10588,36.67099]},"properties":{"age_h":44.2,"recency":1,"frp":13.2,"confidence":"nominal"}},{"type":"Feature","geometry":{"type":"Point","coordinates":[6.51593,36.68924]},"properties":{"age_h":44.2,"recency":1,"frp":9.7,"confidence":"nominal"}},{"type":"Feature","geometry":{"type":"Point","coordinates":[9.32551,36.72535]},"properties":{"age_h":44.2,"recency":1,"frp":8.3,"confidence":"nominal"}},{"type":"Feature","geometry":{"type":"Point","coordinates":[6.95078,36.87886]},"properties":{"age_h":44.2,"recency":1,"frp":4.8,"confidence":"nominal"}},{"type":"Feature","geometry":{"type":"Point","coordinates":[-5.7564,37.47786]},"properties":{"age_h":44.2,"recency":1,"frp":9.1,"confidence":"nominal"}},{"type":"Feature","geometry":{"type":"Point","coordinates":[-5.44216,39.05166]},"properties":{"age_h":44.2,"recency":1,"frp":7.8,"confidence":"nominal"}},{"type":"Feature","geometry":{"type":"Point","coordinates":[-5.43727,39.0523]},"properties":{"age_h":44.2,"recency":1,"frp":7.8,"confidence":"nominal"}},{"type":"Feature","geometry":{"type":"Point","coordinates":[0.18017,41.92477]},"properties":{"age_h":44.2,"recency":1,"frp":6.2,"confidence":"nominal"}},{"type":"Feature","geometry":{"type":"Point","coordinates":[1.75893,42.69664]},"properties":{"age_h":44.2,"recency":1,"frp":13.7,"confidence":"nominal"}},{"type":"Feature","geometry":{"type":"Point","coordinates":[1.76362,42.69691]},"properties":{"age_h":44.2,"recency":1,"frp":13.7,"confidence":"nominal"}},{"type":"Feature","geometry":{"type":"Point","coordinates":[1.76882,42.69721]},"properties":{"age_h":44.2,"recency":1,"frp":22.0,"confidence":"high"}},{"type":"Feature","geometry":{"type":"Point","coordinates":[1.5114,42.89828]},"properties":{"age_h":44.2,"recency":1,"frp":21.1,"confidence":"nominal"}},{"type":"Feature","geometry":{"type":"Point","coordinates":[1.49362,42.90225]},"properties":{"age_h":44.2,"recency":1,"frp":12.6,"confidence":"nominal"}},{"type":"Feature","geometry":{"type":"Point","coordinates":[1.50086,42.90269]},"properties":{"age_h":44.2,"recency":1,"frp":21.1,"confidence":"nominal"}},{"type":"Feature","geometry":{"type":"Point","coordinates":[2.29444,43.21619]},"properties":{"age_h":44.2,"recency":1,"frp":11.3,"confidence":"high"}},{"type":"Feature","geometry":{"type":"Point","coordinates":[2.30316,43.21663]},"properties":{"age_h":44.2,"recency":1,"frp":9.0,"confidence":"high"}},{"type":"Feature","geometry":{"type":"Point","coordinates":[2.30755,43.21684]},"properties":{"age_h":44.2,"recency":1,"frp":9.0,"confidence":"high"}},{"type":"Feature","geometry":{"type":"Point","coordinates":[2.31193,43.21706]},"properties":{"age_h":44.2,"recency":1,"frp":9.9,"confidence":"nominal"}},{"type":"Feature","geometry":{"type":"Point","coordinates":[2.30278,43.22187]},"properties":{"age_h":44.2,"recency":1,"frp":9.0,"confidence":"nominal"}},{"type":"Feature","geometry":{"type":"Point","coordinates":[4.51858,43.68772]},"properties":{"age_h":44.2,"recency":1,"frp":6.2,"confidence":"nominal"}},{"type":"Feature","geometry":{"type":"Point","coordinates":[4.51544,43.68916]},"properties":{"age_h":44.2,"recency":1,"frp":8.7,"confidence":"nominal"}},{"type":"Feature","geometry":{"type":"Point","coordinates":[4.5212,43.68935]},"properties":{"age_h":44.2,"recency":1,"frp":6.1,"confidence":"nominal"}},{"type":"Feature","geometry":{"type":"Point","coordinates":[4.51827,43.6936]},"properties":{"age_h":44.2,"recency":1,"frp":6.2,"confidence":"nominal"}},{"type":"Feature","geometry":{"type":"Point","coordinates":[4.52093,43.69523]},"properties":{"age_h":44.2,"recency":1,"frp":6.1,"confidence":"nominal"}},{"type":"Feature","geometry":{"type":"Point","coordinates":[4.51796,43.69947]},"properties":{"age_h":44.2,"recency":1,"frp":6.1,"confidence":"nominal"}},{"type":"Feature","geometry":{"type":"Point","coordinates":[4.52064,43.7011]},"properties":{"age_h":44.2,"recency":1,"frp":3.7,"confidence":"nominal"}},{"type":"Feature","geometry":{"type":"Point","coordinates":[4.3384,43.78143]},"properties":{"age_h":44.2,"recency":1,"frp":1.8,"confidence":"nominal"}},{"type":"Feature","geometry":{"type":"Point","coordinates":[4.33658,43.78177]},"properties":{"age_h":44.2,"recency":1,"frp":2.1,"confidence":"nominal"}},{"type":"Feature","geometry":{"type":"Point","coordinates":[8.70652,53.12323]},"properties":{"age_h":44.2,"recency":1,"frp":3.4,"confidence":"nominal"}},{"type":"Feature","geometry":{"type":"Point","coordinates":[37.80938,59.14255]},"properties":{"age_h":35.3,"recency":1,"frp":2.2,"confidence":"nominal"}},{"type":"Feature","geometry":{"type":"Point","coordinates":[34.13653,59.52676]},"properties":{"age_h":35.3,"recency":1,"frp":1.6,"confidence":"nominal"}},{"type":"Feature","geometry":{"type":"Point","coordinates":[34.13904,59.5339]},"properties":{"age_h":35.3,"recency":1,"frp":1.4,"confidence":"nominal"}},{"type":"Feature","geometry":{"type":"Point","coordinates":[34.13535,59.53405]},"properties":{"age_h":35.3,"recency":1,"frp":1.9,"confidence":"nominal"}},{"type":"Feature","geometry":{"type":"Point","coordinates":[40.98441,34.06915]},"properties":{"age_h":35.3,"recency":1,"frp":1.8,"confidence":"nominal"}},{"type":"Feature","geometry":{"type":"Point","coordinates":[36.44839,34.43942]},"properties":{"age_h":35.3,"recency":1,"frp":2.5,"confidence":"nominal"}},{"type":"Feature","geometry":{"type":"Point","coordinates":[36.44869,34.44585]},"properties":{"age_h":35.3,"recency":1,"frp":1.3,"confidence":"nominal"}},{"type":"Feature","geometry":{"type":"Point","coordinates":[37.89592,34.60704]},"properties":{"age_h":35.3,"recency":1,"frp":0.9,"confidence":"nominal"}},{"type":"Feature","geometry":{"type":"Point","coordinates":[37.90106,34.60978]},"properties":{"age_h":35.3,"recency":1,"frp":0.5,"confidence":"nominal"}},{"type":"Feature","geometry":{"type":"Point","coordinates":[37.9405,34.916]},"properties":{"age_h":35.3,"recency":1,"frp":0.7,"confidence":"nominal"}},{"type":"Feature","geometry":{"type":"Point","coordinates":[40.55994,35.11411]},"properties":{"age_h":35.3,"recency":1,"frp":0.4,"confidence":"nominal"}},{"type":"Feature","geometry":{"type":"Point","coordinates":[36.76759,36.06189]},"properties":{"age_h":35.3,"recency":1,"frp":0.4,"confidence":"nominal"}},{"type":"Feature","geometry":{"type":"Point","coordinates":[41.25764,36.64138]},"properties":{"age_h":35.3,"recency":1,"frp":0.5,"confidence":"nominal"}},{"type":"Feature","geometry":{"type":"Point","coordinates":[36.20816,36.74158]},"properties":{"age_h":35.3,"recency":1,"frp":3.6,"confidence":"nominal"}},{"type":"Feature","geometry":{"type":"Point","coordinates":[41.11525,36.85762]},"properties":{"age_h":35.3,"recency":1,"frp":0.8,"confidence":"nominal"}},{"type":"Feature","geometry":{"type":"Point","coordinates":[41.02227,36.96948]},"properties":{"age_h":35.3,"recency":1,"frp":1.2,"confidence":"nominal"}},{"type":"Feature","geometry":{"type":"Point","coordinates":[41.01852,36.96973]},"properties":{"age_h":35.3,"recency":1,"frp":1.2,"confidence":"nominal"}},{"type":"Feature","geometry":{"type":"Point","coordinates":[41.5798,37.01093]},"properties":{"age_h":35.3,"recency":1,"frp":0.5,"confidence":"nominal"}},{"type":"Feature","geometry":{"type":"Point","coordinates":[41.58028,37.01191]},"properties":{"age_h":35.3,"recency":1,"frp":0.8,"confidence":"nominal"}},{"type":"Feature","geometry":{"type":"Point","coordinates":[36.08863,37.01863]},"properties":{"age_h":35.3,"recency":1,"frp":2.6,"confidence":"nominal"}},{"type":"Feature","geometry":{"type":"Point","coordinates":[41.76249,37.06341]},"properties":{"age_h":35.3,"recency":1,"frp":0.6,"confidence":"nominal"}},{"type":"Feature","geometry":{"type":"Point","coordinates":[40.03381,37.11818]},"properties":{"age_h":35.3,"recency":1,"frp":0.4,"confidence":"nominal"}},{"type":"Feature","geometry":{"type":"Point","coordinates":[40.03291,37.12023]},"properties":{"age_h":35.3,"recency":1,"frp":0.7,"confidence":"nominal"}},{"type":"Feature","geometry":{"type":"Point","coordinates":[38.72808,37.27988]},"properties":{"age_h":35.3,"recency":1,"frp":0.4,"confidence":"nominal"}},{"type":"Feature","geometry":{"type":"Point","coordinates":[38.75098,37.31971]},"properties":{"age_h":35.3,"recency":1,"frp":2.5,"confidence":"nominal"}},{"type":"Feature","geometry":{"type":"Point","coordinates":[37.15691,37.35163]},"properties":{"age_h":35.3,"recency":1,"frp":0.8,"confidence":"nominal"}},{"type":"Feature","geometry":{"type":"Point","coordinates":[37.1597,37.46214]},"properties":{"age_h":35.3,"recency":1,"frp":0.6,"confidence":"nominal"}},{"type":"Feature","geometry":{"type":"Point","coordinates":[37.15338,37.46233]},"properties":{"age_h":35.3,"recency":1,"frp":0.6,"confidence":"nominal"}},{"type":"Feature","geometry":{"type":"Point","coordinates":[37.15916,37.46556]},"properties":{"age_h":35.3,"recency":1,"frp":0.7,"confidence":"nominal"}},{"type":"Feature","geometry":{"type":"Point","coordinates":[38.0233,37.63935]},"properties":{"age_h":35.3,"recency":1,"frp":0.9,"confidence":"nominal"}},{"type":"Feature","geometry":{"type":"Point","coordinates":[38.01945,37.64087]},"properties":{"age_h":35.3,"recency":1,"frp":1.3,"confidence":"nominal"}},{"type":"Feature","geometry":{"type":"Point","coordinates":[39.41799,37.74061]},"properties":{"age_h":35.3,"recency":1,"frp":0.7,"confidence":"nominal"}},{"type":"Feature","geometry":{"type":"Point","coordinates":[40.46759,37.74853]},"properties":{"age_h":35.3,"recency":1,"frp":8.5,"confidence":"high"}},{"type":"Feature","geometry":{"type":"Point","coordinates":[39.40474,37.75263]},"properties":{"age_h":35.3,"recency":1,"frp":0.9,"confidence":"nominal"}},{"type":"Feature","geometry":{"type":"Point","coordinates":[39.40549,37.75824]},"properties":{"age_h":35.3,"recency":1,"frp":0.4,"confidence":"nominal"}},{"type":"Feature","geometry":{"type":"Point","coordinates":[38.10463,37.76013]},"properties":{"age_h":35.3,"recency":1,"frp":0.3,"confidence":"nominal"}},{"type":"Feature","geometry":{"type":"Point","coordinates":[40.38343,37.93192]},"properties":{"age_h":35.3,"recency":1,"frp":0.7,"confidence":"nominal"}},{"type":"Feature","geometry":{"type":"Point","coordinates":[40.38462,37.93399]},"properties":{"age_h":35.3,"recency":1,"frp":0.6,"confidence":"nominal"}},{"type":"Feature","geometry":{"type":"Point","coordinates":[41.02068,37.94628]},"properties":{"age_h":35.3,"recency":1,"frp":1.8,"confidence":"nominal"}},{"type":"Feature","geometry":{"type":"Point","coordinates":[41.01655,37.94655]},"properties":{"age_h":35.3,"recency":1,"frp":0.8,"confidence":"nominal"}},{"type":"Feature","geometry":{"type":"Point","coordinates":[40.80284,37.96016]},"properties":{"age_h":35.3,"recency":1,"frp":0.9,"confidence":"nominal"}},{"type":"Feature","geometry":{"type":"Point","coordinates":[40.32877,37.97816]},"properties":{"age_h":35.3,"recency":1,"frp":0.4,"confidence":"nominal"}},{"type":"Feature","geometry":{"type":"Point","coordinates":[40.42366,38.14238]},"properties":{"age_h":35.3,"recency":1,"frp":1.1,"confidence":"nominal"}},{"type":"Feature","geometry":{"type":"Point","coordinates":[40.24379,38.14253]},"properties":{"age_h":35.3,"recency":1,"frp":0.8,"confidence":"nominal"}},{"type":"Feature","geometry":{"type":"Point","coordinates":[40.4272,38.14546]},"properties":{"age_h":35.3,"recency":1,"frp":1.5,"confidence":"nominal"}},{"type":"Feature","geometry":{"type":"Point","coordinates":[40.42265,38.14571]},"properties":{"age_h":35.3,"recency":1,"frp":2.2,"confidence":"nominal"}},{"type":"Feature","geometry":{"type":"Point","coordinates":[40.42414,38.14773]},"properties":{"age_h":35.3,"recency":1,"frp":1.1,"confidence":"nominal"}},{"type":"Feature","geometry":{"type":"Point","coordinates":[40.24763,38.14998]},"properties":{"age_h":35.3,"recency":1,"frp":0.9,"confidence":"nominal"}},{"type":"Feature","geometry":{"type":"Point","coordinates":[40.24315,38.15022]},"properties":{"age_h":35.3,"recency":1,"frp":0.8,"confidence":"nominal"}},{"type":"Feature","geometry":{"type":"Point","coordinates":[40.24506,38.15331]},"properties":{"age_h":35.3,"recency":1,"frp":0.5,"confidence":"nominal"}},{"type":"Feature","geometry":{"type":"Point","coordinates":[40.27398,38.15396]},"properties":{"age_h":35.3,"recency":1,"frp":1.2,"confidence":"nominal"}},{"type":"Feature","geometry":{"type":"Point","coordinates":[40.27549,38.15689]},"properties":{"age_h":35.3,"recency":1,"frp":1.4,"confidence":"nominal"}},{"type":"Feature","geometry":{"type":"Point","coordinates":[40.27429,38.15937]},"properties":{"age_h":35.3,"recency":1,"frp":0.5,"confidence":"nominal"}},{"type":"Feature","geometry":{"type":"Point","coordinates":[40.54367,38.23509]},"properties":{"age_h":35.3,"recency":1,"frp":0.5,"confidence":"nominal"}},{"type":"Feature","geometry":{"type":"Point","coordinates":[40.54517,38.24937]},"properties":{"age_h":35.3,"recency":1,"frp":0.7,"confidence":"nominal"}},{"type":"Feature","geometry":{"type":"Point","coordinates":[40.54562,38.25101]},"properties":{"age_h":35.3,"recency":1,"frp":0.6,"confidence":"nominal"}},{"type":"Feature","geometry":{"type":"Point","coordinates":[40.54141,38.25128]},"properties":{"age_h":35.3,"recency":1,"frp":0.6,"confidence":"nominal"}},{"type":"Feature","geometry":{"type":"Point","coordinates":[39.79466,45.04426]},"properties":{"age_h":35.3,"recency":1,"frp":0.5,"confidence":"nominal"}},{"type":"Feature","geometry":{"type":"Point","coordinates":[38.71664,45.26684]},"properties":{"age_h":35.3,"recency":1,"frp":1.6,"confidence":"nominal"}},{"type":"Feature","geometry":{"type":"Point","coordinates":[38.72352,45.27285]},"properties":{"age_h":35.3,"recency":1,"frp":0.9,"confidence":"nominal"}},{"type":"Feature","geometry":{"type":"Point","coordinates":[38.71695,45.27297]},"properties":{"age_h":35.3,"recency":1,"frp":0.9,"confidence":"nominal"}},{"type":"Feature","geometry":{"type":"Point","coordinates":[40.76405,45.56325]},"properties":{"age_h":35.3,"recency":1,"frp":0.4,"confidence":"nominal"}},{"type":"Feature","geometry":{"type":"Point","coordinates":[40.7646,45.56883]},"properties":{"age_h":35.3,"recency":1,"frp":0.4,"confidence":"nominal"}},{"type":"Feature","geometry":{"type":"Point","coordinates":[39.3402,46.09908]},"properties":{"age_h":35.3,"recency":1,"frp":0.8,"confidence":"nominal"}},{"type":"Feature","geometry":{"type":"Point","coordinates":[39.28719,46.16631]},"properties":{"age_h":35.3,"recency":1,"frp":1.6,"confidence":"nominal"}},{"type":"Feature","geometry":{"type":"Point","coordinates":[39.28843,46.16844]},"properties":{"age_h":35.3,"recency":1,"frp":0.9,"confidence":"nominal"}},{"type":"Feature","geometry":{"type":"Point","coordinates":[39.28212,46.16857]},"properties":{"age_h":35.3,"recency":1,"frp":0.9,"confidence":"nominal"}},{"type":"Feature","geometry":{"type":"Point","coordinates":[28.46157,59.38415]},"properties":{"age_h":33.7,"recency":1,"frp":3.1,"confidence":"nominal"}},{"type":"Feature","geometry":{"type":"Point","coordinates":[29.32255,60.25109]},"properties":{"age_h":33.7,"recency":1,"frp":0.7,"confidence":"nominal"}},{"type":"Feature","geometry":{"type":"Point","coordinates":[25.51971,60.29836]},"properties":{"age_h":33.7,"recency":1,"frp":0.9,"confidence":"nominal"}},{"type":"Feature","geometry":{"type":"Point","coordinates":[40.26573,62.21834]},"properties":{"age_h":33.7,"recency":1,"frp":1.6,"confidence":"nominal"}},{"type":"Feature","geometry":{"type":"Point","coordinates":[21.27885,64.66663]},"properties":{"age_h":33.7,"recency":1,"frp":1.0,"confidence":"nominal"}},{"type":"Feature","geometry":{"type":"Point","coordinates":[22.23178,65.56176]},"properties":{"age_h":33.7,"recency":1,"frp":1.9,"confidence":"nominal"}},{"type":"Feature","geometry":{"type":"Point","coordinates":[22.2058,65.56264]},"properties":{"age_h":33.7,"recency":1,"frp":3.5,"confidence":"nominal"}},{"type":"Feature","geometry":{"type":"Point","coordinates":[22.21122,65.56361]},"properties":{"age_h":33.7,"recency":1,"frp":5.0,"confidence":"nominal"}},{"type":"Feature","geometry":{"type":"Point","coordinates":[22.20662,65.56756]},"properties":{"age_h":33.7,"recency":1,"frp":2.4,"confidence":"nominal"}},{"type":"Feature","geometry":{"type":"Point","coordinates":[24.19213,65.76682]},"properties":{"age_h":33.7,"recency":1,"frp":1.3,"confidence":"nominal"}},{"type":"Feature","geometry":{"type":"Point","coordinates":[29.32212,51.89832]},"properties":{"age_h":33.7,"recency":1,"frp":0.8,"confidence":"nominal"}},{"type":"Feature","geometry":{"type":"Point","coordinates":[33.33366,52.37157]},"properties":{"age_h":33.7,"recency":1,"frp":0.9,"confidence":"nominal"}},{"type":"Feature","geometry":{"type":"Point","coordinates":[19.68471,52.58834]},"properties":{"age_h":33.7,"recency":1,"frp":2.2,"confidence":"nominal"}},{"type":"Feature","geometry":{"type":"Point","coordinates":[32.22749,52.80624]},"properties":{"age_h":33.7,"recency":1,"frp":0.4,"confidence":"nominal"}},{"type":"Feature","geometry":{"type":"Point","coordinates":[14.23441,53.09167]},"properties":{"age_h":33.7,"recency":1,"frp":0.8,"confidence":"nominal"}},{"type":"Feature","geometry":{"type":"Point","coordinates":[32.01215,53.39484]},"properties":{"age_h":33.7,"recency":1,"frp":1.4,"confidence":"nominal"}},{"type":"Feature","geometry":{"type":"Point","coordinates":[34.41942,53.44468]},"properties":{"age_h":33.7,"recency":1,"frp":1.9,"confidence":"nominal"}},{"type":"Feature","geometry":{"type":"Point","coordinates":[9.89388,53.52292]},"properties":{"age_h":33.7,"recency":1,"frp":3.6,"confidence":"nominal"}},{"type":"Feature","geometry":{"type":"Point","coordinates":[9.89187,53.52501]},"properties":{"age_h":33.7,"recency":1,"frp":3.2,"confidence":"nominal"}},{"type":"Feature","geometry":{"type":"Point","coordinates":[31.95146,53.58653]},"properties":{"age_h":33.7,"recency":1,"frp":0.6,"confidence":"nominal"}},{"type":"Feature","geometry":{"type":"Point","coordinates":[18.91841,53.69756]},"properties":{"age_h":33.7,"recency":1,"frp":0.4,"confidence":"nominal"}},{"type":"Feature","geometry":{"type":"Point","coordinates":[18.6974,54.36481]},"properties":{"age_h":33.7,"recency":1,"frp":0.3,"confidence":"nominal"}},{"type":"Feature","geometry":{"type":"Point","coordinates":[35.34178,56.9891]},"properties":{"age_h":33.7,"recency":1,"frp":2.7,"confidence":"nominal"}},{"type":"Feature","geometry":{"type":"Point","coordinates":[18.79711,57.71082]},"properties":{"age_h":33.7,"recency":1,"frp":0.7,"confidence":"nominal"}},{"type":"Feature","geometry":{"type":"Point","coordinates":[18.79769,57.71097]},"properties":{"age_h":33.7,"recency":1,"frp":0.5,"confidence":"nominal"}},{"type":"Feature","geometry":{"type":"Point","coordinates":[27.29995,44.22141]},"properties":{"age_h":33.6,"recency":1,"frp":0.5,"confidence":"nominal"}},{"type":"Feature","geometry":{"type":"Point","coordinates":[28.30866,44.23928]},"properties":{"age_h":33.6,"recency":1,"frp":0.8,"confidence":"nominal"}},{"type":"Feature","geometry":{"type":"Point","coordinates":[22.44488,44.87232]},"properties":{"age_h":33.6,"recency":1,"frp":0.6,"confidence":"nominal"}},{"type":"Feature","geometry":{"type":"Point","coordinates":[22.44585,44.87238]},"properties":{"age_h":33.6,"recency":1,"frp":1.0,"confidence":"nominal"}},{"type":"Feature","geometry":{"type":"Point","coordinates":[22.43016,44.88172]},"properties":{"age_h":33.6,"recency":1,"frp":3.4,"confidence":"nominal"}},{"type":"Feature","geometry":{"type":"Point","coordinates":[22.42961,44.88575]},"properties":{"age_h":33.6,"recency":1,"frp":3.4,"confidence":"nominal"}},{"type":"Feature","geometry":{"type":"Point","coordinates":[21.27129,45.03215]},"properties":{"age_h":33.6,"recency":1,"frp":1.4,"confidence":"nominal"}},{"type":"Feature","geometry":{"type":"Point","coordinates":[29.02442,45.20436]},"properties":{"age_h":33.6,"recency":1,"frp":3.9,"confidence":"nominal"}},{"type":"Feature","geometry":{"type":"Point","coordinates":[29.0196,45.20512]},"properties":{"age_h":33.6,"recency":1,"frp":4.3,"confidence":"nominal"}},{"type":"Feature","geometry":{"type":"Point","coordinates":[29.02546,45.20761]},"properties":{"age_h":33.6,"recency":1,"frp":3.9,"confidence":"nominal"}},{"type":"Feature","geometry":{"type":"Point","coordinates":[29.02064,45.20838]},"properties":{"age_h":33.6,"recency":1,"frp":4.3,"confidence":"nominal"}},{"type":"Feature","geometry":{"type":"Point","coordinates":[29.02168,45.21164]},"properties":{"age_h":33.6,"recency":1,"frp":1.6,"confidence":"nominal"}},{"type":"Feature","geometry":{"type":"Point","coordinates":[39.01115,45.24121]},"properties":{"age_h":33.6,"recency":1,"frp":11.1,"confidence":"nominal"}},{"type":"Feature","geometry":{"type":"Point","coordinates":[39.00487,45.24279]},"properties":{"age_h":33.6,"recency":1,"frp":11.1,"confidence":"nominal"}},{"type":"Feature","geometry":{"type":"Point","coordinates":[38.71741,45.26657]},"properties":{"age_h":33.6,"recency":1,"frp":0.7,"confidence":"nominal"}},{"type":"Feature","geometry":{"type":"Point","coordinates":[39.12512,45.26693]},"properties":{"age_h":33.6,"recency":1,"frp":15.6,"confidence":"nominal"}},{"type":"Feature","geometry":{"type":"Point","coordinates":[39.1188,45.26855]},"properties":{"age_h":33.6,"recency":1,"frp":10.6,"confidence":"nominal"}},{"type":"Feature","geometry":{"type":"Point","coordinates":[38.72564,45.26933]},"properties":{"age_h":33.6,"recency":1,"frp":0.5,"confidence":"nominal"}},{"type":"Feature","geometry":{"type":"Point","coordinates":[38.7278,45.27362]},"properties":{"age_h":33.6,"recency":1,"frp":0.5,"confidence":"nominal"}},{"type":"Feature","geometry":{"type":"Point","coordinates":[10.44946,45.46054]},"properties":{"age_h":33.6,"recency":1,"frp":2.5,"confidence":"nominal"}},{"type":"Feature","geometry":{"type":"Point","coordinates":[11.49273,45.51993]},"properties":{"age_h":33.6,"recency":1,"frp":1.4,"confidence":"nominal"}},{"type":"Feature","geometry":{"type":"Point","coordinates":[28.9465,45.77478]},"properties":{"age_h":33.6,"recency":1,"frp":0.6,"confidence":"nominal"}},{"type":"Feature","geometry":{"type":"Point","coordinates":[25.28304,45.95232]},"properties":{"age_h":33.6,"recency":1,"frp":0.8,"confidence":"nominal"}},{"type":"Feature","geometry":{"type":"Point","coordinates":[13.62399,46.06984]},"properties":{"age_h":33.6,"recency":1,"frp":1.6,"confidence":"nominal"}},{"type":"Feature","geometry":{"type":"Point","coordinates":[13.06957,46.23058]},"properties":{"age_h":33.6,"recency":1,"frp":1.0,"confidence":"nominal"}},{"type":"Feature","geometry":{"type":"Point","coordinates":[38.24868,47.24527]},"properties":{"age_h":33.6,"recency":1,"frp":0.7,"confidence":"nominal"}},{"type":"Feature","geometry":{"type":"Point","coordinates":[40.13081,47.37504]},"properties":{"age_h":33.6,"recency":1,"frp":1.6,"confidence":"nominal"}},{"type":"Feature","geometry":{"type":"Point","coordinates":[40.13164,47.37632]},"properties":{"age_h":33.6,"recency":1,"frp":2.2,"confidence":"nominal"}},{"type":"Feature","geometry":{"type":"Point","coordinates":[40.1332,47.37933]},"properties":{"age_h":33.6,"recency":1,"frp":1.8,"confidence":"nominal"}},{"type":"Feature","geometry":{"type":"Point","coordinates":[40.13402,47.3806]},"properties":{"age_h":33.6,"recency":1,"frp":2.2,"confidence":"nominal"}},{"type":"Feature","geometry":{"type":"Point","coordinates":[40.12682,47.38094]},"properties":{"age_h":33.6,"recency":1,"frp":1.8,"confidence":"nominal"}},{"type":"Feature","geometry":{"type":"Point","coordinates":[40.14915,47.38158]},"properties":{"age_h":33.6,"recency":1,"frp":4.0,"confidence":"nominal"}},{"type":"Feature","geometry":{"type":"Point","coordinates":[40.14198,47.38199]},"properties":{"age_h":33.6,"recency":1,"frp":2.4,"confidence":"nominal"}},{"type":"Feature","geometry":{"type":"Point","coordinates":[40.12766,47.38224]},"properties":{"age_h":33.6,"recency":1,"frp":1.5,"confidence":"nominal"}},{"type":"Feature","geometry":{"type":"Point","coordinates":[40.16431,47.38255]},"properties":{"age_h":33.6,"recency":1,"frp":0.8,"confidence":"nominal"}},{"type":"Feature","geometry":{"type":"Point","coordinates":[40.14277,47.38323]},"properties":{"age_h":33.6,"recency":1,"frp":3.4,"confidence":"nominal"}},{"type":"Feature","geometry":{"type":"Point","coordinates":[40.1356,47.38361]},"properties":{"age_h":33.6,"recency":1,"frp":1.8,"confidence":"nominal"}},{"type":"Feature","geometry":{"type":"Point","coordinates":[40.1364,47.38488]},"properties":{"age_h":33.6,"recency":1,"frp":3.4,"confidence":"nominal"}},{"type":"Feature","geometry":{"type":"Point","coordinates":[40.12921,47.38522]},"properties":{"age_h":33.6,"recency":1,"frp":1.8,"confidence":"nominal"}},{"type":"Feature","geometry":{"type":"Point","coordinates":[40.13004,47.38653]},"properties":{"age_h":33.6,"recency":1,"frp":2.2,"confidence":"nominal"}},{"type":"Feature","geometry":{"type":"Point","coordinates":[38.33099,47.512]},"properties":{"age_h":33.6,"recency":1,"frp":1.5,"confidence":"nominal"}},{"type":"Feature","geometry":{"type":"Point","coordinates":[29.01527,47.78937]},"properties":{"age_h":33.6,"recency":1,"frp":1.3,"confidence":"nominal"}},{"type":"Feature","geometry":{"type":"Point","coordinates":[14.3272,48.26061]},"properties":{"age_h":33.6,"recency":1,"frp":1.0,"confidence":"nominal"}},{"type":"Feature","geometry":{"type":"Point","coordinates":[14.32077,48.26073]},"properties":{"age_h":33.6,"recency":1,"frp":1.0,"confidence":"nominal"}},{"type":"Feature","geometry":{"type":"Point","coordinates":[37.0877,48.47413]},"properties":{"age_h":33.6,"recency":1,"frp":0.8,"confidence":"nominal"}},{"type":"Feature","geometry":{"type":"Point","coordinates":[21.19757,48.61059]},"properties":{"age_h":33.6,"recency":1,"frp":1.6,"confidence":"nominal"}},{"type":"Feature","geometry":{"type":"Point","coordinates":[21.18641,48.61479]},"properties":{"age_h":33.6,"recency":1,"frp":2.8,"confidence":"nominal"}},{"type":"Feature","geometry":{"type":"Point","coordinates":[21.18594,48.61585]},"properties":{"age_h":33.6,"recency":1,"frp":2.8,"confidence":"nominal"}},{"type":"Feature","geometry":{"type":"Point","coordinates":[21.18676,48.62019]},"properties":{"age_h":33.6,"recency":1,"frp":1.6,"confidence":"nominal"}},{"type":"Feature","geometry":{"type":"Point","coordinates":[26.6068,48.74839]},"properties":{"age_h":33.6,"recency":1,"frp":1.2,"confidence":"nominal"}},{"type":"Feature","geometry":{"type":"Point","coordinates":[24.71141,48.97834]},"properties":{"age_h":33.6,"recency":1,"frp":1.1,"confidence":"nominal"}},{"type":"Feature","geometry":{"type":"Point","coordinates":[16.76934,49.21568]},"properties":{"age_h":33.6,"recency":1,"frp":0.5,"confidence":"nominal"}},{"type":"Feature","geometry":{"type":"Point","coordinates":[17.76391,49.55816]},"properties":{"age_h":33.6,"recency":1,"frp":0.5,"confidence":"nominal"}},{"type":"Feature","geometry":{"type":"Point","coordinates":[18.65971,49.67895]},"properties":{"age_h":33.6,"recency":1,"frp":1.0,"confidence":"nominal"}},{"type":"Feature","geometry":{"type":"Point","coordinates":[17.44316,50.00323]},"properties":{"age_h":33.6,"recency":1,"frp":0.9,"confidence":"nominal"}},{"type":"Feature","geometry":{"type":"Point","coordinates":[20.07276,50.06715]},"properties":{"age_h":33.6,"recency":1,"frp":0.5,"confidence":"nominal"}},{"type":"Feature","geometry":{"type":"Point","coordinates":[19.28675,50.33514]},"properties":{"age_h":33.6,"recency":1,"frp":4.1,"confidence":"nominal"}},{"type":"Feature","geometry":{"type":"Point","coordinates":[19.27853,50.33558]},"properties":{"age_h":33.6,"recency":1,"frp":1.8,"confidence":"nominal"}},{"type":"Feature","geometry":{"type":"Point","coordinates":[19.28308,50.33681]},"properties":{"age_h":33.6,"recency":1,"frp":3.6,"confidence":"nominal"}},{"type":"Feature","geometry":{"type":"Point","coordinates":[19.2875,50.33997]},"properties":{"age_h":33.6,"recency":1,"frp":1.9,"confidence":"nominal"}},{"type":"Feature","geometry":{"type":"Point","coordinates":[18.13841,50.41562]},"properties":{"age_h":33.6,"recency":1,"frp":1.7,"confidence":"nominal"}},{"type":"Feature","geometry":{"type":"Point","coordinates":[18.14842,50.4203]},"properties":{"age_h":33.6,"recency":1,"frp":0.7,"confidence":"nominal"}},{"type":"Feature","geometry":{"type":"Point","coordinates":[17.97513,50.53303]},"properties":{"age_h":33.6,"recency":1,"frp":0.8,"confidence":"nominal"}},{"type":"Feature","geometry":{"type":"Point","coordinates":[17.97567,50.53817]},"properties":{"age_h":33.6,"recency":1,"frp":0.6,"confidence":"nominal"}},{"type":"Feature","geometry":{"type":"Point","coordinates":[26.26089,50.54312]},"properties":{"age_h":33.6,"recency":1,"frp":2.2,"confidence":"nominal"}},{"type":"Feature","geometry":{"type":"Point","coordinates":[21.67713,50.93187]},"properties":{"age_h":33.6,"recency":1,"frp":1.0,"confidence":"nominal"}},{"type":"Feature","geometry":{"type":"Point","coordinates":[21.44982,50.948]},"properties":{"age_h":33.6,"recency":1,"frp":1.2,"confidence":"nominal"}},{"type":"Feature","geometry":{"type":"Point","coordinates":[16.11132,51.18066]},"properties":{"age_h":33.6,"recency":1,"frp":6.7,"confidence":"high"}},{"type":"Feature","geometry":{"type":"Point","coordinates":[16.1129,51.1843]},"properties":{"age_h":33.6,"recency":1,"frp":6.0,"confidence":"high"}},{"type":"Feature","geometry":{"type":"Point","coordinates":[15.97678,51.68386]},"properties":{"age_h":33.6,"recency":1,"frp":2.9,"confidence":"nominal"}},{"type":"Feature","geometry":{"type":"Point","coordinates":[15.97706,51.6895]},"properties":{"age_h":33.6,"recency":1,"frp":2.9,"confidence":"nominal"}},{"type":"Feature","geometry":{"type":"Point","coordinates":[10.3921,52.15298]},"properties":{"age_h":33.6,"recency":1,"frp":2.1,"confidence":"nominal"}},{"type":"Feature","geometry":{"type":"Point","coordinates":[14.62402,52.17353]},"properties":{"age_h":33.6,"recency":1,"frp":3.2,"confidence":"nominal"}},{"type":"Feature","geometry":{"type":"Point","coordinates":[14.61698,52.17359]},"properties":{"age_h":33.6,"recency":1,"frp":2.3,"confidence":"nominal"}},{"type":"Feature","geometry":{"type":"Point","coordinates":[40.80718,36.13088]},"properties":{"age_h":33.6,"recency":1,"frp":0.8,"confidence":"nominal"}},{"type":"Feature","geometry":{"type":"Point","coordinates":[41.02488,36.9687]},"properties":{"age_h":33.6,"recency":1,"frp":1.5,"confidence":"nominal"}},{"type":"Feature","geometry":{"type":"Point","coordinates":[41.77802,37.01138]},"properties":{"age_h":33.6,"recency":1,"frp":0.5,"confidence":"nominal"}},{"type":"Feature","geometry":{"type":"Point","coordinates":[41.58511,37.01384]},"properties":{"age_h":33.6,"recency":1,"frp":0.4,"confidence":"nominal"}},{"type":"Feature","geometry":{"type":"Point","coordinates":[41.7663,37.06536]},"properties":{"age_h":33.6,"recency":1,"frp":1.0,"confidence":"nominal"}},{"type":"Feature","geometry":{"type":"Point","coordinates":[41.76278,37.07341]},"properties":{"age_h":33.6,"recency":1,"frp":1.2,"confidence":"nominal"}},{"type":"Feature","geometry":{"type":"Point","coordinates":[37.15721,37.29668]},"properties":{"age_h":33.6,"recency":1,"frp":1.2,"confidence":"nominal"}},{"type":"Feature","geometry":{"type":"Point","coordinates":[37.16211,37.46509]},"properties":{"age_h":33.6,"recency":1,"frp":1.6,"confidence":"nominal"}},{"type":"Feature","geometry":{"type":"Point","coordinates":[37.1584,37.46604]},"properties":{"age_h":33.6,"recency":1,"frp":1.6,"confidence":"nominal"}},{"type":"Feature","geometry":{"type":"Point","coordinates":[37.85117,37.58875]},"properties":{"age_h":33.6,"recency":1,"frp":0.5,"confidence":"nominal"}},{"type":"Feature","geometry":{"type":"Point","coordinates":[38.19191,37.64471]},"properties":{"age_h":33.6,"recency":1,"frp":0.3,"confidence":"nominal"}},{"type":"Feature","geometry":{"type":"Point","coordinates":[38.44368,37.7127]},"properties":{"age_h":33.6,"recency":1,"frp":0.4,"confidence":"nominal"}},{"type":"Feature","geometry":{"type":"Point","coordinates":[40.46791,37.75071]},"properties":{"age_h":33.6,"recency":1,"frp":1.2,"confidence":"nominal"}},{"type":"Feature","geometry":{"type":"Point","coordinates":[40.4733,37.75201]},"properties":{"age_h":33.6,"recency":1,"frp":1.0,"confidence":"nominal"}},{"type":"Feature","geometry":{"type":"Point","coordinates":[38.56606,37.76345]},"properties":{"age_h":33.6,"recency":1,"frp":0.7,"confidence":"nominal"}},{"type":"Feature","geometry":{"type":"Point","coordinates":[41.02276,37.9469]},"properties":{"age_h":33.6,"recency":1,"frp":1.3,"confidence":"nominal"}},{"type":"Feature","geometry":{"type":"Point","coordinates":[40.34264,38.10751]},"properties":{"age_h":33.6,"recency":1,"frp":0.4,"confidence":"nominal"}},{"type":"Feature","geometry":{"type":"Point","coordinates":[23.52332,38.12952]},"properties":{"age_h":33.6,"recency":1,"frp":1.8,"confidence":"nominal"}},{"type":"Feature","geometry":{"type":"Point","coordinates":[40.27517,38.15229]},"properties":{"age_h":33.6,"recency":1,"frp":2.6,"confidence":"nominal"}},{"type":"Feature","geometry":{"type":"Point","coordinates":[40.27802,38.15778]},"properties":{"age_h":33.6,"recency":1,"frp":2.6,"confidence":"nominal"}},{"type":"Feature","geometry":{"type":"Point","coordinates":[40.27301,38.15922]},"properties":{"age_h":33.6,"recency":1,"frp":4.1,"confidence":"nominal"}},{"type":"Feature","geometry":{"type":"Point","coordinates":[40.62594,38.18912]},"properties":{"age_h":33.6,"recency":1,"frp":1.0,"confidence":"nominal"}},{"type":"Feature","geometry":{"type":"Point","coordinates":[40.5472,38.23743]},"properties":{"age_h":33.6,"recency":1,"frp":0.5,"confidence":"nominal"}},{"type":"Feature","geometry":{"type":"Point","coordinates":[40.54696,38.25024]},"properties":{"age_h":33.6,"recency":1,"frp":1.0,"confidence":"nominal"}},{"type":"Feature","geometry":{"type":"Point","coordinates":[40.54179,38.25172]},"properties":{"age_h":33.6,"recency":1,"frp":1.0,"confidence":"nominal"}},{"type":"Feature","geometry":{"type":"Point","coordinates":[38.72379,38.4534]},"properties":{"age_h":33.6,"recency":1,"frp":0.6,"confidence":"nominal"}},{"type":"Feature","geometry":{"type":"Point","coordinates":[38.72624,38.45585]},"properties":{"age_h":33.6,"recency":1,"frp":1.1,"confidence":"nominal"}},{"type":"Feature","geometry":{"type":"Point","coordinates":[39.23277,38.66677]},"properties":{"age_h":33.6,"recency":1,"frp":0.6,"confidence":"nominal"}},{"type":"Feature","geometry":{"type":"Point","coordinates":[26.94825,38.74537]},"properties":{"age_h":33.6,"recency":1,"frp":0.8,"confidence":"nominal"}},{"type":"Feature","geometry":{"type":"Point","coordinates":[26.94911,38.74864]},"properties":{"age_h":33.6,"recency":1,"frp":0.8,"confidence":"nominal"}},{"type":"Feature","geometry":{"type":"Point","coordinates":[9.0124,39.08125]},"properties":{"age_h":33.6,"recency":1,"frp":2.1,"confidence":"nominal"}},{"type":"Feature","geometry":{"type":"Point","coordinates":[26.11369,39.14865]},"properties":{"age_h":33.6,"recency":1,"frp":0.5,"confidence":"nominal"}},{"type":"Feature","geometry":{"type":"Point","coordinates":[21.68166,39.82709]},"properties":{"age_h":33.6,"recency":1,"frp":3.2,"confidence":"nominal"}},{"type":"Feature","geometry":{"type":"Point","coordinates":[26.24368,39.86811]},"properties":{"age_h":33.6,"recency":1,"frp":1.6,"confidence":"nominal"}},{"type":"Feature","geometry":{"type":"Point","coordinates":[17.20552,40.52101]},"properties":{"age_h":33.6,"recency":1,"frp":1.6,"confidence":"nominal"}},{"type":"Feature","geometry":{"type":"Point","coordinates":[26.58759,40.828]},"properties":{"age_h":33.6,"recency":1,"frp":0.7,"confidence":"nominal"}},{"type":"Feature","geometry":{"type":"Point","coordinates":[26.58305,40.82869]},"properties":{"age_h":33.6,"recency":1,"frp":0.7,"confidence":"nominal"}},{"type":"Feature","geometry":{"type":"Point","coordinates":[26.71058,41.08879]},"properties":{"age_h":33.6,"recency":1,"frp":0.7,"confidence":"nominal"}},{"type":"Feature","geometry":{"type":"Point","coordinates":[26.7031,41.79881]},"properties":{"age_h":33.6,"recency":1,"frp":0.6,"confidence":"nominal"}},{"type":"Feature","geometry":{"type":"Point","coordinates":[9.39647,41.85878]},"properties":{"age_h":33.6,"recency":1,"frp":5.5,"confidence":"nominal"}},{"type":"Feature","geometry":{"type":"Point","coordinates":[12.66981,42.57081]},"properties":{"age_h":33.6,"recency":1,"frp":1.0,"confidence":"nominal"}},{"type":"Feature","geometry":{"type":"Point","coordinates":[27.5953,43.23262]},"properties":{"age_h":33.6,"recency":1,"frp":0.6,"confidence":"nominal"}},{"type":"Feature","geometry":{"type":"Point","coordinates":[11.83411,43.65673]},"properties":{"age_h":33.6,"recency":1,"frp":1.1,"confidence":"nominal"}},{"type":"Feature","geometry":{"type":"Point","coordinates":[22.75177,44.30865]},"properties":{"age_h":33.6,"recency":1,"frp":0.5,"confidence":"nominal"}},{"type":"Feature","geometry":{"type":"Point","coordinates":[20.9686,44.60658]},"properties":{"age_h":33.6,"recency":1,"frp":0.9,"confidence":"nominal"}},{"type":"Feature","geometry":{"type":"Point","coordinates":[37.90131,34.60981]},"properties":{"age_h":33.6,"recency":1,"frp":0.6,"confidence":"nominal"}},{"type":"Feature","geometry":{"type":"Point","coordinates":[33.31466,34.72433]},"properties":{"age_h":33.6,"recency":1,"frp":1.6,"confidence":"nominal"}},{"type":"Feature","geometry":{"type":"Point","coordinates":[37.94282,34.91568]},"properties":{"age_h":33.6,"recency":1,"frp":0.5,"confidence":"nominal"}},{"type":"Feature","geometry":{"type":"Point","coordinates":[33.80814,35.22131]},"properties":{"age_h":33.6,"recency":1,"frp":0.8,"confidence":"nominal"}},{"type":"Feature","geometry":{"type":"Point","coordinates":[14.36817,36.98359]},"properties":{"age_h":33.6,"recency":1,"frp":4.8,"confidence":"nominal"}},{"type":"Feature","geometry":{"type":"Point","coordinates":[14.3637,36.98386]},"properties":{"age_h":33.6,"recency":1,"frp":3.3,"confidence":"nominal"}},{"type":"Feature","geometry":{"type":"Point","coordinates":[13.89836,37.64367]},"properties":{"age_h":33.6,"recency":1,"frp":0.8,"confidence":"nominal"}},{"type":"Feature","geometry":{"type":"Point","coordinates":[13.89845,37.64676]},"properties":{"age_h":33.6,"recency":1,"frp":0.7,"confidence":"nominal"}},{"type":"Feature","geometry":{"type":"Point","coordinates":[23.59457,38.03645]},"properties":{"age_h":33.6,"recency":1,"frp":0.6,"confidence":"nominal"}},{"type":"Feature","geometry":{"type":"Point","coordinates":[16.56524,38.54234]},"properties":{"age_h":33.6,"recency":1,"frp":1.8,"confidence":"nominal"}},{"type":"Feature","geometry":{"type":"Point","coordinates":[16.56388,38.54382]},"properties":{"age_h":33.6,"recency":1,"frp":2.3,"confidence":"nominal"}},{"type":"Feature","geometry":{"type":"Point","coordinates":[15.20259,38.79712]},"properties":{"age_h":33.6,"recency":1,"frp":1.4,"confidence":"nominal"}},{"type":"Feature","geometry":{"type":"Point","coordinates":[28.1346,59.0625]},"properties":{"age_h":32.0,"recency":1,"frp":0.6,"confidence":"nominal"}},{"type":"Feature","geometry":{"type":"Point","coordinates":[37.79603,59.13431]},"properties":{"age_h":32.0,"recency":1,"frp":1.0,"confidence":"nominal"}},{"type":"Feature","geometry":{"type":"Point","coordinates":[29.19853,59.54478]},"properties":{"age_h":32.0,"recency":1,"frp":1.4,"confidence":"nominal"}},{"type":"Feature","geometry":{"type":"Point","coordinates":[29.19333,59.54486]},"properties":{"age_h":32.0,"recency":1,"frp":2.5,"confidence":"nominal"}},{"type":"Feature","geometry":{"type":"Point","coordinates":[29.19357,59.54643]},"properties":{"age_h":32.0,"recency":1,"frp":1.4,"confidence":"nominal"}},{"type":"Feature","geometry":{"type":"Point","coordinates":[22.2581,65.55445]},"properties":{"age_h":32.0,"recency":1,"frp":5.7,"confidence":"nominal"}},{"type":"Feature","geometry":{"type":"Point","coordinates":[29.34146,51.89641]},"properties":{"age_h":32.0,"recency":1,"frp":1.5,"confidence":"nominal"}},{"type":"Feature","geometry":{"type":"Point","coordinates":[24.44856,53.2651]},"properties":{"age_h":32.0,"recency":1,"frp":0.6,"confidence":"nominal"}},{"type":"Feature","geometry":{"type":"Point","coordinates":[21.79859,55.09496]},"properties":{"age_h":32.0,"recency":1,"frp":0.8,"confidence":"nominal"}},{"type":"Feature","geometry":{"type":"Point","coordinates":[18.79971,57.71061]},"properties":{"age_h":32.0,"recency":1,"frp":1.6,"confidence":"nominal"}},{"type":"Feature","geometry":{"type":"Point","coordinates":[1.53088,59.54693]},"properties":{"age_h":32.0,"recency":1,"frp":2.1,"confidence":"nominal"}},{"type":"Feature","geometry":{"type":"Point","coordinates":[22.28687,60.28598]},"properties":{"age_h":32.0,"recency":1,"frp":0.7,"confidence":"nominal"}},{"type":"Feature","geometry":{"type":"Point","coordinates":[2.20436,61.52419]},"properties":{"age_h":32.0,"recency":1,"frp":1.1,"confidence":"nominal"}},{"type":"Feature","geometry":{"type":"Point","coordinates":[2.20997,61.52626]},"properties":{"age_h":32.0,"recency":1,"frp":1.3,"confidence":"nominal"}},{"type":"Feature","geometry":{"type":"Point","coordinates":[1.5469,61.58467]},"properties":{"age_h":32.0,"recency":1,"frp":1.8,"confidence":"nominal"}},{"type":"Feature","geometry":{"type":"Point","coordinates":[1.53943,61.58524]},"properties":{"age_h":32.0,"recency":1,"frp":1.8,"confidence":"nominal"}},{"type":"Feature","geometry":{"type":"Point","coordinates":[12.842,48.1848]},"properties":{"age_h":32.0,"recency":1,"frp":0.9,"confidence":"nominal"}},{"type":"Feature","geometry":{"type":"Point","coordinates":[14.33045,48.25983]},"properties":{"age_h":32.0,"recency":1,"frp":1.3,"confidence":"nominal"}},{"type":"Feature","geometry":{"type":"Point","coordinates":[14.32455,48.26131]},"properties":{"age_h":32.0,"recency":1,"frp":1.2,"confidence":"nominal"}},{"type":"Feature","geometry":{"type":"Point","coordinates":[14.34191,48.28037]},"properties":{"age_h":32.0,"recency":1,"frp":3.4,"confidence":"nominal"}},{"type":"Feature","geometry":{"type":"Point","coordinates":[17.19375,48.45712]},"properties":{"age_h":32.0,"recency":1,"frp":1.0,"confidence":"nominal"}},{"type":"Feature","geometry":{"type":"Point","coordinates":[20.83901,48.59191]},"properties":{"age_h":32.0,"recency":1,"frp":0.7,"confidence":"nominal"}},{"type":"Feature","geometry":{"type":"Point","coordinates":[21.18992,48.60539]},"properties":{"age_h":32.0,"recency":1,"frp":0.9,"confidence":"nominal"}},{"type":"Feature","geometry":{"type":"Point","coordinates":[21.19362,48.61063]},"properties":{"age_h":32.0,"recency":1,"frp":0.9,"confidence":"nominal"}},{"type":"Feature","geometry":{"type":"Point","coordinates":[21.19564,48.61226]},"properties":{"age_h":32.0,"recency":1,"frp":2.5,"confidence":"nominal"}},{"type":"Feature","geometry":{"type":"Point","coordinates":[21.18268,48.61409]},"properties":{"age_h":32.0,"recency":1,"frp":2.1,"confidence":"nominal"}},{"type":"Feature","geometry":{"type":"Point","coordinates":[21.18473,48.61578]},"properties":{"age_h":32.0,"recency":1,"frp":1.1,"confidence":"nominal"}},{"type":"Feature","geometry":{"type":"Point","coordinates":[21.18845,48.621]},"properties":{"age_h":32.0,"recency":1,"frp":1.0,"confidence":"nominal"}},{"type":"Feature","geometry":{"type":"Point","coordinates":[24.70699,48.9768]},"properties":{"age_h":32.0,"recency":1,"frp":1.3,"confidence":"nominal"}},{"type":"Feature","geometry":{"type":"Point","coordinates":[24.70876,48.97826]},"properties":{"age_h":32.0,"recency":1,"frp":1.5,"confidence":"nominal"}},{"type":"Feature","geometry":{"type":"Point","coordinates":[18.66254,49.67831]},"properties":{"age_h":32.0,"recency":1,"frp":3.1,"confidence":"nominal"}},{"type":"Feature","geometry":{"type":"Point","coordinates":[18.65843,49.6795]},"properties":{"age_h":32.0,"recency":1,"frp":2.3,"confidence":"nominal"}},{"type":"Feature","geometry":{"type":"Point","coordinates":[11.02453,49.77094]},"properties":{"age_h":32.0,"recency":1,"frp":0.7,"confidence":"nominal"}},{"type":"Feature","geometry":{"type":"Point","coordinates":[18.2742,49.85897]},"properties":{"age_h":32.0,"recency":1,"frp":1.2,"confidence":"nominal"}},{"type":"Feature","geometry":{"type":"Point","coordinates":[18.27524,49.86189]},"properties":{"age_h":32.0,"recency":1,"frp":1.4,"confidence":"nominal"}},{"type":"Feature","geometry":{"type":"Point","coordinates":[15.63693,49.89488]},"properties":{"age_h":32.0,"recency":1,"frp":0.8,"confidence":"nominal"}},{"type":"Feature","geometry":{"type":"Point","coordinates":[8.25731,50.0319]},"properties":{"age_h":32.0,"recency":1,"frp":0.5,"confidence":"nominal"}},{"type":"Feature","geometry":{"type":"Point","coordinates":[19.28691,50.33816]},"properties":{"age_h":32.0,"recency":1,"frp":1.6,"confidence":"nominal"}},{"type":"Feature","geometry":{"type":"Point","coordinates":[19.28593,50.34401]},"properties":{"age_h":32.0,"recency":1,"frp":0.4,"confidence":"nominal"}},{"type":"Feature","geometry":{"type":"Point","coordinates":[19.29334,50.34744]},"properties":{"age_h":32.0,"recency":1,"frp":0.4,"confidence":"nominal"}},{"type":"Feature","geometry":{"type":"Point","coordinates":[4.41942,50.41117]},"properties":{"age_h":32.0,"recency":1,"frp":0.6,"confidence":"nominal"}},{"type":"Feature","geometry":{"type":"Point","coordinates":[18.15386,50.42028]},"properties":{"age_h":32.0,"recency":1,"frp":0.4,"confidence":"nominal"}},{"type":"Feature","geometry":{"type":"Point","coordinates":[19.4671,50.49209]},"properties":{"age_h":32.0,"recency":1,"frp":0.9,"confidence":"nominal"}},{"type":"Feature","geometry":{"type":"Point","coordinates":[19.45899,50.49445]},"properties":{"age_h":32.0,"recency":1,"frp":0.9,"confidence":"nominal"}},{"type":"Feature","geometry":{"type":"Point","coordinates":[19.45489,50.49565]},"properties":{"age_h":32.0,"recency":1,"frp":0.6,"confidence":"nominal"}},{"type":"Feature","geometry":{"type":"Point","coordinates":[5.66984,50.76275]},"properties":{"age_h":32.0,"recency":1,"frp":0.6,"confidence":"nominal"}},{"type":"Feature","geometry":{"type":"Point","coordinates":[5.67111,50.766]},"properties":{"age_h":32.0,"recency":1,"frp":0.5,"confidence":"nominal"}},{"type":"Feature","geometry":{"type":"Point","coordinates":[20.52833,50.80571]},"properties":{"age_h":32.0,"recency":1,"frp":0.8,"confidence":"nominal"}},{"type":"Feature","geometry":{"type":"Point","coordinates":[16.11406,51.1824]},"properties":{"age_h":32.0,"recency":1,"frp":2.0,"confidence":"nominal"}},{"type":"Feature","geometry":{"type":"Point","coordinates":[16.41775,51.23923]},"properties":{"age_h":32.0,"recency":1,"frp":2.6,"confidence":"nominal"}},{"type":"Feature","geometry":{"type":"Point","coordinates":[11.65876,51.27262]},"properties":{"age_h":32.0,"recency":1,"frp":0.9,"confidence":"nominal"}},{"type":"Feature","geometry":{"type":"Point","coordinates":[7.00817,51.29766]},"properties":{"age_h":32.0,"recency":1,"frp":0.6,"confidence":"nominal"}},{"type":"Feature","geometry":{"type":"Point","coordinates":[6.71198,51.36386]},"properties":{"age_h":32.0,"recency":1,"frp":0.7,"confidence":"nominal"}},{"type":"Feature","geometry":{"type":"Point","coordinates":[-3.39855,51.39636]},"properties":{"age_h":32.0,"recency":1,"frp":0.8,"confidence":"nominal"}},{"type":"Feature","geometry":{"type":"Point","coordinates":[6.73501,51.46003]},"properties":{"age_h":32.0,"recency":1,"frp":0.3,"confidence":"nominal"}},{"type":"Feature","geometry":{"type":"Point","coordinates":[6.71197,51.488]},"properties":{"age_h":32.0,"recency":1,"frp":0.9,"confidence":"nominal"}},{"type":"Feature","geometry":{"type":"Point","coordinates":[8.33547,51.59552]},"properties":{"age_h":32.0,"recency":1,"frp":0.6,"confidence":"nominal"}},{"type":"Feature","geometry":{"type":"Point","coordinates":[8.50841,51.61772]},"properties":{"age_h":32.0,"recency":1,"frp":1.2,"confidence":"nominal"}},{"type":"Feature","geometry":{"type":"Point","coordinates":[8.50437,51.62197]},"properties":{"age_h":32.0,"recency":1,"frp":0.9,"confidence":"nominal"}},{"type":"Feature","geometry":{"type":"Point","coordinates":[15.99325,51.68259]},"properties":{"age_h":32.0,"recency":1,"frp":0.7,"confidence":"nominal"}},{"type":"Feature","geometry":{"type":"Point","coordinates":[15.97813,51.69095]},"properties":{"age_h":32.0,"recency":1,"frp":2.5,"confidence":"nominal"}},{"type":"Feature","geometry":{"type":"Point","coordinates":[8.03068,51.85714]},"properties":{"age_h":32.0,"recency":1,"frp":0.6,"confidence":"nominal"}},{"type":"Feature","geometry":{"type":"Point","coordinates":[10.39953,52.1526]},"properties":{"age_h":32.0,"recency":1,"frp":3.8,"confidence":"nominal"}},{"type":"Feature","geometry":{"type":"Point","coordinates":[10.39697,52.16044]},"properties":{"age_h":32.0,"recency":1,"frp":0.9,"confidence":"nominal"}},{"type":"Feature","geometry":{"type":"Point","coordinates":[10.41069,52.16147]},"properties":{"age_h":32.0,"recency":1,"frp":1.3,"confidence":"nominal"}},{"type":"Feature","geometry":{"type":"Point","coordinates":[10.43212,52.16469]},"properties":{"age_h":32.0,"recency":1,"frp":0.6,"confidence":"nominal"}},{"type":"Feature","geometry":{"type":"Point","coordinates":[14.6237,52.17027]},"properties":{"age_h":32.0,"recency":1,"frp":0.8,"confidence":"nominal"}},{"type":"Feature","geometry":{"type":"Point","coordinates":[14.61584,52.17209]},"properties":{"age_h":32.0,"recency":1,"frp":0.8,"confidence":"nominal"}},{"type":"Feature","geometry":{"type":"Point","coordinates":[14.62456,52.17326]},"properties":{"age_h":32.0,"recency":1,"frp":1.1,"confidence":"nominal"}},{"type":"Feature","geometry":{"type":"Point","coordinates":[8.05183,52.211]},"properties":{"age_h":32.0,"recency":1,"frp":0.2,"confidence":"nominal"}},{"type":"Feature","geometry":{"type":"Point","coordinates":[10.24951,52.31774]},"properties":{"age_h":32.0,"recency":1,"frp":0.3,"confidence":"nominal"}},{"type":"Feature","geometry":{"type":"Point","coordinates":[12.49842,52.40058]},"properties":{"age_h":32.0,"recency":1,"frp":0.6,"confidence":"nominal"}},{"type":"Feature","geometry":{"type":"Point","coordinates":[19.69628,52.58722]},"properties":{"age_h":32.0,"recency":1,"frp":0.9,"confidence":"nominal"}},{"type":"Feature","geometry":{"type":"Point","coordinates":[8.67717,53.12704]},"properties":{"age_h":32.0,"recency":1,"frp":1.6,"confidence":"nominal"}},{"type":"Feature","geometry":{"type":"Point","coordinates":[8.67148,53.12803]},"properties":{"age_h":32.0,"recency":1,"frp":1.6,"confidence":"nominal"}},{"type":"Feature","geometry":{"type":"Point","coordinates":[8.6932,53.13479]},"properties":{"age_h":32.0,"recency":1,"frp":5.0,"confidence":"nominal"}},{"type":"Feature","geometry":{"type":"Point","coordinates":[10.03228,53.51114]},"properties":{"age_h":32.0,"recency":1,"frp":0.9,"confidence":"nominal"}},{"type":"Feature","geometry":{"type":"Point","coordinates":[-7.58185,54.13135]},"properties":{"age_h":32.0,"recency":1,"frp":0.4,"confidence":"nominal"}},{"type":"Feature","geometry":{"type":"Point","coordinates":[11.52529,55.28453]},"properties":{"age_h":32.0,"recency":1,"frp":1.2,"confidence":"nominal"}},{"type":"Feature","geometry":{"type":"Point","coordinates":[11.09729,55.65477]},"properties":{"age_h":32.0,"recency":1,"frp":0.8,"confidence":"nominal"}},{"type":"Feature","geometry":{"type":"Point","coordinates":[17.37046,40.53664]},"properties":{"age_h":31.9,"recency":1,"frp":0.7,"confidence":"nominal"}},{"type":"Feature","geometry":{"type":"Point","coordinates":[17.36803,40.53728]},"properties":{"age_h":31.9,"recency":1,"frp":1.3,"confidence":"nominal"}},{"type":"Feature","geometry":{"type":"Point","coordinates":[17.35279,40.54201]},"properties":{"age_h":31.9,"recency":1,"frp":1.2,"confidence":"nominal"}},{"type":"Feature","geometry":{"type":"Point","coordinates":[17.35045,40.54274]},"properties":{"age_h":31.9,"recency":1,"frp":1.8,"confidence":"nominal"}},{"type":"Feature","geometry":{"type":"Point","coordinates":[17.36489,40.54498]},"properties":{"age_h":31.9,"recency":1,"frp":1.3,"confidence":"nominal"}},{"type":"Feature","geometry":{"type":"Point","coordinates":[17.36142,40.54609]},"properties":{"age_h":31.9,"recency":1,"frp":2.5,"confidence":"nominal"}},{"type":"Feature","geometry":{"type":"Point","coordinates":[17.359,40.54681]},"properties":{"age_h":31.9,"recency":1,"frp":1.8,"confidence":"nominal"}},{"type":"Feature","geometry":{"type":"Point","coordinates":[19.74154,41.5062]},"properties":{"age_h":31.9,"recency":1,"frp":0.8,"confidence":"nominal"}},{"type":"Feature","geometry":{"type":"Point","coordinates":[9.38802,42.00811]},"properties":{"age_h":31.9,"recency":1,"frp":0.9,"confidence":"nominal"}},{"type":"Feature","geometry":{"type":"Point","coordinates":[1.76118,42.69251]},"properties":{"age_h":31.9,"recency":1,"frp":1.9,"confidence":"nominal"}},{"type":"Feature","geometry":{"type":"Point","coordinates":[1.76204,42.6958]},"properties":{"age_h":31.9,"recency":1,"frp":2.0,"confidence":"nominal"}},{"type":"Feature","geometry":{"type":"Point","coordinates":[1.75742,42.69649]},"properties":{"age_h":31.9,"recency":1,"frp":0.5,"confidence":"nominal"}},{"type":"Feature","geometry":{"type":"Point","coordinates":[1.76296,42.69907]},"properties":{"age_h":31.9,"recency":1,"frp":2.0,"confidence":"nominal"}},{"type":"Feature","geometry":{"type":"Point","coordinates":[1.75832,42.69977]},"properties":{"age_h":31.9,"recency":1,"frp":0.5,"confidence":"nominal"}},{"type":"Feature","geometry":{"type":"Point","coordinates":[1.76848,42.70166]},"properties":{"age_h":31.9,"recency":1,"frp":1.6,"confidence":"nominal"}},{"type":"Feature","geometry":{"type":"Point","coordinates":[1.76389,42.70235]},"properties":{"age_h":31.9,"recency":1,"frp":1.6,"confidence":"nominal"}},{"type":"Feature","geometry":{"type":"Point","coordinates":[2.00027,42.70734]},"properties":{"age_h":31.9,"recency":1,"frp":4.2,"confidence":"nominal"}},{"type":"Feature","geometry":{"type":"Point","coordinates":[1.9957,42.70805]},"properties":{"age_h":31.9,"recency":1,"frp":4.2,"confidence":"nominal"}},{"type":"Feature","geometry":{"type":"Point","coordinates":[1.99109,42.70875]},"properties":{"age_h":31.9,"recency":1,"frp":1.7,"confidence":"nominal"}},{"type":"Feature","geometry":{"type":"Point","coordinates":[2.00125,42.71061]},"properties":{"age_h":31.9,"recency":1,"frp":4.2,"confidence":"nominal"}},{"type":"Feature","geometry":{"type":"Point","coordinates":[2.00219,42.71388]},"properties":{"age_h":31.9,"recency":1,"frp":0.7,"confidence":"nominal"}},{"type":"Feature","geometry":{"type":"Point","coordinates":[1.49902,42.89824]},"properties":{"age_h":31.9,"recency":1,"frp":1.2,"confidence":"nominal"}},{"type":"Feature","geometry":{"type":"Point","coordinates":[1.49431,42.89893]},"properties":{"age_h":31.9,"recency":1,"frp":4.1,"confidence":"nominal"}},{"type":"Feature","geometry":{"type":"Point","coordinates":[1.4896,42.89963]},"properties":{"age_h":31.9,"recency":1,"frp":4.1,"confidence":"nominal"}},{"type":"Feature","geometry":{"type":"Point","coordinates":[1.5001,42.90152]},"properties":{"age_h":31.9,"recency":1,"frp":1.2,"confidence":"nominal"}},{"type":"Feature","geometry":{"type":"Point","coordinates":[1.49539,42.90221]},"properties":{"age_h":31.9,"recency":1,"frp":4.1,"confidence":"nominal"}},{"type":"Feature","geometry":{"type":"Point","coordinates":[1.49067,42.9029]},"properties":{"age_h":31.9,"recency":1,"frp":4.1,"confidence":"nominal"}},{"type":"Feature","geometry":{"type":"Point","coordinates":[1.48595,42.90359]},"properties":{"age_h":31.9,"recency":1,"frp":8.0,"confidence":"nominal"}},{"type":"Feature","geometry":{"type":"Point","coordinates":[1.49635,42.9055]},"properties":{"age_h":31.9,"recency":1,"frp":1.3,"confidence":"nominal"}},{"type":"Feature","geometry":{"type":"Point","coordinates":[1.48687,42.90689]},"properties":{"age_h":31.9,"recency":1,"frp":0.5,"confidence":"nominal"}},{"type":"Feature","geometry":{"type":"Point","coordinates":[-5.69887,43.04438]},"properties":{"age_h":31.9,"recency":1,"frp":3.3,"confidence":"nominal"}},{"type":"Feature","geometry":{"type":"Point","coordinates":[-5.70472,43.04488]},"properties":{"age_h":31.9,"recency":1,"frp":1.7,"confidence":"nominal"}},{"type":"Feature","geometry":{"type":"Point","coordinates":[-5.71001,43.04533]},"properties":{"age_h":31.9,"recency":1,"frp":1.7,"confidence":"nominal"}},{"type":"Feature","geometry":{"type":"Point","coordinates":[-5.71563,43.0458]},"properties":{"age_h":31.9,"recency":1,"frp":1.4,"confidence":"nominal"}},{"type":"Feature","geometry":{"type":"Point","coordinates":[-5.69121,43.04816]},"properties":{"age_h":31.9,"recency":1,"frp":13.9,"confidence":"nominal"}},{"type":"Feature","geometry":{"type":"Point","coordinates":[-5.69749,43.0487]},"properties":{"age_h":31.9,"recency":1,"frp":13.9,"confidence":"nominal"}},{"type":"Feature","geometry":{"type":"Point","coordinates":[-5.69592,43.04873]},"properties":{"age_h":31.9,"recency":1,"frp":22.0,"confidence":"nominal"}},{"type":"Feature","geometry":{"type":"Point","coordinates":[-5.70374,43.04923]},"properties":{"age_h":31.9,"recency":1,"frp":25.3,"confidence":"nominal"}},{"type":"Feature","geometry":{"type":"Point","coordinates":[-5.70223,43.04923]},"properties":{"age_h":31.9,"recency":1,"frp":22.0,"confidence":"nominal"}},{"type":"Feature","geometry":{"type":"Point","coordinates":[-5.70842,43.04972]},"properties":{"age_h":31.9,"recency":1,"frp":12.3,"confidence":"nominal"}},{"type":"Feature","geometry":{"type":"Point","coordinates":[-5.7099,43.04976]},"properties":{"age_h":31.9,"recency":1,"frp":25.3,"confidence":"nominal"}},{"type":"Feature","geometry":{"type":"Point","coordinates":[-5.71474,43.05022]},"properties":{"age_h":31.9,"recency":1,"frp":12.3,"confidence":"nominal"}},{"type":"Feature","geometry":{"type":"Point","coordinates":[-5.71621,43.05029]},"properties":{"age_h":31.9,"recency":1,"frp":1.5,"confidence":"nominal"}},{"type":"Feature","geometry":{"type":"Point","coordinates":[-5.69545,43.05296]},"properties":{"age_h":31.9,"recency":1,"frp":13.9,"confidence":"nominal"}},{"type":"Feature","geometry":{"type":"Point","coordinates":[-5.69371,43.053]},"properties":{"age_h":31.9,"recency":1,"frp":22.0,"confidence":"nominal"}},{"type":"Feature","geometry":{"type":"Point","coordinates":[-5.70081,43.05356]},"properties":{"age_h":31.9,"recency":1,"frp":22.0,"confidence":"nominal"}},{"type":"Feature","geometry":{"type":"Point","coordinates":[-5.70252,43.05357]},"properties":{"age_h":31.9,"recency":1,"frp":25.3,"confidence":"nominal"}},{"type":"Feature","geometry":{"type":"Point","coordinates":[-5.70833,43.05415]},"properties":{"age_h":31.9,"recency":1,"frp":12.3,"confidence":"nominal"}},{"type":"Feature","geometry":{"type":"Point","coordinates":[-5.71017,43.05422]},"properties":{"age_h":31.9,"recency":1,"frp":25.3,"confidence":"nominal"}},{"type":"Feature","geometry":{"type":"Point","coordinates":[-5.71582,43.05473]},"properties":{"age_h":31.9,"recency":1,"frp":12.3,"confidence":"nominal"}},{"type":"Feature","geometry":{"type":"Point","coordinates":[-5.71746,43.05484]},"properties":{"age_h":31.9,"recency":1,"frp":1.5,"confidence":"nominal"}},{"type":"Feature","geometry":{"type":"Point","coordinates":[-5.69457,43.05732]},"properties":{"age_h":31.9,"recency":1,"frp":1.8,"confidence":"nominal"}},{"type":"Feature","geometry":{"type":"Point","coordinates":[-5.69283,43.05736]},"properties":{"age_h":31.9,"recency":1,"frp":0.9,"confidence":"nominal"}},{"type":"Feature","geometry":{"type":"Point","coordinates":[-5.70068,43.05798]},"properties":{"age_h":31.9,"recency":1,"frp":0.9,"confidence":"nominal"}},{"type":"Feature","geometry":{"type":"Point","coordinates":[-5.70264,43.05801]},"properties":{"age_h":31.9,"recency":1,"frp":1.5,"confidence":"nominal"}},{"type":"Feature","geometry":{"type":"Point","coordinates":[-5.70901,43.05862]},"properties":{"age_h":31.9,"recency":1,"frp":1.1,"confidence":"nominal"}},{"type":"Feature","geometry":{"type":"Point","coordinates":[-5.71093,43.05872]},"properties":{"age_h":31.9,"recency":1,"frp":1.5,"confidence":"nominal"}},{"type":"Feature","geometry":{"type":"Point","coordinates":[-5.71683,43.05924]},"properties":{"age_h":31.9,"recency":1,"frp":1.1,"confidence":"nominal"}},{"type":"Feature","geometry":{"type":"Point","coordinates":[-5.71855,43.05937]},"properties":{"age_h":31.9,"recency":1,"frp":1.8,"confidence":"nominal"}},{"type":"Feature","geometry":{"type":"Point","coordinates":[11.83719,43.23578]},"properties":{"age_h":31.9,"recency":1,"frp":1.1,"confidence":"nominal"}},{"type":"Feature","geometry":{"type":"Point","coordinates":[12.5437,43.36485]},"properties":{"age_h":31.9,"recency":1,"frp":1.6,"confidence":"nominal"}},{"type":"Feature","geometry":{"type":"Point","coordinates":[12.54513,43.36567]},"properties":{"age_h":31.9,"recency":1,"frp":0.9,"confidence":"nominal"}},{"type":"Feature","geometry":{"type":"Point","coordinates":[5.46229,43.45224]},"properties":{"age_h":31.9,"recency":1,"frp":0.6,"confidence":"nominal"}},{"type":"Feature","geometry":{"type":"Point","coordinates":[7.37089,43.79345]},"properties":{"age_h":31.9,"recency":1,"frp":0.9,"confidence":"nominal"}},{"type":"Feature","geometry":{"type":"Point","coordinates":[8.28975,44.37903]},"properties":{"age_h":31.9,"recency":1,"frp":0.8,"confidence":"nominal"}},{"type":"Feature","geometry":{"type":"Point","coordinates":[20.97288,44.60115]},"properties":{"age_h":31.9,"recency":1,"frp":1.4,"confidence":"nominal"}},{"type":"Feature","geometry":{"type":"Point","coordinates":[22.42818,44.87992]},"properties":{"age_h":31.9,"recency":1,"frp":2.0,"confidence":"nominal"}},{"type":"Feature","geometry":{"type":"Point","coordinates":[22.4311,44.88245]},"properties":{"age_h":31.9,"recency":1,"frp":6.0,"confidence":"nominal"}},{"type":"Feature","geometry":{"type":"Point","coordinates":[22.42742,44.88374]},"properties":{"age_h":31.9,"recency":1,"frp":3.5,"confidence":"nominal"}},{"type":"Feature","geometry":{"type":"Point","coordinates":[22.43303,44.88579]},"properties":{"age_h":31.9,"recency":1,"frp":2.0,"confidence":"nominal"}},{"type":"Feature","geometry":{"type":"Point","coordinates":[22.42929,44.88711]},"properties":{"age_h":31.9,"recency":1,"frp":2.0,"confidence":"nominal"}},{"type":"Feature","geometry":{"type":"Point","coordinates":[21.27131,45.0362]},"properties":{"age_h":31.9,"recency":1,"frp":1.7,"confidence":"nominal"}},{"type":"Feature","geometry":{"type":"Point","coordinates":[21.2646,45.03844]},"properties":{"age_h":31.9,"recency":1,"frp":1.7,"confidence":"nominal"}},{"type":"Feature","geometry":{"type":"Point","coordinates":[8.79368,45.4363]},"properties":{"age_h":31.9,"recency":1,"frp":0.7,"confidence":"nominal"}},{"type":"Feature","geometry":{"type":"Point","coordinates":[19.67939,45.55931]},"properties":{"age_h":31.9,"recency":1,"frp":0.6,"confidence":"nominal"}},{"type":"Feature","geometry":{"type":"Point","coordinates":[9.46682,45.68399]},"properties":{"age_h":31.9,"recency":1,"frp":1.0,"confidence":"nominal"}},{"type":"Feature","geometry":{"type":"Point","coordinates":[5.81858,45.91295]},"properties":{"age_h":31.9,"recency":1,"frp":0.4,"confidence":"nominal"}},{"type":"Feature","geometry":{"type":"Point","coordinates":[12.74048,46.1786]},"properties":{"age_h":31.9,"recency":1,"frp":0.5,"confidence":"nominal"}},{"type":"Feature","geometry":{"type":"Point","coordinates":[8.26245,47.07087]},"properties":{"age_h":31.9,"recency":1,"frp":1.6,"confidence":"nominal"}},{"type":"Feature","geometry":{"type":"Point","coordinates":[8.77822,48.2248]},"properties":{"age_h":31.9,"recency":1,"frp":0.2,"confidence":"nominal"}},{"type":"Feature","geometry":{"type":"Point","coordinates":[9.73176,48.33272]},"properties":{"age_h":31.9,"recency":1,"frp":0.8,"confidence":"nominal"}},{"type":"Feature","geometry":{"type":"Point","coordinates":[9.73562,48.37008]},"properties":{"age_h":31.9,"recency":1,"frp":0.6,"confidence":"nominal"}},{"type":"Feature","geometry":{"type":"Point","coordinates":[2.98256,48.38795]},"properties":{"age_h":31.9,"recency":1,"frp":1.4,"confidence":"nominal"}},{"type":"Feature","geometry":{"type":"Point","coordinates":[1.75816,48.98508]},"properties":{"age_h":31.9,"recency":1,"frp":3.5,"confidence":"nominal"}},{"type":"Feature","geometry":{"type":"Point","coordinates":[5.64689,35.09663]},"properties":{"age_h":31.9,"recency":1,"frp":1.5,"confidence":"nominal"}},{"type":"Feature","geometry":{"type":"Point","coordinates":[8.17397,35.23354]},"properties":{"age_h":31.9,"recency":1,"frp":1.0,"confidence":"nominal"}},{"type":"Feature","geometry":{"type":"Point","coordinates":[8.17311,35.23396]},"properties":{"age_h":31.9,"recency":1,"frp":1.3,"confidence":"nominal"}},{"type":"Feature","geometry":{"type":"Point","coordinates":[5.76081,35.34799]},"properties":{"age_h":31.9,"recency":1,"frp":2.2,"confidence":"nominal"}},{"type":"Feature","geometry":{"type":"Point","coordinates":[4.61202,36.08819]},"properties":{"age_h":31.9,"recency":1,"frp":0.5,"confidence":"nominal"}},{"type":"Feature","geometry":{"type":"Point","coordinates":[1.24129,36.12581]},"properties":{"age_h":31.9,"recency":1,"frp":0.8,"confidence":"nominal"}},{"type":"Feature","geometry":{"type":"Point","coordinates":[1.23787,36.12979]},"properties":{"age_h":31.9,"recency":1,"frp":0.5,"confidence":"nominal"}},{"type":"Feature","geometry":{"type":"Point","coordinates":[5.4791,36.33245]},"properties":{"age_h":31.9,"recency":1,"frp":0.8,"confidence":"nominal"}},{"type":"Feature","geometry":{"type":"Point","coordinates":[10.3185,36.5894]},"properties":{"age_h":31.9,"recency":1,"frp":1.4,"confidence":"nominal"}},{"type":"Feature","geometry":{"type":"Point","coordinates":[2.87693,36.59572]},"properties":{"age_h":31.9,"recency":1,"frp":0.8,"confidence":"nominal"}},{"type":"Feature","geometry":{"type":"Point","coordinates":[3.13737,36.59855]},"properties":{"age_h":31.9,"recency":1,"frp":1.0,"confidence":"nominal"}},{"type":"Feature","geometry":{"type":"Point","coordinates":[6.24938,36.74461]},"properties":{"age_h":31.9,"recency":1,"frp":2.2,"confidence":"nominal"}},{"type":"Feature","geometry":{"type":"Point","coordinates":[6.25737,36.74845]},"properties":{"age_h":31.9,"recency":1,"frp":0.7,"confidence":"nominal"}},{"type":"Feature","geometry":{"type":"Point","coordinates":[-5.77139,38.36982]},"properties":{"age_h":31.9,"recency":1,"frp":1.1,"confidence":"nominal"}},{"type":"Feature","geometry":{"type":"Point","coordinates":[-5.15612,38.57049]},"properties":{"age_h":31.9,"recency":1,"frp":1.5,"confidence":"nominal"}},{"type":"Feature","geometry":{"type":"Point","coordinates":[-5.16069,38.57095]},"properties":{"age_h":31.9,"recency":1,"frp":2.3,"confidence":"nominal"}},{"type":"Feature","geometry":{"type":"Point","coordinates":[15.21387,38.79404]},"properties":{"age_h":31.9,"recency":1,"frp":4.7,"confidence":"nominal"}},{"type":"Feature","geometry":{"type":"Point","coordinates":[9.00946,39.57938]},"properties":{"age_h":31.9,"recency":1,"frp":0.5,"confidence":"nominal"}},{"type":"Feature","geometry":{"type":"Point","coordinates":[8.59924,39.61861]},"properties":{"age_h":31.9,"recency":1,"frp":0.9,"confidence":"nominal"}},{"type":"Feature","geometry":{"type":"Point","coordinates":[-0.24934,39.6649]},"properties":{"age_h":31.9,"recency":1,"frp":0.6,"confidence":"nominal"}},{"type":"Feature","geometry":{"type":"Point","coordinates":[-4.0186,40.08794]},"properties":{"age_h":31.9,"recency":1,"frp":5.0,"confidence":"nominal"}},{"type":"Feature","geometry":{"type":"Point","coordinates":[-4.07895,40.14241]},"properties":{"age_h":31.9,"recency":1,"frp":0.9,"confidence":"nominal"}},{"type":"Feature","geometry":{"type":"Point","coordinates":[-4.07821,40.1463]},"properties":{"age_h":31.9,"recency":1,"frp":0.6,"confidence":"nominal"}},{"type":"Feature","geometry":{"type":"Point","coordinates":[0.54291,40.57795]},"properties":{"age_h":31.9,"recency":1,"frp":0.8,"confidence":"nominal"}},{"type":"Feature","geometry":{"type":"Point","coordinates":[1.66009,41.31301]},"properties":{"age_h":31.9,"recency":1,"frp":0.6,"confidence":"nominal"}},{"type":"Feature","geometry":{"type":"Point","coordinates":[-8.08031,41.56586]},"properties":{"age_h":31.9,"recency":1,"frp":2.4,"confidence":"nominal"}},{"type":"Feature","geometry":{"type":"Point","coordinates":[1.55029,61.58299]},"properties":{"age_h":30.3,"recency":1,"frp":3.7,"confidence":"nominal"}},{"type":"Feature","geometry":{"type":"Point","coordinates":[1.54253,61.58525]},"properties":{"age_h":30.3,"recency":1,"frp":2.5,"confidence":"nominal"}},{"type":"Feature","geometry":{"type":"Point","coordinates":[-0.613,53.56997]},"properties":{"age_h":30.3,"recency":1,"frp":1.7,"confidence":"nominal"}},{"type":"Feature","geometry":{"type":"Point","coordinates":[-0.61845,53.57177]},"properties":{"age_h":30.3,"recency":1,"frp":1.7,"confidence":"nominal"}},{"type":"Feature","geometry":{"type":"Point","coordinates":[-5.77043,54.72377]},"properties":{"age_h":30.3,"recency":1,"frp":1.1,"confidence":"nominal"}},{"type":"Feature","geometry":{"type":"Point","coordinates":[-8.68782,52.64363]},"properties":{"age_h":30.3,"recency":1,"frp":1.0,"confidence":"nominal"}},{"type":"Feature","geometry":{"type":"Point","coordinates":[40.95872,34.20209]},"properties":{"age_h":23.9,"recency":0,"frp":3.3,"confidence":"nominal"}},{"type":"Feature","geometry":{"type":"Point","coordinates":[40.97635,34.21522]},"properties":{"age_h":23.9,"recency":0,"frp":49.6,"confidence":"nominal"}},{"type":"Feature","geometry":{"type":"Point","coordinates":[40.98145,34.21634]},"properties":{"age_h":23.9,"recency":0,"frp":49.6,"confidence":"nominal"}},{"type":"Feature","geometry":{"type":"Point","coordinates":[37.3154,35.55812]},"properties":{"age_h":23.9,"recency":0,"frp":3.0,"confidence":"nominal"}},{"type":"Feature","geometry":{"type":"Point","coordinates":[41.95417,36.18499]},"properties":{"age_h":23.9,"recency":0,"frp":3.1,"confidence":"nominal"}},{"type":"Feature","geometry":{"type":"Point","coordinates":[40.4917,36.49544]},"properties":{"age_h":23.9,"recency":0,"frp":4.1,"confidence":"nominal"}},{"type":"Feature","geometry":{"type":"Point","coordinates":[39.47962,36.59858]},"properties":{"age_h":23.9,"recency":0,"frp":3.8,"confidence":"nominal"}},{"type":"Feature","geometry":{"type":"Point","coordinates":[38.69938,36.60719]},"properties":{"age_h":23.9,"recency":0,"frp":6.2,"confidence":"nominal"}},{"type":"Feature","geometry":{"type":"Point","coordinates":[38.69884,36.61039]},"properties":{"age_h":23.9,"recency":0,"frp":5.9,"confidence":"nominal"}},{"type":"Feature","geometry":{"type":"Point","coordinates":[40.69584,36.64737]},"properties":{"age_h":23.9,"recency":0,"frp":3.7,"confidence":"nominal"}},{"type":"Feature","geometry":{"type":"Point","coordinates":[39.34401,36.69736]},"properties":{"age_h":23.9,"recency":0,"frp":5.4,"confidence":"nominal"}},{"type":"Feature","geometry":{"type":"Point","coordinates":[39.38199,36.71096]},"properties":{"age_h":23.9,"recency":0,"frp":14.4,"confidence":"nominal"}},{"type":"Feature","geometry":{"type":"Point","coordinates":[39.38759,36.71226]},"properties":{"age_h":23.9,"recency":0,"frp":14.4,"confidence":"nominal"}},{"type":"Feature","geometry":{"type":"Point","coordinates":[39.38043,36.71539]},"properties":{"age_h":23.9,"recency":0,"frp":11.9,"confidence":"nominal"}},{"type":"Feature","geometry":{"type":"Point","coordinates":[39.38604,36.71669]},"properties":{"age_h":23.9,"recency":0,"frp":11.9,"confidence":"nominal"}},{"type":"Feature","geometry":{"type":"Point","coordinates":[41.53251,36.73066]},"properties":{"age_h":23.9,"recency":0,"frp":6.2,"confidence":"nominal"}},{"type":"Feature","geometry":{"type":"Point","coordinates":[41.53122,36.73464]},"properties":{"age_h":23.9,"recency":0,"frp":6.2,"confidence":"nominal"}},{"type":"Feature","geometry":{"type":"Point","coordinates":[40.92474,36.74161]},"properties":{"age_h":23.9,"recency":0,"frp":5.8,"confidence":"nominal"}},{"type":"Feature","geometry":{"type":"Point","coordinates":[38.90879,36.75112]},"properties":{"age_h":23.9,"recency":0,"frp":6.2,"confidence":"nominal"}},{"type":"Feature","geometry":{"type":"Point","coordinates":[38.90621,36.75351]},"properties":{"age_h":23.9,"recency":0,"frp":4.0,"confidence":"nominal"}},{"type":"Feature","geometry":{"type":"Point","coordinates":[40.92926,36.77327]},"properties":{"age_h":23.9,"recency":0,"frp":7.2,"confidence":"nominal"}},{"type":"Feature","geometry":{"type":"Point","coordinates":[40.93394,36.77428]},"properties":{"age_h":23.9,"recency":0,"frp":7.2,"confidence":"nominal"}},{"type":"Feature","geometry":{"type":"Point","coordinates":[40.93076,36.77472]},"properties":{"age_h":23.9,"recency":0,"frp":13.4,"confidence":"nominal"}},{"type":"Feature","geometry":{"type":"Point","coordinates":[39.53963,36.77579]},"properties":{"age_h":23.9,"recency":0,"frp":5.0,"confidence":"nominal"}},{"type":"Feature","geometry":{"type":"Point","coordinates":[40.62098,36.79966]},"properties":{"age_h":23.9,"recency":0,"frp":16.2,"confidence":"nominal"}},{"type":"Feature","geometry":{"type":"Point","coordinates":[40.09421,36.8084]},"properties":{"age_h":23.9,"recency":0,"frp":2.0,"confidence":"nominal"}},{"type":"Feature","geometry":{"type":"Point","coordinates":[41.94573,36.80923]},"properties":{"age_h":23.9,"recency":0,"frp":7.7,"confidence":"nominal"}},{"type":"Feature","geometry":{"type":"Point","coordinates":[40.09555,36.80942]},"properties":{"age_h":23.9,"recency":0,"frp":4.7,"confidence":"nominal"}},{"type":"Feature","geometry":{"type":"Point","coordinates":[39.65375,36.8331]},"properties":{"age_h":23.9,"recency":0,"frp":4.6,"confidence":"nominal"}},{"type":"Feature","geometry":{"type":"Point","coordinates":[41.8918,36.852]},"properties":{"age_h":23.9,"recency":0,"frp":4.3,"confidence":"nominal"}},{"type":"Feature","geometry":{"type":"Point","coordinates":[41.896,36.85286]},"properties":{"age_h":23.9,"recency":0,"frp":6.4,"confidence":"nominal"}},{"type":"Feature","geometry":{"type":"Point","coordinates":[40.48018,36.85299]},"properties":{"age_h":23.9,"recency":0,"frp":2.4,"confidence":"nominal"}},{"type":"Feature","geometry":{"type":"Point","coordinates":[41.89054,36.85589]},"properties":{"age_h":23.9,"recency":0,"frp":7.3,"confidence":"nominal"}},{"type":"Feature","geometry":{"type":"Point","coordinates":[41.1115,36.85779]},"properties":{"age_h":23.9,"recency":0,"frp":3.1,"confidence":"nominal"}},{"type":"Feature","geometry":{"type":"Point","coordinates":[40.98152,36.87762]},"properties":{"age_h":23.9,"recency":0,"frp":72.6,"confidence":"nominal"}},{"type":"Feature","geometry":{"type":"Point","coordinates":[40.98481,36.88269]},"properties":{"age_h":23.9,"recency":0,"frp":47.8,"confidence":"nominal"}},{"type":"Feature","geometry":{"type":"Point","coordinates":[40.97882,36.88577]},"properties":{"age_h":23.9,"recency":0,"frp":86.0,"confidence":"high"}},{"type":"Feature","geometry":{"type":"Point","coordinates":[38.97215,36.88586]},"properties":{"age_h":23.9,"recency":0,"frp":31.7,"confidence":"nominal"}},{"type":"Feature","geometry":{"type":"Point","coordinates":[40.98346,36.88676]},"properties":{"age_h":23.9,"recency":0,"frp":71.9,"confidence":"nominal"}},{"type":"Feature","geometry":{"type":"Point","coordinates":[38.97272,36.88688]},"properties":{"age_h":23.9,"recency":0,"frp":21.1,"confidence":"nominal"}},{"type":"Feature","geometry":{"type":"Point","coordinates":[40.41814,36.91413]},"properties":{"age_h":23.9,"recency":0,"frp":6.7,"confidence":"nominal"}},{"type":"Feature","geometry":{"type":"Point","coordinates":[41.41713,36.93615]},"properties":{"age_h":23.9,"recency":0,"frp":24.4,"confidence":"nominal"}},{"type":"Feature","geometry":{"type":"Point","coordinates":[41.42154,36.93708]},"properties":{"age_h":23.9,"recency":0,"frp":20.2,"confidence":"nominal"}},{"type":"Feature","geometry":{"type":"Point","coordinates":[41.42595,36.93802]},"properties":{"age_h":23.9,"recency":0,"frp":20.2,"confidence":"nominal"}},{"type":"Feature","geometry":{"type":"Point","coordinates":[41.02576,36.94589]},"properties":{"age_h":23.9,"recency":0,"frp":25.6,"confidence":"nominal"}},{"type":"Feature","geometry":{"type":"Point","coordinates":[41.03037,36.94689]},"properties":{"age_h":23.9,"recency":0,"frp":25.6,"confidence":"nominal"}},{"type":"Feature","geometry":{"type":"Point","coordinates":[41.04872,36.95087]},"properties":{"age_h":23.9,"recency":0,"frp":1.9,"confidence":"nominal"}},{"type":"Feature","geometry":{"type":"Point","coordinates":[40.36455,37.01788]},"properties":{"age_h":23.9,"recency":0,"frp":4.2,"confidence":"nominal"}},{"type":"Feature","geometry":{"type":"Point","coordinates":[41.08969,37.06615]},"properties":{"age_h":23.9,"recency":0,"frp":3.0,"confidence":"nominal"}},{"type":"Feature","geometry":{"type":"Point","coordinates":[41.00429,37.0867]},"properties":{"age_h":23.9,"recency":0,"frp":4.9,"confidence":"nominal"}},{"type":"Feature","geometry":{"type":"Point","coordinates":[41.00294,37.09074]},"properties":{"age_h":23.9,"recency":0,"frp":4.9,"confidence":"nominal"}},{"type":"Feature","geometry":{"type":"Point","coordinates":[41.08427,37.11248]},"properties":{"age_h":23.9,"recency":0,"frp":6.2,"confidence":"nominal"}},{"type":"Feature","geometry":{"type":"Point","coordinates":[40.58771,37.23148]},"properties":{"age_h":23.9,"recency":0,"frp":6.3,"confidence":"nominal"}},{"type":"Feature","geometry":{"type":"Point","coordinates":[40.32754,37.23626]},"properties":{"age_h":23.9,"recency":0,"frp":3.4,"confidence":"nominal"}},{"type":"Feature","geometry":{"type":"Point","coordinates":[38.68082,37.51966]},"properties":{"age_h":23.9,"recency":0,"frp":11.1,"confidence":"nominal"}},{"type":"Feature","geometry":{"type":"Point","coordinates":[39.14754,37.63929]},"properties":{"age_h":23.9,"recency":0,"frp":3.8,"confidence":"nominal"}},{"type":"Feature","geometry":{"type":"Point","coordinates":[40.25506,37.74426]},"properties":{"age_h":23.9,"recency":0,"frp":12.4,"confidence":"nominal"}},{"type":"Feature","geometry":{"type":"Point","coordinates":[40.30328,37.75506]},"properties":{"age_h":23.9,"recency":0,"frp":4.5,"confidence":"nominal"}},{"type":"Feature","geometry":{"type":"Point","coordinates":[40.28652,38.08945]},"properties":{"age_h":23.9,"recency":0,"frp":9.0,"confidence":"nominal"}},{"type":"Feature","geometry":{"type":"Point","coordinates":[40.34991,38.09916]},"properties":{"age_h":23.9,"recency":0,"frp":5.7,"confidence":"nominal"}},{"type":"Feature","geometry":{"type":"Point","coordinates":[40.32081,38.11031]},"properties":{"age_h":23.9,"recency":0,"frp":5.8,"confidence":"nominal"}},{"type":"Feature","geometry":{"type":"Point","coordinates":[40.63857,38.18457]},"properties":{"age_h":23.9,"recency":0,"frp":9.1,"confidence":"nominal"}},{"type":"Feature","geometry":{"type":"Point","coordinates":[34.92484,36.95889]},"properties":{"age_h":23.9,"recency":0,"frp":2.2,"confidence":"nominal"}},{"type":"Feature","geometry":{"type":"Point","coordinates":[35.08707,37.00038]},"properties":{"age_h":23.9,"recency":0,"frp":3.9,"confidence":"nominal"}},{"type":"Feature","geometry":{"type":"Point","coordinates":[39.65261,38.10311]},"properties":{"age_h":23.9,"recency":0,"frp":5.9,"confidence":"nominal"}},{"type":"Feature","geometry":{"type":"Point","coordinates":[40.23062,38.18365]},"properties":{"age_h":23.9,"recency":0,"frp":2.9,"confidence":"nominal"}},{"type":"Feature","geometry":{"type":"Point","coordinates":[40.23543,38.18472]},"properties":{"age_h":23.9,"recency":0,"frp":6.0,"confidence":"nominal"}},{"type":"Feature","geometry":{"type":"Point","coordinates":[40.33232,38.2151]},"properties":{"age_h":23.9,"recency":0,"frp":5.7,"confidence":"nominal"}},{"type":"Feature","geometry":{"type":"Point","coordinates":[40.39704,38.22069]},"properties":{"age_h":23.9,"recency":0,"frp":4.4,"confidence":"nominal"}},{"type":"Feature","geometry":{"type":"Point","coordinates":[40.40167,38.22171]},"properties":{"age_h":23.9,"recency":0,"frp":4.4,"confidence":"nominal"}},{"type":"Feature","geometry":{"type":"Point","coordinates":[34.69416,39.2437]},"properties":{"age_h":23.9,"recency":0,"frp":3.9,"confidence":"nominal"}},{"type":"Feature","geometry":{"type":"Point","coordinates":[34.69868,39.24493]},"properties":{"age_h":23.9,"recency":0,"frp":3.9,"confidence":"nominal"}},{"type":"Feature","geometry":{"type":"Point","coordinates":[26.5895,44.55869]},"properties":{"age_h":23.9,"recency":0,"frp":8.8,"confidence":"nominal"}},{"type":"Feature","geometry":{"type":"Point","coordinates":[26.58007,44.55965]},"properties":{"age_h":23.9,"recency":0,"frp":7.1,"confidence":"nominal"}},{"type":"Feature","geometry":{"type":"Point","coordinates":[26.58762,44.56228]},"properties":{"age_h":23.9,"recency":0,"frp":6.5,"confidence":"nominal"}},{"type":"Feature","geometry":{"type":"Point","coordinates":[37.24978,45.11002]},"properties":{"age_h":23.9,"recency":0,"frp":18.0,"confidence":"nominal"}},{"type":"Feature","geometry":{"type":"Point","coordinates":[37.85781,45.61979]},"properties":{"age_h":23.9,"recency":0,"frp":7.8,"confidence":"nominal"}},{"type":"Feature","geometry":{"type":"Point","coordinates":[39.77837,46.12661]},"properties":{"age_h":23.9,"recency":0,"frp":5.3,"confidence":"nominal"}},{"type":"Feature","geometry":{"type":"Point","coordinates":[39.43572,46.38781]},"properties":{"age_h":23.9,"recency":0,"frp":10.3,"confidence":"nominal"}},{"type":"Feature","geometry":{"type":"Point","coordinates":[40.08716,46.55648]},"properties":{"age_h":23.9,"recency":0,"frp":4.0,"confidence":"nominal"}},{"type":"Feature","geometry":{"type":"Point","coordinates":[40.08574,46.55997]},"properties":{"age_h":23.9,"recency":0,"frp":69.5,"confidence":"nominal"}},{"type":"Feature","geometry":{"type":"Point","coordinates":[40.06458,46.59158]},"properties":{"age_h":23.9,"recency":0,"frp":7.4,"confidence":"nominal"}},{"type":"Feature","geometry":{"type":"Point","coordinates":[40.06544,46.5937]},"properties":{"age_h":23.9,"recency":0,"frp":9.4,"confidence":"nominal"}},{"type":"Feature","geometry":{"type":"Point","coordinates":[34.61849,46.60566]},"properties":{"age_h":23.9,"recency":0,"frp":3.2,"confidence":"nominal"}},{"type":"Feature","geometry":{"type":"Point","coordinates":[34.62471,46.6072]},"properties":{"age_h":23.9,"recency":0,"frp":3.2,"confidence":"nominal"}},{"type":"Feature","geometry":{"type":"Point","coordinates":[34.62161,46.60916]},"properties":{"age_h":23.9,"recency":0,"frp":3.5,"confidence":"nominal"}},{"type":"Feature","geometry":{"type":"Point","coordinates":[39.12202,46.80904]},"properties":{"age_h":23.9,"recency":0,"frp":2.5,"confidence":"nominal"}},{"type":"Feature","geometry":{"type":"Point","coordinates":[38.65331,47.31455]},"properties":{"age_h":23.9,"recency":0,"frp":2.5,"confidence":"nominal"}},{"type":"Feature","geometry":{"type":"Point","coordinates":[38.65203,47.31611]},"properties":{"age_h":23.9,"recency":0,"frp":3.8,"confidence":"nominal"}},{"type":"Feature","geometry":{"type":"Point","coordinates":[41.38526,47.45256]},"properties":{"age_h":23.9,"recency":0,"frp":11.4,"confidence":"nominal"}},{"type":"Feature","geometry":{"type":"Point","coordinates":[41.3906,47.45353]},"properties":{"age_h":23.9,"recency":0,"frp":3.1,"confidence":"nominal"}},{"type":"Feature","geometry":{"type":"Point","coordinates":[36.99491,47.46799]},"properties":{"age_h":23.9,"recency":0,"frp":4.3,"confidence":"nominal"}},{"type":"Feature","geometry":{"type":"Point","coordinates":[37.00214,47.4696]},"properties":{"age_h":23.9,"recency":0,"frp":4.3,"confidence":"nominal"}},{"type":"Feature","geometry":{"type":"Point","coordinates":[36.98212,47.47779]},"properties":{"age_h":23.9,"recency":0,"frp":2.5,"confidence":"nominal"}},{"type":"Feature","geometry":{"type":"Point","coordinates":[36.98762,47.48323]},"properties":{"age_h":23.9,"recency":0,"frp":8.4,"confidence":"nominal"}},{"type":"Feature","geometry":{"type":"Point","coordinates":[37.57623,47.50784]},"properties":{"age_h":23.9,"recency":0,"frp":45.2,"confidence":"nominal"}},{"type":"Feature","geometry":{"type":"Point","coordinates":[37.5832,47.50934]},"properties":{"age_h":23.9,"recency":0,"frp":45.2,"confidence":"nominal"}},{"type":"Feature","geometry":{"type":"Point","coordinates":[39.28697,47.61214]},"properties":{"age_h":23.9,"recency":0,"frp":2.2,"confidence":"nominal"}},{"type":"Feature","geometry":{"type":"Point","coordinates":[39.3908,47.68379]},"properties":{"age_h":23.9,"recency":0,"frp":5.9,"confidence":"nominal"}},{"type":"Feature","geometry":{"type":"Point","coordinates":[39.3967,47.68497]},"properties":{"age_h":23.9,"recency":0,"frp":5.9,"confidence":"nominal"}},{"type":"Feature","geometry":{"type":"Point","coordinates":[39.39183,47.68623]},"properties":{"age_h":23.9,"recency":0,"frp":9.1,"confidence":"nominal"}},{"type":"Feature","geometry":{"type":"Point","coordinates":[35.59998,47.69941]},"properties":{"age_h":23.9,"recency":0,"frp":20.5,"confidence":"nominal"}},{"type":"Feature","geometry":{"type":"Point","coordinates":[38.55222,47.72919]},"properties":{"age_h":23.9,"recency":0,"frp":3.9,"confidence":"nominal"}},{"type":"Feature","geometry":{"type":"Point","coordinates":[36.09202,47.84919]},"properties":{"age_h":23.9,"recency":0,"frp":6.1,"confidence":"nominal"}},{"type":"Feature","geometry":{"type":"Point","coordinates":[36.44294,48.01197]},"properties":{"age_h":23.9,"recency":0,"frp":7.4,"confidence":"nominal"}},{"type":"Feature","geometry":{"type":"Point","coordinates":[40.50562,48.07059]},"properties":{"age_h":23.9,"recency":0,"frp":5.9,"confidence":"nominal"}},{"type":"Feature","geometry":{"type":"Point","coordinates":[39.05191,48.10051]},"properties":{"age_h":23.9,"recency":0,"frp":3.3,"confidence":"nominal"}},{"type":"Feature","geometry":{"type":"Point","coordinates":[39.05037,48.10401]},"properties":{"age_h":23.9,"recency":0,"frp":3.3,"confidence":"nominal"}},{"type":"Feature","geometry":{"type":"Point","coordinates":[36.4135,50.17078]},"properties":{"age_h":23.9,"recency":0,"frp":3.3,"confidence":"nominal"}},{"type":"Feature","geometry":{"type":"Point","coordinates":[37.0365,50.18726]},"properties":{"age_h":23.9,"recency":0,"frp":71.5,"confidence":"nominal"}},{"type":"Feature","geometry":{"type":"Point","coordinates":[37.0432,50.18868]},"properties":{"age_h":23.9,"recency":0,"frp":19.1,"confidence":"nominal"}},{"type":"Feature","geometry":{"type":"Point","coordinates":[37.92788,51.14074]},"properties":{"age_h":23.9,"recency":0,"frp":3.1,"confidence":"nominal"}},{"type":"Feature","geometry":{"type":"Point","coordinates":[35.03246,51.17387]},"properties":{"age_h":23.9,"recency":0,"frp":19.0,"confidence":"nominal"}},{"type":"Feature","geometry":{"type":"Point","coordinates":[34.31596,51.196]},"properties":{"age_h":23.9,"recency":0,"frp":3.0,"confidence":"nominal"}},{"type":"Feature","geometry":{"type":"Point","coordinates":[34.31375,51.19982]},"properties":{"age_h":23.9,"recency":0,"frp":4.7,"confidence":"nominal"}},{"type":"Feature","geometry":{"type":"Point","coordinates":[34.36017,51.22351]},"properties":{"age_h":23.9,"recency":0,"frp":5.5,"confidence":"nominal"}},{"type":"Feature","geometry":{"type":"Point","coordinates":[34.35753,51.22427]},"properties":{"age_h":23.9,"recency":0,"frp":4.7,"confidence":"nominal"}},{"type":"Feature","geometry":{"type":"Point","coordinates":[37.25117,51.42316]},"properties":{"age_h":23.9,"recency":0,"frp":2.3,"confidence":"nominal"}},{"type":"Feature","geometry":{"type":"Point","coordinates":[28.85115,50.80585]},"properties":{"age_h":23.8,"recency":0,"frp":2.2,"confidence":"nominal"}},{"type":"Feature","geometry":{"type":"Point","coordinates":[27.71895,51.29005]},"properties":{"age_h":23.8,"recency":0,"frp":3.4,"confidence":"nominal"}},{"type":"Feature","geometry":{"type":"Point","coordinates":[29.34529,51.89328]},"properties":{"age_h":23.8,"recency":0,"frp":12.3,"confidence":"nominal"}},{"type":"Feature","geometry":{"type":"Point","coordinates":[34.04629,52.18846]},"properties":{"age_h":23.8,"recency":0,"frp":2.9,"confidence":"nominal"}},{"type":"Feature","geometry":{"type":"Point","coordinates":[24.87563,52.26424]},"properties":{"age_h":23.8,"recency":0,"frp":3.2,"confidence":"nominal"}},{"type":"Feature","geometry":{"type":"Point","coordinates":[25.16774,52.97919]},"properties":{"age_h":23.8,"recency":0,"frp":1.6,"confidence":"nominal"}},{"type":"Feature","geometry":{"type":"Point","coordinates":[34.89568,53.30504]},"properties":{"age_h":23.8,"recency":0,"frp":4.1,"confidence":"nominal"}},{"type":"Feature","geometry":{"type":"Point","coordinates":[35.14423,53.35896]},"properties":{"age_h":23.8,"recency":0,"frp":20.6,"confidence":"nominal"}},{"type":"Feature","geometry":{"type":"Point","coordinates":[32.64787,53.78201]},"properties":{"age_h":23.8,"recency":0,"frp":3.6,"confidence":"nominal"}},{"type":"Feature","geometry":{"type":"Point","coordinates":[33.17104,54.56195]},"properties":{"age_h":23.8,"recency":0,"frp":28.1,"confidence":"nominal"}},{"type":"Feature","geometry":{"type":"Point","coordinates":[33.16862,54.56558]},"properties":{"age_h":23.8,"recency":0,"frp":28.1,"confidence":"nominal"}},{"type":"Feature","geometry":{"type":"Point","coordinates":[34.14944,59.52861]},"properties":{"age_h":23.8,"recency":0,"frp":2.7,"confidence":"nominal"}},{"type":"Feature","geometry":{"type":"Point","coordinates":[6.40898,35.80297]},"properties":{"age_h":22.2,"recency":0,"frp":7.5,"confidence":"nominal"}},{"type":"Feature","geometry":{"type":"Point","coordinates":[7.2619,36.29482]},"properties":{"age_h":22.2,"recency":0,"frp":5.2,"confidence":"nominal"}},{"type":"Feature","geometry":{"type":"Point","coordinates":[9.82351,36.36454]},"properties":{"age_h":22.2,"recency":0,"frp":1.7,"confidence":"nominal"}},{"type":"Feature","geometry":{"type":"Point","coordinates":[37.7889,36.451]},"properties":{"age_h":22.2,"recency":0,"frp":38.3,"confidence":"nominal"}},{"type":"Feature","geometry":{"type":"Point","coordinates":[37.78825,36.45198]},"properties":{"age_h":22.2,"recency":0,"frp":31.1,"confidence":"nominal"}},{"type":"Feature","geometry":{"type":"Point","coordinates":[37.79508,36.45221]},"properties":{"age_h":22.2,"recency":0,"frp":19.6,"confidence":"nominal"}},{"type":"Feature","geometry":{"type":"Point","coordinates":[6.63898,36.59942]},"properties":{"age_h":22.2,"recency":0,"frp":7.6,"confidence":"nominal"}},{"type":"Feature","geometry":{"type":"Point","coordinates":[6.63831,36.60092]},"properties":{"age_h":22.2,"recency":0,"frp":5.5,"confidence":"nominal"}},{"type":"Feature","geometry":{"type":"Point","coordinates":[39.39171,36.71731]},"properties":{"age_h":22.2,"recency":0,"frp":12.6,"confidence":"nominal"}},{"type":"Feature","geometry":{"type":"Point","coordinates":[39.40021,36.71742]},"properties":{"age_h":22.2,"recency":0,"frp":13.5,"confidence":"nominal"}},{"type":"Feature","geometry":{"type":"Point","coordinates":[39.40218,36.72068]},"properties":{"age_h":22.2,"recency":0,"frp":15.4,"confidence":"nominal"}},{"type":"Feature","geometry":{"type":"Point","coordinates":[9.44495,36.91583]},"properties":{"age_h":22.2,"recency":0,"frp":4.1,"confidence":"nominal"}},{"type":"Feature","geometry":{"type":"Point","coordinates":[9.44932,36.91703]},"properties":{"age_h":22.2,"recency":0,"frp":5.8,"confidence":"nominal"}},{"type":"Feature","geometry":{"type":"Point","coordinates":[9.45652,36.92517]},"properties":{"age_h":22.2,"recency":0,"frp":3.0,"confidence":"nominal"}},{"type":"Feature","geometry":{"type":"Point","coordinates":[9.91867,36.95101]},"properties":{"age_h":22.2,"recency":0,"frp":2.7,"confidence":"nominal"}},{"type":"Feature","geometry":{"type":"Point","coordinates":[9.47727,37.01856]},"properties":{"age_h":22.2,"recency":0,"frp":3.5,"confidence":"nominal"}},{"type":"Feature","geometry":{"type":"Point","coordinates":[9.48179,37.01982]},"properties":{"age_h":22.2,"recency":0,"frp":4.8,"confidence":"nominal"}},{"type":"Feature","geometry":{"type":"Point","coordinates":[9.67721,37.05552]},"properties":{"age_h":22.2,"recency":0,"frp":3.7,"confidence":"nominal"}},{"type":"Feature","geometry":{"type":"Point","coordinates":[9.76001,37.0686]},"properties":{"age_h":22.2,"recency":0,"frp":4.3,"confidence":"nominal"}},{"type":"Feature","geometry":{"type":"Point","coordinates":[9.88278,37.10598]},"properties":{"age_h":22.2,"recency":0,"frp":10.8,"confidence":"nominal"}},{"type":"Feature","geometry":{"type":"Point","coordinates":[9.88058,37.10691]},"properties":{"age_h":22.2,"recency":0,"frp":8.8,"confidence":"nominal"}},{"type":"Feature","geometry":{"type":"Point","coordinates":[9.88519,37.10814]},"properties":{"age_h":22.2,"recency":0,"frp":7.7,"confidence":"high"}},{"type":"Feature","geometry":{"type":"Point","coordinates":[9.88055,37.11136]},"properties":{"age_h":22.2,"recency":0,"frp":10.8,"confidence":"nominal"}},{"type":"Feature","geometry":{"type":"Point","coordinates":[14.32237,37.22193]},"properties":{"age_h":22.2,"recency":0,"frp":3.7,"confidence":"nominal"}},{"type":"Feature","geometry":{"type":"Point","coordinates":[14.3209,37.22624]},"properties":{"age_h":22.2,"recency":0,"frp":5.1,"confidence":"nominal"}},{"type":"Feature","geometry":{"type":"Point","coordinates":[9.57848,37.25928]},"properties":{"age_h":22.2,"recency":0,"frp":28.9,"confidence":"high"}},{"type":"Feature","geometry":{"type":"Point","coordinates":[14.77202,37.36043]},"properties":{"age_h":22.2,"recency":0,"frp":5.0,"confidence":"nominal"}},{"type":"Feature","geometry":{"type":"Point","coordinates":[13.68053,37.54691]},"properties":{"age_h":22.2,"recency":0,"frp":10.4,"confidence":"nominal"}},{"type":"Feature","geometry":{"type":"Point","coordinates":[13.68544,37.54805]},"properties":{"age_h":22.2,"recency":0,"frp":10.7,"confidence":"nominal"}},{"type":"Feature","geometry":{"type":"Point","coordinates":[13.75318,37.54955]},"properties":{"age_h":22.2,"recency":0,"frp":4.3,"confidence":"nominal"}},{"type":"Feature","geometry":{"type":"Point","coordinates":[39.18134,37.7426]},"properties":{"age_h":22.2,"recency":0,"frp":3.2,"confidence":"nominal"}},{"type":"Feature","geometry":{"type":"Point","coordinates":[13.19951,37.81184]},"properties":{"age_h":22.2,"recency":0,"frp":5.0,"confidence":"nominal"}},{"type":"Feature","geometry":{"type":"Point","coordinates":[13.02589,37.86771]},"properties":{"age_h":22.2,"recency":0,"frp":4.0,"confidence":"nominal"}},{"type":"Feature","geometry":{"type":"Point","coordinates":[12.89825,37.87209]},"properties":{"age_h":22.2,"recency":0,"frp":9.6,"confidence":"nominal"}},{"type":"Feature","geometry":{"type":"Point","coordinates":[13.0241,37.87222]},"properties":{"age_h":22.2,"recency":0,"frp":11.3,"confidence":"nominal"}},{"type":"Feature","geometry":{"type":"Point","coordinates":[12.89622,37.87381]},"properties":{"age_h":22.2,"recency":0,"frp":4.7,"confidence":"nominal"}},{"type":"Feature","geometry":{"type":"Point","coordinates":[12.90192,37.87519]},"properties":{"age_h":22.2,"recency":0,"frp":4.7,"confidence":"nominal"}},{"type":"Feature","geometry":{"type":"Point","coordinates":[13.06723,37.92996]},"properties":{"age_h":22.2,"recency":0,"frp":8.5,"confidence":"nominal"}},{"type":"Feature","geometry":{"type":"Point","coordinates":[13.06531,37.93442]},"properties":{"age_h":22.2,"recency":0,"frp":4.9,"confidence":"nominal"}},{"type":"Feature","geometry":{"type":"Point","coordinates":[16.23595,38.28334]},"properties":{"age_h":22.2,"recency":0,"frp":6.5,"confidence":"nominal"}},{"type":"Feature","geometry":{"type":"Point","coordinates":[16.23687,38.28334]},"properties":{"age_h":22.2,"recency":0,"frp":6.2,"confidence":"nominal"}},{"type":"Feature","geometry":{"type":"Point","coordinates":[23.18348,38.52223]},"properties":{"age_h":22.2,"recency":0,"frp":2.2,"confidence":"nominal"}},{"type":"Feature","geometry":{"type":"Point","coordinates":[17.12133,39.00092]},"properties":{"age_h":22.2,"recency":0,"frp":4.9,"confidence":"nominal"}},{"type":"Feature","geometry":{"type":"Point","coordinates":[17.16752,39.00221]},"properties":{"age_h":22.2,"recency":0,"frp":1.2,"confidence":"nominal"}},{"type":"Feature","geometry":{"type":"Point","coordinates":[17.16644,39.00586]},"properties":{"age_h":22.2,"recency":0,"frp":3.1,"confidence":"nominal"}},{"type":"Feature","geometry":{"type":"Point","coordinates":[17.02928,39.0932]},"properties":{"age_h":22.2,"recency":0,"frp":10.8,"confidence":"nominal"}},{"type":"Feature","geometry":{"type":"Point","coordinates":[17.02244,39.09575]},"properties":{"age_h":22.2,"recency":0,"frp":8.3,"confidence":"nominal"}},{"type":"Feature","geometry":{"type":"Point","coordinates":[15.81958,39.74353]},"properties":{"age_h":22.2,"recency":0,"frp":7.7,"confidence":"nominal"}},{"type":"Feature","geometry":{"type":"Point","coordinates":[15.81845,39.74449]},"properties":{"age_h":22.2,"recency":0,"frp":12.9,"confidence":"nominal"}},{"type":"Feature","geometry":{"type":"Point","coordinates":[19.98902,39.75626]},"properties":{"age_h":22.2,"recency":0,"frp":2.6,"confidence":"nominal"}},{"type":"Feature","geometry":{"type":"Point","coordinates":[20.07533,39.84557]},"properties":{"age_h":22.2,"recency":0,"frp":1.6,"confidence":"nominal"}},{"type":"Feature","geometry":{"type":"Point","coordinates":[18.38295,39.87858]},"properties":{"age_h":22.2,"recency":0,"frp":3.0,"confidence":"nominal"}},{"type":"Feature","geometry":{"type":"Point","coordinates":[18.04942,40.00817]},"properties":{"age_h":22.2,"recency":0,"frp":2.8,"confidence":"nominal"}},{"type":"Feature","geometry":{"type":"Point","coordinates":[16.62497,40.24499]},"properties":{"age_h":22.2,"recency":0,"frp":3.5,"confidence":"nominal"}},{"type":"Feature","geometry":{"type":"Point","coordinates":[16.6225,40.24643]},"properties":{"age_h":22.2,"recency":0,"frp":2.6,"confidence":"nominal"}},{"type":"Feature","geometry":{"type":"Point","coordinates":[27.86903,40.25368]},"properties":{"age_h":22.2,"recency":0,"frp":5.7,"confidence":"nominal"}},{"type":"Feature","geometry":{"type":"Point","coordinates":[16.43199,40.30573]},"properties":{"age_h":22.2,"recency":0,"frp":3.5,"confidence":"nominal"}},{"type":"Feature","geometry":{"type":"Point","coordinates":[17.97603,40.38737]},"properties":{"age_h":22.2,"recency":0,"frp":2.2,"confidence":"nominal"}},{"type":"Feature","geometry":{"type":"Point","coordinates":[16.84999,40.38773]},"properties":{"age_h":22.2,"recency":0,"frp":11.1,"confidence":"nominal"}},{"type":"Feature","geometry":{"type":"Point","coordinates":[18.01348,40.44609]},"properties":{"age_h":22.2,"recency":0,"frp":1.9,"confidence":"nominal"}},{"type":"Feature","geometry":{"type":"Point","coordinates":[19.71978,40.47126]},"properties":{"age_h":22.2,"recency":0,"frp":2.7,"confidence":"nominal"}},{"type":"Feature","geometry":{"type":"Point","coordinates":[18.08271,40.51352]},"properties":{"age_h":22.2,"recency":0,"frp":2.2,"confidence":"nominal"}},{"type":"Feature","geometry":{"type":"Point","coordinates":[19.42335,40.71531]},"properties":{"age_h":22.2,"recency":0,"frp":1.6,"confidence":"nominal"}},{"type":"Feature","geometry":{"type":"Point","coordinates":[26.41994,40.76279]},"properties":{"age_h":22.2,"recency":0,"frp":2.8,"confidence":"nominal"}},{"type":"Feature","geometry":{"type":"Point","coordinates":[19.40202,40.79339]},"properties":{"age_h":22.2,"recency":0,"frp":2.9,"confidence":"nominal"}},{"type":"Feature","geometry":{"type":"Point","coordinates":[19.40103,40.79671]},"properties":{"age_h":22.2,"recency":0,"frp":2.5,"confidence":"nominal"}},{"type":"Feature","geometry":{"type":"Point","coordinates":[19.40571,40.79752]},"properties":{"age_h":22.2,"recency":0,"frp":2.5,"confidence":"nominal"}},{"type":"Feature","geometry":{"type":"Point","coordinates":[26.3865,40.80567]},"properties":{"age_h":22.2,"recency":0,"frp":8.8,"confidence":"nominal"}},{"type":"Feature","geometry":{"type":"Point","coordinates":[19.49443,40.81272]},"properties":{"age_h":22.2,"recency":0,"frp":2.5,"confidence":"nominal"}},{"type":"Feature","geometry":{"type":"Point","coordinates":[26.65306,40.91109]},"properties":{"age_h":22.2,"recency":0,"frp":5.3,"confidence":"nominal"}},{"type":"Feature","geometry":{"type":"Point","coordinates":[27.59937,41.10624]},"properties":{"age_h":22.2,"recency":0,"frp":3.7,"confidence":"nominal"}},{"type":"Feature","geometry":{"type":"Point","coordinates":[27.59941,41.1081]},"properties":{"age_h":22.2,"recency":0,"frp":4.7,"confidence":"nominal"}},{"type":"Feature","geometry":{"type":"Point","coordinates":[21.42108,41.1614]},"properties":{"age_h":22.2,"recency":0,"frp":6.6,"confidence":"nominal"}},{"type":"Feature","geometry":{"type":"Point","coordinates":[21.42021,41.16467]},"properties":{"age_h":22.2,"recency":0,"frp":11.0,"confidence":"nominal"}},{"type":"Feature","geometry":{"type":"Point","coordinates":[21.42473,41.16536]},"properties":{"age_h":22.2,"recency":0,"frp":3.5,"confidence":"nominal"}},{"type":"Feature","geometry":{"type":"Point","coordinates":[21.42386,41.16863]},"properties":{"age_h":22.2,"recency":0,"frp":3.5,"confidence":"nominal"}},{"type":"Feature","geometry":{"type":"Point","coordinates":[26.87432,41.272]},"properties":{"age_h":22.2,"recency":0,"frp":9.4,"confidence":"nominal"}},{"type":"Feature","geometry":{"type":"Point","coordinates":[27.68361,41.46788]},"properties":{"age_h":22.2,"recency":0,"frp":8.4,"confidence":"nominal"}},{"type":"Feature","geometry":{"type":"Point","coordinates":[16.21853,40.86089]},"properties":{"age_h":22.2,"recency":0,"frp":8.2,"confidence":"nominal"}},{"type":"Feature","geometry":{"type":"Point","coordinates":[15.65734,40.90129]},"properties":{"age_h":22.2,"recency":0,"frp":6.4,"confidence":"nominal"}},{"type":"Feature","geometry":{"type":"Point","coordinates":[15.89093,40.9805]},"properties":{"age_h":22.2,"recency":0,"frp":3.7,"confidence":"nominal"}},{"type":"Feature","geometry":{"type":"Point","coordinates":[15.89247,40.98082]},"properties":{"age_h":22.2,"recency":0,"frp":4.3,"confidence":"nominal"}},{"type":"Feature","geometry":{"type":"Point","coordinates":[14.61745,41.04802]},"properties":{"age_h":22.2,"recency":0,"frp":2.6,"confidence":"nominal"}},{"type":"Feature","geometry":{"type":"Point","coordinates":[15.90945,41.07124]},"properties":{"age_h":22.2,"recency":0,"frp":4.4,"confidence":"nominal"}},{"type":"Feature","geometry":{"type":"Point","coordinates":[15.55377,41.08187]},"properties":{"age_h":22.2,"recency":0,"frp":4.9,"confidence":"nominal"}},{"type":"Feature","geometry":{"type":"Point","coordinates":[15.77269,41.14265]},"properties":{"age_h":22.2,"recency":0,"frp":18.5,"confidence":"nominal"}},{"type":"Feature","geometry":{"type":"Point","coordinates":[15.77135,41.14635]},"properties":{"age_h":22.2,"recency":0,"frp":4.8,"confidence":"nominal"}},{"type":"Feature","geometry":{"type":"Point","coordinates":[15.86284,41.22435]},"properties":{"age_h":22.2,"recency":0,"frp":2.1,"confidence":"nominal"}},{"type":"Feature","geometry":{"type":"Point","coordinates":[19.61651,41.34056]},"properties":{"age_h":22.2,"recency":0,"frp":5.3,"confidence":"nominal"}},{"type":"Feature","geometry":{"type":"Point","coordinates":[19.6212,41.34135]},"properties":{"age_h":22.2,"recency":0,"frp":3.2,"confidence":"nominal"}},{"type":"Feature","geometry":{"type":"Point","coordinates":[19.61552,41.34385]},"properties":{"age_h":22.2,"recency":0,"frp":5.3,"confidence":"nominal"}},{"type":"Feature","geometry":{"type":"Point","coordinates":[19.52328,41.39068]},"properties":{"age_h":22.2,"recency":0,"frp":3.0,"confidence":"nominal"}},{"type":"Feature","geometry":{"type":"Point","coordinates":[15.33906,41.40666]},"properties":{"age_h":22.2,"recency":0,"frp":3.5,"confidence":"nominal"}},{"type":"Feature","geometry":{"type":"Point","coordinates":[19.64752,41.76461]},"properties":{"age_h":22.2,"recency":0,"frp":2.4,"confidence":"nominal"}},{"type":"Feature","geometry":{"type":"Point","coordinates":[19.65217,41.76538]},"properties":{"age_h":22.2,"recency":0,"frp":2.4,"confidence":"nominal"}},{"type":"Feature","geometry":{"type":"Point","coordinates":[25.44439,41.79128]},"properties":{"age_h":22.2,"recency":0,"frp":15.2,"confidence":"nominal"}},{"type":"Feature","geometry":{"type":"Point","coordinates":[25.44376,41.79491]},"properties":{"age_h":22.2,"recency":0,"frp":15.2,"confidence":"nominal"}},{"type":"Feature","geometry":{"type":"Point","coordinates":[25.44311,41.79855]},"properties":{"age_h":22.2,"recency":0,"frp":28.9,"confidence":"nominal"}},{"type":"Feature","geometry":{"type":"Point","coordinates":[21.97595,42.98688]},"properties":{"age_h":22.2,"recency":0,"frp":1.2,"confidence":"nominal"}},{"type":"Feature","geometry":{"type":"Point","coordinates":[13.46511,43.34771]},"properties":{"age_h":22.2,"recency":0,"frp":1.8,"confidence":"nominal"}},{"type":"Feature","geometry":{"type":"Point","coordinates":[16.54962,43.58379]},"properties":{"age_h":22.2,"recency":0,"frp":8.7,"confidence":"nominal"}},{"type":"Feature","geometry":{"type":"Point","coordinates":[16.55486,43.58479]},"properties":{"age_h":22.2,"recency":0,"frp":3.9,"confidence":"nominal"}},{"type":"Feature","geometry":{"type":"Point","coordinates":[24.64915,43.65858]},"properties":{"age_h":22.2,"recency":0,"frp":83.4,"confidence":"high"}},{"type":"Feature","geometry":{"type":"Point","coordinates":[24.65485,43.65924]},"properties":{"age_h":22.2,"recency":0,"frp":83.4,"confidence":"nominal"}},{"type":"Feature","geometry":{"type":"Point","coordinates":[24.64837,43.66217]},"properties":{"age_h":22.2,"recency":0,"frp":10.0,"confidence":"nominal"}},{"type":"Feature","geometry":{"type":"Point","coordinates":[23.44413,43.86417]},"properties":{"age_h":22.2,"recency":0,"frp":6.0,"confidence":"nominal"}},{"type":"Feature","geometry":{"type":"Point","coordinates":[23.44176,43.86559]},"properties":{"age_h":22.2,"recency":0,"frp":6.1,"confidence":"nominal"}},{"type":"Feature","geometry":{"type":"Point","coordinates":[23.46232,43.89304]},"properties":{"age_h":22.2,"recency":0,"frp":7.6,"confidence":"nominal"}},{"type":"Feature","geometry":{"type":"Point","coordinates":[25.60387,43.89307]},"properties":{"age_h":22.2,"recency":0,"frp":10.8,"confidence":"nominal"}},{"type":"Feature","geometry":{"type":"Point","coordinates":[25.60276,43.89345]},"properties":{"age_h":22.2,"recency":0,"frp":12.6,"confidence":"nominal"}},{"type":"Feature","geometry":{"type":"Point","coordinates":[23.46159,43.97261]},"properties":{"age_h":22.2,"recency":0,"frp":15.0,"confidence":"nominal"}},{"type":"Feature","geometry":{"type":"Point","coordinates":[23.45911,43.97446]},"properties":{"age_h":22.2,"recency":0,"frp":8.9,"confidence":"nominal"}},{"type":"Feature","geometry":{"type":"Point","coordinates":[24.4338,43.99161]},"properties":{"age_h":22.2,"recency":0,"frp":2.9,"confidence":"nominal"}},{"type":"Feature","geometry":{"type":"Point","coordinates":[24.2116,44.00217]},"properties":{"age_h":22.2,"recency":0,"frp":5.9,"confidence":"nominal"}},{"type":"Feature","geometry":{"type":"Point","coordinates":[21.4632,44.05668]},"properties":{"age_h":22.2,"recency":0,"frp":6.3,"confidence":"nominal"}},{"type":"Feature","geometry":{"type":"Point","coordinates":[24.52562,44.07943]},"properties":{"age_h":22.2,"recency":0,"frp":3.6,"confidence":"nominal"}},{"type":"Feature","geometry":{"type":"Point","coordinates":[24.03489,44.13615]},"properties":{"age_h":22.2,"recency":0,"frp":3.5,"confidence":"nominal"}},{"type":"Feature","geometry":{"type":"Point","coordinates":[24.03408,44.13968]},"properties":{"age_h":22.2,"recency":0,"frp":3.5,"confidence":"nominal"}},{"type":"Feature","geometry":{"type":"Point","coordinates":[21.04862,44.1536]},"properties":{"age_h":22.2,"recency":0,"frp":2.2,"confidence":"nominal"}},{"type":"Feature","geometry":{"type":"Point","coordinates":[22.62253,44.37971]},"properties":{"age_h":22.2,"recency":0,"frp":2.3,"confidence":"nominal"}},{"type":"Feature","geometry":{"type":"Point","coordinates":[22.62764,44.38039]},"properties":{"age_h":22.2,"recency":0,"frp":4.4,"confidence":"nominal"}},{"type":"Feature","geometry":{"type":"Point","coordinates":[22.61656,44.38242]},"properties":{"age_h":22.2,"recency":0,"frp":4.9,"confidence":"nominal"}},{"type":"Feature","geometry":{"type":"Point","coordinates":[22.62167,44.3831]},"properties":{"age_h":22.2,"recency":0,"frp":4.9,"confidence":"nominal"}},{"type":"Feature","geometry":{"type":"Point","coordinates":[22.63188,44.38445]},"properties":{"age_h":22.2,"recency":0,"frp":4.7,"confidence":"nominal"}},{"type":"Feature","geometry":{"type":"Point","coordinates":[22.6208,44.38648]},"properties":{"age_h":22.2,"recency":0,"frp":4.9,"confidence":"nominal"}},{"type":"Feature","geometry":{"type":"Point","coordinates":[20.049,44.4026]},"properties":{"age_h":22.2,"recency":0,"frp":2.2,"confidence":"nominal"}},{"type":"Feature","geometry":{"type":"Point","coordinates":[25.31325,44.40318]},"properties":{"age_h":22.2,"recency":0,"frp":16.5,"confidence":"nominal"}},{"type":"Feature","geometry":{"type":"Point","coordinates":[25.31139,44.40397]},"properties":{"age_h":22.2,"recency":0,"frp":21.0,"confidence":"nominal"}},{"type":"Feature","geometry":{"type":"Point","coordinates":[25.31248,44.40689]},"properties":{"age_h":22.2,"recency":0,"frp":7.3,"confidence":"nominal"}},{"type":"Feature","geometry":{"type":"Point","coordinates":[22.7204,44.44154]},"properties":{"age_h":22.2,"recency":0,"frp":1.4,"confidence":"nominal"}},{"type":"Feature","geometry":{"type":"Point","coordinates":[22.78223,44.4706]},"properties":{"age_h":22.2,"recency":0,"frp":3.5,"confidence":"nominal"}},{"type":"Feature","geometry":{"type":"Point","coordinates":[19.90074,44.59163]},"properties":{"age_h":22.2,"recency":0,"frp":9.6,"confidence":"nominal"}},{"type":"Feature","geometry":{"type":"Point","coordinates":[23.11071,44.68116]},"properties":{"age_h":22.2,"recency":0,"frp":3.8,"confidence":"nominal"}},{"type":"Feature","geometry":{"type":"Point","coordinates":[23.0968,44.68491]},"properties":{"age_h":22.2,"recency":0,"frp":4.5,"confidence":"nominal"}},{"type":"Feature","geometry":{"type":"Point","coordinates":[22.37266,44.75282]},"properties":{"age_h":22.2,"recency":0,"frp":3.1,"confidence":"nominal"}},{"type":"Feature","geometry":{"type":"Point","coordinates":[19.86733,44.79845]},"properties":{"age_h":22.2,"recency":0,"frp":7.1,"confidence":"nominal"}},{"type":"Feature","geometry":{"type":"Point","coordinates":[19.99359,44.84523]},"properties":{"age_h":22.2,"recency":0,"frp":7.7,"confidence":"nominal"}},{"type":"Feature","geometry":{"type":"Point","coordinates":[19.17553,44.8468]},"properties":{"age_h":22.2,"recency":0,"frp":3.1,"confidence":"nominal"}},{"type":"Feature","geometry":{"type":"Point","coordinates":[19.18034,44.84758]},"properties":{"age_h":22.2,"recency":0,"frp":3.1,"confidence":"nominal"}},{"type":"Feature","geometry":{"type":"Point","coordinates":[17.1865,44.84968]},"properties":{"age_h":22.2,"recency":0,"frp":2.4,"confidence":"nominal"}},{"type":"Feature","geometry":{"type":"Point","coordinates":[18.08243,44.86451]},"properties":{"age_h":22.2,"recency":0,"frp":3.5,"confidence":"nominal"}},{"type":"Feature","geometry":{"type":"Point","coordinates":[19.86657,44.86666]},"properties":{"age_h":22.2,"recency":0,"frp":9.0,"confidence":"nominal"}},{"type":"Feature","geometry":{"type":"Point","coordinates":[17.87134,44.8702]},"properties":{"age_h":22.2,"recency":0,"frp":1.7,"confidence":"nominal"}},{"type":"Feature","geometry":{"type":"Point","coordinates":[22.43085,44.8831]},"properties":{"age_h":22.2,"recency":0,"frp":7.2,"confidence":"nominal"}},{"type":"Feature","geometry":{"type":"Point","coordinates":[19.66791,44.8838]},"properties":{"age_h":22.2,"recency":0,"frp":4.0,"confidence":"nominal"}},{"type":"Feature","geometry":{"type":"Point","coordinates":[19.16031,44.88531]},"properties":{"age_h":22.2,"recency":0,"frp":3.0,"confidence":"nominal"}},{"type":"Feature","geometry":{"type":"Point","coordinates":[19.6669,44.88707]},"properties":{"age_h":22.2,"recency":0,"frp":4.0,"confidence":"nominal"}},{"type":"Feature","geometry":{"type":"Point","coordinates":[19.15927,44.88858]},"properties":{"age_h":22.2,"recency":0,"frp":3.0,"confidence":"nominal"}},{"type":"Feature","geometry":{"type":"Point","coordinates":[20.03547,44.88922]},"properties":{"age_h":22.2,"recency":0,"frp":2.4,"confidence":"nominal"}},{"type":"Feature","geometry":{"type":"Point","coordinates":[17.9016,44.88939]},"properties":{"age_h":22.2,"recency":0,"frp":1.2,"confidence":"nominal"}},{"type":"Feature","geometry":{"type":"Point","coordinates":[20.03448,44.89248]},"properties":{"age_h":22.2,"recency":0,"frp":5.8,"confidence":"nominal"}},{"type":"Feature","geometry":{"type":"Point","coordinates":[20.05948,44.89289]},"properties":{"age_h":22.2,"recency":0,"frp":4.9,"confidence":"nominal"}},{"type":"Feature","geometry":{"type":"Point","coordinates":[19.84359,44.90087]},"properties":{"age_h":22.2,"recency":0,"frp":3.6,"confidence":"nominal"}},{"type":"Feature","geometry":{"type":"Point","coordinates":[19.80801,44.90219]},"properties":{"age_h":22.2,"recency":0,"frp":5.4,"confidence":"nominal"}},{"type":"Feature","geometry":{"type":"Point","coordinates":[19.67145,44.90487]},"properties":{"age_h":22.2,"recency":0,"frp":11.3,"confidence":"nominal"}},{"type":"Feature","geometry":{"type":"Point","coordinates":[20.03434,44.90954]},"properties":{"age_h":22.2,"recency":0,"frp":1.8,"confidence":"nominal"}},{"type":"Feature","geometry":{"type":"Point","coordinates":[19.90979,44.9145]},"properties":{"age_h":22.2,"recency":0,"frp":5.2,"confidence":"nominal"}},{"type":"Feature","geometry":{"type":"Point","coordinates":[19.91459,44.91524]},"properties":{"age_h":22.2,"recency":0,"frp":5.2,"confidence":"nominal"}},{"type":"Feature","geometry":{"type":"Point","coordinates":[19.90879,44.91776]},"properties":{"age_h":22.2,"recency":0,"frp":5.2,"confidence":"nominal"}},{"type":"Feature","geometry":{"type":"Point","coordinates":[19.8606,44.92741]},"properties":{"age_h":22.2,"recency":0,"frp":2.5,"confidence":"nominal"}},{"type":"Feature","geometry":{"type":"Point","coordinates":[19.61133,44.9365]},"properties":{"age_h":22.2,"recency":0,"frp":1.9,"confidence":"nominal"}},{"type":"Feature","geometry":{"type":"Point","coordinates":[18.04658,44.94744]},"properties":{"age_h":22.2,"recency":0,"frp":1.6,"confidence":"nominal"}},{"type":"Feature","geometry":{"type":"Point","coordinates":[17.33682,44.9691]},"properties":{"age_h":22.2,"recency":0,"frp":1.8,"confidence":"nominal"}},{"type":"Feature","geometry":{"type":"Point","coordinates":[17.77856,44.97825]},"properties":{"age_h":22.2,"recency":0,"frp":2.2,"confidence":"nominal"}},{"type":"Feature","geometry":{"type":"Point","coordinates":[19.45266,44.98336]},"properties":{"age_h":22.2,"recency":0,"frp":1.9,"confidence":"nominal"}},{"type":"Feature","geometry":{"type":"Point","coordinates":[19.46023,44.9914]},"properties":{"age_h":22.2,"recency":0,"frp":5.1,"confidence":"nominal"}},{"type":"Feature","geometry":{"type":"Point","coordinates":[19.47363,44.99693]},"properties":{"age_h":22.2,"recency":0,"frp":15.7,"confidence":"nominal"}},{"type":"Feature","geometry":{"type":"Point","coordinates":[19.65225,45.03862]},"properties":{"age_h":22.2,"recency":0,"frp":5.0,"confidence":"nominal"}},{"type":"Feature","geometry":{"type":"Point","coordinates":[19.65124,45.04188]},"properties":{"age_h":22.2,"recency":0,"frp":5.0,"confidence":"nominal"}},{"type":"Feature","geometry":{"type":"Point","coordinates":[19.65023,45.04514]},"properties":{"age_h":22.2,"recency":0,"frp":5.2,"confidence":"nominal"}},{"type":"Feature","geometry":{"type":"Point","coordinates":[21.44107,45.05737]},"properties":{"age_h":22.2,"recency":0,"frp":14.4,"confidence":"nominal"}},{"type":"Feature","geometry":{"type":"Point","coordinates":[21.26064,45.05951]},"properties":{"age_h":22.2,"recency":0,"frp":2.5,"confidence":"nominal"}},{"type":"Feature","geometry":{"type":"Point","coordinates":[19.77605,45.07836]},"properties":{"age_h":22.2,"recency":0,"frp":8.9,"confidence":"nominal"}},{"type":"Feature","geometry":{"type":"Point","coordinates":[20.88284,45.08705]},"properties":{"age_h":22.2,"recency":0,"frp":2.6,"confidence":"nominal"}},{"type":"Feature","geometry":{"type":"Point","coordinates":[19.52089,45.09346]},"properties":{"age_h":22.2,"recency":0,"frp":5.1,"confidence":"nominal"}},{"type":"Feature","geometry":{"type":"Point","coordinates":[19.52468,45.09748]},"properties":{"age_h":22.2,"recency":0,"frp":3.2,"confidence":"nominal"}},{"type":"Feature","geometry":{"type":"Point","coordinates":[19.5295,45.09824]},"properties":{"age_h":22.2,"recency":0,"frp":3.2,"confidence":"nominal"}},{"type":"Feature","geometry":{"type":"Point","coordinates":[19.49728,45.12054]},"properties":{"age_h":22.2,"recency":0,"frp":2.6,"confidence":"nominal"}},{"type":"Feature","geometry":{"type":"Point","coordinates":[17.24883,45.12807]},"properties":{"age_h":22.2,"recency":0,"frp":1.1,"confidence":"nominal"}},{"type":"Feature","geometry":{"type":"Point","coordinates":[20.6217,45.15459]},"properties":{"age_h":22.2,"recency":0,"frp":9.1,"confidence":"nominal"}},{"type":"Feature","geometry":{"type":"Point","coordinates":[20.62655,45.1553]},"properties":{"age_h":22.2,"recency":0,"frp":3.8,"confidence":"nominal"}},{"type":"Feature","geometry":{"type":"Point","coordinates":[18.44095,45.15538]},"properties":{"age_h":22.2,"recency":0,"frp":3.3,"confidence":"nominal"}},{"type":"Feature","geometry":{"type":"Point","coordinates":[20.81079,45.18559]},"properties":{"age_h":22.2,"recency":0,"frp":62.9,"confidence":"nominal"}},{"type":"Feature","geometry":{"type":"Point","coordinates":[20.83826,45.19642]},"properties":{"age_h":22.2,"recency":0,"frp":4.5,"confidence":"nominal"}},{"type":"Feature","geometry":{"type":"Point","coordinates":[20.44875,45.19733]},"properties":{"age_h":22.2,"recency":0,"frp":39.2,"confidence":"nominal"}},{"type":"Feature","geometry":{"type":"Point","coordinates":[20.83731,45.1997]},"properties":{"age_h":22.2,"recency":0,"frp":4.5,"confidence":"nominal"}},{"type":"Feature","geometry":{"type":"Point","coordinates":[20.44778,45.2006]},"properties":{"age_h":22.2,"recency":0,"frp":16.1,"confidence":"nominal"}},{"type":"Feature","geometry":{"type":"Point","coordinates":[20.2345,45.203]},"properties":{"age_h":22.2,"recency":0,"frp":6.3,"confidence":"nominal"}},{"type":"Feature","geometry":{"type":"Point","coordinates":[20.44681,45.20388]},"properties":{"age_h":22.2,"recency":0,"frp":16.1,"confidence":"nominal"}},{"type":"Feature","geometry":{"type":"Point","coordinates":[20.81013,45.22317]},"properties":{"age_h":22.2,"recency":0,"frp":1.8,"confidence":"nominal"}},{"type":"Feature","geometry":{"type":"Point","coordinates":[18.69933,45.40047]},"properties":{"age_h":22.2,"recency":0,"frp":3.4,"confidence":"nominal"}},{"type":"Feature","geometry":{"type":"Point","coordinates":[20.59666,45.52287]},"properties":{"age_h":22.2,"recency":0,"frp":1.8,"confidence":"nominal"}},{"type":"Feature","geometry":{"type":"Point","coordinates":[19.72103,45.60342]},"properties":{"age_h":22.2,"recency":0,"frp":5.8,"confidence":"nominal"}},{"type":"Feature","geometry":{"type":"Point","coordinates":[20.52773,45.70366]},"properties":{"age_h":22.2,"recency":0,"frp":10.7,"confidence":"nominal"}},{"type":"Feature","geometry":{"type":"Point","coordinates":[35.2421,47.31002]},"properties":{"age_h":22.2,"recency":0,"frp":6.5,"confidence":"nominal"}},{"type":"Feature","geometry":{"type":"Point","coordinates":[35.24387,47.31086]},"properties":{"age_h":22.2,"recency":0,"frp":6.7,"confidence":"nominal"}},{"type":"Feature","geometry":{"type":"Point","coordinates":[37.58072,47.50736]},"properties":{"age_h":22.2,"recency":0,"frp":4.0,"confidence":"nominal"}},{"type":"Feature","geometry":{"type":"Point","coordinates":[38.07327,47.84541]},"properties":{"age_h":22.2,"recency":0,"frp":11.5,"confidence":"nominal"}},{"type":"Feature","geometry":{"type":"Point","coordinates":[38.06397,47.84555]},"properties":{"age_h":22.2,"recency":0,"frp":16.4,"confidence":"high"}},{"type":"Feature","geometry":{"type":"Point","coordinates":[38.07018,47.84643]},"properties":{"age_h":22.2,"recency":0,"frp":17.2,"confidence":"nominal"}},{"type":"Feature","geometry":{"type":"Point","coordinates":[35.26398,47.97672]},"properties":{"age_h":22.2,"recency":0,"frp":2.7,"confidence":"nominal"}},{"type":"Feature","geometry":{"type":"Point","coordinates":[22.85707,48.16724]},"properties":{"age_h":22.2,"recency":0,"frp":2.4,"confidence":"nominal"}},{"type":"Feature","geometry":{"type":"Point","coordinates":[20.3838,48.2485]},"properties":{"age_h":22.2,"recency":0,"frp":2.9,"confidence":"nominal"}},{"type":"Feature","geometry":{"type":"Point","coordinates":[20.37751,48.25109]},"properties":{"age_h":22.2,"recency":0,"frp":5.3,"confidence":"nominal"}},{"type":"Feature","geometry":{"type":"Point","coordinates":[19.29453,48.32194]},"properties":{"age_h":22.2,"recency":0,"frp":2.4,"confidence":"nominal"}},{"type":"Feature","geometry":{"type":"Point","coordinates":[17.36547,48.69035]},"properties":{"age_h":22.2,"recency":0,"frp":1.2,"confidence":"nominal"}},{"type":"Feature","geometry":{"type":"Point","coordinates":[14.45185,48.82688]},"properties":{"age_h":22.2,"recency":0,"frp":3.0,"confidence":"nominal"}},{"type":"Feature","geometry":{"type":"Point","coordinates":[26.80409,49.11973]},"properties":{"age_h":22.2,"recency":0,"frp":4.7,"confidence":"nominal"}},{"type":"Feature","geometry":{"type":"Point","coordinates":[26.80336,49.12395]},"properties":{"age_h":22.2,"recency":0,"frp":3.4,"confidence":"nominal"}},{"type":"Feature","geometry":{"type":"Point","coordinates":[11.64144,49.3381]},"properties":{"age_h":22.2,"recency":0,"frp":4.9,"confidence":"nominal"}},{"type":"Feature","geometry":{"type":"Point","coordinates":[16.63848,49.50732]},"properties":{"age_h":22.2,"recency":0,"frp":2.6,"confidence":"nominal"}},{"type":"Feature","geometry":{"type":"Point","coordinates":[16.63719,49.51058]},"properties":{"age_h":22.2,"recency":0,"frp":2.0,"confidence":"nominal"}},{"type":"Feature","geometry":{"type":"Point","coordinates":[13.37328,49.88605]},"properties":{"age_h":22.2,"recency":0,"frp":4.1,"confidence":"nominal"}},{"type":"Feature","geometry":{"type":"Point","coordinates":[15.83592,49.99221]},"properties":{"age_h":22.2,"recency":0,"frp":3.5,"confidence":"nominal"}},{"type":"Feature","geometry":{"type":"Point","coordinates":[15.84669,49.99406]},"properties":{"age_h":22.2,"recency":0,"frp":4.4,"confidence":"nominal"}},{"type":"Feature","geometry":{"type":"Point","coordinates":[23.69635,50.46073]},"properties":{"age_h":22.2,"recency":0,"frp":3.5,"confidence":"nominal"}},{"type":"Feature","geometry":{"type":"Point","coordinates":[30.86179,50.55292]},"properties":{"age_h":22.2,"recency":0,"frp":1.6,"confidence":"nominal"}},{"type":"Feature","geometry":{"type":"Point","coordinates":[16.25205,50.77819]},"properties":{"age_h":22.2,"recency":0,"frp":1.3,"confidence":"nominal"}},{"type":"Feature","geometry":{"type":"Point","coordinates":[25.33084,50.84397]},"properties":{"age_h":22.2,"recency":0,"frp":4.6,"confidence":"nominal"}},{"type":"Feature","geometry":{"type":"Point","coordinates":[25.33397,50.84435]},"properties":{"age_h":22.2,"recency":0,"frp":6.6,"confidence":"nominal"}},{"type":"Feature","geometry":{"type":"Point","coordinates":[14.8014,50.93351]},"properties":{"age_h":22.2,"recency":0,"frp":11.7,"confidence":"nominal"}},{"type":"Feature","geometry":{"type":"Point","coordinates":[11.26666,50.96177]},"properties":{"age_h":22.2,"recency":0,"frp":4.6,"confidence":"nominal"}},{"type":"Feature","geometry":{"type":"Point","coordinates":[14.95386,50.99596]},"properties":{"age_h":22.2,"recency":0,"frp":2.2,"confidence":"nominal"}},{"type":"Feature","geometry":{"type":"Point","coordinates":[14.97063,50.99891]},"properties":{"age_h":22.2,"recency":0,"frp":15.1,"confidence":"nominal"}},{"type":"Feature","geometry":{"type":"Point","coordinates":[14.9678,51.01385]},"properties":{"age_h":22.2,"recency":0,"frp":1.1,"confidence":"nominal"}},{"type":"Feature","geometry":{"type":"Point","coordinates":[14.95927,51.01941]},"properties":{"age_h":22.2,"recency":0,"frp":4.2,"confidence":"nominal"}},{"type":"Feature","geometry":{"type":"Point","coordinates":[14.95221,51.02169]},"properties":{"age_h":22.2,"recency":0,"frp":4.2,"confidence":"nominal"}},{"type":"Feature","geometry":{"type":"Point","coordinates":[14.96336,51.02367]},"properties":{"age_h":22.2,"recency":0,"frp":2.6,"confidence":"nominal"}},{"type":"Feature","geometry":{"type":"Point","coordinates":[15.04783,51.02658]},"properties":{"age_h":22.2,"recency":0,"frp":1.3,"confidence":"nominal"}},{"type":"Feature","geometry":{"type":"Point","coordinates":[15.94109,51.09904]},"properties":{"age_h":22.2,"recency":0,"frp":10.0,"confidence":"nominal"}},{"type":"Feature","geometry":{"type":"Point","coordinates":[15.06286,51.24048]},"properties":{"age_h":22.2,"recency":0,"frp":2.5,"confidence":"nominal"}},{"type":"Feature","geometry":{"type":"Point","coordinates":[15.74312,51.30791]},"properties":{"age_h":22.2,"recency":0,"frp":2.0,"confidence":"nominal"}},{"type":"Feature","geometry":{"type":"Point","coordinates":[14.96002,51.36688]},"properties":{"age_h":22.2,"recency":0,"frp":11.5,"confidence":"nominal"}},{"type":"Feature","geometry":{"type":"Point","coordinates":[29.3472,51.8922]},"properties":{"age_h":22.2,"recency":0,"frp":4.1,"confidence":"nominal"}},{"type":"Feature","geometry":{"type":"Point","coordinates":[11.68738,52.02129]},"properties":{"age_h":22.2,"recency":0,"frp":3.4,"confidence":"nominal"}},{"type":"Feature","geometry":{"type":"Point","coordinates":[34.05053,52.1885]},"properties":{"age_h":22.2,"recency":0,"frp":3.5,"confidence":"nominal"}},{"type":"Feature","geometry":{"type":"Point","coordinates":[14.77302,52.18874]},"properties":{"age_h":22.2,"recency":0,"frp":1.7,"confidence":"nominal"}},{"type":"Feature","geometry":{"type":"Point","coordinates":[14.77865,52.18971]},"properties":{"age_h":22.2,"recency":0,"frp":2.3,"confidence":"nominal"}},{"type":"Feature","geometry":{"type":"Point","coordinates":[16.252,52.22359]},"properties":{"age_h":22.2,"recency":0,"frp":1.6,"confidence":"nominal"}},{"type":"Feature","geometry":{"type":"Point","coordinates":[24.2877,52.29148]},"properties":{"age_h":22.2,"recency":0,"frp":3.6,"confidence":"nominal"}},{"type":"Feature","geometry":{"type":"Point","coordinates":[14.61829,52.38406]},"properties":{"age_h":22.2,"recency":0,"frp":1.5,"confidence":"nominal"}},{"type":"Feature","geometry":{"type":"Point","coordinates":[17.78643,52.79635]},"properties":{"age_h":22.2,"recency":0,"frp":6.1,"confidence":"nominal"}},{"type":"Feature","geometry":{"type":"Point","coordinates":[13.6727,52.82774]},"properties":{"age_h":22.2,"recency":0,"frp":7.3,"confidence":"nominal"}},{"type":"Feature","geometry":{"type":"Point","coordinates":[10.09436,52.92495]},"properties":{"age_h":22.2,"recency":0,"frp":6.1,"confidence":"nominal"}},{"type":"Feature","geometry":{"type":"Point","coordinates":[33.16863,54.56006]},"properties":{"age_h":22.2,"recency":0,"frp":8.2,"confidence":"nominal"}},{"type":"Feature","geometry":{"type":"Point","coordinates":[-0.5913,53.56471]},"properties":{"age_h":22.1,"recency":0,"frp":5.8,"confidence":"nominal"}},{"type":"Feature","geometry":{"type":"Point","coordinates":[-0.586,53.56642]},"properties":{"age_h":22.1,"recency":0,"frp":2.9,"confidence":"nominal"}},{"type":"Feature","geometry":{"type":"Point","coordinates":[29.52007,55.93733]},"properties":{"age_h":22.1,"recency":0,"frp":2.9,"confidence":"nominal"}},{"type":"Feature","geometry":{"type":"Point","coordinates":[6.88886,58.27755]},"properties":{"age_h":22.1,"recency":0,"frp":3.0,"confidence":"nominal"}},{"type":"Feature","geometry":{"type":"Point","coordinates":[0.8681,58.35136]},"properties":{"age_h":22.1,"recency":0,"frp":3.7,"confidence":"nominal"}},{"type":"Feature","geometry":{"type":"Point","coordinates":[8.05019,36.24596]},"properties":{"age_h":20.6,"recency":0,"frp":4.0,"confidence":"nominal"}},{"type":"Feature","geometry":{"type":"Point","coordinates":[7.03854,36.27994]},"properties":{"age_h":20.6,"recency":0,"frp":3.8,"confidence":"nominal"}},{"type":"Feature","geometry":{"type":"Point","coordinates":[7.25855,36.29125]},"properties":{"age_h":20.6,"recency":0,"frp":16.5,"confidence":"nominal"}},{"type":"Feature","geometry":{"type":"Point","coordinates":[8.64411,36.33569]},"properties":{"age_h":20.6,"recency":0,"frp":4.3,"confidence":"high"}},{"type":"Feature","geometry":{"type":"Point","coordinates":[8.64387,36.33812]},"properties":{"age_h":20.6,"recency":0,"frp":11.0,"confidence":"nominal"}},{"type":"Feature","geometry":{"type":"Point","coordinates":[8.64793,36.33839]},"properties":{"age_h":20.6,"recency":0,"frp":11.0,"confidence":"nominal"}},{"type":"Feature","geometry":{"type":"Point","coordinates":[8.64355,36.34104]},"properties":{"age_h":20.6,"recency":0,"frp":16.7,"confidence":"nominal"}},{"type":"Feature","geometry":{"type":"Point","coordinates":[5.23432,36.35773]},"properties":{"age_h":20.6,"recency":0,"frp":1.8,"confidence":"nominal"}},{"type":"Feature","geometry":{"type":"Point","coordinates":[9.09361,36.41091]},"properties":{"age_h":20.6,"recency":0,"frp":4.2,"confidence":"nominal"}},{"type":"Feature","geometry":{"type":"Point","coordinates":[8.66872,36.45341]},"properties":{"age_h":20.6,"recency":0,"frp":3.9,"confidence":"nominal"}},{"type":"Feature","geometry":{"type":"Point","coordinates":[9.23205,36.52411]},"properties":{"age_h":20.6,"recency":0,"frp":11.7,"confidence":"nominal"}},{"type":"Feature","geometry":{"type":"Point","coordinates":[9.26856,36.52615]},"properties":{"age_h":20.6,"recency":0,"frp":2.4,"confidence":"nominal"}},{"type":"Feature","geometry":{"type":"Point","coordinates":[9.22632,36.52936]},"properties":{"age_h":20.6,"recency":0,"frp":14.3,"confidence":"nominal"}},{"type":"Feature","geometry":{"type":"Point","coordinates":[9.23118,36.52963]},"properties":{"age_h":20.6,"recency":0,"frp":11.7,"confidence":"high"}},{"type":"Feature","geometry":{"type":"Point","coordinates":[8.84267,36.57412]},"properties":{"age_h":20.6,"recency":0,"frp":2.6,"confidence":"nominal"}},{"type":"Feature","geometry":{"type":"Point","coordinates":[3.76105,36.34372]},"properties":{"age_h":20.5,"recency":0,"frp":14.7,"confidence":"nominal"}},{"type":"Feature","geometry":{"type":"Point","coordinates":[7.7189,36.76751]},"properties":{"age_h":20.5,"recency":0,"frp":2.0,"confidence":"nominal"}},{"type":"Feature","geometry":{"type":"Point","coordinates":[9.44757,36.76877]},"properties":{"age_h":20.5,"recency":0,"frp":3.9,"confidence":"nominal"}},{"type":"Feature","geometry":{"type":"Point","coordinates":[9.39479,36.83141]},"properties":{"age_h":20.5,"recency":0,"frp":2.2,"confidence":"nominal"}},{"type":"Feature","geometry":{"type":"Point","coordinates":[9.22655,36.83362]},"properties":{"age_h":20.5,"recency":0,"frp":1.0,"confidence":"nominal"}},{"type":"Feature","geometry":{"type":"Point","coordinates":[9.50646,36.9053]},"properties":{"age_h":20.5,"recency":0,"frp":4.1,"confidence":"nominal"}},{"type":"Feature","geometry":{"type":"Point","coordinates":[9.50389,36.9082]},"properties":{"age_h":20.5,"recency":0,"frp":2.9,"confidence":"nominal"}},{"type":"Feature","geometry":{"type":"Point","coordinates":[9.50935,36.90847]},"properties":{"age_h":20.5,"recency":0,"frp":2.9,"confidence":"nominal"}},{"type":"Feature","geometry":{"type":"Point","coordinates":[9.62565,36.93129]},"properties":{"age_h":20.5,"recency":0,"frp":2.5,"confidence":"nominal"}},{"type":"Feature","geometry":{"type":"Point","coordinates":[9.5295,37.0371]},"properties":{"age_h":20.5,"recency":0,"frp":3.2,"confidence":"nominal"}},{"type":"Feature","geometry":{"type":"Point","coordinates":[9.72893,37.05841]},"properties":{"age_h":20.5,"recency":0,"frp":4.4,"confidence":"nominal"}},{"type":"Feature","geometry":{"type":"Point","coordinates":[9.43243,37.09445]},"properties":{"age_h":20.5,"recency":0,"frp":46.4,"confidence":"nominal"}},{"type":"Feature","geometry":{"type":"Point","coordinates":[9.43753,37.09473]},"properties":{"age_h":20.5,"recency":0,"frp":47.4,"confidence":"nominal"}},{"type":"Feature","geometry":{"type":"Point","coordinates":[9.43964,37.09804]},"properties":{"age_h":20.5,"recency":0,"frp":47.9,"confidence":"high"}},{"type":"Feature","geometry":{"type":"Point","coordinates":[9.43652,37.10033]},"properties":{"age_h":20.5,"recency":0,"frp":47.4,"confidence":"nominal"}},{"type":"Feature","geometry":{"type":"Point","coordinates":[14.13248,37.15393]},"properties":{"age_h":20.5,"recency":0,"frp":13.0,"confidence":"nominal"}},{"type":"Feature","geometry":{"type":"Point","coordinates":[14.13186,37.15681]},"properties":{"age_h":20.5,"recency":0,"frp":10.8,"confidence":"nominal"}},{"type":"Feature","geometry":{"type":"Point","coordinates":[14.27234,37.1704]},"properties":{"age_h":20.5,"recency":0,"frp":6.7,"confidence":"nominal"}},{"type":"Feature","geometry":{"type":"Point","coordinates":[14.27198,37.17257]},"properties":{"age_h":20.5,"recency":0,"frp":4.6,"confidence":"nominal"}},{"type":"Feature","geometry":{"type":"Point","coordinates":[13.76637,37.49065]},"properties":{"age_h":20.5,"recency":0,"frp":13.0,"confidence":"nominal"}},{"type":"Feature","geometry":{"type":"Point","coordinates":[-0.31481,39.22293]},"properties":{"age_h":20.5,"recency":0,"frp":3.0,"confidence":"nominal"}},{"type":"Feature","geometry":{"type":"Point","coordinates":[-6.47637,40.59104]},"properties":{"age_h":20.5,"recency":0,"frp":3.2,"confidence":"nominal"}},{"type":"Feature","geometry":{"type":"Point","coordinates":[-6.47358,40.59143]},"properties":{"age_h":20.5,"recency":0,"frp":4.7,"confidence":"nominal"}},{"type":"Feature","geometry":{"type":"Point","coordinates":[14.034,41.13596]},"properties":{"age_h":20.5,"recency":0,"frp":4.5,"confidence":"nominal"}},{"type":"Feature","geometry":{"type":"Point","coordinates":[-7.32686,41.63554]},"properties":{"age_h":20.5,"recency":0,"frp":5.8,"confidence":"nominal"}},{"type":"Feature","geometry":{"type":"Point","coordinates":[-7.33288,41.63804]},"properties":{"age_h":20.5,"recency":0,"frp":5.5,"confidence":"nominal"}},{"type":"Feature","geometry":{"type":"Point","coordinates":[1.49456,42.89813]},"properties":{"age_h":20.5,"recency":0,"frp":13.0,"confidence":"nominal"}},{"type":"Feature","geometry":{"type":"Point","coordinates":[1.50101,42.89876]},"properties":{"age_h":20.5,"recency":0,"frp":13.0,"confidence":"nominal"}},{"type":"Feature","geometry":{"type":"Point","coordinates":[1.48494,42.90516]},"properties":{"age_h":20.5,"recency":0,"frp":8.7,"confidence":"nominal"}},{"type":"Feature","geometry":{"type":"Point","coordinates":[9.24038,45.57868]},"properties":{"age_h":20.5,"recency":0,"frp":2.1,"confidence":"nominal"}},{"type":"Feature","geometry":{"type":"Point","coordinates":[9.20716,45.58125]},"properties":{"age_h":20.5,"recency":0,"frp":2.4,"confidence":"nominal"}},{"type":"Feature","geometry":{"type":"Point","coordinates":[9.20966,45.58379]},"properties":{"age_h":20.5,"recency":0,"frp":1.9,"confidence":"nominal"}},{"type":"Feature","geometry":{"type":"Point","coordinates":[-4.21883,52.93521]},"properties":{"age_h":20.4,"recency":0,"frp":1.5,"confidence":"nominal"}},{"type":"Feature","geometry":{"type":"Point","coordinates":[-0.59981,53.56398]},"properties":{"age_h":20.4,"recency":0,"frp":3.6,"confidence":"nominal"}},{"type":"Feature","geometry":{"type":"Point","coordinates":[39.36341,37.58067]},"properties":{"age_h":11.6,"recency":0,"frp":1.5,"confidence":"nominal"}},{"type":"Feature","geometry":{"type":"Point","coordinates":[39.36841,37.58331]},"properties":{"age_h":11.6,"recency":0,"frp":0.8,"confidence":"nominal"}},{"type":"Feature","geometry":{"type":"Point","coordinates":[40.17172,37.77421]},"properties":{"age_h":11.6,"recency":0,"frp":1.2,"confidence":"nominal"}},{"type":"Feature","geometry":{"type":"Point","coordinates":[40.86,37.98967]},"properties":{"age_h":11.6,"recency":0,"frp":0.7,"confidence":"nominal"}},{"type":"Feature","geometry":{"type":"Point","coordinates":[40.3443,38.19846]},"properties":{"age_h":11.6,"recency":0,"frp":2.0,"confidence":"nominal"}},{"type":"Feature","geometry":{"type":"Point","coordinates":[40.34959,38.19876]},"properties":{"age_h":11.6,"recency":0,"frp":3.2,"confidence":"nominal"}},{"type":"Feature","geometry":{"type":"Point","coordinates":[40.3218,38.2195]},"properties":{"age_h":11.6,"recency":0,"frp":1.0,"confidence":"nominal"}},{"type":"Feature","geometry":{"type":"Point","coordinates":[41.20783,34.25706]},"properties":{"age_h":11.6,"recency":0,"frp":0.7,"confidence":"nominal"}},{"type":"Feature","geometry":{"type":"Point","coordinates":[39.83807,35.22177]},"properties":{"age_h":11.6,"recency":0,"frp":21.0,"confidence":"nominal"}},{"type":"Feature","geometry":{"type":"Point","coordinates":[39.83035,35.22195]},"properties":{"age_h":11.6,"recency":0,"frp":15.0,"confidence":"nominal"}},{"type":"Feature","geometry":{"type":"Point","coordinates":[39.84201,35.22198]},"properties":{"age_h":11.6,"recency":0,"frp":13.7,"confidence":"nominal"}},{"type":"Feature","geometry":{"type":"Point","coordinates":[39.83432,35.2222]},"properties":{"age_h":11.6,"recency":0,"frp":13.7,"confidence":"high"}},{"type":"Feature","geometry":{"type":"Point","coordinates":[40.43904,35.30078]},"properties":{"age_h":11.6,"recency":0,"frp":0.7,"confidence":"nominal"}},{"type":"Feature","geometry":{"type":"Point","coordinates":[40.43724,35.30346]},"properties":{"age_h":11.6,"recency":0,"frp":1.1,"confidence":"nominal"}},{"type":"Feature","geometry":{"type":"Point","coordinates":[40.80619,36.13034]},"properties":{"age_h":11.6,"recency":0,"frp":0.9,"confidence":"nominal"}},{"type":"Feature","geometry":{"type":"Point","coordinates":[40.89289,36.82397]},"properties":{"age_h":11.6,"recency":0,"frp":0.4,"confidence":"nominal"}},{"type":"Feature","geometry":{"type":"Point","coordinates":[41.8903,36.91407]},"properties":{"age_h":11.6,"recency":0,"frp":0.5,"confidence":"nominal"}},{"type":"Feature","geometry":{"type":"Point","coordinates":[41.78916,37.00286]},"properties":{"age_h":11.6,"recency":0,"frp":1.6,"confidence":"nominal"}},{"type":"Feature","geometry":{"type":"Point","coordinates":[41.56448,37.08915]},"properties":{"age_h":11.6,"recency":0,"frp":0.5,"confidence":"nominal"}},{"type":"Feature","geometry":{"type":"Point","coordinates":[38.83466,55.06059]},"properties":{"age_h":10.0,"recency":0,"frp":1.6,"confidence":"nominal"}},{"type":"Feature","geometry":{"type":"Point","coordinates":[38.74332,55.25587]},"properties":{"age_h":10.0,"recency":0,"frp":0.6,"confidence":"nominal"}},{"type":"Feature","geometry":{"type":"Point","coordinates":[37.76036,55.55373]},"properties":{"age_h":10.0,"recency":0,"frp":1.1,"confidence":"nominal"}},{"type":"Feature","geometry":{"type":"Point","coordinates":[41.97701,57.20836]},"properties":{"age_h":10.0,"recency":0,"frp":0.4,"confidence":"nominal"}},{"type":"Feature","geometry":{"type":"Point","coordinates":[28.13207,59.0613]},"properties":{"age_h":10.0,"recency":0,"frp":1.0,"confidence":"nominal"}},{"type":"Feature","geometry":{"type":"Point","coordinates":[28.1314,59.06388]},"properties":{"age_h":10.0,"recency":0,"frp":1.3,"confidence":"nominal"}},{"type":"Feature","geometry":{"type":"Point","coordinates":[37.81875,59.13054]},"properties":{"age_h":10.0,"recency":0,"frp":0.7,"confidence":"nominal"}},{"type":"Feature","geometry":{"type":"Point","coordinates":[37.78956,59.131]},"properties":{"age_h":10.0,"recency":0,"frp":2.8,"confidence":"nominal"}},{"type":"Feature","geometry":{"type":"Point","coordinates":[37.78268,59.13194]},"properties":{"age_h":10.0,"recency":0,"frp":2.8,"confidence":"nominal"}},{"type":"Feature","geometry":{"type":"Point","coordinates":[37.82047,59.13384]},"properties":{"age_h":10.0,"recency":0,"frp":0.7,"confidence":"nominal"}},{"type":"Feature","geometry":{"type":"Point","coordinates":[37.8222,59.13714]},"properties":{"age_h":10.0,"recency":0,"frp":0.9,"confidence":"nominal"}},{"type":"Feature","geometry":{"type":"Point","coordinates":[37.81533,59.13807]},"properties":{"age_h":10.0,"recency":0,"frp":0.9,"confidence":"nominal"}},{"type":"Feature","geometry":{"type":"Point","coordinates":[37.80845,59.13902]},"properties":{"age_h":10.0,"recency":0,"frp":0.9,"confidence":"nominal"}},{"type":"Feature","geometry":{"type":"Point","coordinates":[37.84627,59.14089]},"properties":{"age_h":10.0,"recency":0,"frp":0.9,"confidence":"nominal"}},{"type":"Feature","geometry":{"type":"Point","coordinates":[37.84797,59.14419]},"properties":{"age_h":10.0,"recency":0,"frp":0.9,"confidence":"nominal"}},{"type":"Feature","geometry":{"type":"Point","coordinates":[37.87027,59.14466]},"properties":{"age_h":10.0,"recency":0,"frp":6.8,"confidence":"nominal"}},{"type":"Feature","geometry":{"type":"Point","coordinates":[37.85654,59.14655]},"properties":{"age_h":10.0,"recency":0,"frp":1.0,"confidence":"nominal"}},{"type":"Feature","geometry":{"type":"Point","coordinates":[37.84968,59.14749]},"properties":{"age_h":10.0,"recency":0,"frp":1.0,"confidence":"nominal"}},{"type":"Feature","geometry":{"type":"Point","coordinates":[37.87199,59.14796]},"properties":{"age_h":10.0,"recency":0,"frp":6.8,"confidence":"nominal"}},{"type":"Feature","geometry":{"type":"Point","coordinates":[37.84454,59.15173]},"properties":{"age_h":10.0,"recency":0,"frp":1.4,"confidence":"nominal"}},{"type":"Feature","geometry":{"type":"Point","coordinates":[28.45546,59.38504]},"properties":{"age_h":10.0,"recency":0,"frp":1.5,"confidence":"nominal"}},{"type":"Feature","geometry":{"type":"Point","coordinates":[34.1488,59.52986]},"properties":{"age_h":10.0,"recency":0,"frp":2.3,"confidence":"nominal"}},{"type":"Feature","geometry":{"type":"Point","coordinates":[34.14035,59.53076]},"properties":{"age_h":10.0,"recency":0,"frp":2.3,"confidence":"nominal"}},{"type":"Feature","geometry":{"type":"Point","coordinates":[30.15267,60.38417]},"properties":{"age_h":10.0,"recency":0,"frp":1.6,"confidence":"nominal"}},{"type":"Feature","geometry":{"type":"Point","coordinates":[39.34781,47.03646]},"properties":{"age_h":10.0,"recency":0,"frp":0.5,"confidence":"nominal"}},{"type":"Feature","geometry":{"type":"Point","coordinates":[38.17287,47.37511]},"properties":{"age_h":10.0,"recency":0,"frp":0.7,"confidence":"nominal"}},{"type":"Feature","geometry":{"type":"Point","coordinates":[35.14316,47.86077]},"properties":{"age_h":10.0,"recency":0,"frp":1.1,"confidence":"nominal"}},{"type":"Feature","geometry":{"type":"Point","coordinates":[35.14548,47.86727]},"properties":{"age_h":10.0,"recency":0,"frp":0.6,"confidence":"nominal"}},{"type":"Feature","geometry":{"type":"Point","coordinates":[33.41534,47.87312]},"properties":{"age_h":10.0,"recency":0,"frp":0.7,"confidence":"nominal"}},{"type":"Feature","geometry":{"type":"Point","coordinates":[33.4164,47.87642]},"properties":{"age_h":10.0,"recency":0,"frp":0.7,"confidence":"nominal"}},{"type":"Feature","geometry":{"type":"Point","coordinates":[37.95382,48.05769]},"properties":{"age_h":10.0,"recency":0,"frp":1.0,"confidence":"nominal"}},{"type":"Feature","geometry":{"type":"Point","coordinates":[37.35945,48.08827]},"properties":{"age_h":10.0,"recency":0,"frp":3.5,"confidence":"nominal"}},{"type":"Feature","geometry":{"type":"Point","coordinates":[37.91722,48.09692]},"properties":{"age_h":10.0,"recency":0,"frp":0.6,"confidence":"nominal"}},{"type":"Feature","geometry":{"type":"Point","coordinates":[37.92405,48.09924]},"properties":{"age_h":10.0,"recency":0,"frp":1.0,"confidence":"nominal"}},{"type":"Feature","geometry":{"type":"Point","coordinates":[38.83432,48.12686]},"properties":{"age_h":10.0,"recency":0,"frp":0.6,"confidence":"nominal"}},{"type":"Feature","geometry":{"type":"Point","coordinates":[38.51171,48.15981]},"properties":{"age_h":10.0,"recency":0,"frp":1.3,"confidence":"nominal"}},{"type":"Feature","geometry":{"type":"Point","coordinates":[38.50615,48.16087]},"properties":{"age_h":10.0,"recency":0,"frp":1.3,"confidence":"nominal"}},{"type":"Feature","geometry":{"type":"Point","coordinates":[37.60945,48.24676]},"properties":{"age_h":10.0,"recency":0,"frp":3.9,"confidence":"nominal"}},{"type":"Feature","geometry":{"type":"Point","coordinates":[37.26366,48.32351]},"properties":{"age_h":10.0,"recency":0,"frp":0.6,"confidence":"nominal"}},{"type":"Feature","geometry":{"type":"Point","coordinates":[37.25484,48.35448]},"properties":{"age_h":10.0,"recency":0,"frp":1.2,"confidence":"nominal"}},{"type":"Feature","geometry":{"type":"Point","coordinates":[37.25748,48.36107]},"properties":{"age_h":10.0,"recency":0,"frp":0.5,"confidence":"nominal"}},{"type":"Feature","geometry":{"type":"Point","coordinates":[38.758,48.46854]},"properties":{"age_h":10.0,"recency":0,"frp":0.7,"confidence":"nominal"}},{"type":"Feature","geometry":{"type":"Point","coordinates":[34.63295,48.47353]},"properties":{"age_h":10.0,"recency":0,"frp":0.8,"confidence":"nominal"}},{"type":"Feature","geometry":{"type":"Point","coordinates":[34.62783,48.47433]},"properties":{"age_h":10.0,"recency":0,"frp":0.9,"confidence":"nominal"}},{"type":"Feature","geometry":{"type":"Point","coordinates":[27.37101,48.51171]},"properties":{"age_h":10.0,"recency":0,"frp":0.6,"confidence":"nominal"}},{"type":"Feature","geometry":{"type":"Point","coordinates":[34.64329,48.53378]},"properties":{"age_h":10.0,"recency":0,"frp":1.0,"confidence":"nominal"}},{"type":"Feature","geometry":{"type":"Point","coordinates":[39.57706,48.60491]},"properties":{"age_h":10.0,"recency":0,"frp":2.1,"confidence":"nominal"}},{"type":"Feature","geometry":{"type":"Point","coordinates":[39.59045,48.60598]},"properties":{"age_h":10.0,"recency":0,"frp":2.5,"confidence":"nominal"}},{"type":"Feature","geometry":{"type":"Point","coordinates":[39.58453,48.60717]},"properties":{"age_h":10.0,"recency":0,"frp":5.7,"confidence":"nominal"}},{"type":"Feature","geometry":{"type":"Point","coordinates":[37.56076,48.62008]},"properties":{"age_h":10.0,"recency":0,"frp":0.6,"confidence":"nominal"}},{"type":"Feature","geometry":{"type":"Point","coordinates":[37.78492,48.79414]},"properties":{"age_h":10.0,"recency":0,"frp":0.5,"confidence":"nominal"}},{"type":"Feature","geometry":{"type":"Point","coordinates":[23.91323,48.97193]},"properties":{"age_h":10.0,"recency":0,"frp":1.0,"confidence":"nominal"}},{"type":"Feature","geometry":{"type":"Point","coordinates":[37.81498,48.99632]},"properties":{"age_h":10.0,"recency":0,"frp":0.7,"confidence":"nominal"}},{"type":"Feature","geometry":{"type":"Point","coordinates":[37.80958,48.9973]},"properties":{"age_h":10.0,"recency":0,"frp":0.7,"confidence":"nominal"}},{"type":"Feature","geometry":{"type":"Point","coordinates":[37.78676,49.0121]},"properties":{"age_h":10.0,"recency":0,"frp":1.0,"confidence":"nominal"}},{"type":"Feature","geometry":{"type":"Point","coordinates":[37.71907,49.65787]},"properties":{"age_h":10.0,"recency":0,"frp":0.5,"confidence":"nominal"}},{"type":"Feature","geometry":{"type":"Point","coordinates":[18.64826,49.68625]},"properties":{"age_h":10.0,"recency":0,"frp":1.2,"confidence":"nominal"}},{"type":"Feature","geometry":{"type":"Point","coordinates":[18.48217,50.04237]},"properties":{"age_h":10.0,"recency":0,"frp":0.6,"confidence":"nominal"}},{"type":"Feature","geometry":{"type":"Point","coordinates":[19.28363,50.33843]},"properties":{"age_h":10.0,"recency":0,"frp":0.8,"confidence":"nominal"}},{"type":"Feature","geometry":{"type":"Point","coordinates":[19.2908,50.34429]},"properties":{"age_h":10.0,"recency":0,"frp":0.9,"confidence":"nominal"}},{"type":"Feature","geometry":{"type":"Point","coordinates":[18.13845,50.41595]},"properties":{"age_h":10.0,"recency":0,"frp":1.1,"confidence":"nominal"}},{"type":"Feature","geometry":{"type":"Point","coordinates":[18.14643,50.42218]},"properties":{"age_h":10.0,"recency":0,"frp":0.6,"confidence":"nominal"}},{"type":"Feature","geometry":{"type":"Point","coordinates":[26.25787,50.54668]},"properties":{"age_h":10.0,"recency":0,"frp":1.4,"confidence":"nominal"}},{"type":"Feature","geometry":{"type":"Point","coordinates":[20.66805,50.89685]},"properties":{"age_h":10.0,"recency":0,"frp":0.3,"confidence":"nominal"}},{"type":"Feature","geometry":{"type":"Point","coordinates":[21.67166,50.92872]},"properties":{"age_h":10.0,"recency":0,"frp":0.6,"confidence":"nominal"}},{"type":"Feature","geometry":{"type":"Point","coordinates":[37.99412,51.11993]},"properties":{"age_h":10.0,"recency":0,"frp":0.5,"confidence":"nominal"}},{"type":"Feature","geometry":{"type":"Point","coordinates":[15.97186,51.68619]},"properties":{"age_h":10.0,"recency":0,"frp":2.8,"confidence":"nominal"}},{"type":"Feature","geometry":{"type":"Point","coordinates":[14.60962,51.83131]},"properties":{"age_h":10.0,"recency":0,"frp":3.4,"confidence":"nominal"}},{"type":"Feature","geometry":{"type":"Point","coordinates":[17.0594,52.08681]},"properties":{"age_h":10.0,"recency":0,"frp":1.4,"confidence":"nominal"}},{"type":"Feature","geometry":{"type":"Point","coordinates":[34.53356,52.26659]},"properties":{"age_h":10.0,"recency":0,"frp":1.3,"confidence":"nominal"}},{"type":"Feature","geometry":{"type":"Point","coordinates":[19.66116,52.58625]},"properties":{"age_h":10.0,"recency":0,"frp":1.1,"confidence":"nominal"}},{"type":"Feature","geometry":{"type":"Point","coordinates":[14.75387,52.76659]},"properties":{"age_h":10.0,"recency":0,"frp":1.4,"confidence":"nominal"}},{"type":"Feature","geometry":{"type":"Point","coordinates":[32.22381,52.80692]},"properties":{"age_h":10.0,"recency":0,"frp":1.1,"confidence":"nominal"}},{"type":"Feature","geometry":{"type":"Point","coordinates":[34.41991,53.44504]},"properties":{"age_h":10.0,"recency":0,"frp":1.0,"confidence":"nominal"}},{"type":"Feature","geometry":{"type":"Point","coordinates":[28.59175,54.11092]},"properties":{"age_h":10.0,"recency":0,"frp":1.4,"confidence":"nominal"}},{"type":"Feature","geometry":{"type":"Point","coordinates":[37.55246,54.13546]},"properties":{"age_h":10.0,"recency":0,"frp":6.0,"confidence":"nominal"}},{"type":"Feature","geometry":{"type":"Point","coordinates":[37.54671,54.13637]},"properties":{"age_h":10.0,"recency":0,"frp":6.0,"confidence":"nominal"}},{"type":"Feature","geometry":{"type":"Point","coordinates":[36.80515,54.4817]},"properties":{"age_h":10.0,"recency":0,"frp":0.6,"confidence":"nominal"}},{"type":"Feature","geometry":{"type":"Point","coordinates":[36.10044,41.02475]},"properties":{"age_h":9.9,"recency":0,"frp":0.9,"confidence":"nominal"}},{"type":"Feature","geometry":{"type":"Point","coordinates":[19.2994,42.42271]},"properties":{"age_h":9.9,"recency":0,"frp":0.7,"confidence":"nominal"}},{"type":"Feature","geometry":{"type":"Point","coordinates":[18.92505,42.76293]},"properties":{"age_h":9.9,"recency":0,"frp":0.9,"confidence":"nominal"}},{"type":"Feature","geometry":{"type":"Point","coordinates":[18.93063,42.76309]},"properties":{"age_h":9.9,"recency":0,"frp":0.7,"confidence":"nominal"}},{"type":"Feature","geometry":{"type":"Point","coordinates":[18.92501,42.76331]},"properties":{"age_h":9.9,"recency":0,"frp":0.7,"confidence":"nominal"}},{"type":"Feature","geometry":{"type":"Point","coordinates":[21.13391,42.96366]},"properties":{"age_h":9.9,"recency":0,"frp":2.2,"confidence":"nominal"}},{"type":"Feature","geometry":{"type":"Point","coordinates":[17.68211,43.24975]},"properties":{"age_h":9.9,"recency":0,"frp":1.4,"confidence":"nominal"}},{"type":"Feature","geometry":{"type":"Point","coordinates":[16.43594,43.54277]},"properties":{"age_h":9.9,"recency":0,"frp":0.7,"confidence":"nominal"}},{"type":"Feature","geometry":{"type":"Point","coordinates":[21.5077,43.9085]},"properties":{"age_h":9.9,"recency":0,"frp":0.2,"confidence":"nominal"}},{"type":"Feature","geometry":{"type":"Point","coordinates":[23.4468,43.96432]},"properties":{"age_h":9.9,"recency":0,"frp":1.1,"confidence":"nominal"}},{"type":"Feature","geometry":{"type":"Point","coordinates":[23.49111,43.98933]},"properties":{"age_h":9.9,"recency":0,"frp":0.8,"confidence":"nominal"}},{"type":"Feature","geometry":{"type":"Point","coordinates":[22.7213,44.43708]},"properties":{"age_h":9.9,"recency":0,"frp":3.6,"confidence":"nominal"}},{"type":"Feature","geometry":{"type":"Point","coordinates":[22.72192,44.44194]},"properties":{"age_h":9.9,"recency":0,"frp":5.3,"confidence":"nominal"}},{"type":"Feature","geometry":{"type":"Point","coordinates":[22.73,44.44632]},"properties":{"age_h":9.9,"recency":0,"frp":5.3,"confidence":"nominal"}},{"type":"Feature","geometry":{"type":"Point","coordinates":[22.72255,44.4468]},"properties":{"age_h":9.9,"recency":0,"frp":5.3,"confidence":"nominal"}},{"type":"Feature","geometry":{"type":"Point","coordinates":[22.37177,44.75052]},"properties":{"age_h":9.9,"recency":0,"frp":1.6,"confidence":"nominal"}},{"type":"Feature","geometry":{"type":"Point","coordinates":[19.84431,44.89192]},"properties":{"age_h":9.9,"recency":0,"frp":0.6,"confidence":"nominal"}},{"type":"Feature","geometry":{"type":"Point","coordinates":[19.80704,44.89329]},"properties":{"age_h":9.9,"recency":0,"frp":0.5,"confidence":"nominal"}},{"type":"Feature","geometry":{"type":"Point","coordinates":[22.47153,44.90107]},"properties":{"age_h":9.9,"recency":0,"frp":0.7,"confidence":"nominal"}},{"type":"Feature","geometry":{"type":"Point","coordinates":[20.01031,44.95687]},"properties":{"age_h":9.9,"recency":0,"frp":1.9,"confidence":"nominal"}},{"type":"Feature","geometry":{"type":"Point","coordinates":[20.00508,44.95706]},"properties":{"age_h":9.9,"recency":0,"frp":1.9,"confidence":"nominal"}},{"type":"Feature","geometry":{"type":"Point","coordinates":[21.18199,44.97184]},"properties":{"age_h":9.9,"recency":0,"frp":0.3,"confidence":"nominal"}},{"type":"Feature","geometry":{"type":"Point","coordinates":[19.37992,45.03003]},"properties":{"age_h":9.9,"recency":0,"frp":0.5,"confidence":"nominal"}},{"type":"Feature","geometry":{"type":"Point","coordinates":[19.47328,45.07374]},"properties":{"age_h":9.9,"recency":0,"frp":1.1,"confidence":"nominal"}},{"type":"Feature","geometry":{"type":"Point","coordinates":[19.57449,45.0763]},"properties":{"age_h":9.9,"recency":0,"frp":4.3,"confidence":"nominal"}},{"type":"Feature","geometry":{"type":"Point","coordinates":[19.56901,45.07648]},"properties":{"age_h":9.9,"recency":0,"frp":4.3,"confidence":"nominal"}},{"type":"Feature","geometry":{"type":"Point","coordinates":[19.54136,45.07736]},"properties":{"age_h":9.9,"recency":0,"frp":1.4,"confidence":"nominal"}},{"type":"Feature","geometry":{"type":"Point","coordinates":[19.57518,45.08201]},"properties":{"age_h":9.9,"recency":0,"frp":4.3,"confidence":"high"}},{"type":"Feature","geometry":{"type":"Point","coordinates":[19.56973,45.08218]},"properties":{"age_h":9.9,"recency":0,"frp":4.3,"confidence":"nominal"}},{"type":"Feature","geometry":{"type":"Point","coordinates":[20.88224,45.08872]},"properties":{"age_h":9.9,"recency":0,"frp":0.5,"confidence":"nominal"}},{"type":"Feature","geometry":{"type":"Point","coordinates":[19.6652,45.10188]},"properties":{"age_h":9.9,"recency":0,"frp":1.6,"confidence":"nominal"}},{"type":"Feature","geometry":{"type":"Point","coordinates":[19.54957,45.10579]},"properties":{"age_h":9.9,"recency":0,"frp":1.6,"confidence":"nominal"}},{"type":"Feature","geometry":{"type":"Point","coordinates":[19.63341,45.10869]},"properties":{"age_h":9.9,"recency":0,"frp":0.6,"confidence":"nominal"}},{"type":"Feature","geometry":{"type":"Point","coordinates":[19.55589,45.11131]},"properties":{"age_h":9.9,"recency":0,"frp":0.5,"confidence":"nominal"}},{"type":"Feature","geometry":{"type":"Point","coordinates":[19.55024,45.1115]},"properties":{"age_h":9.9,"recency":0,"frp":0.5,"confidence":"nominal"}},{"type":"Feature","geometry":{"type":"Point","coordinates":[19.47694,45.11393]},"properties":{"age_h":9.9,"recency":0,"frp":0.9,"confidence":"nominal"}},{"type":"Feature","geometry":{"type":"Point","coordinates":[19.47139,45.11412]},"properties":{"age_h":9.9,"recency":0,"frp":0.9,"confidence":"nominal"}},{"type":"Feature","geometry":{"type":"Point","coordinates":[19.4841,45.12521]},"properties":{"age_h":9.9,"recency":0,"frp":0.8,"confidence":"nominal"}},{"type":"Feature","geometry":{"type":"Point","coordinates":[19.47828,45.12541]},"properties":{"age_h":9.9,"recency":0,"frp":0.8,"confidence":"nominal"}},{"type":"Feature","geometry":{"type":"Point","coordinates":[21.11601,45.18006]},"properties":{"age_h":9.9,"recency":0,"frp":3.0,"confidence":"nominal"}},{"type":"Feature","geometry":{"type":"Point","coordinates":[20.80551,45.19464]},"properties":{"age_h":9.9,"recency":0,"frp":0.9,"confidence":"nominal"}},{"type":"Feature","geometry":{"type":"Point","coordinates":[22.25402,45.30006]},"properties":{"age_h":9.9,"recency":0,"frp":1.0,"confidence":"nominal"}},{"type":"Feature","geometry":{"type":"Point","coordinates":[36.04894,45.30272]},"properties":{"age_h":9.9,"recency":0,"frp":0.9,"confidence":"nominal"}},{"type":"Feature","geometry":{"type":"Point","coordinates":[39.05232,45.68048]},"properties":{"age_h":9.9,"recency":0,"frp":0.8,"confidence":"nominal"}},{"type":"Feature","geometry":{"type":"Point","coordinates":[20.94974,45.76422]},"properties":{"age_h":9.9,"recency":0,"frp":0.7,"confidence":"nominal"}},{"type":"Feature","geometry":{"type":"Point","coordinates":[25.28286,45.9539]},"properties":{"age_h":9.9,"recency":0,"frp":0.6,"confidence":"nominal"}},{"type":"Feature","geometry":{"type":"Point","coordinates":[30.26216,46.1541]},"properties":{"age_h":9.9,"recency":0,"frp":1.4,"confidence":"nominal"}},{"type":"Feature","geometry":{"type":"Point","coordinates":[33.49283,46.29744]},"properties":{"age_h":9.9,"recency":0,"frp":0.4,"confidence":"nominal"}},{"type":"Feature","geometry":{"type":"Point","coordinates":[30.54267,46.32858]},"properties":{"age_h":9.9,"recency":0,"frp":0.6,"confidence":"nominal"}},{"type":"Feature","geometry":{"type":"Point","coordinates":[34.71518,46.52245]},"properties":{"age_h":9.9,"recency":0,"frp":0.6,"confidence":"nominal"}},{"type":"Feature","geometry":{"type":"Point","coordinates":[39.13178,46.6492]},"properties":{"age_h":9.9,"recency":0,"frp":0.9,"confidence":"nominal"}},{"type":"Feature","geometry":{"type":"Point","coordinates":[39.13167,46.64981]},"properties":{"age_h":9.9,"recency":0,"frp":0.3,"confidence":"nominal"}},{"type":"Feature","geometry":{"type":"Point","coordinates":[23.52816,46.67909]},"properties":{"age_h":9.9,"recency":0,"frp":1.8,"confidence":"nominal"}},{"type":"Feature","geometry":{"type":"Point","coordinates":[32.70489,46.67997]},"properties":{"age_h":9.9,"recency":0,"frp":0.4,"confidence":"nominal"}},{"type":"Feature","geometry":{"type":"Point","coordinates":[33.35943,46.80252]},"properties":{"age_h":9.9,"recency":0,"frp":1.6,"confidence":"nominal"}},{"type":"Feature","geometry":{"type":"Point","coordinates":[22.32686,47.03682]},"properties":{"age_h":9.9,"recency":0,"frp":0.5,"confidence":"nominal"}},{"type":"Feature","geometry":{"type":"Point","coordinates":[37.25394,47.04601]},"properties":{"age_h":9.9,"recency":0,"frp":0.8,"confidence":"nominal"}},{"type":"Feature","geometry":{"type":"Point","coordinates":[37.25526,47.04934]},"properties":{"age_h":9.9,"recency":0,"frp":0.8,"confidence":"nominal"}},{"type":"Feature","geometry":{"type":"Point","coordinates":[31.75758,47.1727]},"properties":{"age_h":9.9,"recency":0,"frp":0.8,"confidence":"nominal"}},{"type":"Feature","geometry":{"type":"Point","coordinates":[36.20303,47.19793]},"properties":{"age_h":9.9,"recency":0,"frp":0.8,"confidence":"nominal"}},{"type":"Feature","geometry":{"type":"Point","coordinates":[35.70359,47.23143]},"properties":{"age_h":9.9,"recency":0,"frp":1.1,"confidence":"nominal"}},{"type":"Feature","geometry":{"type":"Point","coordinates":[18.88789,47.27896]},"properties":{"age_h":9.9,"recency":0,"frp":1.1,"confidence":"nominal"}},{"type":"Feature","geometry":{"type":"Point","coordinates":[18.88837,47.28494]},"properties":{"age_h":9.9,"recency":0,"frp":0.9,"confidence":"nominal"}},{"type":"Feature","geometry":{"type":"Point","coordinates":[34.66561,47.30252]},"properties":{"age_h":9.9,"recency":0,"frp":2.1,"confidence":"nominal"}},{"type":"Feature","geometry":{"type":"Point","coordinates":[29.0135,47.78441]},"properties":{"age_h":9.9,"recency":0,"frp":1.3,"confidence":"nominal"}},{"type":"Feature","geometry":{"type":"Point","coordinates":[29.01443,47.78814]},"properties":{"age_h":9.9,"recency":0,"frp":0.4,"confidence":"nominal"}},{"type":"Feature","geometry":{"type":"Point","coordinates":[28.65158,47.93708]},"properties":{"age_h":9.9,"recency":0,"frp":0.8,"confidence":"nominal"}},{"type":"Feature","geometry":{"type":"Point","coordinates":[14.32101,48.26084]},"properties":{"age_h":9.9,"recency":0,"frp":2.1,"confidence":"nominal"}},{"type":"Feature","geometry":{"type":"Point","coordinates":[14.32312,48.26213]},"properties":{"age_h":9.9,"recency":0,"frp":2.5,"confidence":"nominal"}},{"type":"Feature","geometry":{"type":"Point","coordinates":[14.33123,48.27556]},"properties":{"age_h":9.9,"recency":0,"frp":8.1,"confidence":"nominal"}},{"type":"Feature","geometry":{"type":"Point","coordinates":[14.32265,48.27662]},"properties":{"age_h":9.9,"recency":0,"frp":4.5,"confidence":"nominal"}},{"type":"Feature","geometry":{"type":"Point","coordinates":[17.18587,48.45598]},"properties":{"age_h":9.9,"recency":0,"frp":1.3,"confidence":"nominal"}},{"type":"Feature","geometry":{"type":"Point","coordinates":[21.17418,48.60872]},"properties":{"age_h":9.9,"recency":0,"frp":1.6,"confidence":"nominal"}},{"type":"Feature","geometry":{"type":"Point","coordinates":[21.18513,48.61377]},"properties":{"age_h":9.9,"recency":0,"frp":1.0,"confidence":"nominal"}},{"type":"Feature","geometry":{"type":"Point","coordinates":[21.17993,48.61395]},"properties":{"age_h":9.9,"recency":0,"frp":1.0,"confidence":"nominal"}},{"type":"Feature","geometry":{"type":"Point","coordinates":[41.09675,34.18248]},"properties":{"age_h":9.9,"recency":0,"frp":0.7,"confidence":"nominal"}},{"type":"Feature","geometry":{"type":"Point","coordinates":[37.90075,34.60697]},"properties":{"age_h":9.9,"recency":0,"frp":0.6,"confidence":"nominal"}},{"type":"Feature","geometry":{"type":"Point","coordinates":[37.94642,34.91554]},"properties":{"age_h":9.9,"recency":0,"frp":0.9,"confidence":"nominal"}},{"type":"Feature","geometry":{"type":"Point","coordinates":[40.56301,35.11317]},"properties":{"age_h":9.9,"recency":0,"frp":0.3,"confidence":"nominal"}},{"type":"Feature","geometry":{"type":"Point","coordinates":[39.84526,35.2225]},"properties":{"age_h":9.9,"recency":0,"frp":10.1,"confidence":"nominal"}},{"type":"Feature","geometry":{"type":"Point","coordinates":[39.84397,35.22301]},"properties":{"age_h":9.9,"recency":0,"frp":13.9,"confidence":"nominal"}},{"type":"Feature","geometry":{"type":"Point","coordinates":[39.839,35.22404]},"properties":{"age_h":9.9,"recency":0,"frp":19.6,"confidence":"nominal"}},{"type":"Feature","geometry":{"type":"Point","coordinates":[39.83768,35.22451]},"properties":{"age_h":9.9,"recency":0,"frp":13.9,"confidence":"nominal"}},{"type":"Feature","geometry":{"type":"Point","coordinates":[41.04527,36.16664]},"properties":{"age_h":9.9,"recency":0,"frp":0.3,"confidence":"nominal"}},{"type":"Feature","geometry":{"type":"Point","coordinates":[41.28143,36.45824]},"properties":{"age_h":9.9,"recency":0,"frp":0.5,"confidence":"nominal"}},{"type":"Feature","geometry":{"type":"Point","coordinates":[40.89638,36.82575]},"properties":{"age_h":9.9,"recency":0,"frp":1.1,"confidence":"nominal"}},{"type":"Feature","geometry":{"type":"Point","coordinates":[34.76512,36.86827]},"properties":{"age_h":9.9,"recency":0,"frp":0.9,"confidence":"nominal"}},{"type":"Feature","geometry":{"type":"Point","coordinates":[41.61558,36.95378]},"properties":{"age_h":9.9,"recency":0,"frp":0.5,"confidence":"nominal"}},{"type":"Feature","geometry":{"type":"Point","coordinates":[41.61749,36.95869]},"properties":{"age_h":9.9,"recency":0,"frp":0.5,"confidence":"nominal"}},{"type":"Feature","geometry":{"type":"Point","coordinates":[41.57017,37.08815]},"properties":{"age_h":9.9,"recency":0,"frp":0.6,"confidence":"nominal"}},{"type":"Feature","geometry":{"type":"Point","coordinates":[41.73049,37.09963]},"properties":{"age_h":9.9,"recency":0,"frp":2.1,"confidence":"nominal"}},{"type":"Feature","geometry":{"type":"Point","coordinates":[41.72689,37.10057]},"properties":{"age_h":9.9,"recency":0,"frp":2.1,"confidence":"nominal"}},{"type":"Feature","geometry":{"type":"Point","coordinates":[41.73166,37.10102]},"properties":{"age_h":9.9,"recency":0,"frp":2.2,"confidence":"nominal"}},{"type":"Feature","geometry":{"type":"Point","coordinates":[41.72805,37.10193]},"properties":{"age_h":9.9,"recency":0,"frp":2.2,"confidence":"nominal"}},{"type":"Feature","geometry":{"type":"Point","coordinates":[40.80484,37.34027]},"properties":{"age_h":9.9,"recency":0,"frp":1.1,"confidence":"nominal"}},{"type":"Feature","geometry":{"type":"Point","coordinates":[39.29933,37.52794]},"properties":{"age_h":9.9,"recency":0,"frp":0.4,"confidence":"nominal"}},{"type":"Feature","geometry":{"type":"Point","coordinates":[39.37263,37.58035]},"properties":{"age_h":9.9,"recency":0,"frp":0.6,"confidence":"nominal"}},{"type":"Feature","geometry":{"type":"Point","coordinates":[38.3717,37.69464]},"properties":{"age_h":9.9,"recency":0,"frp":0.5,"confidence":"nominal"}},{"type":"Feature","geometry":{"type":"Point","coordinates":[40.16908,37.76897]},"properties":{"age_h":9.9,"recency":0,"frp":6.2,"confidence":"nominal"}},{"type":"Feature","geometry":{"type":"Point","coordinates":[40.17078,37.77343]},"properties":{"age_h":9.9,"recency":0,"frp":6.2,"confidence":"nominal"}},{"type":"Feature","geometry":{"type":"Point","coordinates":[40.17252,37.77788]},"properties":{"age_h":9.9,"recency":0,"frp":0.8,"confidence":"nominal"}},{"type":"Feature","geometry":{"type":"Point","coordinates":[40.26582,37.78492]},"properties":{"age_h":9.9,"recency":0,"frp":2.4,"confidence":"nominal"}},{"type":"Feature","geometry":{"type":"Point","coordinates":[40.86535,37.9866]},"properties":{"age_h":9.9,"recency":0,"frp":1.1,"confidence":"nominal"}},{"type":"Feature","geometry":{"type":"Point","coordinates":[40.8597,37.98713]},"properties":{"age_h":9.9,"recency":0,"frp":0.6,"confidence":"nominal"}},{"type":"Feature","geometry":{"type":"Point","coordinates":[40.34343,38.0915]},"properties":{"age_h":9.9,"recency":0,"frp":6.9,"confidence":"nominal"}},{"type":"Feature","geometry":{"type":"Point","coordinates":[23.52119,38.12892]},"properties":{"age_h":9.9,"recency":0,"frp":1.9,"confidence":"nominal"}},{"type":"Feature","geometry":{"type":"Point","coordinates":[40.33704,38.19476]},"properties":{"age_h":9.9,"recency":0,"frp":3.6,"confidence":"nominal"}},{"type":"Feature","geometry":{"type":"Point","coordinates":[40.33123,38.19615]},"properties":{"age_h":9.9,"recency":0,"frp":3.6,"confidence":"nominal"}},{"type":"Feature","geometry":{"type":"Point","coordinates":[40.32624,38.21678]},"properties":{"age_h":9.9,"recency":0,"frp":2.9,"confidence":"nominal"}},{"type":"Feature","geometry":{"type":"Point","coordinates":[26.94673,38.7403]},"properties":{"age_h":9.9,"recency":0,"frp":1.1,"confidence":"nominal"}},{"type":"Feature","geometry":{"type":"Point","coordinates":[26.95292,38.74331]},"properties":{"age_h":9.9,"recency":0,"frp":1.0,"confidence":"nominal"}},{"type":"Feature","geometry":{"type":"Point","coordinates":[26.9536,38.74698]},"properties":{"age_h":9.9,"recency":0,"frp":1.0,"confidence":"nominal"}},{"type":"Feature","geometry":{"type":"Point","coordinates":[26.94813,38.74765]},"properties":{"age_h":9.9,"recency":0,"frp":1.3,"confidence":"nominal"}},{"type":"Feature","geometry":{"type":"Point","coordinates":[26.94965,38.74997]},"properties":{"age_h":9.9,"recency":0,"frp":2.2,"confidence":"nominal"}},{"type":"Feature","geometry":{"type":"Point","coordinates":[15.18549,38.79342]},"properties":{"age_h":9.9,"recency":0,"frp":3.5,"confidence":"nominal"}},{"type":"Feature","geometry":{"type":"Point","coordinates":[37.89865,38.88449]},"properties":{"age_h":9.9,"recency":0,"frp":0.3,"confidence":"nominal"}},{"type":"Feature","geometry":{"type":"Point","coordinates":[17.03078,39.09174]},"properties":{"age_h":9.9,"recency":0,"frp":1.3,"confidence":"nominal"}},{"type":"Feature","geometry":{"type":"Point","coordinates":[17.03365,39.09584]},"properties":{"age_h":9.9,"recency":0,"frp":1.9,"confidence":"nominal"}},{"type":"Feature","geometry":{"type":"Point","coordinates":[17.0277,39.09602]},"properties":{"age_h":9.9,"recency":0,"frp":2.8,"confidence":"nominal"}},{"type":"Feature","geometry":{"type":"Point","coordinates":[22.83881,39.17182]},"properties":{"age_h":9.9,"recency":0,"frp":0.6,"confidence":"nominal"}},{"type":"Feature","geometry":{"type":"Point","coordinates":[33.47669,39.76756]},"properties":{"age_h":9.9,"recency":0,"frp":0.5,"confidence":"nominal"}},{"type":"Feature","geometry":{"type":"Point","coordinates":[17.20473,40.51155]},"properties":{"age_h":9.9,"recency":0,"frp":2.7,"confidence":"nominal"}},{"type":"Feature","geometry":{"type":"Point","coordinates":[17.20579,40.51366]},"properties":{"age_h":9.9,"recency":0,"frp":1.6,"confidence":"nominal"}},{"type":"Feature","geometry":{"type":"Point","coordinates":[15.21337,41.47358]},"properties":{"age_h":9.9,"recency":0,"frp":0.6,"confidence":"nominal"}},{"type":"Feature","geometry":{"type":"Point","coordinates":[30.51085,56.25784]},"properties":{"age_h":8.3,"recency":0,"frp":1.1,"confidence":"nominal"}},{"type":"Feature","geometry":{"type":"Point","coordinates":[30.506,56.2594]},"properties":{"age_h":8.3,"recency":0,"frp":1.1,"confidence":"nominal"}},{"type":"Feature","geometry":{"type":"Point","coordinates":[37.78778,59.13046]},"properties":{"age_h":8.3,"recency":0,"frp":3.5,"confidence":"nominal"}},{"type":"Feature","geometry":{"type":"Point","coordinates":[37.82027,59.13251]},"properties":{"age_h":8.3,"recency":0,"frp":0.9,"confidence":"nominal"}},{"type":"Feature","geometry":{"type":"Point","coordinates":[37.78151,59.13286]},"properties":{"age_h":8.3,"recency":0,"frp":5.0,"confidence":"nominal"}},{"type":"Feature","geometry":{"type":"Point","coordinates":[37.81438,59.14204]},"properties":{"age_h":8.3,"recency":0,"frp":1.4,"confidence":"nominal"}},{"type":"Feature","geometry":{"type":"Point","coordinates":[37.86792,59.15234]},"properties":{"age_h":8.3,"recency":0,"frp":2.4,"confidence":"nominal"}},{"type":"Feature","geometry":{"type":"Point","coordinates":[15.41932,60.13393]},"properties":{"age_h":8.3,"recency":0,"frp":0.5,"confidence":"nominal"}},{"type":"Feature","geometry":{"type":"Point","coordinates":[15.45131,60.49223]},"properties":{"age_h":8.3,"recency":0,"frp":0.8,"confidence":"nominal"}},{"type":"Feature","geometry":{"type":"Point","coordinates":[9.14403,63.31816]},"properties":{"age_h":8.3,"recency":0,"frp":2.6,"confidence":"nominal"}},{"type":"Feature","geometry":{"type":"Point","coordinates":[7.20215,64.26971]},"properties":{"age_h":8.3,"recency":0,"frp":2.0,"confidence":"nominal"}},{"type":"Feature","geometry":{"type":"Point","coordinates":[7.19382,64.27032]},"properties":{"age_h":8.3,"recency":0,"frp":6.8,"confidence":"nominal"}},{"type":"Feature","geometry":{"type":"Point","coordinates":[7.19721,64.27192]},"properties":{"age_h":8.3,"recency":0,"frp":7.0,"confidence":"nominal"}},{"type":"Feature","geometry":{"type":"Point","coordinates":[6.78685,65.11082]},"properties":{"age_h":8.3,"recency":0,"frp":1.6,"confidence":"nominal"}},{"type":"Feature","geometry":{"type":"Point","coordinates":[26.25817,50.54615]},"properties":{"age_h":8.3,"recency":0,"frp":1.2,"confidence":"nominal"}},{"type":"Feature","geometry":{"type":"Point","coordinates":[23.5535,51.13871]},"properties":{"age_h":8.3,"recency":0,"frp":1.1,"confidence":"nominal"}},{"type":"Feature","geometry":{"type":"Point","coordinates":[14.75918,52.76751]},"properties":{"age_h":8.3,"recency":0,"frp":1.2,"confidence":"nominal"}},{"type":"Feature","geometry":{"type":"Point","coordinates":[29.98442,52.84866]},"properties":{"age_h":8.3,"recency":0,"frp":2.1,"confidence":"nominal"}},{"type":"Feature","geometry":{"type":"Point","coordinates":[9.90532,53.51989]},"properties":{"age_h":8.3,"recency":0,"frp":1.4,"confidence":"nominal"}},{"type":"Feature","geometry":{"type":"Point","coordinates":[9.90663,53.52319]},"properties":{"age_h":8.3,"recency":0,"frp":1.4,"confidence":"nominal"}},{"type":"Feature","geometry":{"type":"Point","coordinates":[9.90073,53.52402]},"properties":{"age_h":8.3,"recency":0,"frp":3.0,"confidence":"nominal"}},{"type":"Feature","geometry":{"type":"Point","coordinates":[28.49878,54.18708]},"properties":{"age_h":8.3,"recency":0,"frp":0.3,"confidence":"nominal"}},{"type":"Feature","geometry":{"type":"Point","coordinates":[21.80121,55.0946]},"properties":{"age_h":8.3,"recency":0,"frp":0.7,"confidence":"nominal"}},{"type":"Feature","geometry":{"type":"Point","coordinates":[0.85652,58.35661]},"properties":{"age_h":8.3,"recency":0,"frp":5.3,"confidence":"nominal"}},{"type":"Feature","geometry":{"type":"Point","coordinates":[23.4489,43.96095]},"properties":{"age_h":8.3,"recency":0,"frp":2.6,"confidence":"nominal"}},{"type":"Feature","geometry":{"type":"Point","coordinates":[23.45217,43.96647]},"properties":{"age_h":8.3,"recency":0,"frp":2.6,"confidence":"nominal"}},{"type":"Feature","geometry":{"type":"Point","coordinates":[23.44098,43.96995]},"properties":{"age_h":8.3,"recency":0,"frp":3.0,"confidence":"nominal"}},{"type":"Feature","geometry":{"type":"Point","coordinates":[22.98551,44.15481]},"properties":{"age_h":8.3,"recency":0,"frp":4.8,"confidence":"nominal"}},{"type":"Feature","geometry":{"type":"Point","coordinates":[22.98709,44.15514]},"properties":{"age_h":8.3,"recency":0,"frp":2.4,"confidence":"nominal"}},{"type":"Feature","geometry":{"type":"Point","coordinates":[22.98323,44.16185]},"properties":{"age_h":8.3,"recency":0,"frp":2.3,"confidence":"nominal"}},{"type":"Feature","geometry":{"type":"Point","coordinates":[22.9849,44.16218]},"properties":{"age_h":8.3,"recency":0,"frp":2.4,"confidence":"nominal"}},{"type":"Feature","geometry":{"type":"Point","coordinates":[22.42895,44.87856]},"properties":{"age_h":8.3,"recency":0,"frp":3.3,"confidence":"nominal"}},{"type":"Feature","geometry":{"type":"Point","coordinates":[22.42636,44.87933]},"properties":{"age_h":8.3,"recency":0,"frp":3.5,"confidence":"nominal"}},{"type":"Feature","geometry":{"type":"Point","coordinates":[22.42414,44.88605]},"properties":{"age_h":8.3,"recency":0,"frp":0.5,"confidence":"nominal"}},{"type":"Feature","geometry":{"type":"Point","coordinates":[22.43212,44.91433]},"properties":{"age_h":8.3,"recency":0,"frp":0.5,"confidence":"nominal"}},{"type":"Feature","geometry":{"type":"Point","coordinates":[20.00976,44.95694]},"properties":{"age_h":8.3,"recency":0,"frp":2.7,"confidence":"nominal"}},{"type":"Feature","geometry":{"type":"Point","coordinates":[20.81759,45.03532]},"properties":{"age_h":8.3,"recency":0,"frp":0.4,"confidence":"nominal"}},{"type":"Feature","geometry":{"type":"Point","coordinates":[19.54743,45.07612]},"properties":{"age_h":8.3,"recency":0,"frp":2.0,"confidence":"nominal"}},{"type":"Feature","geometry":{"type":"Point","coordinates":[19.57348,45.07963]},"properties":{"age_h":8.3,"recency":0,"frp":3.1,"confidence":"nominal"}},{"type":"Feature","geometry":{"type":"Point","coordinates":[20.88607,45.086]},"properties":{"age_h":8.3,"recency":0,"frp":1.8,"confidence":"nominal"}},{"type":"Feature","geometry":{"type":"Point","coordinates":[20.88882,45.09082]},"properties":{"age_h":8.3,"recency":0,"frp":1.8,"confidence":"nominal"}},{"type":"Feature","geometry":{"type":"Point","coordinates":[20.88473,45.09196]},"properties":{"age_h":8.3,"recency":0,"frp":1.8,"confidence":"nominal"}},{"type":"Feature","geometry":{"type":"Point","coordinates":[19.63519,45.10508]},"properties":{"age_h":8.3,"recency":0,"frp":3.5,"confidence":"nominal"}},{"type":"Feature","geometry":{"type":"Point","coordinates":[11.49413,45.51842]},"properties":{"age_h":8.3,"recency":0,"frp":1.0,"confidence":"nominal"}},{"type":"Feature","geometry":{"type":"Point","coordinates":[11.7974,45.70101]},"properties":{"age_h":8.3,"recency":0,"frp":0.8,"confidence":"nominal"}},{"type":"Feature","geometry":{"type":"Point","coordinates":[11.79209,45.70201]},"properties":{"age_h":8.3,"recency":0,"frp":0.8,"confidence":"nominal"}},{"type":"Feature","geometry":{"type":"Point","coordinates":[25.27727,45.95095]},"properties":{"age_h":8.3,"recency":0,"frp":1.1,"confidence":"nominal"}},{"type":"Feature","geometry":{"type":"Point","coordinates":[13.07448,46.22684]},"properties":{"age_h":8.3,"recency":0,"frp":1.1,"confidence":"nominal"}},{"type":"Feature","geometry":{"type":"Point","coordinates":[12.17892,47.79035]},"properties":{"age_h":8.3,"recency":0,"frp":1.1,"confidence":"nominal"}},{"type":"Feature","geometry":{"type":"Point","coordinates":[28.65049,47.94047]},"properties":{"age_h":8.3,"recency":0,"frp":0.5,"confidence":"nominal"}},{"type":"Feature","geometry":{"type":"Point","coordinates":[6.42999,48.21621]},"properties":{"age_h":8.3,"recency":0,"frp":1.3,"confidence":"nominal"}},{"type":"Feature","geometry":{"type":"Point","coordinates":[14.3338,48.26209]},"properties":{"age_h":8.3,"recency":0,"frp":1.9,"confidence":"nominal"}},{"type":"Feature","geometry":{"type":"Point","coordinates":[17.19232,48.45889]},"properties":{"age_h":8.3,"recency":0,"frp":1.4,"confidence":"nominal"}},{"type":"Feature","geometry":{"type":"Point","coordinates":[21.18189,48.60559]},"properties":{"age_h":8.3,"recency":0,"frp":3.6,"confidence":"nominal"}},{"type":"Feature","geometry":{"type":"Point","coordinates":[21.18757,48.60632]},"properties":{"age_h":8.3,"recency":0,"frp":2.6,"confidence":"nominal"}},{"type":"Feature","geometry":{"type":"Point","coordinates":[21.17483,48.60747]},"properties":{"age_h":8.3,"recency":0,"frp":3.7,"confidence":"nominal"}},{"type":"Feature","geometry":{"type":"Point","coordinates":[21.19165,48.60812]},"properties":{"age_h":8.3,"recency":0,"frp":3.6,"confidence":"nominal"}},{"type":"Feature","geometry":{"type":"Point","coordinates":[21.19019,48.61074]},"properties":{"age_h":8.3,"recency":0,"frp":2.6,"confidence":"nominal"}},{"type":"Feature","geometry":{"type":"Point","coordinates":[21.1943,48.61254]},"properties":{"age_h":8.3,"recency":0,"frp":1.8,"confidence":"nominal"}},{"type":"Feature","geometry":{"type":"Point","coordinates":[21.18988,48.61883]},"properties":{"age_h":8.3,"recency":0,"frp":1.8,"confidence":"nominal"}},{"type":"Feature","geometry":{"type":"Point","coordinates":[21.18281,48.6207]},"properties":{"age_h":8.3,"recency":0,"frp":0.8,"confidence":"nominal"}},{"type":"Feature","geometry":{"type":"Point","coordinates":[21.18845,48.62147]},"properties":{"age_h":8.3,"recency":0,"frp":1.0,"confidence":"nominal"}},{"type":"Feature","geometry":{"type":"Point","coordinates":[6.96507,48.69264]},"properties":{"age_h":8.3,"recency":0,"frp":0.9,"confidence":"nominal"}},{"type":"Feature","geometry":{"type":"Point","coordinates":[10.70144,48.77825]},"properties":{"age_h":8.3,"recency":0,"frp":0.7,"confidence":"nominal"}},{"type":"Feature","geometry":{"type":"Point","coordinates":[23.91653,48.97164]},"properties":{"age_h":8.3,"recency":0,"frp":1.0,"confidence":"nominal"}},{"type":"Feature","geometry":{"type":"Point","coordinates":[2.15661,48.9748]},"properties":{"age_h":8.3,"recency":0,"frp":0.1,"confidence":"nominal"}},{"type":"Feature","geometry":{"type":"Point","coordinates":[6.8524,49.24386]},"properties":{"age_h":8.3,"recency":0,"frp":0.6,"confidence":"nominal"}},{"type":"Feature","geometry":{"type":"Point","coordinates":[6.7385,49.35309]},"properties":{"age_h":8.3,"recency":0,"frp":1.1,"confidence":"nominal"}},{"type":"Feature","geometry":{"type":"Point","coordinates":[6.74531,49.35577]},"properties":{"age_h":8.3,"recency":0,"frp":1.1,"confidence":"nominal"}},{"type":"Feature","geometry":{"type":"Point","coordinates":[6.7521,49.35845]},"properties":{"age_h":8.3,"recency":0,"frp":1.4,"confidence":"nominal"}},{"type":"Feature","geometry":{"type":"Point","coordinates":[18.66439,49.68104]},"properties":{"age_h":8.3,"recency":0,"frp":1.5,"confidence":"nominal"}},{"type":"Feature","geometry":{"type":"Point","coordinates":[11.02252,49.7691]},"properties":{"age_h":8.3,"recency":0,"frp":0.8,"confidence":"nominal"}},{"type":"Feature","geometry":{"type":"Point","coordinates":[15.64029,49.8959]},"properties":{"age_h":8.3,"recency":0,"frp":1.0,"confidence":"nominal"}},{"type":"Feature","geometry":{"type":"Point","coordinates":[9.76737,49.95614]},"properties":{"age_h":8.3,"recency":0,"frp":0.6,"confidence":"nominal"}},{"type":"Feature","geometry":{"type":"Point","coordinates":[3.39771,50.0148]},"properties":{"age_h":8.3,"recency":0,"frp":1.0,"confidence":"nominal"}},{"type":"Feature","geometry":{"type":"Point","coordinates":[18.48531,50.03827]},"properties":{"age_h":8.3,"recency":0,"frp":1.2,"confidence":"nominal"}},{"type":"Feature","geometry":{"type":"Point","coordinates":[18.83316,50.33307]},"properties":{"age_h":8.3,"recency":0,"frp":0.5,"confidence":"nominal"}},{"type":"Feature","geometry":{"type":"Point","coordinates":[19.28504,50.33525]},"properties":{"age_h":8.3,"recency":0,"frp":1.1,"confidence":"nominal"}},{"type":"Feature","geometry":{"type":"Point","coordinates":[19.28732,50.33917]},"properties":{"age_h":8.3,"recency":0,"frp":1.1,"confidence":"nominal"}},{"type":"Feature","geometry":{"type":"Point","coordinates":[19.29187,50.34701]},"properties":{"age_h":8.3,"recency":0,"frp":1.2,"confidence":"nominal"}},{"type":"Feature","geometry":{"type":"Point","coordinates":[18.14479,50.41619]},"properties":{"age_h":8.3,"recency":0,"frp":1.0,"confidence":"nominal"}},{"type":"Feature","geometry":{"type":"Point","coordinates":[19.4558,50.49127]},"properties":{"age_h":8.3,"recency":0,"frp":1.8,"confidence":"nominal"}},{"type":"Feature","geometry":{"type":"Point","coordinates":[19.46895,50.49257]},"properties":{"age_h":8.3,"recency":0,"frp":0.7,"confidence":"nominal"}},{"type":"Feature","geometry":{"type":"Point","coordinates":[11.43209,50.65298]},"properties":{"age_h":8.3,"recency":0,"frp":1.4,"confidence":"nominal"}},{"type":"Feature","geometry":{"type":"Point","coordinates":[5.67197,50.76287]},"properties":{"age_h":8.3,"recency":0,"frp":1.0,"confidence":"nominal"}},{"type":"Feature","geometry":{"type":"Point","coordinates":[19.18488,50.79802]},"properties":{"age_h":8.3,"recency":0,"frp":1.5,"confidence":"nominal"}},{"type":"Feature","geometry":{"type":"Point","coordinates":[20.52896,50.80913]},"properties":{"age_h":8.3,"recency":0,"frp":0.9,"confidence":"nominal"}},{"type":"Feature","geometry":{"type":"Point","coordinates":[21.67354,50.93284]},"properties":{"age_h":8.3,"recency":0,"frp":1.6,"confidence":"nominal"}},{"type":"Feature","geometry":{"type":"Point","coordinates":[3.80313,51.16732]},"properties":{"age_h":8.3,"recency":0,"frp":1.8,"confidence":"nominal"}},{"type":"Feature","geometry":{"type":"Point","coordinates":[3.80222,51.17165]},"properties":{"age_h":8.3,"recency":0,"frp":1.4,"confidence":"nominal"}},{"type":"Feature","geometry":{"type":"Point","coordinates":[16.11778,51.18118]},"properties":{"age_h":8.3,"recency":0,"frp":0.5,"confidence":"nominal"}},{"type":"Feature","geometry":{"type":"Point","coordinates":[11.66173,51.27074]},"properties":{"age_h":8.3,"recency":0,"frp":0.8,"confidence":"nominal"}},{"type":"Feature","geometry":{"type":"Point","coordinates":[6.74351,51.46409]},"properties":{"age_h":8.3,"recency":0,"frp":0.5,"confidence":"nominal"}},{"type":"Feature","geometry":{"type":"Point","coordinates":[6.71012,51.48268]},"properties":{"age_h":8.3,"recency":0,"frp":2.6,"confidence":"nominal"}},{"type":"Feature","geometry":{"type":"Point","coordinates":[6.70381,51.48345]},"properties":{"age_h":8.3,"recency":0,"frp":1.1,"confidence":"nominal"}},{"type":"Feature","geometry":{"type":"Point","coordinates":[6.72379,51.48465]},"properties":{"age_h":8.3,"recency":0,"frp":2.7,"confidence":"nominal"}},{"type":"Feature","geometry":{"type":"Point","coordinates":[6.97567,51.51889]},"properties":{"age_h":8.3,"recency":0,"frp":2.5,"confidence":"nominal"}},{"type":"Feature","geometry":{"type":"Point","coordinates":[6.96947,51.51965]},"properties":{"age_h":8.3,"recency":0,"frp":2.4,"confidence":"nominal"}},{"type":"Feature","geometry":{"type":"Point","coordinates":[15.99525,51.68102]},"properties":{"age_h":8.3,"recency":0,"frp":0.4,"confidence":"nominal"}},{"type":"Feature","geometry":{"type":"Point","coordinates":[15.97822,51.6883]},"properties":{"age_h":8.3,"recency":0,"frp":1.5,"confidence":"nominal"}},{"type":"Feature","geometry":{"type":"Point","coordinates":[14.6169,51.83058]},"properties":{"age_h":8.3,"recency":0,"frp":3.3,"confidence":"nominal"}},{"type":"Feature","geometry":{"type":"Point","coordinates":[17.06478,52.08461]},"properties":{"age_h":8.3,"recency":0,"frp":1.7,"confidence":"nominal"}},{"type":"Feature","geometry":{"type":"Point","coordinates":[10.39903,52.15934]},"properties":{"age_h":8.3,"recency":0,"frp":1.1,"confidence":"nominal"}},{"type":"Feature","geometry":{"type":"Point","coordinates":[10.41144,52.16093]},"properties":{"age_h":8.3,"recency":0,"frp":1.7,"confidence":"nominal"}},{"type":"Feature","geometry":{"type":"Point","coordinates":[13.84089,52.48932]},"properties":{"age_h":8.3,"recency":0,"frp":0.3,"confidence":"nominal"}},{"type":"Feature","geometry":{"type":"Point","coordinates":[-1.75338,53.34014]},"properties":{"age_h":8.3,"recency":0,"frp":1.1,"confidence":"nominal"}},{"type":"Feature","geometry":{"type":"Point","coordinates":[-0.59542,53.5667]},"properties":{"age_h":8.3,"recency":0,"frp":4.7,"confidence":"nominal"}},{"type":"Feature","geometry":{"type":"Point","coordinates":[-0.60428,53.56716]},"properties":{"age_h":8.3,"recency":0,"frp":4.7,"confidence":"nominal"}},{"type":"Feature","geometry":{"type":"Point","coordinates":[11.40499,34.29758]},"properties":{"age_h":8.2,"recency":0,"frp":0.9,"confidence":"nominal"}},{"type":"Feature","geometry":{"type":"Point","coordinates":[-5.91378,35.64774]},"properties":{"age_h":8.2,"recency":0,"frp":0.6,"confidence":"nominal"}},{"type":"Feature","geometry":{"type":"Point","coordinates":[4.4473,35.87819]},"properties":{"age_h":8.2,"recency":0,"frp":0.8,"confidence":"nominal"}},{"type":"Feature","geometry":{"type":"Point","coordinates":[3.24152,36.23717]},"properties":{"age_h":8.2,"recency":0,"frp":0.4,"confidence":"nominal"}},{"type":"Feature","geometry":{"type":"Point","coordinates":[15.16817,37.21327]},"properties":{"age_h":8.2,"recency":0,"frp":1.1,"confidence":"nominal"}},{"type":"Feature","geometry":{"type":"Point","coordinates":[13.65262,37.28286]},"properties":{"age_h":8.2,"recency":0,"frp":0.7,"confidence":"nominal"}},{"type":"Feature","geometry":{"type":"Point","coordinates":[13.6549,37.28287]},"properties":{"age_h":8.2,"recency":0,"frp":0.6,"confidence":"nominal"}},{"type":"Feature","geometry":{"type":"Point","coordinates":[15.033,37.43938]},"properties":{"age_h":8.2,"recency":0,"frp":3.0,"confidence":"nominal"}},{"type":"Feature","geometry":{"type":"Point","coordinates":[15.02692,37.44086]},"properties":{"age_h":8.2,"recency":0,"frp":2.7,"confidence":"nominal"}},{"type":"Feature","geometry":{"type":"Point","coordinates":[15.21571,38.79459]},"properties":{"age_h":8.2,"recency":0,"frp":4.5,"confidence":"nominal"}},{"type":"Feature","geometry":{"type":"Point","coordinates":[17.03359,39.09219]},"properties":{"age_h":8.2,"recency":0,"frp":0.7,"confidence":"nominal"}},{"type":"Feature","geometry":{"type":"Point","coordinates":[17.03555,39.09702]},"properties":{"age_h":8.2,"recency":0,"frp":0.7,"confidence":"nominal"}},{"type":"Feature","geometry":{"type":"Point","coordinates":[8.75862,39.66355]},"properties":{"age_h":8.2,"recency":0,"frp":0.6,"confidence":"nominal"}},{"type":"Feature","geometry":{"type":"Point","coordinates":[8.81767,40.22034]},"properties":{"age_h":8.2,"recency":0,"frp":0.9,"confidence":"nominal"}},{"type":"Feature","geometry":{"type":"Point","coordinates":[8.79882,40.2237]},"properties":{"age_h":8.2,"recency":0,"frp":1.4,"confidence":"nominal"}},{"type":"Feature","geometry":{"type":"Point","coordinates":[-3.47706,40.24684]},"properties":{"age_h":8.2,"recency":0,"frp":3.5,"confidence":"nominal"}},{"type":"Feature","geometry":{"type":"Point","coordinates":[17.20746,40.51455]},"properties":{"age_h":8.2,"recency":0,"frp":1.2,"confidence":"nominal"}},{"type":"Feature","geometry":{"type":"Point","coordinates":[15.22493,41.47101]},"properties":{"age_h":8.2,"recency":0,"frp":1.5,"confidence":"nominal"}},{"type":"Feature","geometry":{"type":"Point","coordinates":[19.7247,41.55028]},"properties":{"age_h":8.2,"recency":0,"frp":0.5,"confidence":"nominal"}},{"type":"Feature","geometry":{"type":"Point","coordinates":[-4.3701,41.87487]},"properties":{"age_h":8.2,"recency":0,"frp":3.6,"confidence":"nominal"}},{"type":"Feature","geometry":{"type":"Point","coordinates":[-4.37418,41.87511]},"properties":{"age_h":8.2,"recency":0,"frp":3.6,"confidence":"nominal"}},{"type":"Feature","geometry":{"type":"Point","coordinates":[12.67714,42.57034]},"properties":{"age_h":8.2,"recency":0,"frp":0.8,"confidence":"nominal"}},{"type":"Feature","geometry":{"type":"Point","coordinates":[10.90076,42.77435]},"properties":{"age_h":8.2,"recency":0,"frp":0.3,"confidence":"nominal"}},{"type":"Feature","geometry":{"type":"Point","coordinates":[-4.24948,43.0429]},"properties":{"age_h":8.2,"recency":0,"frp":1.5,"confidence":"nominal"}},{"type":"Feature","geometry":{"type":"Point","coordinates":[-3.01555,43.30164]},"properties":{"age_h":8.2,"recency":0,"frp":1.3,"confidence":"nominal"}},{"type":"Feature","geometry":{"type":"Point","coordinates":[-3.0119,43.30441]},"properties":{"age_h":8.2,"recency":0,"frp":1.7,"confidence":"nominal"}},{"type":"Feature","geometry":{"type":"Point","coordinates":[12.54735,43.36336]},"properties":{"age_h":8.2,"recency":0,"frp":0.9,"confidence":"nominal"}},{"type":"Feature","geometry":{"type":"Point","coordinates":[7.37203,43.79515]},"properties":{"age_h":8.2,"recency":0,"frp":1.4,"confidence":"nominal"}},{"type":"Feature","geometry":{"type":"Point","coordinates":[6.21733,43.82806]},"properties":{"age_h":8.2,"recency":0,"frp":4.3,"confidence":"nominal"}},{"type":"Feature","geometry":{"type":"Point","coordinates":[8.29109,44.37885]},"properties":{"age_h":8.2,"recency":0,"frp":0.8,"confidence":"nominal"}},{"type":"Feature","geometry":{"type":"Point","coordinates":[9.59972,45.63861]},"properties":{"age_h":8.2,"recency":0,"frp":0.8,"confidence":"nominal"}},{"type":"Feature","geometry":{"type":"Point","coordinates":[9.89122,35.7744]},"properties":{"age_h":8.2,"recency":0,"frp":0.8,"confidence":"nominal"}},{"type":"Feature","geometry":{"type":"Point","coordinates":[8.59418,35.85129]},"properties":{"age_h":8.2,"recency":0,"frp":0.9,"confidence":"nominal"}},{"type":"Feature","geometry":{"type":"Point","coordinates":[6.80612,36.08703]},"properties":{"age_h":8.2,"recency":0,"frp":0.9,"confidence":"nominal"}},{"type":"Feature","geometry":{"type":"Point","coordinates":[5.57074,36.17589]},"properties":{"age_h":8.2,"recency":0,"frp":0.9,"confidence":"nominal"}},{"type":"Feature","geometry":{"type":"Point","coordinates":[5.57154,36.17916]},"properties":{"age_h":8.2,"recency":0,"frp":0.4,"confidence":"nominal"}},{"type":"Feature","geometry":{"type":"Point","coordinates":[10.02444,36.50121]},"properties":{"age_h":8.2,"recency":0,"frp":0.7,"confidence":"nominal"}},{"type":"Feature","geometry":{"type":"Point","coordinates":[10.02841,36.50225]},"properties":{"age_h":8.2,"recency":0,"frp":0.8,"confidence":"nominal"}},{"type":"Feature","geometry":{"type":"Point","coordinates":[6.96219,36.58012]},"properties":{"age_h":8.2,"recency":0,"frp":1.3,"confidence":"nominal"}},{"type":"Feature","geometry":{"type":"Point","coordinates":[10.31551,36.59177]},"properties":{"age_h":8.2,"recency":0,"frp":1.0,"confidence":"nominal"}},{"type":"Feature","geometry":{"type":"Point","coordinates":[2.88003,36.59506]},"properties":{"age_h":8.2,"recency":0,"frp":0.4,"confidence":"nominal"}},{"type":"Feature","geometry":{"type":"Point","coordinates":[10.94883,36.83416]},"properties":{"age_h":8.2,"recency":0,"frp":1.1,"confidence":"nominal"}},{"type":"Feature","geometry":{"type":"Point","coordinates":[9.22248,36.85168]},"properties":{"age_h":8.2,"recency":0,"frp":1.0,"confidence":"nominal"}},{"type":"Feature","geometry":{"type":"Point","coordinates":[6.95541,36.86504]},"properties":{"age_h":8.2,"recency":0,"frp":1.4,"confidence":"nominal"}},{"type":"Feature","geometry":{"type":"Point","coordinates":[6.95979,36.8816]},"properties":{"age_h":8.2,"recency":0,"frp":0.5,"confidence":"nominal"}},{"type":"Feature","geometry":{"type":"Point","coordinates":[-6.48575,38.37947]},"properties":{"age_h":8.2,"recency":0,"frp":0.5,"confidence":"nominal"}},{"type":"Feature","geometry":{"type":"Point","coordinates":[7.20059,64.26846]},"properties":{"age_h":6.7,"recency":0,"frp":2.5,"confidence":"nominal"}},{"type":"Feature","geometry":{"type":"Point","coordinates":[0.862,58.3527]},"properties":{"age_h":6.6,"recency":0,"frp":1.1,"confidence":"nominal"}},{"type":"Feature","geometry":{"type":"Point","coordinates":[0.86164,58.35364]},"properties":{"age_h":6.6,"recency":0,"frp":1.1,"confidence":"nominal"}},{"type":"Feature","geometry":{"type":"Point","coordinates":[1.2656,58.48053]},"properties":{"age_h":6.6,"recency":0,"frp":0.5,"confidence":"nominal"}},{"type":"Feature","geometry":{"type":"Point","coordinates":[1.53109,59.54803]},"properties":{"age_h":6.6,"recency":0,"frp":1.5,"confidence":"nominal"}},{"type":"Feature","geometry":{"type":"Point","coordinates":[0.53505,49.47726]},"properties":{"age_h":6.6,"recency":0,"frp":1.0,"confidence":"nominal"}},{"type":"Feature","geometry":{"type":"Point","coordinates":[3.80267,51.17156]},"properties":{"age_h":6.6,"recency":0,"frp":1.9,"confidence":"nominal"}},{"type":"Feature","geometry":{"type":"Point","coordinates":[3.80728,51.17682]},"properties":{"age_h":6.6,"recency":0,"frp":1.9,"confidence":"nominal"}},{"type":"Feature","geometry":{"type":"Point","coordinates":[-7.37432,52.49128]},"properties":{"age_h":6.6,"recency":0,"frp":1.2,"confidence":"nominal"}},{"type":"Feature","geometry":{"type":"Point","coordinates":[-8.68899,52.64197]},"properties":{"age_h":6.6,"recency":0,"frp":0.8,"confidence":"nominal"}},{"type":"Feature","geometry":{"type":"Point","coordinates":[-0.59223,53.56777]},"properties":{"age_h":6.6,"recency":0,"frp":3.7,"confidence":"nominal"}},{"type":"Feature","geometry":{"type":"Point","coordinates":[-0.61876,53.58042]},"properties":{"age_h":6.6,"recency":0,"frp":1.3,"confidence":"nominal"}},{"type":"Feature","geometry":{"type":"Point","coordinates":[-5.77235,54.72444]},"properties":{"age_h":6.6,"recency":0,"frp":1.0,"confidence":"nominal"}},{"type":"Feature","geometry":{"type":"Point","coordinates":[-4.65495,43.05557]},"properties":{"age_h":6.5,"recency":0,"frp":1.2,"confidence":"nominal"}},{"type":"Feature","geometry":{"type":"Point","coordinates":[-5.84673,43.54709]},"properties":{"age_h":6.5,"recency":0,"frp":0.7,"confidence":"nominal"}},{"type":"Feature","geometry":{"type":"Point","coordinates":[-5.85047,43.5481]},"properties":{"age_h":6.5,"recency":0,"frp":0.7,"confidence":"nominal"}}]}