{"type":"FeatureCollection","features":[{"type":"Feature","geometry":{"type":"Point","coordinates":[34.14464,59.52979]},"properties":{"age_h":162.6,"recency":3,"frp":3.2,"confidence":"nominal","filter_reason":"anomalie_thermique_recurrente","site_name":null,"recurrent_days":11}},{"type":"Feature","geometry":{"type":"Point","coordinates":[22.21878,65.56221]},"properties":{"age_h":162.6,"recency":3,"frp":3.5,"confidence":"nominal","filter_reason":"anomalie_thermique_recurrente","site_name":null,"recurrent_days":10}},{"type":"Feature","geometry":{"type":"Point","coordinates":[22.22414,65.56322]},"properties":{"age_h":162.6,"recency":3,"frp":5.0,"confidence":"nominal","filter_reason":"anomalie_thermique_recurrente","site_name":null,"recurrent_days":12}},{"type":"Feature","geometry":{"type":"Point","coordinates":[22.21974,65.56712]},"properties":{"age_h":162.6,"recency":3,"frp":2.4,"confidence":"nominal","filter_reason":"anomalie_thermique_recurrente","site_name":null,"recurrent_days":8}},{"type":"Feature","geometry":{"type":"Point","coordinates":[24.18045,65.76734]},"properties":{"age_h":162.6,"recency":3,"frp":1.8,"confidence":"nominal","filter_reason":"anomalie_thermique_recurrente","site_name":null,"recurrent_days":8}},{"type":"Feature","geometry":{"type":"Point","coordinates":[24.19341,65.77145]},"properties":{"age_h":162.6,"recency":3,"frp":1.3,"confidence":"nominal","filter_reason":"anomalie_thermique_recurrente","site_name":null,"recurrent_days":10}},{"type":"Feature","geometry":{"type":"Point","coordinates":[29.33707,51.88926]},"properties":{"age_h":162.5,"recency":3,"frp":0.8,"confidence":"nominal","filter_reason":"anomalie_thermique_recurrente","site_name":null,"recurrent_days":13}},{"type":"Feature","geometry":{"type":"Point","coordinates":[29.33827,51.8926]},"properties":{"age_h":162.5,"recency":3,"frp":2.5,"confidence":"nominal","filter_reason":"anomalie_thermique_recurrente","site_name":null,"recurrent_days":13}},{"type":"Feature","geometry":{"type":"Point","coordinates":[39.61101,52.55667]},"properties":{"age_h":162.5,"recency":3,"frp":0.9,"confidence":"nominal","filter_reason":"anomalie_thermique_recurrente","site_name":null,"recurrent_days":8}},{"type":"Feature","geometry":{"type":"Point","coordinates":[19.66665,52.5844]},"properties":{"age_h":162.5,"recency":3,"frp":1.8,"confidence":"nominal","filter_reason":"anomalie_thermique_recurrente","site_name":null,"recurrent_days":8}},{"type":"Feature","geometry":{"type":"Point","coordinates":[29.99077,52.8463]},"properties":{"age_h":162.5,"recency":3,"frp":7.1,"confidence":"nominal","filter_reason":"anomalie_thermique_recurrente","site_name":null,"recurrent_days":16}},{"type":"Feature","geometry":{"type":"Point","coordinates":[18.80309,57.71066]},"properties":{"age_h":162.5,"recency":3,"frp":0.8,"confidence":"nominal","filter_reason":"anomalie_thermique_recurrente","site_name":null,"recurrent_days":11}},{"type":"Feature","geometry":{"type":"Point","coordinates":[18.80365,57.71078]},"properties":{"age_h":162.5,"recency":3,"frp":0.5,"confidence":"nominal","filter_reason":"anomalie_thermique_recurrente","site_name":null,"recurrent_days":11}},{"type":"Feature","geometry":{"type":"Point","coordinates":[25.11131,45.29259]},"properties":{"age_h":162.5,"recency":3,"frp":1.0,"confidence":"nominal","filter_reason":"anomalie_thermique_recurrente","site_name":null,"recurrent_days":8}},{"type":"Feature","geometry":{"type":"Point","coordinates":[22.86461,45.95439]},"properties":{"age_h":162.5,"recency":3,"frp":0.8,"confidence":"nominal","filter_reason":"anomalie_thermique_recurrente","site_name":null,"recurrent_days":12}},{"type":"Feature","geometry":{"type":"Point","coordinates":[22.33135,47.0365]},"properties":{"age_h":162.5,"recency":3,"frp":0.9,"confidence":"nominal","filter_reason":"anomalie_thermique_recurrente","site_name":null,"recurrent_days":12}},{"type":"Feature","geometry":{"type":"Point","coordinates":[14.33432,48.27239]},"properties":{"age_h":162.5,"recency":3,"frp":1.5,"confidence":"nominal","filter_reason":"anomalie_thermique_recurrente","site_name":null,"recurrent_days":11}},{"type":"Feature","geometry":{"type":"Point","coordinates":[14.33459,48.27835]},"properties":{"age_h":162.5,"recency":3,"frp":4.8,"confidence":"nominal","filter_reason":"anomalie_thermique_recurrente","site_name":null,"recurrent_days":15}},{"type":"Feature","geometry":{"type":"Point","coordinates":[14.32814,48.27847]},"properties":{"age_h":162.5,"recency":3,"frp":3.0,"confidence":"nominal","filter_reason":"anomalie_thermique_recurrente","site_name":null,"recurrent_days":11}},{"type":"Feature","geometry":{"type":"Point","coordinates":[17.18916,48.45961]},"properties":{"age_h":162.5,"recency":3,"frp":1.0,"confidence":"nominal","filter_reason":"anomalie_thermique_recurrente","site_name":null,"recurrent_days":20}},{"type":"Feature","geometry":{"type":"Point","coordinates":[21.17856,48.60662]},"properties":{"age_h":162.5,"recency":3,"frp":3.9,"confidence":"nominal","filter_reason":"anomalie_thermique_recurrente","site_name":null,"recurrent_days":18}},{"type":"Feature","geometry":{"type":"Point","coordinates":[21.17806,48.60765]},"properties":{"age_h":162.5,"recency":3,"frp":3.7,"confidence":"nominal","filter_reason":"anomalie_thermique_recurrente","site_name":null,"recurrent_days":18}},{"type":"Feature","geometry":{"type":"Point","coordinates":[21.19757,48.61059]},"properties":{"age_h":162.5,"recency":3,"frp":1.6,"confidence":"nominal","filter_reason":"anomalie_thermique_recurrente","site_name":null,"recurrent_days":9}},{"type":"Feature","geometry":{"type":"Point","coordinates":[24.7105,48.97462]},"properties":{"age_h":162.5,"recency":3,"frp":1.1,"confidence":"nominal","filter_reason":"anomalie_thermique_recurrente","site_name":null,"recurrent_days":12}},{"type":"Feature","geometry":{"type":"Point","coordinates":[19.28675,50.33514]},"properties":{"age_h":162.5,"recency":3,"frp":4.1,"confidence":"nominal","filter_reason":"anomalie_thermique_recurrente","site_name":null,"recurrent_days":8}},{"type":"Feature","geometry":{"type":"Point","coordinates":[19.29127,50.33634]},"properties":{"age_h":162.5,"recency":3,"frp":3.6,"confidence":"nominal","filter_reason":"anomalie_thermique_recurrente","site_name":null,"recurrent_days":15}},{"type":"Feature","geometry":{"type":"Point","coordinates":[19.2875,50.33997]},"properties":{"age_h":162.5,"recency":3,"frp":1.9,"confidence":"nominal","filter_reason":"anomalie_thermique_recurrente","site_name":null,"recurrent_days":10}},{"type":"Feature","geometry":{"type":"Point","coordinates":[19.3379,50.34213]},"properties":{"age_h":162.5,"recency":3,"frp":1.6,"confidence":"nominal","filter_reason":"anomalie_thermique_recurrente","site_name":null,"recurrent_days":12}},{"type":"Feature","geometry":{"type":"Point","coordinates":[18.14308,50.41542]},"properties":{"age_h":162.5,"recency":3,"frp":0.7,"confidence":"nominal","filter_reason":"anomalie_thermique_recurrente","site_name":null,"recurrent_days":10}},{"type":"Feature","geometry":{"type":"Point","coordinates":[15.97706,51.6895]},"properties":{"age_h":162.5,"recency":3,"frp":2.9,"confidence":"nominal","filter_reason":"anomalie_thermique_recurrente","site_name":null,"recurrent_days":8}},{"type":"Feature","geometry":{"type":"Point","coordinates":[40.82479,34.9096]},"properties":{"age_h":162.5,"recency":3,"frp":0.6,"confidence":"nominal","filter_reason":"anomalie_thermique_recurrente","site_name":null,"recurrent_days":15}},{"type":"Feature","geometry":{"type":"Point","coordinates":[40.82527,34.90968]},"properties":{"age_h":162.5,"recency":3,"frp":0.7,"confidence":"nominal","filter_reason":"anomalie_thermique_recurrente","site_name":null,"recurrent_days":15}},{"type":"Feature","geometry":{"type":"Point","coordinates":[40.44391,35.30338]},"properties":{"age_h":162.5,"recency":3,"frp":0.7,"confidence":"nominal","filter_reason":"anomalie_thermique_recurrente","site_name":null,"recurrent_days":11}},{"type":"Feature","geometry":{"type":"Point","coordinates":[37.15747,37.29436]},"properties":{"age_h":162.5,"recency":3,"frp":1.2,"confidence":"nominal","filter_reason":"anomalie_thermique_recurrente","site_name":null,"recurrent_days":11}},{"type":"Feature","geometry":{"type":"Point","coordinates":[37.16138,37.35311]},"properties":{"age_h":162.5,"recency":3,"frp":1.1,"confidence":"nominal","filter_reason":"anomalie_thermique_recurrente","site_name":null,"recurrent_days":13}},{"type":"Feature","geometry":{"type":"Point","coordinates":[38.72624,38.45585]},"properties":{"age_h":162.5,"recency":3,"frp":1.1,"confidence":"nominal","filter_reason":"anomalie_thermique_recurrente","site_name":null,"recurrent_days":9}},{"type":"Feature","geometry":{"type":"Point","coordinates":[26.24285,39.86482]},"properties":{"age_h":162.5,"recency":3,"frp":1.6,"confidence":"nominal","filter_reason":"anomalie_thermique_recurrente","site_name":null,"recurrent_days":13}},{"type":"Feature","geometry":{"type":"Point","coordinates":[17.20782,40.51809]},"properties":{"age_h":162.5,"recency":3,"frp":1.7,"confidence":"nominal","filter_reason":"anomalie_thermique_recurrente","site_name":null,"recurrent_days":8}},{"type":"Feature","geometry":{"type":"Point","coordinates":[19.7216,41.54965]},"properties":{"age_h":162.5,"recency":3,"frp":0.7,"confidence":"nominal","filter_reason":"anomalie_thermique_recurrente","site_name":null,"recurrent_days":10}},{"type":"Feature","geometry":{"type":"Point","coordinates":[26.7031,41.79881]},"properties":{"age_h":162.5,"recency":3,"frp":0.6,"confidence":"nominal","filter_reason":"anomalie_thermique_recurrente","site_name":null,"recurrent_days":8}},{"type":"Feature","geometry":{"type":"Point","coordinates":[24.17112,42.71672]},"properties":{"age_h":162.5,"recency":3,"frp":2.5,"confidence":"nominal","filter_reason":"anomalie_thermique_recurrente","site_name":null,"recurrent_days":9}},{"type":"Feature","geometry":{"type":"Point","coordinates":[16.4366,43.54192]},"properties":{"age_h":162.5,"recency":3,"frp":0.5,"confidence":"nominal","filter_reason":"anomalie_thermique_recurrente","site_name":null,"recurrent_days":11}},{"type":"Feature","geometry":{"type":"Point","coordinates":[37.94282,34.91568]},"properties":{"age_h":162.4,"recency":3,"frp":0.5,"confidence":"nominal","filter_reason":"anomalie_thermique_recurrente","site_name":null,"recurrent_days":8}},{"type":"Feature","geometry":{"type":"Point","coordinates":[28.45728,59.38433]},"properties":{"age_h":160.9,"recency":3,"frp":1.4,"confidence":"nominal","filter_reason":"anomalie_thermique_recurrente","site_name":null,"recurrent_days":10}},{"type":"Feature","geometry":{"type":"Point","coordinates":[22.22452,65.56168]},"properties":{"age_h":160.9,"recency":3,"frp":1.6,"confidence":"nominal","filter_reason":"anomalie_thermique_recurrente","site_name":null,"recurrent_days":12}},{"type":"Feature","geometry":{"type":"Point","coordinates":[22.21611,65.56348]},"properties":{"age_h":160.9,"recency":3,"frp":6.5,"confidence":"nominal","filter_reason":"anomalie_thermique_recurrente","site_name":null,"recurrent_days":10}},{"type":"Feature","geometry":{"type":"Point","coordinates":[24.18992,65.76789]},"properties":{"age_h":160.9,"recency":3,"frp":1.4,"confidence":"nominal","filter_reason":"anomalie_thermique_recurrente","site_name":null,"recurrent_days":13}},{"type":"Feature","geometry":{"type":"Point","coordinates":[24.19421,65.77106]},"properties":{"age_h":160.9,"recency":3,"frp":1.4,"confidence":"nominal","filter_reason":"anomalie_thermique_recurrente","site_name":null,"recurrent_days":10}},{"type":"Feature","geometry":{"type":"Point","coordinates":[29.33552,51.8906]},"properties":{"age_h":160.9,"recency":3,"frp":1.5,"confidence":"nominal","filter_reason":"anomalie_thermique_recurrente","site_name":null,"recurrent_days":9}},{"type":"Feature","geometry":{"type":"Point","coordinates":[29.33677,51.89314]},"properties":{"age_h":160.9,"recency":3,"frp":3.0,"confidence":"nominal","filter_reason":"anomalie_thermique_recurrente","site_name":null,"recurrent_days":13}},{"type":"Feature","geometry":{"type":"Point","coordinates":[14.32552,48.2751]},"properties":{"age_h":160.8,"recency":3,"frp":1.6,"confidence":"nominal","filter_reason":"anomalie_thermique_recurrente","site_name":null,"recurrent_days":13}},{"type":"Feature","geometry":{"type":"Point","coordinates":[14.33961,48.27626]},"properties":{"age_h":160.8,"recency":3,"frp":3.4,"confidence":"nominal","filter_reason":"anomalie_thermique_recurrente","site_name":null,"recurrent_days":20}},{"type":"Feature","geometry":{"type":"Point","coordinates":[14.3337,48.27774]},"properties":{"age_h":160.8,"recency":3,"frp":5.4,"confidence":"nominal","filter_reason":"anomalie_thermique_recurrente","site_name":null,"recurrent_days":15}},{"type":"Feature","geometry":{"type":"Point","coordinates":[17.19375,48.45712]},"properties":{"age_h":160.8,"recency":3,"frp":1.0,"confidence":"nominal","filter_reason":"anomalie_thermique_recurrente","site_name":null,"recurrent_days":9}},{"type":"Feature","geometry":{"type":"Point","coordinates":[21.17895,48.60887]},"properties":{"age_h":160.8,"recency":3,"frp":2.1,"confidence":"nominal","filter_reason":"anomalie_thermique_recurrente","site_name":null,"recurrent_days":13}},{"type":"Feature","geometry":{"type":"Point","coordinates":[21.18102,48.61055]},"properties":{"age_h":160.8,"recency":3,"frp":1.1,"confidence":"nominal","filter_reason":"anomalie_thermique_recurrente","site_name":null,"recurrent_days":10}},{"type":"Feature","geometry":{"type":"Point","coordinates":[21.18642,48.61932]},"properties":{"age_h":160.8,"recency":3,"frp":2.1,"confidence":"nominal","filter_reason":"anomalie_thermique_recurrente","site_name":null,"recurrent_days":8}},{"type":"Feature","geometry":{"type":"Point","coordinates":[18.66254,49.67831]},"properties":{"age_h":160.8,"recency":3,"frp":3.1,"confidence":"nominal","filter_reason":"anomalie_thermique_recurrente","site_name":null,"recurrent_days":9}},{"type":"Feature","geometry":{"type":"Point","coordinates":[19.29111,50.33694]},"properties":{"age_h":160.8,"recency":3,"frp":1.0,"confidence":"nominal","filter_reason":"anomalie_thermique_recurrente","site_name":null,"recurrent_days":15}},{"type":"Feature","geometry":{"type":"Point","coordinates":[19.28691,50.33816]},"properties":{"age_h":160.8,"recency":3,"frp":1.6,"confidence":"nominal","filter_reason":"anomalie_thermique_recurrente","site_name":null,"recurrent_days":10}},{"type":"Feature","geometry":{"type":"Point","coordinates":[19.33383,50.34132]},"properties":{"age_h":160.8,"recency":3,"frp":1.0,"confidence":"nominal","filter_reason":"anomalie_thermique_recurrente","site_name":null,"recurrent_days":13}},{"type":"Feature","geometry":{"type":"Point","coordinates":[21.67207,50.92935]},"properties":{"age_h":160.8,"recency":3,"frp":1.0,"confidence":"nominal","filter_reason":"anomalie_thermique_recurrente","site_name":null,"recurrent_days":11}},{"type":"Feature","geometry":{"type":"Point","coordinates":[18.93795,51.10703]},"properties":{"age_h":160.8,"recency":3,"frp":1.0,"confidence":"nominal","filter_reason":"anomalie_thermique_recurrente","site_name":null,"recurrent_days":8}},{"type":"Feature","geometry":{"type":"Point","coordinates":[3.80957,51.17313]},"properties":{"age_h":160.8,"recency":3,"frp":0.3,"confidence":"nominal","filter_reason":"anomalie_thermique_recurrente","site_name":null,"recurrent_days":19}},{"type":"Feature","geometry":{"type":"Point","coordinates":[6.70657,51.36474]},"properties":{"age_h":160.8,"recency":3,"frp":1.1,"confidence":"nominal","filter_reason":"anomalie_thermique_recurrente","site_name":null,"recurrent_days":16}},{"type":"Feature","geometry":{"type":"Point","coordinates":[6.70792,51.36798]},"properties":{"age_h":160.8,"recency":3,"frp":1.1,"confidence":"nominal","filter_reason":"anomalie_thermique_recurrente","site_name":null,"recurrent_days":16}},{"type":"Feature","geometry":{"type":"Point","coordinates":[6.72147,51.48299]},"properties":{"age_h":160.8,"recency":3,"frp":2.1,"confidence":"nominal","filter_reason":"anomalie_thermique_recurrente","site_name":null,"recurrent_days":12}},{"type":"Feature","geometry":{"type":"Point","coordinates":[6.71062,51.48476]},"properties":{"age_h":160.8,"recency":3,"frp":1.9,"confidence":"nominal","filter_reason":"anomalie_thermique_recurrente","site_name":null,"recurrent_days":16}},{"type":"Feature","geometry":{"type":"Point","coordinates":[6.7052,51.48565]},"properties":{"age_h":160.8,"recency":3,"frp":2.2,"confidence":"nominal","filter_reason":"anomalie_thermique_recurrente","site_name":null,"recurrent_days":12}},{"type":"Feature","geometry":{"type":"Point","coordinates":[15.98144,51.68552]},"properties":{"age_h":160.8,"recency":3,"frp":3.8,"confidence":"nominal","filter_reason":"anomalie_thermique_recurrente","site_name":null,"recurrent_days":10}},{"type":"Feature","geometry":{"type":"Point","coordinates":[15.97813,51.69095]},"properties":{"age_h":160.8,"recency":3,"frp":2.5,"confidence":"nominal","filter_reason":"anomalie_thermique_recurrente","site_name":null,"recurrent_days":8}},{"type":"Feature","geometry":{"type":"Point","coordinates":[10.39953,52.1526]},"properties":{"age_h":160.8,"recency":3,"frp":3.8,"confidence":"nominal","filter_reason":"anomalie_thermique_recurrente","site_name":null,"recurrent_days":8}},{"type":"Feature","geometry":{"type":"Point","coordinates":[10.40725,52.15479]},"properties":{"age_h":160.8,"recency":3,"frp":3.8,"confidence":"nominal","filter_reason":"anomalie_thermique_recurrente","site_name":null,"recurrent_days":15}},{"type":"Feature","geometry":{"type":"Point","coordinates":[10.40125,52.15594]},"properties":{"age_h":160.8,"recency":3,"frp":3.8,"confidence":"nominal","filter_reason":"anomalie_thermique_recurrente","site_name":null,"recurrent_days":17}},{"type":"Feature","geometry":{"type":"Point","coordinates":[10.40897,52.15812]},"properties":{"age_h":160.8,"recency":3,"frp":1.3,"confidence":"nominal","filter_reason":"anomalie_thermique_recurrente","site_name":null,"recurrent_days":14}},{"type":"Feature","geometry":{"type":"Point","coordinates":[10.41669,52.16031]},"properties":{"age_h":160.8,"recency":3,"frp":2.7,"confidence":"nominal","filter_reason":"anomalie_thermique_recurrente","site_name":null,"recurrent_days":9}},{"type":"Feature","geometry":{"type":"Point","coordinates":[10.41841,52.16366]},"properties":{"age_h":160.8,"recency":3,"frp":2.1,"confidence":"nominal","filter_reason":"anomalie_thermique_recurrente","site_name":null,"recurrent_days":9}},{"type":"Feature","geometry":{"type":"Point","coordinates":[8.0448,52.20871]},"properties":{"age_h":160.8,"recency":3,"frp":2.9,"confidence":"nominal","filter_reason":"anomalie_thermique_recurrente","site_name":null,"recurrent_days":11}},{"type":"Feature","geometry":{"type":"Point","coordinates":[4.59204,52.48494]},"properties":{"age_h":160.8,"recency":3,"frp":1.9,"confidence":"nominal","filter_reason":"anomalie_thermique_recurrente","site_name":null,"recurrent_days":9}},{"type":"Feature","geometry":{"type":"Point","coordinates":[4.58625,52.48574]},"properties":{"age_h":160.8,"recency":3,"frp":0.6,"confidence":"nominal","filter_reason":"anomalie_thermique_recurrente","site_name":null,"recurrent_days":11}},{"type":"Feature","geometry":{"type":"Point","coordinates":[4.6131,52.49245]},"properties":{"age_h":160.8,"recency":3,"frp":3.9,"confidence":"nominal","filter_reason":"anomalie_thermique_recurrente","site_name":null,"recurrent_days":14}},{"type":"Feature","geometry":{"type":"Point","coordinates":[8.68028,53.13352]},"properties":{"age_h":160.8,"recency":3,"frp":2.5,"confidence":"nominal","filter_reason":"anomalie_thermique_recurrente","site_name":null,"recurrent_days":13}},{"type":"Feature","geometry":{"type":"Point","coordinates":[-0.60181,53.56574]},"properties":{"age_h":160.8,"recency":3,"frp":3.2,"confidence":"nominal","filter_reason":"anomalie_thermique_recurrente","site_name":null,"recurrent_days":10}},{"type":"Feature","geometry":{"type":"Point","coordinates":[-0.59224,53.5689]},"properties":{"age_h":160.8,"recency":3,"frp":4.8,"confidence":"nominal","filter_reason":"anomalie_thermique_recurrente","site_name":null,"recurrent_days":9}},{"type":"Feature","geometry":{"type":"Point","coordinates":[19.72159,41.5495]},"properties":{"age_h":160.8,"recency":3,"frp":0.6,"confidence":"nominal","filter_reason":"anomalie_thermique_recurrente","site_name":null,"recurrent_days":10}},{"type":"Feature","geometry":{"type":"Point","coordinates":[4.8869,43.42793]},"properties":{"age_h":160.8,"recency":3,"frp":1.1,"confidence":"nominal","filter_reason":"site_industriel_connu","site_name":"ArcelorMittal Fos-sur-Mer","recurrent_days":1}},{"type":"Feature","geometry":{"type":"Point","coordinates":[4.89395,43.43369]},"properties":{"age_h":160.8,"recency":3,"frp":1.6,"confidence":"nominal","filter_reason":"site_industriel_connu","site_name":"ArcelorMittal Fos-sur-Mer","recurrent_days":8}},{"type":"Feature","geometry":{"type":"Point","coordinates":[4.89504,43.437]},"properties":{"age_h":160.8,"recency":3,"frp":0.9,"confidence":"nominal","filter_reason":"site_industriel_connu","site_name":"ArcelorMittal Fos-sur-Mer","recurrent_days":10}},{"type":"Feature","geometry":{"type":"Point","coordinates":[4.88535,43.43872]},"properties":{"age_h":160.8,"recency":3,"frp":1.1,"confidence":"nominal","filter_reason":"site_industriel_connu","site_name":"ArcelorMittal Fos-sur-Mer","recurrent_days":9}},{"type":"Feature","geometry":{"type":"Point","coordinates":[4.89129,43.44117]},"properties":{"age_h":160.8,"recency":3,"frp":0.9,"confidence":"nominal","filter_reason":"site_industriel_connu","site_name":"ArcelorMittal Fos-sur-Mer","recurrent_days":6}},{"type":"Feature","geometry":{"type":"Point","coordinates":[4.89834,43.44693]},"properties":{"age_h":160.8,"recency":3,"frp":3.1,"confidence":"nominal","filter_reason":"anomalie_thermique_recurrente","site_name":null,"recurrent_days":19}},{"type":"Feature","geometry":{"type":"Point","coordinates":[4.89349,43.44778]},"properties":{"age_h":160.8,"recency":3,"frp":3.1,"confidence":"nominal","filter_reason":"anomalie_thermique_recurrente","site_name":null,"recurrent_days":18}},{"type":"Feature","geometry":{"type":"Point","coordinates":[9.94072,45.14665]},"properties":{"age_h":160.8,"recency":3,"frp":4.1,"confidence":"nominal","filter_reason":"anomalie_thermique_recurrente","site_name":null,"recurrent_days":20}},{"type":"Feature","geometry":{"type":"Point","coordinates":[11.95117,45.38218]},"properties":{"age_h":160.8,"recency":3,"frp":1.6,"confidence":"nominal","filter_reason":"anomalie_thermique_recurrente","site_name":null,"recurrent_days":9}},{"type":"Feature","geometry":{"type":"Point","coordinates":[10.45565,45.46098]},"properties":{"age_h":160.8,"recency":3,"frp":5.3,"confidence":"nominal","filter_reason":"anomalie_thermique_recurrente","site_name":null,"recurrent_days":16}},{"type":"Feature","geometry":{"type":"Point","coordinates":[10.24645,45.51145]},"properties":{"age_h":160.8,"recency":3,"frp":1.3,"confidence":"nominal","filter_reason":"anomalie_thermique_recurrente","site_name":null,"recurrent_days":16}},{"type":"Feature","geometry":{"type":"Point","coordinates":[11.49907,45.5182]},"properties":{"age_h":160.8,"recency":3,"frp":1.3,"confidence":"nominal","filter_reason":"anomalie_thermique_recurrente","site_name":null,"recurrent_days":11}},{"type":"Feature","geometry":{"type":"Point","coordinates":[13.62437,46.06933]},"properties":{"age_h":160.8,"recency":3,"frp":1.1,"confidence":"nominal","filter_reason":"anomalie_thermique_recurrente","site_name":null,"recurrent_days":16}},{"type":"Feature","geometry":{"type":"Point","coordinates":[8.26816,47.06975]},"properties":{"age_h":160.8,"recency":3,"frp":2.2,"confidence":"nominal","filter_reason":"anomalie_thermique_recurrente","site_name":null,"recurrent_days":8}},{"type":"Feature","geometry":{"type":"Point","coordinates":[7.56231,47.17212]},"properties":{"age_h":160.8,"recency":3,"frp":1.6,"confidence":"nominal","filter_reason":"anomalie_thermique_recurrente","site_name":null,"recurrent_days":9}},{"type":"Feature","geometry":{"type":"Point","coordinates":[7.56369,47.17548]},"properties":{"age_h":160.8,"recency":3,"frp":1.6,"confidence":"nominal","filter_reason":"anomalie_thermique_recurrente","site_name":null,"recurrent_days":9}},{"type":"Feature","geometry":{"type":"Point","coordinates":[5.64689,35.09663]},"properties":{"age_h":160.7,"recency":3,"frp":1.5,"confidence":"nominal","filter_reason":"anomalie_thermique_recurrente","site_name":null,"recurrent_days":8}},{"type":"Feature","geometry":{"type":"Point","coordinates":[4.4775,35.70809]},"properties":{"age_h":160.7,"recency":3,"frp":1.3,"confidence":"nominal","filter_reason":"anomalie_thermique_recurrente","site_name":null,"recurrent_days":11}},{"type":"Feature","geometry":{"type":"Point","coordinates":[4.44773,35.88067]},"properties":{"age_h":160.7,"recency":3,"frp":0.8,"confidence":"nominal","filter_reason":"anomalie_thermique_recurrente","site_name":null,"recurrent_days":10}},{"type":"Feature","geometry":{"type":"Point","coordinates":[1.24129,36.12581]},"properties":{"age_h":160.7,"recency":3,"frp":0.8,"confidence":"nominal","filter_reason":"anomalie_thermique_recurrente","site_name":null,"recurrent_days":8}},{"type":"Feature","geometry":{"type":"Point","coordinates":[2.92986,36.14026]},"properties":{"age_h":160.7,"recency":3,"frp":0.7,"confidence":"nominal","filter_reason":"anomalie_thermique_recurrente","site_name":null,"recurrent_days":12}},{"type":"Feature","geometry":{"type":"Point","coordinates":[6.62183,36.42989]},"properties":{"age_h":160.7,"recency":3,"frp":1.2,"confidence":"nominal","filter_reason":"anomalie_thermique_recurrente","site_name":null,"recurrent_days":9}},{"type":"Feature","geometry":{"type":"Point","coordinates":[6.24938,36.74461]},"properties":{"age_h":160.7,"recency":3,"frp":2.2,"confidence":"nominal","filter_reason":"anomalie_thermique_recurrente","site_name":null,"recurrent_days":11}},{"type":"Feature","geometry":{"type":"Point","coordinates":[6.25656,36.74718]},"properties":{"age_h":160.7,"recency":3,"frp":3.7,"confidence":"nominal","filter_reason":"anomalie_thermique_recurrente","site_name":null,"recurrent_days":19}},{"type":"Feature","geometry":{"type":"Point","coordinates":[3.0817,36.75045]},"properties":{"age_h":160.7,"recency":3,"frp":2.0,"confidence":"nominal","filter_reason":"anomalie_thermique_recurrente","site_name":null,"recurrent_days":15}},{"type":"Feature","geometry":{"type":"Point","coordinates":[7.3055,36.76158]},"properties":{"age_h":160.7,"recency":3,"frp":0.8,"confidence":"nominal","filter_reason":"anomalie_thermique_recurrente","site_name":null,"recurrent_days":12}},{"type":"Feature","geometry":{"type":"Point","coordinates":[6.9832,36.86955]},"properties":{"age_h":160.7,"recency":3,"frp":2.6,"confidence":"nominal","filter_reason":"anomalie_thermique_recurrente","site_name":null,"recurrent_days":18}},{"type":"Feature","geometry":{"type":"Point","coordinates":[6.94531,36.87765]},"properties":{"age_h":160.7,"recency":3,"frp":1.2,"confidence":"nominal","filter_reason":"anomalie_thermique_recurrente","site_name":null,"recurrent_days":13}},{"type":"Feature","geometry":{"type":"Point","coordinates":[6.94106,36.87856]},"properties":{"age_h":160.7,"recency":3,"frp":1.2,"confidence":"nominal","filter_reason":"anomalie_thermique_recurrente","site_name":null,"recurrent_days":11}},{"type":"Feature","geometry":{"type":"Point","coordinates":[15.2118,38.79458]},"properties":{"age_h":160.7,"recency":3,"frp":6.6,"confidence":"nominal","filter_reason":"anomalie_thermique_recurrente","site_name":null,"recurrent_days":16}},{"type":"Feature","geometry":{"type":"Point","coordinates":[15.21027,38.79509]},"properties":{"age_h":160.7,"recency":3,"frp":4.7,"confidence":"nominal","filter_reason":"anomalie_thermique_recurrente","site_name":null,"recurrent_days":16}},{"type":"Feature","geometry":{"type":"Point","coordinates":[1.97786,41.45481]},"properties":{"age_h":160.7,"recency":3,"frp":0.4,"confidence":"nominal","filter_reason":"anomalie_thermique_recurrente","site_name":null,"recurrent_days":10}},{"type":"Feature","geometry":{"type":"Point","coordinates":[2.0588,34.43737]},"properties":{"age_h":160.7,"recency":3,"frp":1.1,"confidence":"nominal","filter_reason":"anomalie_thermique_recurrente","site_name":null,"recurrent_days":15}},{"type":"Feature","geometry":{"type":"Point","coordinates":[5.71205,34.98128]},"properties":{"age_h":160.7,"recency":3,"frp":1.4,"confidence":"nominal","filter_reason":"anomalie_thermique_recurrente","site_name":null,"recurrent_days":17}},{"type":"Feature","geometry":{"type":"Point","coordinates":[5.71315,34.98156]},"properties":{"age_h":160.7,"recency":3,"frp":1.8,"confidence":"nominal","filter_reason":"anomalie_thermique_recurrente","site_name":null,"recurrent_days":17}},{"type":"Feature","geometry":{"type":"Point","coordinates":[-0.25596,35.80784]},"properties":{"age_h":160.7,"recency":3,"frp":0.5,"confidence":"nominal","filter_reason":"anomalie_thermique_recurrente","site_name":null,"recurrent_days":21}},{"type":"Feature","geometry":{"type":"Point","coordinates":[-0.25521,35.81113]},"properties":{"age_h":160.7,"recency":3,"frp":0.5,"confidence":"nominal","filter_reason":"anomalie_thermique_recurrente","site_name":null,"recurrent_days":19}},{"type":"Feature","geometry":{"type":"Point","coordinates":[-0.6022,53.56638]},"properties":{"age_h":159.1,"recency":3,"frp":2.8,"confidence":"nominal","filter_reason":"anomalie_thermique_recurrente","site_name":null,"recurrent_days":10}},{"type":"Feature","geometry":{"type":"Point","coordinates":[-0.60759,53.56816]},"properties":{"age_h":159.1,"recency":3,"frp":1.7,"confidence":"nominal","filter_reason":"anomalie_thermique_recurrente","site_name":null,"recurrent_days":8}},{"type":"Feature","geometry":{"type":"Point","coordinates":[-0.59235,53.56951]},"properties":{"age_h":159.1,"recency":3,"frp":1.4,"confidence":"nominal","filter_reason":"anomalie_thermique_recurrente","site_name":null,"recurrent_days":9}},{"type":"Feature","geometry":{"type":"Point","coordinates":[-0.24522,53.63265]},"properties":{"age_h":159.1,"recency":3,"frp":1.1,"confidence":"nominal","filter_reason":"anomalie_thermique_recurrente","site_name":null,"recurrent_days":14}},{"type":"Feature","geometry":{"type":"Point","coordinates":[-0.24462,53.63383]},"properties":{"age_h":159.1,"recency":3,"frp":1.9,"confidence":"nominal","filter_reason":"anomalie_thermique_recurrente","site_name":null,"recurrent_days":14}},{"type":"Feature","geometry":{"type":"Point","coordinates":[-0.25074,53.63452]},"properties":{"age_h":159.1,"recency":3,"frp":1.1,"confidence":"nominal","filter_reason":"anomalie_thermique_recurrente","site_name":null,"recurrent_days":11}},{"type":"Feature","geometry":{"type":"Point","coordinates":[-0.25019,53.63568]},"properties":{"age_h":159.1,"recency":3,"frp":1.4,"confidence":"nominal","filter_reason":"anomalie_thermique_recurrente","site_name":null,"recurrent_days":11}},{"type":"Feature","geometry":{"type":"Point","coordinates":[37.9296,51.13731]},"properties":{"age_h":152.7,"recency":3,"frp":3.1,"confidence":"nominal","filter_reason":"anomalie_thermique_recurrente","site_name":null,"recurrent_days":12}},{"type":"Feature","geometry":{"type":"Point","coordinates":[29.34374,51.89268]},"properties":{"age_h":152.7,"recency":3,"frp":7.6,"confidence":"nominal","filter_reason":"anomalie_thermique_recurrente","site_name":null,"recurrent_days":15}},{"type":"Feature","geometry":{"type":"Point","coordinates":[37.71761,54.16826]},"properties":{"age_h":152.7,"recency":3,"frp":2.7,"confidence":"nominal","filter_reason":"anomalie_thermique_recurrente","site_name":null,"recurrent_days":8}},{"type":"Feature","geometry":{"type":"Point","coordinates":[6.98361,36.86753]},"properties":{"age_h":151.1,"recency":3,"frp":9.2,"confidence":"nominal","filter_reason":"anomalie_thermique_recurrente","site_name":null,"recurrent_days":11}},{"type":"Feature","geometry":{"type":"Point","coordinates":[20.97664,44.59642]},"properties":{"age_h":151.0,"recency":3,"frp":2.9,"confidence":"nominal","filter_reason":"anomalie_thermique_recurrente","site_name":null,"recurrent_days":10}},{"type":"Feature","geometry":{"type":"Point","coordinates":[9.94128,45.14598]},"properties":{"age_h":151.0,"recency":3,"frp":3.2,"confidence":"nominal","filter_reason":"anomalie_thermique_recurrente","site_name":null,"recurrent_days":20}},{"type":"Feature","geometry":{"type":"Point","coordinates":[14.33817,48.27371]},"properties":{"age_h":151.0,"recency":3,"frp":7.8,"confidence":"nominal","filter_reason":"anomalie_thermique_recurrente","site_name":null,"recurrent_days":21}},{"type":"Feature","geometry":{"type":"Point","coordinates":[14.33668,48.27714]},"properties":{"age_h":151.0,"recency":3,"frp":7.1,"confidence":"nominal","filter_reason":"anomalie_thermique_recurrente","site_name":null,"recurrent_days":20}},{"type":"Feature","geometry":{"type":"Point","coordinates":[21.1793,48.60714]},"properties":{"age_h":151.0,"recency":3,"frp":4.8,"confidence":"nominal","filter_reason":"anomalie_thermique_recurrente","site_name":null,"recurrent_days":18}},{"type":"Feature","geometry":{"type":"Point","coordinates":[19.28837,50.3366]},"properties":{"age_h":151.0,"recency":3,"frp":6.7,"confidence":"nominal","filter_reason":"anomalie_thermique_recurrente","site_name":null,"recurrent_days":15}},{"type":"Feature","geometry":{"type":"Point","coordinates":[10.40134,52.14932]},"properties":{"age_h":151.0,"recency":3,"frp":8.6,"confidence":"nominal","filter_reason":"anomalie_thermique_recurrente","site_name":null,"recurrent_days":13}},{"type":"Feature","geometry":{"type":"Point","coordinates":[10.40626,52.15438]},"properties":{"age_h":151.0,"recency":3,"frp":8.6,"confidence":"nominal","filter_reason":"anomalie_thermique_recurrente","site_name":null,"recurrent_days":15}},{"type":"Feature","geometry":{"type":"Point","coordinates":[-0.25463,35.80734]},"properties":{"age_h":149.4,"recency":3,"frp":18.6,"confidence":"nominal","filter_reason":"anomalie_thermique_recurrente","site_name":null,"recurrent_days":21}},{"type":"Feature","geometry":{"type":"Point","coordinates":[-5.83116,43.53938]},"properties":{"age_h":149.3,"recency":3,"frp":2.5,"confidence":"nominal","filter_reason":"anomalie_thermique_recurrente","site_name":null,"recurrent_days":9}},{"type":"Feature","geometry":{"type":"Point","coordinates":[-0.59471,53.56855]},"properties":{"age_h":149.3,"recency":3,"frp":7.7,"confidence":"nominal","filter_reason":"anomalie_thermique_recurrente","site_name":null,"recurrent_days":9}},{"type":"Feature","geometry":{"type":"Point","coordinates":[40.80806,36.13287]},"properties":{"age_h":140.4,"recency":3,"frp":0.8,"confidence":"nominal","filter_reason":"anomalie_thermique_recurrente","site_name":null,"recurrent_days":12}},{"type":"Feature","geometry":{"type":"Point","coordinates":[38.83719,55.06334]},"properties":{"age_h":138.8,"recency":3,"frp":0.5,"confidence":"nominal","filter_reason":"anomalie_thermique_recurrente","site_name":null,"recurrent_days":11}},{"type":"Feature","geometry":{"type":"Point","coordinates":[37.76036,55.55373]},"properties":{"age_h":138.8,"recency":3,"frp":1.1,"confidence":"nominal","filter_reason":"anomalie_thermique_recurrente","site_name":null,"recurrent_days":8}},{"type":"Feature","geometry":{"type":"Point","coordinates":[37.7844,59.13524]},"properties":{"age_h":138.8,"recency":3,"frp":1.0,"confidence":"nominal","filter_reason":"anomalie_thermique_recurrente","site_name":null,"recurrent_days":10}},{"type":"Feature","geometry":{"type":"Point","coordinates":[37.86513,59.1489]},"properties":{"age_h":138.8,"recency":3,"frp":6.8,"confidence":"nominal","filter_reason":"anomalie_thermique_recurrente","site_name":null,"recurrent_days":10}},{"type":"Feature","geometry":{"type":"Point","coordinates":[37.83596,59.14938]},"properties":{"age_h":138.8,"recency":3,"frp":1.4,"confidence":"nominal","filter_reason":"anomalie_thermique_recurrente","site_name":null,"recurrent_days":8}},{"type":"Feature","geometry":{"type":"Point","coordinates":[34.14598,59.5288]},"properties":{"age_h":138.8,"recency":3,"frp":3.5,"confidence":"nominal","filter_reason":"anomalie_thermique_recurrente","site_name":null,"recurrent_days":11}},{"type":"Feature","geometry":{"type":"Point","coordinates":[34.14035,59.53076]},"properties":{"age_h":138.8,"recency":3,"frp":2.3,"confidence":"nominal","filter_reason":"anomalie_thermique_recurrente","site_name":null,"recurrent_days":8}},{"type":"Feature","geometry":{"type":"Point","coordinates":[33.43705,47.87341]},"properties":{"age_h":138.8,"recency":3,"frp":1.0,"confidence":"nominal","filter_reason":"anomalie_thermique_recurrente","site_name":null,"recurrent_days":13}},{"type":"Feature","geometry":{"type":"Point","coordinates":[37.95382,48.05769]},"properties":{"age_h":138.8,"recency":3,"frp":1.0,"confidence":"nominal","filter_reason":"anomalie_thermique_recurrente","site_name":null,"recurrent_days":8}},{"type":"Feature","geometry":{"type":"Point","coordinates":[38.75503,48.46177]},"properties":{"age_h":138.8,"recency":3,"frp":0.9,"confidence":"nominal","filter_reason":"anomalie_thermique_recurrente","site_name":null,"recurrent_days":11}},{"type":"Feature","geometry":{"type":"Point","coordinates":[38.75652,48.46515]},"properties":{"age_h":138.8,"recency":3,"frp":0.7,"confidence":"nominal","filter_reason":"anomalie_thermique_recurrente","site_name":null,"recurrent_days":14}},{"type":"Feature","geometry":{"type":"Point","coordinates":[34.62783,48.47433]},"properties":{"age_h":138.8,"recency":3,"frp":0.9,"confidence":"nominal","filter_reason":"anomalie_thermique_recurrente","site_name":null,"recurrent_days":8}},{"type":"Feature","geometry":{"type":"Point","coordinates":[26.60209,48.74818]},"properties":{"age_h":138.8,"recency":3,"frp":1.5,"confidence":"nominal","filter_reason":"anomalie_thermique_recurrente","site_name":null,"recurrent_days":9}},{"type":"Feature","geometry":{"type":"Point","coordinates":[24.70875,48.9751]},"properties":{"age_h":138.8,"recency":3,"frp":1.8,"confidence":"nominal","filter_reason":"anomalie_thermique_recurrente","site_name":null,"recurrent_days":12}},{"type":"Feature","geometry":{"type":"Point","coordinates":[19.33207,50.34365]},"properties":{"age_h":138.8,"recency":3,"frp":0.9,"confidence":"nominal","filter_reason":"anomalie_thermique_recurrente","site_name":null,"recurrent_days":13}},{"type":"Feature","geometry":{"type":"Point","coordinates":[21.67408,50.93068]},"properties":{"age_h":138.8,"recency":3,"frp":0.7,"confidence":"nominal","filter_reason":"anomalie_thermique_recurrente","site_name":null,"recurrent_days":11}},{"type":"Feature","geometry":{"type":"Point","coordinates":[37.76096,51.25755]},"properties":{"age_h":138.8,"recency":3,"frp":1.3,"confidence":"nominal","filter_reason":"anomalie_thermique_recurrente","site_name":null,"recurrent_days":11}},{"type":"Feature","geometry":{"type":"Point","coordinates":[37.76239,51.2608]},"properties":{"age_h":138.8,"recency":3,"frp":1.3,"confidence":"nominal","filter_reason":"anomalie_thermique_recurrente","site_name":null,"recurrent_days":10}},{"type":"Feature","geometry":{"type":"Point","coordinates":[15.97627,51.68673]},"properties":{"age_h":138.8,"recency":3,"frp":3.8,"confidence":"nominal","filter_reason":"anomalie_thermique_recurrente","site_name":null,"recurrent_days":9}},{"type":"Feature","geometry":{"type":"Point","coordinates":[29.33293,51.88837]},"properties":{"age_h":138.8,"recency":3,"frp":1.1,"confidence":"nominal","filter_reason":"anomalie_thermique_recurrente","site_name":null,"recurrent_days":9}},{"type":"Feature","geometry":{"type":"Point","coordinates":[29.34188,51.89149]},"properties":{"age_h":138.8,"recency":3,"frp":2.6,"confidence":"nominal","filter_reason":"anomalie_thermique_recurrente","site_name":null,"recurrent_days":8}},{"type":"Feature","geometry":{"type":"Point","coordinates":[39.63292,52.53394]},"properties":{"age_h":138.8,"recency":3,"frp":1.3,"confidence":"nominal","filter_reason":"anomalie_thermique_recurrente","site_name":null,"recurrent_days":9}},{"type":"Feature","geometry":{"type":"Point","coordinates":[39.62877,52.53828]},"properties":{"age_h":138.8,"recency":3,"frp":0.8,"confidence":"nominal","filter_reason":"anomalie_thermique_recurrente","site_name":null,"recurrent_days":8}},{"type":"Feature","geometry":{"type":"Point","coordinates":[29.99052,52.84601]},"properties":{"age_h":138.8,"recency":3,"frp":3.0,"confidence":"nominal","filter_reason":"anomalie_thermique_recurrente","site_name":null,"recurrent_days":16}},{"type":"Feature","geometry":{"type":"Point","coordinates":[29.98787,52.84748]},"properties":{"age_h":138.8,"recency":3,"frp":3.0,"confidence":"nominal","filter_reason":"anomalie_thermique_recurrente","site_name":null,"recurrent_days":12}},{"type":"Feature","geometry":{"type":"Point","coordinates":[34.41863,53.44168]},"properties":{"age_h":138.8,"recency":3,"frp":1.0,"confidence":"nominal","filter_reason":"anomalie_thermique_recurrente","site_name":null,"recurrent_days":8}},{"type":"Feature","geometry":{"type":"Point","coordinates":[19.72079,41.5481]},"properties":{"age_h":138.8,"recency":3,"frp":0.8,"confidence":"nominal","filter_reason":"anomalie_thermique_recurrente","site_name":null,"recurrent_days":10}},{"type":"Feature","geometry":{"type":"Point","coordinates":[31.67235,45.25823]},"properties":{"age_h":138.8,"recency":3,"frp":12.4,"confidence":"nominal","filter_reason":"anomalie_thermique_recurrente","site_name":null,"recurrent_days":19}},{"type":"Feature","geometry":{"type":"Point","coordinates":[30.90143,45.35656]},"properties":{"age_h":138.8,"recency":3,"frp":2.9,"confidence":"nominal","filter_reason":"anomalie_thermique_recurrente","site_name":null,"recurrent_days":12}},{"type":"Feature","geometry":{"type":"Point","coordinates":[30.92799,45.3742]},"properties":{"age_h":138.8,"recency":3,"frp":1.8,"confidence":"nominal","filter_reason":"anomalie_thermique_recurrente","site_name":null,"recurrent_days":11}},{"type":"Feature","geometry":{"type":"Point","coordinates":[14.33345,48.2769]},"properties":{"age_h":138.8,"recency":3,"frp":6.7,"confidence":"nominal","filter_reason":"anomalie_thermique_recurrente","site_name":null,"recurrent_days":15}},{"type":"Feature","geometry":{"type":"Point","coordinates":[21.17938,48.60853]},"properties":{"age_h":138.8,"recency":3,"frp":2.2,"confidence":"nominal","filter_reason":"anomalie_thermique_recurrente","site_name":null,"recurrent_days":13}},{"type":"Feature","geometry":{"type":"Point","coordinates":[21.18567,48.61919]},"properties":{"age_h":138.8,"recency":3,"frp":1.0,"confidence":"nominal","filter_reason":"anomalie_thermique_recurrente","site_name":null,"recurrent_days":8}},{"type":"Feature","geometry":{"type":"Point","coordinates":[41.21319,34.25874]},"properties":{"age_h":138.7,"recency":3,"frp":0.5,"confidence":"nominal","filter_reason":"anomalie_thermique_recurrente","site_name":null,"recurrent_days":11}},{"type":"Feature","geometry":{"type":"Point","coordinates":[40.82665,34.90887]},"properties":{"age_h":138.7,"recency":3,"frp":0.5,"confidence":"nominal","filter_reason":"anomalie_thermique_recurrente","site_name":null,"recurrent_days":15}},{"type":"Feature","geometry":{"type":"Point","coordinates":[33.73127,36.26247]},"properties":{"age_h":138.7,"recency":3,"frp":0.8,"confidence":"nominal","filter_reason":"anomalie_thermique_recurrente","site_name":null,"recurrent_days":16}},{"type":"Feature","geometry":{"type":"Point","coordinates":[33.7265,36.26335]},"properties":{"age_h":138.7,"recency":3,"frp":0.7,"confidence":"nominal","filter_reason":"anomalie_thermique_recurrente","site_name":null,"recurrent_days":11}},{"type":"Feature","geometry":{"type":"Point","coordinates":[36.20092,36.71821]},"properties":{"age_h":138.7,"recency":3,"frp":0.7,"confidence":"nominal","filter_reason":"anomalie_thermique_recurrente","site_name":null,"recurrent_days":12}},{"type":"Feature","geometry":{"type":"Point","coordinates":[41.89375,36.91522]},"properties":{"age_h":138.7,"recency":3,"frp":0.5,"confidence":"nominal","filter_reason":"anomalie_thermique_recurrente","site_name":null,"recurrent_days":12}},{"type":"Feature","geometry":{"type":"Point","coordinates":[30.44263,37.25307]},"properties":{"age_h":138.7,"recency":3,"frp":1.5,"confidence":"nominal","filter_reason":"anomalie_thermique_recurrente","site_name":null,"recurrent_days":13}},{"type":"Feature","geometry":{"type":"Point","coordinates":[37.15612,37.29582]},"properties":{"age_h":138.7,"recency":3,"frp":1.4,"confidence":"nominal","filter_reason":"anomalie_thermique_recurrente","site_name":null,"recurrent_days":11}},{"type":"Feature","geometry":{"type":"Point","coordinates":[40.8031,37.33619]},"properties":{"age_h":138.7,"recency":3,"frp":0.6,"confidence":"nominal","filter_reason":"anomalie_thermique_recurrente","site_name":null,"recurrent_days":11}},{"type":"Feature","geometry":{"type":"Point","coordinates":[37.16166,37.35295]},"properties":{"age_h":138.7,"recency":3,"frp":0.5,"confidence":"nominal","filter_reason":"anomalie_thermique_recurrente","site_name":null,"recurrent_days":13}},{"type":"Feature","geometry":{"type":"Point","coordinates":[27.21595,38.42859]},"properties":{"age_h":138.7,"recency":3,"frp":1.7,"confidence":"nominal","filter_reason":"anomalie_thermique_recurrente","site_name":null,"recurrent_days":8}},{"type":"Feature","geometry":{"type":"Point","coordinates":[26.94601,38.73663]},"properties":{"age_h":138.7,"recency":3,"frp":1.1,"confidence":"nominal","filter_reason":"anomalie_thermique_recurrente","site_name":null,"recurrent_days":12}},{"type":"Feature","geometry":{"type":"Point","coordinates":[26.9405,38.73729]},"properties":{"age_h":138.7,"recency":3,"frp":1.1,"confidence":"nominal","filter_reason":"anomalie_thermique_recurrente","site_name":null,"recurrent_days":11}},{"type":"Feature","geometry":{"type":"Point","coordinates":[37.83401,59.14906]},"properties":{"age_h":137.2,"recency":3,"frp":2.5,"confidence":"nominal","filter_reason":"anomalie_thermique_recurrente","site_name":null,"recurrent_days":8}},{"type":"Feature","geometry":{"type":"Point","coordinates":[37.86643,59.15117]},"properties":{"age_h":137.2,"recency":3,"frp":3.2,"confidence":"nominal","filter_reason":"anomalie_thermique_recurrente","site_name":null,"recurrent_days":10}},{"type":"Feature","geometry":{"type":"Point","coordinates":[34.14735,59.53175]},"properties":{"age_h":137.2,"recency":3,"frp":2.8,"confidence":"nominal","filter_reason":"anomalie_thermique_recurrente","site_name":null,"recurrent_days":11}},{"type":"Feature","geometry":{"type":"Point","coordinates":[29.33401,51.88889]},"properties":{"age_h":137.1,"recency":3,"frp":1.1,"confidence":"nominal","filter_reason":"anomalie_thermique_recurrente","site_name":null,"recurrent_days":9}},{"type":"Feature","geometry":{"type":"Point","coordinates":[29.3433,51.89286]},"properties":{"age_h":137.1,"recency":3,"frp":1.0,"confidence":"nominal","filter_reason":"anomalie_thermique_recurrente","site_name":null,"recurrent_days":15}},{"type":"Feature","geometry":{"type":"Point","coordinates":[29.33853,51.89407]},"properties":{"age_h":137.1,"recency":3,"frp":1.7,"confidence":"nominal","filter_reason":"anomalie_thermique_recurrente","site_name":null,"recurrent_days":13}},{"type":"Feature","geometry":{"type":"Point","coordinates":[29.33744,51.89487]},"properties":{"age_h":137.1,"recency":3,"frp":1.5,"confidence":"nominal","filter_reason":"anomalie_thermique_recurrente","site_name":null,"recurrent_days":13}},{"type":"Feature","geometry":{"type":"Point","coordinates":[29.9903,52.84665]},"properties":{"age_h":137.1,"recency":3,"frp":2.5,"confidence":"nominal","filter_reason":"anomalie_thermique_recurrente","site_name":null,"recurrent_days":16}},{"type":"Feature","geometry":{"type":"Point","coordinates":[9.90663,53.52319]},"properties":{"age_h":137.1,"recency":3,"frp":1.4,"confidence":"nominal","filter_reason":"anomalie_thermique_recurrente","site_name":null,"recurrent_days":9}},{"type":"Feature","geometry":{"type":"Point","coordinates":[11.9453,45.38024]},"properties":{"age_h":137.1,"recency":3,"frp":1.5,"confidence":"nominal","filter_reason":"anomalie_thermique_recurrente","site_name":null,"recurrent_days":12}},{"type":"Feature","geometry":{"type":"Point","coordinates":[11.49933,45.51744]},"properties":{"age_h":137.1,"recency":3,"frp":1.0,"confidence":"nominal","filter_reason":"anomalie_thermique_recurrente","site_name":null,"recurrent_days":11}},{"type":"Feature","geometry":{"type":"Point","coordinates":[25.27727,45.95095]},"properties":{"age_h":137.1,"recency":3,"frp":1.1,"confidence":"nominal","filter_reason":"anomalie_thermique_recurrente","site_name":null,"recurrent_days":8}},{"type":"Feature","geometry":{"type":"Point","coordinates":[22.86514,45.95306]},"properties":{"age_h":137.1,"recency":3,"frp":0.6,"confidence":"nominal","filter_reason":"anomalie_thermique_recurrente","site_name":null,"recurrent_days":12}},{"type":"Feature","geometry":{"type":"Point","coordinates":[13.62609,46.06906]},"properties":{"age_h":137.1,"recency":3,"frp":0.9,"confidence":"nominal","filter_reason":"anomalie_thermique_recurrente","site_name":null,"recurrent_days":16}},{"type":"Feature","geometry":{"type":"Point","coordinates":[14.33855,48.27253]},"properties":{"age_h":137.1,"recency":3,"frp":8.7,"confidence":"nominal","filter_reason":"anomalie_thermique_recurrente","site_name":null,"recurrent_days":21}},{"type":"Feature","geometry":{"type":"Point","coordinates":[14.32656,48.27494]},"properties":{"age_h":137.1,"recency":3,"frp":4.8,"confidence":"nominal","filter_reason":"anomalie_thermique_recurrente","site_name":null,"recurrent_days":13}},{"type":"Feature","geometry":{"type":"Point","coordinates":[14.34014,48.27601]},"properties":{"age_h":137.1,"recency":3,"frp":8.7,"confidence":"nominal","filter_reason":"anomalie_thermique_recurrente","site_name":null,"recurrent_days":15}},{"type":"Feature","geometry":{"type":"Point","coordinates":[14.33414,48.27722]},"properties":{"age_h":137.1,"recency":3,"frp":4.8,"confidence":"nominal","filter_reason":"anomalie_thermique_recurrente","site_name":null,"recurrent_days":15}},{"type":"Feature","geometry":{"type":"Point","coordinates":[14.34773,48.27828]},"properties":{"age_h":137.1,"recency":3,"frp":2.3,"confidence":"nominal","filter_reason":"anomalie_thermique_recurrente","site_name":null,"recurrent_days":10}},{"type":"Feature","geometry":{"type":"Point","coordinates":[14.32814,48.27842]},"properties":{"age_h":137.1,"recency":3,"frp":4.8,"confidence":"nominal","filter_reason":"anomalie_thermique_recurrente","site_name":null,"recurrent_days":11}},{"type":"Feature","geometry":{"type":"Point","coordinates":[14.34173,48.27949]},"properties":{"age_h":137.1,"recency":3,"frp":2.3,"confidence":"nominal","filter_reason":"anomalie_thermique_recurrente","site_name":null,"recurrent_days":15}},{"type":"Feature","geometry":{"type":"Point","coordinates":[17.19096,48.45697]},"properties":{"age_h":137.1,"recency":3,"frp":1.5,"confidence":"nominal","filter_reason":"anomalie_thermique_recurrente","site_name":null,"recurrent_days":20}},{"type":"Feature","geometry":{"type":"Point","coordinates":[17.19232,48.45889]},"properties":{"age_h":137.1,"recency":3,"frp":1.4,"confidence":"nominal","filter_reason":"anomalie_thermique_recurrente","site_name":null,"recurrent_days":9}},{"type":"Feature","geometry":{"type":"Point","coordinates":[7.82232,48.59904]},"properties":{"age_h":137.1,"recency":3,"frp":2.3,"confidence":"nominal","filter_reason":"anomalie_thermique_recurrente","site_name":null,"recurrent_days":11}},{"type":"Feature","geometry":{"type":"Point","coordinates":[21.18189,48.60559]},"properties":{"age_h":137.1,"recency":3,"frp":3.6,"confidence":"nominal","filter_reason":"anomalie_thermique_recurrente","site_name":null,"recurrent_days":8}},{"type":"Feature","geometry":{"type":"Point","coordinates":[21.1805,48.60823]},"properties":{"age_h":137.1,"recency":3,"frp":5.6,"confidence":"nominal","filter_reason":"anomalie_thermique_recurrente","site_name":null,"recurrent_days":10}},{"type":"Feature","geometry":{"type":"Point","coordinates":[21.1858,48.61706]},"properties":{"age_h":137.1,"recency":3,"frp":1.0,"confidence":"nominal","filter_reason":"anomalie_thermique_recurrente","site_name":null,"recurrent_days":8}},{"type":"Feature","geometry":{"type":"Point","coordinates":[26.60329,48.74839]},"properties":{"age_h":137.1,"recency":3,"frp":0.7,"confidence":"nominal","filter_reason":"anomalie_thermique_recurrente","site_name":null,"recurrent_days":9}},{"type":"Feature","geometry":{"type":"Point","coordinates":[26.60228,48.74884]},"properties":{"age_h":137.1,"recency":3,"frp":0.8,"confidence":"nominal","filter_reason":"anomalie_thermique_recurrente","site_name":null,"recurrent_days":9}},{"type":"Feature","geometry":{"type":"Point","coordinates":[24.70836,48.97537]},"properties":{"age_h":137.1,"recency":3,"frp":1.5,"confidence":"nominal","filter_reason":"anomalie_thermique_recurrente","site_name":null,"recurrent_days":12}},{"type":"Feature","geometry":{"type":"Point","coordinates":[6.74636,49.35919]},"properties":{"age_h":137.1,"recency":3,"frp":2.7,"confidence":"nominal","filter_reason":"anomalie_thermique_recurrente","site_name":null,"recurrent_days":13}},{"type":"Feature","geometry":{"type":"Point","coordinates":[19.28504,50.33525]},"properties":{"age_h":137.1,"recency":3,"frp":1.1,"confidence":"nominal","filter_reason":"anomalie_thermique_recurrente","site_name":null,"recurrent_days":8}},{"type":"Feature","geometry":{"type":"Point","coordinates":[19.28732,50.33917]},"properties":{"age_h":137.1,"recency":3,"frp":1.1,"confidence":"nominal","filter_reason":"anomalie_thermique_recurrente","site_name":null,"recurrent_days":10}},{"type":"Feature","geometry":{"type":"Point","coordinates":[19.33825,50.34038]},"properties":{"age_h":137.1,"recency":3,"frp":0.8,"confidence":"nominal","filter_reason":"anomalie_thermique_recurrente","site_name":null,"recurrent_days":12}},{"type":"Feature","geometry":{"type":"Point","coordinates":[19.33267,50.34171]},"properties":{"age_h":137.1,"recency":3,"frp":0.8,"confidence":"nominal","filter_reason":"anomalie_thermique_recurrente","site_name":null,"recurrent_days":13}},{"type":"Feature","geometry":{"type":"Point","coordinates":[19.33538,50.34354]},"properties":{"age_h":137.1,"recency":3,"frp":1.5,"confidence":"nominal","filter_reason":"anomalie_thermique_recurrente","site_name":null,"recurrent_days":13}},{"type":"Feature","geometry":{"type":"Point","coordinates":[18.93976,51.10554]},"properties":{"age_h":137.1,"recency":3,"frp":0.7,"confidence":"nominal","filter_reason":"anomalie_thermique_recurrente","site_name":null,"recurrent_days":8}},{"type":"Feature","geometry":{"type":"Point","coordinates":[3.81087,51.16656]},"properties":{"age_h":137.1,"recency":3,"frp":1.3,"confidence":"nominal","filter_reason":"anomalie_thermique_recurrente","site_name":null,"recurrent_days":8}},{"type":"Feature","geometry":{"type":"Point","coordinates":[3.809,51.16705]},"properties":{"age_h":137.1,"recency":3,"frp":1.4,"confidence":"nominal","filter_reason":"anomalie_thermique_recurrente","site_name":null,"recurrent_days":8}},{"type":"Feature","geometry":{"type":"Point","coordinates":[3.81182,51.17043]},"properties":{"age_h":137.1,"recency":3,"frp":1.0,"confidence":"nominal","filter_reason":"anomalie_thermique_recurrente","site_name":null,"recurrent_days":18}},{"type":"Feature","geometry":{"type":"Point","coordinates":[3.80996,51.17092]},"properties":{"age_h":137.1,"recency":3,"frp":1.4,"confidence":"nominal","filter_reason":"anomalie_thermique_recurrente","site_name":null,"recurrent_days":18}},{"type":"Feature","geometry":{"type":"Point","coordinates":[3.8041,51.17119]},"properties":{"age_h":137.1,"recency":3,"frp":1.6,"confidence":"nominal","filter_reason":"anomalie_thermique_recurrente","site_name":null,"recurrent_days":16}},{"type":"Feature","geometry":{"type":"Point","coordinates":[3.80222,51.17165]},"properties":{"age_h":137.1,"recency":3,"frp":1.4,"confidence":"nominal","filter_reason":"anomalie_thermique_recurrente","site_name":null,"recurrent_days":8}},{"type":"Feature","geometry":{"type":"Point","coordinates":[3.81278,51.1743]},"properties":{"age_h":137.1,"recency":3,"frp":1.0,"confidence":"nominal","filter_reason":"anomalie_thermique_recurrente","site_name":null,"recurrent_days":15}},{"type":"Feature","geometry":{"type":"Point","coordinates":[3.81093,51.17479]},"properties":{"age_h":137.1,"recency":3,"frp":1.4,"confidence":"nominal","filter_reason":"anomalie_thermique_recurrente","site_name":null,"recurrent_days":19}},{"type":"Feature","geometry":{"type":"Point","coordinates":[3.80503,51.17507]},"properties":{"age_h":137.1,"recency":3,"frp":1.6,"confidence":"nominal","filter_reason":"anomalie_thermique_recurrente","site_name":null,"recurrent_days":15}},{"type":"Feature","geometry":{"type":"Point","coordinates":[3.80316,51.17553]},"properties":{"age_h":137.1,"recency":3,"frp":1.4,"confidence":"nominal","filter_reason":"anomalie_thermique_recurrente","site_name":null,"recurrent_days":12}},{"type":"Feature","geometry":{"type":"Point","coordinates":[6.72269,51.48115]},"properties":{"age_h":137.1,"recency":3,"frp":2.7,"confidence":"nominal","filter_reason":"anomalie_thermique_recurrente","site_name":null,"recurrent_days":12}},{"type":"Feature","geometry":{"type":"Point","coordinates":[6.71641,51.48191]},"properties":{"age_h":137.1,"recency":3,"frp":2.6,"confidence":"nominal","filter_reason":"anomalie_thermique_recurrente","site_name":null,"recurrent_days":12}},{"type":"Feature","geometry":{"type":"Point","coordinates":[6.7175,51.48541]},"properties":{"age_h":137.1,"recency":3,"frp":2.6,"confidence":"nominal","filter_reason":"anomalie_thermique_recurrente","site_name":null,"recurrent_days":12}},{"type":"Feature","geometry":{"type":"Point","coordinates":[6.71122,51.48618]},"properties":{"age_h":137.1,"recency":3,"frp":2.6,"confidence":"nominal","filter_reason":"anomalie_thermique_recurrente","site_name":null,"recurrent_days":16}},{"type":"Feature","geometry":{"type":"Point","coordinates":[15.97822,51.6883]},"properties":{"age_h":137.1,"recency":3,"frp":1.5,"confidence":"nominal","filter_reason":"anomalie_thermique_recurrente","site_name":null,"recurrent_days":8}},{"type":"Feature","geometry":{"type":"Point","coordinates":[10.40199,52.15199]},"properties":{"age_h":137.1,"recency":3,"frp":5.4,"confidence":"nominal","filter_reason":"anomalie_thermique_recurrente","site_name":null,"recurrent_days":13}},{"type":"Feature","geometry":{"type":"Point","coordinates":[10.40329,52.15525]},"properties":{"age_h":137.1,"recency":3,"frp":5.4,"confidence":"nominal","filter_reason":"anomalie_thermique_recurrente","site_name":null,"recurrent_days":17}},{"type":"Feature","geometry":{"type":"Point","coordinates":[10.41014,52.15767]},"properties":{"age_h":137.1,"recency":3,"frp":1.7,"confidence":"nominal","filter_reason":"anomalie_thermique_recurrente","site_name":null,"recurrent_days":14}},{"type":"Feature","geometry":{"type":"Point","coordinates":[10.41699,52.16008]},"properties":{"age_h":137.1,"recency":3,"frp":1.1,"confidence":"nominal","filter_reason":"anomalie_thermique_recurrente","site_name":null,"recurrent_days":9}},{"type":"Feature","geometry":{"type":"Point","coordinates":[10.41829,52.16334]},"properties":{"age_h":137.1,"recency":3,"frp":2.1,"confidence":"nominal","filter_reason":"anomalie_thermique_recurrente","site_name":null,"recurrent_days":9}},{"type":"Feature","geometry":{"type":"Point","coordinates":[-0.59471,53.57152]},"properties":{"age_h":137.1,"recency":3,"frp":4.7,"confidence":"nominal","filter_reason":"anomalie_thermique_recurrente","site_name":null,"recurrent_days":9}},{"type":"Feature","geometry":{"type":"Point","coordinates":[-0.24094,53.6347]},"properties":{"age_h":137.1,"recency":3,"frp":1.1,"confidence":"nominal","filter_reason":"anomalie_thermique_recurrente","site_name":null,"recurrent_days":10}},{"type":"Feature","geometry":{"type":"Point","coordinates":[-0.24938,53.63515]},"properties":{"age_h":137.1,"recency":3,"frp":2.1,"confidence":"nominal","filter_reason":"anomalie_thermique_recurrente","site_name":null,"recurrent_days":11}},{"type":"Feature","geometry":{"type":"Point","coordinates":[2.05966,34.43897]},"properties":{"age_h":137.1,"recency":3,"frp":0.7,"confidence":"nominal","filter_reason":"anomalie_thermique_recurrente","site_name":null,"recurrent_days":15}},{"type":"Feature","geometry":{"type":"Point","coordinates":[8.17019,35.23433]},"properties":{"age_h":137.1,"recency":3,"frp":1.3,"confidence":"nominal","filter_reason":"anomalie_thermique_recurrente","site_name":null,"recurrent_days":9}},{"type":"Feature","geometry":{"type":"Point","coordinates":[5.76169,35.34951]},"properties":{"age_h":137.1,"recency":3,"frp":1.7,"confidence":"nominal","filter_reason":"anomalie_thermique_recurrente","site_name":null,"recurrent_days":22}},{"type":"Feature","geometry":{"type":"Point","coordinates":[4.47729,35.71025]},"properties":{"age_h":137.1,"recency":3,"frp":0.9,"confidence":"nominal","filter_reason":"anomalie_thermique_recurrente","site_name":null,"recurrent_days":11}},{"type":"Feature","geometry":{"type":"Point","coordinates":[4.4473,35.87819]},"properties":{"age_h":137.1,"recency":3,"frp":0.8,"confidence":"nominal","filter_reason":"anomalie_thermique_recurrente","site_name":null,"recurrent_days":8}},{"type":"Feature","geometry":{"type":"Point","coordinates":[2.92893,36.14046]},"properties":{"age_h":137.1,"recency":3,"frp":0.5,"confidence":"nominal","filter_reason":"anomalie_thermique_recurrente","site_name":null,"recurrent_days":12}},{"type":"Feature","geometry":{"type":"Point","coordinates":[15.21115,38.79548]},"properties":{"age_h":137.1,"recency":3,"frp":5.9,"confidence":"nominal","filter_reason":"anomalie_thermique_recurrente","site_name":null,"recurrent_days":16}},{"type":"Feature","geometry":{"type":"Point","coordinates":[15.21063,38.79581]},"properties":{"age_h":137.1,"recency":3,"frp":4.5,"confidence":"nominal","filter_reason":"anomalie_thermique_recurrente","site_name":null,"recurrent_days":16}},{"type":"Feature","geometry":{"type":"Point","coordinates":[9.0175,39.08069]},"properties":{"age_h":137.1,"recency":3,"frp":1.8,"confidence":"nominal","filter_reason":"anomalie_thermique_recurrente","site_name":null,"recurrent_days":8}},{"type":"Feature","geometry":{"type":"Point","coordinates":[-3.47706,40.24684]},"properties":{"age_h":137.1,"recency":3,"frp":3.5,"confidence":"nominal","filter_reason":"anomalie_thermique_recurrente","site_name":null,"recurrent_days":9}},{"type":"Feature","geometry":{"type":"Point","coordinates":[4.87813,43.44262]},"properties":{"age_h":137.1,"recency":3,"frp":4.8,"confidence":"nominal","filter_reason":"site_industriel_connu","site_name":"ArcelorMittal Fos-sur-Mer","recurrent_days":4}},{"type":"Feature","geometry":{"type":"Point","coordinates":[16.44192,43.54057]},"properties":{"age_h":137.1,"recency":3,"frp":0.2,"confidence":"nominal","filter_reason":"anomalie_thermique_recurrente","site_name":null,"recurrent_days":11}},{"type":"Feature","geometry":{"type":"Point","coordinates":[-5.83429,43.54162]},"properties":{"age_h":137.1,"recency":3,"frp":0.8,"confidence":"nominal","filter_reason":"anomalie_thermique_recurrente","site_name":null,"recurrent_days":10}},{"type":"Feature","geometry":{"type":"Point","coordinates":[9.94258,45.14643]},"properties":{"age_h":137.1,"recency":3,"frp":6.3,"confidence":"nominal","filter_reason":"anomalie_thermique_recurrente","site_name":null,"recurrent_days":20}},{"type":"Feature","geometry":{"type":"Point","coordinates":[10.4587,45.4601]},"properties":{"age_h":137.1,"recency":3,"frp":4.9,"confidence":"nominal","filter_reason":"anomalie_thermique_recurrente","site_name":null,"recurrent_days":12}},{"type":"Feature","geometry":{"type":"Point","coordinates":[10.45371,45.46098]},"properties":{"age_h":137.1,"recency":3,"frp":22.6,"confidence":"nominal","filter_reason":"anomalie_thermique_recurrente","site_name":null,"recurrent_days":16}},{"type":"Feature","geometry":{"type":"Point","coordinates":[10.21127,45.47897]},"properties":{"age_h":137.1,"recency":3,"frp":3.6,"confidence":"nominal","filter_reason":"anomalie_thermique_recurrente","site_name":null,"recurrent_days":14}},{"type":"Feature","geometry":{"type":"Point","coordinates":[10.24476,45.51011]},"properties":{"age_h":137.1,"recency":3,"frp":0.6,"confidence":"nominal","filter_reason":"anomalie_thermique_recurrente","site_name":null,"recurrent_days":16}},{"type":"Feature","geometry":{"type":"Point","coordinates":[6.80612,36.08703]},"properties":{"age_h":137.0,"recency":3,"frp":0.9,"confidence":"nominal","filter_reason":"anomalie_thermique_recurrente","site_name":null,"recurrent_days":8}},{"type":"Feature","geometry":{"type":"Point","coordinates":[5.48328,36.33344]},"properties":{"age_h":137.0,"recency":3,"frp":1.4,"confidence":"nominal","filter_reason":"anomalie_thermique_recurrente","site_name":null,"recurrent_days":17}},{"type":"Feature","geometry":{"type":"Point","coordinates":[6.62264,36.42937]},"properties":{"age_h":137.0,"recency":3,"frp":1.0,"confidence":"nominal","filter_reason":"anomalie_thermique_recurrente","site_name":null,"recurrent_days":9}},{"type":"Feature","geometry":{"type":"Point","coordinates":[10.02444,36.50121]},"properties":{"age_h":137.0,"recency":3,"frp":0.7,"confidence":"nominal","filter_reason":"anomalie_thermique_recurrente","site_name":null,"recurrent_days":8}},{"type":"Feature","geometry":{"type":"Point","coordinates":[6.25749,36.74694]},"properties":{"age_h":137.0,"recency":3,"frp":4.3,"confidence":"nominal","filter_reason":"anomalie_thermique_recurrente","site_name":null,"recurrent_days":19}},{"type":"Feature","geometry":{"type":"Point","coordinates":[6.2532,36.74765]},"properties":{"age_h":137.0,"recency":3,"frp":4.3,"confidence":"nominal","filter_reason":"anomalie_thermique_recurrente","site_name":null,"recurrent_days":25}},{"type":"Feature","geometry":{"type":"Point","coordinates":[3.08333,36.74875]},"properties":{"age_h":137.0,"recency":3,"frp":0.9,"confidence":"nominal","filter_reason":"anomalie_thermique_recurrente","site_name":null,"recurrent_days":15}},{"type":"Feature","geometry":{"type":"Point","coordinates":[7.30754,36.76047]},"properties":{"age_h":137.0,"recency":3,"frp":1.0,"confidence":"nominal","filter_reason":"anomalie_thermique_recurrente","site_name":null,"recurrent_days":12}},{"type":"Feature","geometry":{"type":"Point","coordinates":[7.30844,36.76381]},"properties":{"age_h":137.0,"recency":3,"frp":0.8,"confidence":"nominal","filter_reason":"anomalie_thermique_recurrente","site_name":null,"recurrent_days":8}},{"type":"Feature","geometry":{"type":"Point","coordinates":[6.9842,36.87048]},"properties":{"age_h":137.0,"recency":3,"frp":0.9,"confidence":"nominal","filter_reason":"anomalie_thermique_recurrente","site_name":null,"recurrent_days":14}},{"type":"Feature","geometry":{"type":"Point","coordinates":[6.94492,36.87722]},"properties":{"age_h":137.0,"recency":3,"frp":0.7,"confidence":"nominal","filter_reason":"anomalie_thermique_recurrente","site_name":null,"recurrent_days":13}},{"type":"Feature","geometry":{"type":"Point","coordinates":[6.94055,36.87798]},"properties":{"age_h":137.0,"recency":3,"frp":0.7,"confidence":"nominal","filter_reason":"anomalie_thermique_recurrente","site_name":null,"recurrent_days":11}},{"type":"Feature","geometry":{"type":"Point","coordinates":[9.14153,63.31945]},"properties":{"age_h":135.5,"recency":3,"frp":2.0,"confidence":"nominal","filter_reason":"anomalie_thermique_recurrente","site_name":null,"recurrent_days":9}},{"type":"Feature","geometry":{"type":"Point","coordinates":[9.97579,57.06001]},"properties":{"age_h":135.5,"recency":3,"frp":1.8,"confidence":"nominal","filter_reason":"anomalie_thermique_recurrente","site_name":null,"recurrent_days":10}},{"type":"Feature","geometry":{"type":"Point","coordinates":[9.97576,57.06013]},"properties":{"age_h":135.5,"recency":3,"frp":1.5,"confidence":"nominal","filter_reason":"anomalie_thermique_recurrente","site_name":null,"recurrent_days":10}},{"type":"Feature","geometry":{"type":"Point","coordinates":[0.862,58.3527]},"properties":{"age_h":135.5,"recency":3,"frp":1.1,"confidence":"nominal","filter_reason":"anomalie_thermique_recurrente","site_name":null,"recurrent_days":8}},{"type":"Feature","geometry":{"type":"Point","coordinates":[0.86164,58.35364]},"properties":{"age_h":135.5,"recency":3,"frp":1.1,"confidence":"nominal","filter_reason":"anomalie_thermique_recurrente","site_name":null,"recurrent_days":8}},{"type":"Feature","geometry":{"type":"Point","coordinates":[3.80879,51.16948]},"properties":{"age_h":135.4,"recency":3,"frp":1.9,"confidence":"nominal","filter_reason":"anomalie_thermique_recurrente","site_name":null,"recurrent_days":18}},{"type":"Feature","geometry":{"type":"Point","coordinates":[3.80267,51.17156]},"properties":{"age_h":135.4,"recency":3,"frp":1.9,"confidence":"nominal","filter_reason":"anomalie_thermique_recurrente","site_name":null,"recurrent_days":8}},{"type":"Feature","geometry":{"type":"Point","coordinates":[3.81337,51.17474]},"properties":{"age_h":135.4,"recency":3,"frp":1.9,"confidence":"nominal","filter_reason":"anomalie_thermique_recurrente","site_name":null,"recurrent_days":15}},{"type":"Feature","geometry":{"type":"Point","coordinates":[-0.60295,53.56558]},"properties":{"age_h":135.4,"recency":3,"frp":3.7,"confidence":"nominal","filter_reason":"anomalie_thermique_recurrente","site_name":null,"recurrent_days":10}},{"type":"Feature","geometry":{"type":"Point","coordinates":[-0.59959,53.56984]},"properties":{"age_h":135.4,"recency":3,"frp":3.7,"confidence":"nominal","filter_reason":"anomalie_thermique_recurrente","site_name":null,"recurrent_days":10}},{"type":"Feature","geometry":{"type":"Point","coordinates":[-0.24362,53.63501]},"properties":{"age_h":135.4,"recency":3,"frp":2.5,"confidence":"nominal","filter_reason":"anomalie_thermique_recurrente","site_name":null,"recurrent_days":10}},{"type":"Feature","geometry":{"type":"Point","coordinates":[-5.73037,43.52622]},"properties":{"age_h":135.4,"recency":3,"frp":1.1,"confidence":"nominal","filter_reason":"anomalie_thermique_recurrente","site_name":null,"recurrent_days":13}},{"type":"Feature","geometry":{"type":"Point","coordinates":[-5.73442,43.52732]},"properties":{"age_h":135.4,"recency":3,"frp":1.0,"confidence":"nominal","filter_reason":"anomalie_thermique_recurrente","site_name":null,"recurrent_days":13}},{"type":"Feature","geometry":{"type":"Point","coordinates":[-3.47507,40.24746]},"properties":{"age_h":135.4,"recency":3,"frp":2.2,"confidence":"nominal","filter_reason":"anomalie_thermique_recurrente","site_name":null,"recurrent_days":11}},{"type":"Feature","geometry":{"type":"Point","coordinates":[39.63934,52.54511]},"properties":{"age_h":129.0,"recency":3,"frp":6.6,"confidence":"nominal","filter_reason":"anomalie_thermique_recurrente","site_name":null,"recurrent_days":13}},{"type":"Feature","geometry":{"type":"Point","coordinates":[24.18818,65.76734]},"properties":{"age_h":129.0,"recency":3,"frp":4.3,"confidence":"nominal","filter_reason":"anomalie_thermique_recurrente","site_name":null,"recurrent_days":13}},{"type":"Feature","geometry":{"type":"Point","coordinates":[33.73111,36.26226]},"properties":{"age_h":127.4,"recency":3,"frp":2.2,"confidence":"nominal","filter_reason":"anomalie_thermique_recurrente","site_name":null,"recurrent_days":16}},{"type":"Feature","geometry":{"type":"Point","coordinates":[31.67189,45.25776]},"properties":{"age_h":127.4,"recency":3,"frp":7.1,"confidence":"nominal","filter_reason":"anomalie_thermique_recurrente","site_name":null,"recurrent_days":16}},{"type":"Feature","geometry":{"type":"Point","coordinates":[30.90116,45.35598]},"properties":{"age_h":127.4,"recency":3,"frp":2.1,"confidence":"nominal","filter_reason":"anomalie_thermique_recurrente","site_name":null,"recurrent_days":10}},{"type":"Feature","geometry":{"type":"Point","coordinates":[30.90202,45.3564]},"properties":{"age_h":127.4,"recency":3,"frp":2.8,"confidence":"nominal","filter_reason":"anomalie_thermique_recurrente","site_name":null,"recurrent_days":12}},{"type":"Feature","geometry":{"type":"Point","coordinates":[14.33979,48.2735]},"properties":{"age_h":127.4,"recency":3,"frp":5.5,"confidence":"nominal","filter_reason":"anomalie_thermique_recurrente","site_name":null,"recurrent_days":21}},{"type":"Feature","geometry":{"type":"Point","coordinates":[14.33762,48.27752]},"properties":{"age_h":127.4,"recency":3,"frp":5.5,"confidence":"nominal","filter_reason":"anomalie_thermique_recurrente","site_name":null,"recurrent_days":20}},{"type":"Feature","geometry":{"type":"Point","coordinates":[21.18725,48.61689]},"properties":{"age_h":127.4,"recency":3,"frp":3.3,"confidence":"nominal","filter_reason":"anomalie_thermique_recurrente","site_name":null,"recurrent_days":8}},{"type":"Feature","geometry":{"type":"Point","coordinates":[19.28982,50.33612]},"properties":{"age_h":127.3,"recency":3,"frp":3.9,"confidence":"nominal","filter_reason":"anomalie_thermique_recurrente","site_name":null,"recurrent_days":15}},{"type":"Feature","geometry":{"type":"Point","coordinates":[3.81328,51.17393]},"properties":{"age_h":127.3,"recency":3,"frp":9.2,"confidence":"high","filter_reason":"anomalie_thermique_recurrente","site_name":null,"recurrent_days":15}},{"type":"Feature","geometry":{"type":"Point","coordinates":[10.40856,52.15458]},"properties":{"age_h":127.3,"recency":3,"frp":4.8,"confidence":"nominal","filter_reason":"anomalie_thermique_recurrente","site_name":null,"recurrent_days":10}},{"type":"Feature","geometry":{"type":"Point","coordinates":[4.61543,52.49332]},"properties":{"age_h":127.3,"recency":3,"frp":6.0,"confidence":"nominal","filter_reason":"anomalie_thermique_recurrente","site_name":null,"recurrent_days":14}},{"type":"Feature","geometry":{"type":"Point","coordinates":[29.99002,52.84673]},"properties":{"age_h":127.3,"recency":3,"frp":2.4,"confidence":"nominal","filter_reason":"anomalie_thermique_recurrente","site_name":null,"recurrent_days":16}},{"type":"Feature","geometry":{"type":"Point","coordinates":[24.42665,64.6463]},"properties":{"age_h":127.3,"recency":3,"frp":5.7,"confidence":"nominal","filter_reason":"anomalie_thermique_recurrente","site_name":null,"recurrent_days":12}},{"type":"Feature","geometry":{"type":"Point","coordinates":[24.18979,65.76763]},"properties":{"age_h":127.3,"recency":3,"frp":2.9,"confidence":"nominal","filter_reason":"anomalie_thermique_recurrente","site_name":null,"recurrent_days":13}},{"type":"Feature","geometry":{"type":"Point","coordinates":[5.71715,34.98062]},"properties":{"age_h":125.7,"recency":3,"frp":1.6,"confidence":"nominal","filter_reason":"anomalie_thermique_recurrente","site_name":null,"recurrent_days":11}},{"type":"Feature","geometry":{"type":"Point","coordinates":[-3.47387,40.24516]},"properties":{"age_h":125.7,"recency":3,"frp":3.9,"confidence":"nominal","filter_reason":"anomalie_thermique_recurrente","site_name":null,"recurrent_days":11}},{"type":"Feature","geometry":{"type":"Point","coordinates":[14.33939,48.27628]},"properties":{"age_h":125.7,"recency":3,"frp":8.5,"confidence":"nominal","filter_reason":"anomalie_thermique_recurrente","site_name":null,"recurrent_days":20}},{"type":"Feature","geometry":{"type":"Point","coordinates":[2.2834,51.0289]},"properties":{"age_h":125.7,"recency":3,"frp":3.6,"confidence":"nominal","filter_reason":"site_industriel_connu","site_name":"ArcelorMittal Dunkerque","recurrent_days":5}},{"type":"Feature","geometry":{"type":"Point","coordinates":[3.81547,51.16543]},"properties":{"age_h":125.7,"recency":3,"frp":5.3,"confidence":"nominal","filter_reason":"anomalie_thermique_recurrente","site_name":null,"recurrent_days":14}},{"type":"Feature","geometry":{"type":"Point","coordinates":[3.8058,51.17249]},"properties":{"age_h":125.7,"recency":3,"frp":9.1,"confidence":"nominal","filter_reason":"anomalie_thermique_recurrente","site_name":null,"recurrent_days":15}},{"type":"Feature","geometry":{"type":"Point","coordinates":[3.81365,51.17322]},"properties":{"age_h":125.7,"recency":3,"frp":9.1,"confidence":"nominal","filter_reason":"anomalie_thermique_recurrente","site_name":null,"recurrent_days":15}},{"type":"Feature","geometry":{"type":"Point","coordinates":[10.40722,52.15459]},"properties":{"age_h":125.7,"recency":3,"frp":4.9,"confidence":"nominal","filter_reason":"anomalie_thermique_recurrente","site_name":null,"recurrent_days":15}},{"type":"Feature","geometry":{"type":"Point","coordinates":[4.59201,52.48271]},"properties":{"age_h":125.7,"recency":3,"frp":4.8,"confidence":"nominal","filter_reason":"anomalie_thermique_recurrente","site_name":null,"recurrent_days":12}},{"type":"Feature","geometry":{"type":"Point","coordinates":[39.63054,52.53506]},"properties":{"age_h":115.2,"recency":2,"frp":24.2,"confidence":"nominal","filter_reason":"anomalie_thermique_recurrente","site_name":null,"recurrent_days":16}},{"type":"Feature","geometry":{"type":"Point","coordinates":[39.62604,52.53918]},"properties":{"age_h":115.2,"recency":2,"frp":24.2,"confidence":"nominal","filter_reason":"anomalie_thermique_recurrente","site_name":null,"recurrent_days":9}},{"type":"Feature","geometry":{"type":"Point","coordinates":[39.61451,52.54081]},"properties":{"age_h":115.2,"recency":2,"frp":0.8,"confidence":"nominal","filter_reason":"anomalie_thermique_recurrente","site_name":null,"recurrent_days":9}},{"type":"Feature","geometry":{"type":"Point","coordinates":[39.62154,52.5433]},"properties":{"age_h":115.2,"recency":2,"frp":1.4,"confidence":"nominal","filter_reason":"anomalie_thermique_recurrente","site_name":null,"recurrent_days":8}},{"type":"Feature","geometry":{"type":"Point","coordinates":[39.63432,52.54497]},"properties":{"age_h":115.2,"recency":2,"frp":0.8,"confidence":"nominal","filter_reason":"anomalie_thermique_recurrente","site_name":null,"recurrent_days":15}},{"type":"Feature","geometry":{"type":"Point","coordinates":[39.62856,52.54579]},"properties":{"age_h":115.2,"recency":2,"frp":0.8,"confidence":"nominal","filter_reason":"anomalie_thermique_recurrente","site_name":null,"recurrent_days":9}},{"type":"Feature","geometry":{"type":"Point","coordinates":[39.64133,52.54746]},"properties":{"age_h":115.2,"recency":2,"frp":5.8,"confidence":"nominal","filter_reason":"anomalie_thermique_recurrente","site_name":null,"recurrent_days":9}},{"type":"Feature","geometry":{"type":"Point","coordinates":[39.63557,52.54827]},"properties":{"age_h":115.2,"recency":2,"frp":0.7,"confidence":"nominal","filter_reason":"anomalie_thermique_recurrente","site_name":null,"recurrent_days":8}},{"type":"Feature","geometry":{"type":"Point","coordinates":[39.57792,52.55643]},"properties":{"age_h":115.2,"recency":2,"frp":4.4,"confidence":"nominal","filter_reason":"anomalie_thermique_recurrente","site_name":null,"recurrent_days":14}},{"type":"Feature","geometry":{"type":"Point","coordinates":[39.57214,52.55725]},"properties":{"age_h":115.2,"recency":2,"frp":4.4,"confidence":"nominal","filter_reason":"anomalie_thermique_recurrente","site_name":null,"recurrent_days":14}},{"type":"Feature","geometry":{"type":"Point","coordinates":[39.59072,52.55811]},"properties":{"age_h":115.2,"recency":2,"frp":1.4,"confidence":"nominal","filter_reason":"anomalie_thermique_recurrente","site_name":null,"recurrent_days":9}},{"type":"Feature","geometry":{"type":"Point","coordinates":[39.61504,52.55815]},"properties":{"age_h":115.2,"recency":2,"frp":4.2,"confidence":"nominal","filter_reason":"anomalie_thermique_recurrente","site_name":null,"recurrent_days":14}},{"type":"Feature","geometry":{"type":"Point","coordinates":[39.60928,52.55896]},"properties":{"age_h":115.2,"recency":2,"frp":4.2,"confidence":"nominal","filter_reason":"anomalie_thermique_recurrente","site_name":null,"recurrent_days":8}},{"type":"Feature","geometry":{"type":"Point","coordinates":[39.599,52.5639]},"properties":{"age_h":115.2,"recency":2,"frp":1.5,"confidence":"nominal","filter_reason":"anomalie_thermique_recurrente","site_name":null,"recurrent_days":9}},{"type":"Feature","geometry":{"type":"Point","coordinates":[39.70376,52.56464]},"properties":{"age_h":115.2,"recency":2,"frp":2.1,"confidence":"nominal","filter_reason":"anomalie_thermique_recurrente","site_name":null,"recurrent_days":11}},{"type":"Feature","geometry":{"type":"Point","coordinates":[39.69801,52.56545]},"properties":{"age_h":115.2,"recency":2,"frp":2.3,"confidence":"nominal","filter_reason":"anomalie_thermique_recurrente","site_name":null,"recurrent_days":14}},{"type":"Feature","geometry":{"type":"Point","coordinates":[24.44545,53.26021]},"properties":{"age_h":115.2,"recency":2,"frp":1.3,"confidence":"nominal","filter_reason":"anomalie_thermique_recurrente","site_name":null,"recurrent_days":10}},{"type":"Feature","geometry":{"type":"Point","coordinates":[38.18118,54.08662]},"properties":{"age_h":115.2,"recency":2,"frp":1.5,"confidence":"nominal","filter_reason":"anomalie_thermique_recurrente","site_name":null,"recurrent_days":11}},{"type":"Feature","geometry":{"type":"Point","coordinates":[38.92318,54.21549]},"properties":{"age_h":115.2,"recency":2,"frp":2.1,"confidence":"nominal","filter_reason":"anomalie_thermique_recurrente","site_name":null,"recurrent_days":15}},{"type":"Feature","geometry":{"type":"Point","coordinates":[22.22464,65.56289]},"properties":{"age_h":115.2,"recency":2,"frp":4.5,"confidence":"nominal","filter_reason":"anomalie_thermique_recurrente","site_name":null,"recurrent_days":12}},{"type":"Feature","geometry":{"type":"Point","coordinates":[22.21642,65.56292]},"properties":{"age_h":115.2,"recency":2,"frp":3.0,"confidence":"nominal","filter_reason":"anomalie_thermique_recurrente","site_name":null,"recurrent_days":10}},{"type":"Feature","geometry":{"type":"Point","coordinates":[24.18934,65.77119]},"properties":{"age_h":115.2,"recency":2,"frp":2.6,"confidence":"nominal","filter_reason":"anomalie_thermique_recurrente","site_name":null,"recurrent_days":15}},{"type":"Feature","geometry":{"type":"Point","coordinates":[33.85803,44.77331]},"properties":{"age_h":115.1,"recency":2,"frp":1.0,"confidence":"nominal","filter_reason":"anomalie_thermique_recurrente","site_name":null,"recurrent_days":15}},{"type":"Feature","geometry":{"type":"Point","coordinates":[31.6721,45.25849]},"properties":{"age_h":115.1,"recency":2,"frp":13.3,"confidence":"nominal","filter_reason":"anomalie_thermique_recurrente","site_name":null,"recurrent_days":19}},{"type":"Feature","geometry":{"type":"Point","coordinates":[30.90321,45.35631]},"properties":{"age_h":115.1,"recency":2,"frp":2.6,"confidence":"nominal","filter_reason":"anomalie_thermique_recurrente","site_name":null,"recurrent_days":12}},{"type":"Feature","geometry":{"type":"Point","coordinates":[29.01646,47.78679]},"properties":{"age_h":115.1,"recency":2,"frp":1.6,"confidence":"nominal","filter_reason":"anomalie_thermique_recurrente","site_name":null,"recurrent_days":10}},{"type":"Feature","geometry":{"type":"Point","coordinates":[33.43672,47.8738]},"properties":{"age_h":115.1,"recency":2,"frp":1.1,"confidence":"nominal","filter_reason":"anomalie_thermique_recurrente","site_name":null,"recurrent_days":13}},{"type":"Feature","geometry":{"type":"Point","coordinates":[21.18408,48.61917]},"properties":{"age_h":115.1,"recency":2,"frp":1.8,"confidence":"nominal","filter_reason":"anomalie_thermique_recurrente","site_name":null,"recurrent_days":8}},{"type":"Feature","geometry":{"type":"Point","coordinates":[37.76287,51.25771]},"properties":{"age_h":115.1,"recency":2,"frp":1.5,"confidence":"nominal","filter_reason":"anomalie_thermique_recurrente","site_name":null,"recurrent_days":11}},{"type":"Feature","geometry":{"type":"Point","coordinates":[37.76398,51.26112]},"properties":{"age_h":115.1,"recency":2,"frp":1.0,"confidence":"nominal","filter_reason":"anomalie_thermique_recurrente","site_name":null,"recurrent_days":10}},{"type":"Feature","geometry":{"type":"Point","coordinates":[29.33643,51.89132]},"properties":{"age_h":115.1,"recency":2,"frp":1.1,"confidence":"nominal","filter_reason":"anomalie_thermique_recurrente","site_name":null,"recurrent_days":13}},{"type":"Feature","geometry":{"type":"Point","coordinates":[40.80878,36.13066]},"properties":{"age_h":115.1,"recency":2,"frp":1.3,"confidence":"nominal","filter_reason":"anomalie_thermique_recurrente","site_name":null,"recurrent_days":10}},{"type":"Feature","geometry":{"type":"Point","coordinates":[36.20174,36.7173]},"properties":{"age_h":115.1,"recency":2,"frp":1.1,"confidence":"nominal","filter_reason":"anomalie_thermique_recurrente","site_name":null,"recurrent_days":12}},{"type":"Feature","geometry":{"type":"Point","coordinates":[34.76349,36.86866]},"properties":{"age_h":115.1,"recency":2,"frp":0.6,"confidence":"nominal","filter_reason":"anomalie_thermique_recurrente","site_name":null,"recurrent_days":12}},{"type":"Feature","geometry":{"type":"Point","coordinates":[37.15579,37.29348]},"properties":{"age_h":115.1,"recency":2,"frp":0.7,"confidence":"nominal","filter_reason":"anomalie_thermique_recurrente","site_name":null,"recurrent_days":17}},{"type":"Feature","geometry":{"type":"Point","coordinates":[37.15877,37.29534]},"properties":{"age_h":115.1,"recency":2,"frp":1.1,"confidence":"nominal","filter_reason":"anomalie_thermique_recurrente","site_name":null,"recurrent_days":11}},{"type":"Feature","geometry":{"type":"Point","coordinates":[40.8018,37.33944]},"properties":{"age_h":115.1,"recency":2,"frp":1.9,"confidence":"nominal","filter_reason":"anomalie_thermique_recurrente","site_name":null,"recurrent_days":11}},{"type":"Feature","geometry":{"type":"Point","coordinates":[37.1607,37.35374]},"properties":{"age_h":115.1,"recency":2,"frp":0.7,"confidence":"nominal","filter_reason":"anomalie_thermique_recurrente","site_name":null,"recurrent_days":13}},{"type":"Feature","geometry":{"type":"Point","coordinates":[27.21664,38.42555]},"properties":{"age_h":115.1,"recency":2,"frp":1.5,"confidence":"nominal","filter_reason":"anomalie_thermique_recurrente","site_name":null,"recurrent_days":9}},{"type":"Feature","geometry":{"type":"Point","coordinates":[38.72433,38.45586]},"properties":{"age_h":115.1,"recency":2,"frp":1.0,"confidence":"nominal","filter_reason":"anomalie_thermique_recurrente","site_name":null,"recurrent_days":9}},{"type":"Feature","geometry":{"type":"Point","coordinates":[33.19032,39.94691]},"properties":{"age_h":115.1,"recency":2,"frp":0.6,"confidence":"nominal","filter_reason":"anomalie_thermique_recurrente","site_name":null,"recurrent_days":10}},{"type":"Feature","geometry":{"type":"Point","coordinates":[41.2135,34.25731]},"properties":{"age_h":115.1,"recency":2,"frp":0.8,"confidence":"nominal","filter_reason":"anomalie_thermique_recurrente","site_name":null,"recurrent_days":11}},{"type":"Feature","geometry":{"type":"Point","coordinates":[40.8255,34.91203]},"properties":{"age_h":115.1,"recency":2,"frp":0.6,"confidence":"nominal","filter_reason":"anomalie_thermique_recurrente","site_name":null,"recurrent_days":8}},{"type":"Feature","geometry":{"type":"Point","coordinates":[37.94308,34.9156]},"properties":{"age_h":115.1,"recency":2,"frp":1.1,"confidence":"nominal","filter_reason":"anomalie_thermique_recurrente","site_name":null,"recurrent_days":8}},{"type":"Feature","geometry":{"type":"Point","coordinates":[40.44594,35.30115]},"properties":{"age_h":115.1,"recency":2,"frp":0.6,"confidence":"nominal","filter_reason":"anomalie_thermique_recurrente","site_name":null,"recurrent_days":9}},{"type":"Feature","geometry":{"type":"Point","coordinates":[33.7289,36.26345]},"properties":{"age_h":115.1,"recency":2,"frp":2.0,"confidence":"nominal","filter_reason":"anomalie_thermique_recurrente","site_name":null,"recurrent_days":16}},{"type":"Feature","geometry":{"type":"Point","coordinates":[24.42586,64.64664]},"properties":{"age_h":113.5,"recency":2,"frp":3.5,"confidence":"nominal","filter_reason":"anomalie_thermique_recurrente","site_name":null,"recurrent_days":12}},{"type":"Feature","geometry":{"type":"Point","coordinates":[21.28179,64.66405]},"properties":{"age_h":113.5,"recency":2,"frp":1.5,"confidence":"nominal","filter_reason":"anomalie_thermique_recurrente","site_name":null,"recurrent_days":8}},{"type":"Feature","geometry":{"type":"Point","coordinates":[22.22413,65.56228]},"properties":{"age_h":113.5,"recency":2,"frp":3.4,"confidence":"nominal","filter_reason":"anomalie_thermique_recurrente","site_name":null,"recurrent_days":12}},{"type":"Feature","geometry":{"type":"Point","coordinates":[22.22234,65.56346]},"properties":{"age_h":113.5,"recency":2,"frp":2.8,"confidence":"nominal","filter_reason":"anomalie_thermique_recurrente","site_name":null,"recurrent_days":17}},{"type":"Feature","geometry":{"type":"Point","coordinates":[22.21408,65.56463]},"properties":{"age_h":113.5,"recency":2,"frp":2.8,"confidence":"nominal","filter_reason":"anomalie_thermique_recurrente","site_name":null,"recurrent_days":12}},{"type":"Feature","geometry":{"type":"Point","coordinates":[24.18559,65.76589]},"properties":{"age_h":113.5,"recency":2,"frp":0.9,"confidence":"nominal","filter_reason":"anomalie_thermique_recurrente","site_name":null,"recurrent_days":11}},{"type":"Feature","geometry":{"type":"Point","coordinates":[24.18846,65.76904]},"properties":{"age_h":113.5,"recency":2,"frp":8.5,"confidence":"nominal","filter_reason":"anomalie_thermique_recurrente","site_name":null,"recurrent_days":15}},{"type":"Feature","geometry":{"type":"Point","coordinates":[39.63092,52.53787]},"properties":{"age_h":113.5,"recency":2,"frp":3.1,"confidence":"nominal","filter_reason":"anomalie_thermique_recurrente","site_name":null,"recurrent_days":8}},{"type":"Feature","geometry":{"type":"Point","coordinates":[39.62236,52.54131]},"properties":{"age_h":113.5,"recency":2,"frp":3.1,"confidence":"nominal","filter_reason":"anomalie_thermique_recurrente","site_name":null,"recurrent_days":8}},{"type":"Feature","geometry":{"type":"Point","coordinates":[39.62386,52.54381]},"properties":{"age_h":113.5,"recency":2,"frp":3.8,"confidence":"nominal","filter_reason":"anomalie_thermique_recurrente","site_name":null,"recurrent_days":8}},{"type":"Feature","geometry":{"type":"Point","coordinates":[39.57512,52.55538]},"properties":{"age_h":113.5,"recency":2,"frp":9.0,"confidence":"nominal","filter_reason":"anomalie_thermique_recurrente","site_name":null,"recurrent_days":11}},{"type":"Feature","geometry":{"type":"Point","coordinates":[39.57963,52.55846]},"properties":{"age_h":113.5,"recency":2,"frp":10.0,"confidence":"nominal","filter_reason":"anomalie_thermique_recurrente","site_name":null,"recurrent_days":14}},{"type":"Feature","geometry":{"type":"Point","coordinates":[9.14067,63.31896]},"properties":{"age_h":113.5,"recency":2,"frp":3.1,"confidence":"nominal","filter_reason":"anomalie_thermique_recurrente","site_name":null,"recurrent_days":9}},{"type":"Feature","geometry":{"type":"Point","coordinates":[24.70996,48.97425]},"properties":{"age_h":113.5,"recency":2,"frp":2.3,"confidence":"nominal","filter_reason":"anomalie_thermique_recurrente","site_name":null,"recurrent_days":12}},{"type":"Feature","geometry":{"type":"Point","coordinates":[18.66077,49.67879]},"properties":{"age_h":113.5,"recency":2,"frp":1.3,"confidence":"nominal","filter_reason":"anomalie_thermique_recurrente","site_name":null,"recurrent_days":9}},{"type":"Feature","geometry":{"type":"Point","coordinates":[19.28605,50.33567]},"properties":{"age_h":113.5,"recency":2,"frp":2.1,"confidence":"nominal","filter_reason":"anomalie_thermique_recurrente","site_name":null,"recurrent_days":8}},{"type":"Feature","geometry":{"type":"Point","coordinates":[19.28765,50.33906]},"properties":{"age_h":113.5,"recency":2,"frp":2.1,"confidence":"nominal","filter_reason":"anomalie_thermique_recurrente","site_name":null,"recurrent_days":10}},{"type":"Feature","geometry":{"type":"Point","coordinates":[19.33371,50.34119]},"properties":{"age_h":113.5,"recency":2,"frp":1.1,"confidence":"nominal","filter_reason":"anomalie_thermique_recurrente","site_name":null,"recurrent_days":13}},{"type":"Feature","geometry":{"type":"Point","coordinates":[18.14248,50.41588]},"properties":{"age_h":113.5,"recency":2,"frp":2.1,"confidence":"nominal","filter_reason":"anomalie_thermique_recurrente","site_name":null,"recurrent_days":10}},{"type":"Feature","geometry":{"type":"Point","coordinates":[18.14397,50.41919]},"properties":{"age_h":113.5,"recency":2,"frp":0.7,"confidence":"nominal","filter_reason":"anomalie_thermique_recurrente","site_name":null,"recurrent_days":10}},{"type":"Feature","geometry":{"type":"Point","coordinates":[21.67204,50.93129]},"properties":{"age_h":113.5,"recency":2,"frp":0.9,"confidence":"nominal","filter_reason":"anomalie_thermique_recurrente","site_name":null,"recurrent_days":11}},{"type":"Feature","geometry":{"type":"Point","coordinates":[3.81583,51.1666]},"properties":{"age_h":113.5,"recency":2,"frp":3.0,"confidence":"nominal","filter_reason":"anomalie_thermique_recurrente","site_name":null,"recurrent_days":14}},{"type":"Feature","geometry":{"type":"Point","coordinates":[3.80767,51.16706]},"properties":{"age_h":113.5,"recency":2,"frp":3.0,"confidence":"nominal","filter_reason":"anomalie_thermique_recurrente","site_name":null,"recurrent_days":12}},{"type":"Feature","geometry":{"type":"Point","coordinates":[3.80838,51.17184]},"properties":{"age_h":113.5,"recency":2,"frp":6.9,"confidence":"nominal","filter_reason":"anomalie_thermique_recurrente","site_name":null,"recurrent_days":18}},{"type":"Feature","geometry":{"type":"Point","coordinates":[3.80014,51.17231]},"properties":{"age_h":113.5,"recency":2,"frp":5.2,"confidence":"nominal","filter_reason":"anomalie_thermique_recurrente","site_name":null,"recurrent_days":12}},{"type":"Feature","geometry":{"type":"Point","coordinates":[3.80907,51.17662]},"properties":{"age_h":113.5,"recency":2,"frp":6.9,"confidence":"nominal","filter_reason":"anomalie_thermique_recurrente","site_name":null,"recurrent_days":12}},{"type":"Feature","geometry":{"type":"Point","coordinates":[6.71665,51.48129]},"properties":{"age_h":113.5,"recency":2,"frp":2.5,"confidence":"nominal","filter_reason":"anomalie_thermique_recurrente","site_name":null,"recurrent_days":12}},{"type":"Feature","geometry":{"type":"Point","coordinates":[6.71136,51.48598]},"properties":{"age_h":113.5,"recency":2,"frp":3.3,"confidence":"nominal","filter_reason":"anomalie_thermique_recurrente","site_name":null,"recurrent_days":16}},{"type":"Feature","geometry":{"type":"Point","coordinates":[6.70512,51.48648]},"properties":{"age_h":113.5,"recency":2,"frp":5.9,"confidence":"nominal","filter_reason":"anomalie_thermique_recurrente","site_name":null,"recurrent_days":12}},{"type":"Feature","geometry":{"type":"Point","coordinates":[15.98201,51.68534]},"properties":{"age_h":113.5,"recency":2,"frp":2.0,"confidence":"nominal","filter_reason":"anomalie_thermique_recurrente","site_name":null,"recurrent_days":10}},{"type":"Feature","geometry":{"type":"Point","coordinates":[15.97791,51.68945]},"properties":{"age_h":113.5,"recency":2,"frp":2.0,"confidence":"nominal","filter_reason":"anomalie_thermique_recurrente","site_name":null,"recurrent_days":8}},{"type":"Feature","geometry":{"type":"Point","coordinates":[10.40127,52.15363]},"properties":{"age_h":113.5,"recency":2,"frp":0.8,"confidence":"nominal","filter_reason":"anomalie_thermique_recurrente","site_name":null,"recurrent_days":17}},{"type":"Feature","geometry":{"type":"Point","coordinates":[4.58817,52.48226]},"properties":{"age_h":113.5,"recency":2,"frp":2.2,"confidence":"nominal","filter_reason":"anomalie_thermique_recurrente","site_name":null,"recurrent_days":10}},{"type":"Feature","geometry":{"type":"Point","coordinates":[4.61442,52.49486]},"properties":{"age_h":113.5,"recency":2,"frp":1.7,"confidence":"nominal","filter_reason":"anomalie_thermique_recurrente","site_name":null,"recurrent_days":14}},{"type":"Feature","geometry":{"type":"Point","coordinates":[8.67401,53.13928]},"properties":{"age_h":113.5,"recency":2,"frp":3.0,"confidence":"nominal","filter_reason":"anomalie_thermique_recurrente","site_name":null,"recurrent_days":9}},{"type":"Feature","geometry":{"type":"Point","coordinates":[19.72291,41.55087]},"properties":{"age_h":113.4,"recency":2,"frp":0.8,"confidence":"nominal","filter_reason":"anomalie_thermique_recurrente","site_name":null,"recurrent_days":10}},{"type":"Feature","geometry":{"type":"Point","coordinates":[4.88939,43.43828]},"properties":{"age_h":113.4,"recency":2,"frp":2.8,"confidence":"nominal","filter_reason":"site_industriel_connu","site_name":"ArcelorMittal Fos-sur-Mer","recurrent_days":16}},{"type":"Feature","geometry":{"type":"Point","coordinates":[4.87968,43.44341]},"properties":{"age_h":113.4,"recency":2,"frp":2.1,"confidence":"nominal","filter_reason":"site_industriel_connu","site_name":"ArcelorMittal Fos-sur-Mer","recurrent_days":4}},{"type":"Feature","geometry":{"type":"Point","coordinates":[4.89607,43.44613]},"properties":{"age_h":113.4,"recency":2,"frp":2.7,"confidence":"nominal","filter_reason":"anomalie_thermique_recurrente","site_name":null,"recurrent_days":19}},{"type":"Feature","geometry":{"type":"Point","coordinates":[16.43881,43.54255]},"properties":{"age_h":113.4,"recency":2,"frp":0.8,"confidence":"nominal","filter_reason":"anomalie_thermique_recurrente","site_name":null,"recurrent_days":11}},{"type":"Feature","geometry":{"type":"Point","coordinates":[20.97723,44.59851]},"properties":{"age_h":113.4,"recency":2,"frp":0.8,"confidence":"nominal","filter_reason":"anomalie_thermique_recurrente","site_name":null,"recurrent_days":10}},{"type":"Feature","geometry":{"type":"Point","coordinates":[25.41772,45.12196]},"properties":{"age_h":113.4,"recency":2,"frp":1.2,"confidence":"nominal","filter_reason":"anomalie_thermique_recurrente","site_name":null,"recurrent_days":13}},{"type":"Feature","geometry":{"type":"Point","coordinates":[9.93909,45.14407]},"properties":{"age_h":113.4,"recency":2,"frp":2.8,"confidence":"nominal","filter_reason":"anomalie_thermique_recurrente","site_name":null,"recurrent_days":10}},{"type":"Feature","geometry":{"type":"Point","coordinates":[9.94,45.14751]},"properties":{"age_h":113.4,"recency":2,"frp":3.6,"confidence":"nominal","filter_reason":"anomalie_thermique_recurrente","site_name":null,"recurrent_days":20}},{"type":"Feature","geometry":{"type":"Point","coordinates":[31.67071,45.25613]},"properties":{"age_h":113.4,"recency":2,"frp":4.5,"confidence":"nominal","filter_reason":"anomalie_thermique_recurrente","site_name":null,"recurrent_days":16}},{"type":"Feature","geometry":{"type":"Point","coordinates":[11.94728,45.38103]},"properties":{"age_h":113.4,"recency":2,"frp":1.7,"confidence":"nominal","filter_reason":"anomalie_thermique_recurrente","site_name":null,"recurrent_days":12}},{"type":"Feature","geometry":{"type":"Point","coordinates":[10.45634,45.46037]},"properties":{"age_h":113.4,"recency":2,"frp":1.2,"confidence":"nominal","filter_reason":"anomalie_thermique_recurrente","site_name":null,"recurrent_days":12}},{"type":"Feature","geometry":{"type":"Point","coordinates":[10.20944,45.47876]},"properties":{"age_h":113.4,"recency":2,"frp":6.2,"confidence":"nominal","filter_reason":"anomalie_thermique_recurrente","site_name":null,"recurrent_days":14}},{"type":"Feature","geometry":{"type":"Point","coordinates":[10.24524,45.50946]},"properties":{"age_h":113.4,"recency":2,"frp":1.0,"confidence":"nominal","filter_reason":"anomalie_thermique_recurrente","site_name":null,"recurrent_days":16}},{"type":"Feature","geometry":{"type":"Point","coordinates":[11.49793,45.52057]},"properties":{"age_h":113.4,"recency":2,"frp":1.1,"confidence":"nominal","filter_reason":"anomalie_thermique_recurrente","site_name":null,"recurrent_days":8}},{"type":"Feature","geometry":{"type":"Point","coordinates":[25.27878,45.95103]},"properties":{"age_h":113.4,"recency":2,"frp":1.9,"confidence":"nominal","filter_reason":"anomalie_thermique_recurrente","site_name":null,"recurrent_days":8}},{"type":"Feature","geometry":{"type":"Point","coordinates":[14.34141,48.27448]},"properties":{"age_h":113.4,"recency":2,"frp":9.8,"confidence":"nominal","filter_reason":"anomalie_thermique_recurrente","site_name":null,"recurrent_days":16}},{"type":"Feature","geometry":{"type":"Point","coordinates":[14.33632,48.27528]},"properties":{"age_h":113.4,"recency":2,"frp":9.8,"confidence":"nominal","filter_reason":"anomalie_thermique_recurrente","site_name":null,"recurrent_days":21}},{"type":"Feature","geometry":{"type":"Point","coordinates":[14.33123,48.2761]},"properties":{"age_h":113.4,"recency":2,"frp":0.6,"confidence":"nominal","filter_reason":"anomalie_thermique_recurrente","site_name":null,"recurrent_days":11}},{"type":"Feature","geometry":{"type":"Point","coordinates":[14.32614,48.2769]},"properties":{"age_h":113.4,"recency":2,"frp":0.6,"confidence":"nominal","filter_reason":"anomalie_thermique_recurrente","site_name":null,"recurrent_days":10}},{"type":"Feature","geometry":{"type":"Point","coordinates":[14.34257,48.27773]},"properties":{"age_h":113.4,"recency":2,"frp":9.8,"confidence":"nominal","filter_reason":"anomalie_thermique_recurrente","site_name":null,"recurrent_days":15}},{"type":"Feature","geometry":{"type":"Point","coordinates":[14.33748,48.27854]},"properties":{"age_h":113.4,"recency":2,"frp":9.8,"confidence":"nominal","filter_reason":"anomalie_thermique_recurrente","site_name":null,"recurrent_days":20}},{"type":"Feature","geometry":{"type":"Point","coordinates":[14.33239,48.27935]},"properties":{"age_h":113.4,"recency":2,"frp":0.6,"confidence":"nominal","filter_reason":"anomalie_thermique_recurrente","site_name":null,"recurrent_days":15}},{"type":"Feature","geometry":{"type":"Point","coordinates":[14.32961,48.28666]},"properties":{"age_h":113.4,"recency":2,"frp":2.2,"confidence":"nominal","filter_reason":"anomalie_thermique_recurrente","site_name":null,"recurrent_days":10}},{"type":"Feature","geometry":{"type":"Point","coordinates":[17.1929,48.45799]},"properties":{"age_h":113.4,"recency":2,"frp":1.3,"confidence":"nominal","filter_reason":"anomalie_thermique_recurrente","site_name":null,"recurrent_days":9}},{"type":"Feature","geometry":{"type":"Point","coordinates":[7.82278,48.59792]},"properties":{"age_h":113.4,"recency":2,"frp":1.3,"confidence":"nominal","filter_reason":"anomalie_thermique_recurrente","site_name":null,"recurrent_days":11}},{"type":"Feature","geometry":{"type":"Point","coordinates":[21.17666,48.60519]},"properties":{"age_h":113.4,"recency":2,"frp":5.0,"confidence":"nominal","filter_reason":"anomalie_thermique_recurrente","site_name":null,"recurrent_days":18}},{"type":"Feature","geometry":{"type":"Point","coordinates":[21.1785,48.60889]},"properties":{"age_h":113.4,"recency":2,"frp":5.0,"confidence":"nominal","filter_reason":"anomalie_thermique_recurrente","site_name":null,"recurrent_days":13}},{"type":"Feature","geometry":{"type":"Point","coordinates":[2.28176,51.03846]},"properties":{"age_h":113.4,"recency":2,"frp":0.5,"confidence":"nominal","filter_reason":"site_industriel_connu","site_name":"ArcelorMittal Dunkerque","recurrent_days":5}},{"type":"Feature","geometry":{"type":"Point","coordinates":[2.27699,51.03866]},"properties":{"age_h":113.4,"recency":2,"frp":0.5,"confidence":"nominal","filter_reason":"site_industriel_connu","site_name":"ArcelorMittal Dunkerque","recurrent_days":2}},{"type":"Feature","geometry":{"type":"Point","coordinates":[2.29662,51.04293]},"properties":{"age_h":113.4,"recency":2,"frp":1.7,"confidence":"nominal","filter_reason":"anomalie_thermique_recurrente","site_name":null,"recurrent_days":13}},{"type":"Feature","geometry":{"type":"Point","coordinates":[2.29184,51.04314]},"properties":{"age_h":113.4,"recency":2,"frp":1.4,"confidence":"nominal","filter_reason":"anomalie_thermique_recurrente","site_name":null,"recurrent_days":11}},{"type":"Feature","geometry":{"type":"Point","coordinates":[4.47269,35.7092]},"properties":{"age_h":113.4,"recency":2,"frp":1.0,"confidence":"nominal","filter_reason":"anomalie_thermique_recurrente","site_name":null,"recurrent_days":9}},{"type":"Feature","geometry":{"type":"Point","coordinates":[6.8046,36.08646]},"properties":{"age_h":113.4,"recency":2,"frp":1.6,"confidence":"nominal","filter_reason":"anomalie_thermique_recurrente","site_name":null,"recurrent_days":8}},{"type":"Feature","geometry":{"type":"Point","coordinates":[1.2425,36.12567]},"properties":{"age_h":113.4,"recency":2,"frp":0.7,"confidence":"nominal","filter_reason":"anomalie_thermique_recurrente","site_name":null,"recurrent_days":8}},{"type":"Feature","geometry":{"type":"Point","coordinates":[5.48045,36.33585]},"properties":{"age_h":113.4,"recency":2,"frp":0.7,"confidence":"nominal","filter_reason":"anomalie_thermique_recurrente","site_name":null,"recurrent_days":17}},{"type":"Feature","geometry":{"type":"Point","coordinates":[6.62143,36.4307]},"properties":{"age_h":113.4,"recency":2,"frp":1.6,"confidence":"nominal","filter_reason":"anomalie_thermique_recurrente","site_name":null,"recurrent_days":9}},{"type":"Feature","geometry":{"type":"Point","coordinates":[6.25378,36.74441]},"properties":{"age_h":113.4,"recency":2,"frp":1.0,"confidence":"nominal","filter_reason":"anomalie_thermique_recurrente","site_name":null,"recurrent_days":25}},{"type":"Feature","geometry":{"type":"Point","coordinates":[6.24862,36.74506]},"properties":{"age_h":113.4,"recency":2,"frp":1.0,"confidence":"nominal","filter_reason":"anomalie_thermique_recurrente","site_name":null,"recurrent_days":11}},{"type":"Feature","geometry":{"type":"Point","coordinates":[6.98213,36.87069]},"properties":{"age_h":113.4,"recency":2,"frp":2.5,"confidence":"nominal","filter_reason":"anomalie_thermique_recurrente","site_name":null,"recurrent_days":18}},{"type":"Feature","geometry":{"type":"Point","coordinates":[6.94351,36.87935]},"properties":{"age_h":113.4,"recency":2,"frp":6.9,"confidence":"nominal","filter_reason":"anomalie_thermique_recurrente","site_name":null,"recurrent_days":11}},{"type":"Feature","geometry":{"type":"Point","coordinates":[15.06059,37.74517]},"properties":{"age_h":113.4,"recency":2,"frp":2.8,"confidence":"nominal","filter_reason":"anomalie_thermique_recurrente","site_name":null,"recurrent_days":8}},{"type":"Feature","geometry":{"type":"Point","coordinates":[15.04191,37.74881]},"properties":{"age_h":113.4,"recency":2,"frp":2.1,"confidence":"nominal","filter_reason":"anomalie_thermique_recurrente","site_name":null,"recurrent_days":12}},{"type":"Feature","geometry":{"type":"Point","coordinates":[15.20978,38.79324]},"properties":{"age_h":113.4,"recency":2,"frp":12.2,"confidence":"nominal","filter_reason":"anomalie_thermique_recurrente","site_name":null,"recurrent_days":16}},{"type":"Feature","geometry":{"type":"Point","coordinates":[12.71568,42.01005]},"properties":{"age_h":113.4,"recency":2,"frp":0.5,"confidence":"nominal","filter_reason":"anomalie_thermique_recurrente","site_name":null,"recurrent_days":13}},{"type":"Feature","geometry":{"type":"Point","coordinates":[2.05808,34.43811]},"properties":{"age_h":113.4,"recency":2,"frp":1.7,"confidence":"nominal","filter_reason":"anomalie_thermique_recurrente","site_name":null,"recurrent_days":15}},{"type":"Feature","geometry":{"type":"Point","coordinates":[-2.3512,34.59923]},"properties":{"age_h":113.4,"recency":2,"frp":0.7,"confidence":"nominal","filter_reason":"anomalie_thermique_recurrente","site_name":null,"recurrent_days":9}},{"type":"Feature","geometry":{"type":"Point","coordinates":[5.71313,34.98078]},"properties":{"age_h":113.4,"recency":2,"frp":1.7,"confidence":"nominal","filter_reason":"anomalie_thermique_recurrente","site_name":null,"recurrent_days":17}},{"type":"Feature","geometry":{"type":"Point","coordinates":[-0.24387,35.80526]},"properties":{"age_h":113.4,"recency":2,"frp":1.3,"confidence":"nominal","filter_reason":"anomalie_thermique_recurrente","site_name":null,"recurrent_days":12}},{"type":"Feature","geometry":{"type":"Point","coordinates":[-0.2582,35.80634]},"properties":{"age_h":113.4,"recency":2,"frp":3.2,"confidence":"nominal","filter_reason":"anomalie_thermique_recurrente","site_name":null,"recurrent_days":11}},{"type":"Feature","geometry":{"type":"Point","coordinates":[-0.2553,35.80964]},"properties":{"age_h":113.4,"recency":2,"frp":5.2,"confidence":"nominal","filter_reason":"anomalie_thermique_recurrente","site_name":null,"recurrent_days":19}},{"type":"Feature","geometry":{"type":"Point","coordinates":[-0.25896,35.8099]},"properties":{"age_h":113.4,"recency":2,"frp":4.7,"confidence":"nominal","filter_reason":"anomalie_thermique_recurrente","site_name":null,"recurrent_days":14}},{"type":"Feature","geometry":{"type":"Point","coordinates":[-0.25426,35.81115]},"properties":{"age_h":113.4,"recency":2,"frp":4.5,"confidence":"nominal","filter_reason":"anomalie_thermique_recurrente","site_name":null,"recurrent_days":19}},{"type":"Feature","geometry":{"type":"Point","coordinates":[-0.25782,35.81142]},"properties":{"age_h":113.4,"recency":2,"frp":3.2,"confidence":"nominal","filter_reason":"anomalie_thermique_recurrente","site_name":null,"recurrent_days":14}},{"type":"Feature","geometry":{"type":"Point","coordinates":[-0.27563,35.81277]},"properties":{"age_h":113.4,"recency":2,"frp":0.8,"confidence":"nominal","filter_reason":"anomalie_thermique_recurrente","site_name":null,"recurrent_days":14}},{"type":"Feature","geometry":{"type":"Point","coordinates":[-0.27286,35.81598]},"properties":{"age_h":113.4,"recency":2,"frp":0.9,"confidence":"nominal","filter_reason":"anomalie_thermique_recurrente","site_name":null,"recurrent_days":14}},{"type":"Feature","geometry":{"type":"Point","coordinates":[24.4272,64.64498]},"properties":{"age_h":111.9,"recency":2,"frp":1.3,"confidence":"nominal","filter_reason":"anomalie_thermique_recurrente","site_name":null,"recurrent_days":12}},{"type":"Feature","geometry":{"type":"Point","coordinates":[22.22209,65.56397]},"properties":{"age_h":111.9,"recency":2,"frp":5.2,"confidence":"nominal","filter_reason":"anomalie_thermique_recurrente","site_name":null,"recurrent_days":17}},{"type":"Feature","geometry":{"type":"Point","coordinates":[24.1902,65.76694]},"properties":{"age_h":111.9,"recency":2,"frp":1.3,"confidence":"nominal","filter_reason":"anomalie_thermique_recurrente","site_name":null,"recurrent_days":13}},{"type":"Feature","geometry":{"type":"Point","coordinates":[24.18501,65.76897]},"properties":{"age_h":111.9,"recency":2,"frp":2.3,"confidence":"nominal","filter_reason":"anomalie_thermique_recurrente","site_name":null,"recurrent_days":10}},{"type":"Feature","geometry":{"type":"Point","coordinates":[9.14144,63.31884]},"properties":{"age_h":111.8,"recency":2,"frp":2.4,"confidence":"nominal","filter_reason":"anomalie_thermique_recurrente","site_name":null,"recurrent_days":9}},{"type":"Feature","geometry":{"type":"Point","coordinates":[6.70609,51.36896]},"properties":{"age_h":111.8,"recency":2,"frp":1.1,"confidence":"nominal","filter_reason":"anomalie_thermique_recurrente","site_name":null,"recurrent_days":11}},{"type":"Feature","geometry":{"type":"Point","coordinates":[6.70405,51.48307]},"properties":{"age_h":111.8,"recency":2,"frp":1.3,"confidence":"nominal","filter_reason":"anomalie_thermique_recurrente","site_name":null,"recurrent_days":14}},{"type":"Feature","geometry":{"type":"Point","coordinates":[6.69895,51.48471]},"properties":{"age_h":111.8,"recency":2,"frp":1.3,"confidence":"nominal","filter_reason":"anomalie_thermique_recurrente","site_name":null,"recurrent_days":8}},{"type":"Feature","geometry":{"type":"Point","coordinates":[6.71844,51.48471]},"properties":{"age_h":111.8,"recency":2,"frp":2.5,"confidence":"nominal","filter_reason":"anomalie_thermique_recurrente","site_name":null,"recurrent_days":12}},{"type":"Feature","geometry":{"type":"Point","coordinates":[8.04578,52.21068]},"properties":{"age_h":111.8,"recency":2,"frp":0.8,"confidence":"nominal","filter_reason":"anomalie_thermique_recurrente","site_name":null,"recurrent_days":11}},{"type":"Feature","geometry":{"type":"Point","coordinates":[7.31887,52.46598]},"properties":{"age_h":111.8,"recency":2,"frp":1.2,"confidence":"nominal","filter_reason":"anomalie_thermique_recurrente","site_name":null,"recurrent_days":12}},{"type":"Feature","geometry":{"type":"Point","coordinates":[4.59,52.48589]},"properties":{"age_h":111.8,"recency":2,"frp":3.9,"confidence":"nominal","filter_reason":"anomalie_thermique_recurrente","site_name":null,"recurrent_days":11}},{"type":"Feature","geometry":{"type":"Point","coordinates":[9.90415,53.52081]},"properties":{"age_h":111.8,"recency":2,"frp":1.5,"confidence":"nominal","filter_reason":"anomalie_thermique_recurrente","site_name":null,"recurrent_days":9}},{"type":"Feature","geometry":{"type":"Point","coordinates":[9.9741,57.06047]},"properties":{"age_h":111.8,"recency":2,"frp":0.5,"confidence":"nominal","filter_reason":"anomalie_thermique_recurrente","site_name":null,"recurrent_days":10}},{"type":"Feature","geometry":{"type":"Point","coordinates":[9.97408,57.06148]},"properties":{"age_h":111.8,"recency":2,"frp":0.6,"confidence":"nominal","filter_reason":"anomalie_thermique_recurrente","site_name":null,"recurrent_days":10}},{"type":"Feature","geometry":{"type":"Point","coordinates":[5.36868,50.57116]},"properties":{"age_h":111.8,"recency":2,"frp":0.4,"confidence":"nominal","filter_reason":"anomalie_thermique_recurrente","site_name":null,"recurrent_days":8}},{"type":"Feature","geometry":{"type":"Point","coordinates":[3.80645,51.16608]},"properties":{"age_h":111.8,"recency":2,"frp":3.2,"confidence":"nominal","filter_reason":"anomalie_thermique_recurrente","site_name":null,"recurrent_days":12}},{"type":"Feature","geometry":{"type":"Point","coordinates":[3.81805,51.16823]},"properties":{"age_h":111.8,"recency":2,"frp":1.8,"confidence":"nominal","filter_reason":"anomalie_thermique_recurrente","site_name":null,"recurrent_days":9}},{"type":"Feature","geometry":{"type":"Point","coordinates":[3.80978,51.17064]},"properties":{"age_h":111.8,"recency":2,"frp":3.2,"confidence":"nominal","filter_reason":"anomalie_thermique_recurrente","site_name":null,"recurrent_days":18}},{"type":"Feature","geometry":{"type":"Point","coordinates":[3.80157,51.17302]},"properties":{"age_h":111.8,"recency":2,"frp":3.2,"confidence":"nominal","filter_reason":"anomalie_thermique_recurrente","site_name":null,"recurrent_days":12}},{"type":"Feature","geometry":{"type":"Point","coordinates":[3.81312,51.1752]},"properties":{"age_h":111.8,"recency":2,"frp":6.1,"confidence":"nominal","filter_reason":"anomalie_thermique_recurrente","site_name":null,"recurrent_days":15}},{"type":"Feature","geometry":{"type":"Point","coordinates":[4.89223,43.43722]},"properties":{"age_h":111.7,"recency":2,"frp":2.2,"confidence":"nominal","filter_reason":"site_industriel_connu","site_name":"ArcelorMittal Fos-sur-Mer","recurrent_days":10}},{"type":"Feature","geometry":{"type":"Point","coordinates":[4.8875,43.43819]},"properties":{"age_h":111.7,"recency":2,"frp":1.5,"confidence":"nominal","filter_reason":"site_industriel_connu","site_name":"ArcelorMittal Fos-sur-Mer","recurrent_days":9}},{"type":"Feature","geometry":{"type":"Point","coordinates":[4.88522,43.43954]},"properties":{"age_h":111.7,"recency":2,"frp":1.4,"confidence":"nominal","filter_reason":"site_industriel_connu","site_name":"ArcelorMittal Fos-sur-Mer","recurrent_days":9}},{"type":"Feature","geometry":{"type":"Point","coordinates":[4.88047,43.44056]},"properties":{"age_h":111.7,"recency":2,"frp":1.5,"confidence":"nominal","filter_reason":"site_industriel_connu","site_name":"ArcelorMittal Fos-sur-Mer","recurrent_days":14}},{"type":"Feature","geometry":{"type":"Point","coordinates":[4.87816,43.44188]},"properties":{"age_h":111.7,"recency":2,"frp":1.4,"confidence":"nominal","filter_reason":"site_industriel_connu","site_name":"ArcelorMittal Fos-sur-Mer","recurrent_days":4}},{"type":"Feature","geometry":{"type":"Point","coordinates":[-2.34766,34.59856]},"properties":{"age_h":111.7,"recency":2,"frp":0.7,"confidence":"nominal","filter_reason":"anomalie_thermique_recurrente","site_name":null,"recurrent_days":10}},{"type":"Feature","geometry":{"type":"Point","coordinates":[-0.25537,35.80445]},"properties":{"age_h":111.7,"recency":2,"frp":1.1,"confidence":"nominal","filter_reason":"anomalie_thermique_recurrente","site_name":null,"recurrent_days":21}},{"type":"Feature","geometry":{"type":"Point","coordinates":[-0.25246,35.80587]},"properties":{"age_h":111.7,"recency":2,"frp":2.5,"confidence":"nominal","filter_reason":"anomalie_thermique_recurrente","site_name":null,"recurrent_days":21}},{"type":"Feature","geometry":{"type":"Point","coordinates":[-0.25866,35.80772]},"properties":{"age_h":111.7,"recency":2,"frp":3.6,"confidence":"nominal","filter_reason":"anomalie_thermique_recurrente","site_name":null,"recurrent_days":11}},{"type":"Feature","geometry":{"type":"Point","coordinates":[-0.25208,35.81039]},"properties":{"age_h":111.7,"recency":2,"frp":3.7,"confidence":"nominal","filter_reason":"anomalie_thermique_recurrente","site_name":null,"recurrent_days":19}},{"type":"Feature","geometry":{"type":"Point","coordinates":[-0.27067,35.81584]},"properties":{"age_h":111.7,"recency":2,"frp":1.9,"confidence":"nominal","filter_reason":"anomalie_thermique_recurrente","site_name":null,"recurrent_days":16}},{"type":"Feature","geometry":{"type":"Point","coordinates":[1.24094,36.13016]},"properties":{"age_h":111.7,"recency":2,"frp":1.5,"confidence":"nominal","filter_reason":"anomalie_thermique_recurrente","site_name":null,"recurrent_days":10}},{"type":"Feature","geometry":{"type":"Point","coordinates":[37.93327,51.13616]},"properties":{"age_h":105.3,"recency":2,"frp":4.8,"confidence":"nominal","filter_reason":"anomalie_thermique_recurrente","site_name":null,"recurrent_days":10}},{"type":"Feature","geometry":{"type":"Point","coordinates":[37.76783,51.25659]},"properties":{"age_h":105.3,"recency":2,"frp":2.0,"confidence":"nominal","filter_reason":"anomalie_thermique_recurrente","site_name":null,"recurrent_days":10}},{"type":"Feature","geometry":{"type":"Point","coordinates":[39.62936,52.53585]},"properties":{"age_h":105.3,"recency":2,"frp":12.1,"confidence":"nominal","filter_reason":"anomalie_thermique_recurrente","site_name":null,"recurrent_days":16}},{"type":"Feature","geometry":{"type":"Point","coordinates":[39.57254,52.55588]},"properties":{"age_h":105.3,"recency":2,"frp":6.0,"confidence":"nominal","filter_reason":"anomalie_thermique_recurrente","site_name":null,"recurrent_days":11}},{"type":"Feature","geometry":{"type":"Point","coordinates":[39.57967,52.55779]},"properties":{"age_h":105.3,"recency":2,"frp":6.0,"confidence":"nominal","filter_reason":"anomalie_thermique_recurrente","site_name":null,"recurrent_days":14}},{"type":"Feature","geometry":{"type":"Point","coordinates":[34.14697,59.52918]},"properties":{"age_h":105.3,"recency":2,"frp":4.9,"confidence":"nominal","filter_reason":"anomalie_thermique_recurrente","site_name":null,"recurrent_days":11}},{"type":"Feature","geometry":{"type":"Point","coordinates":[22.22105,65.56081]},"properties":{"age_h":105.2,"recency":2,"frp":4.9,"confidence":"nominal","filter_reason":"anomalie_thermique_recurrente","site_name":null,"recurrent_days":17}},{"type":"Feature","geometry":{"type":"Point","coordinates":[24.19132,65.76565]},"properties":{"age_h":105.2,"recency":2,"frp":4.9,"confidence":"nominal","filter_reason":"anomalie_thermique_recurrente","site_name":null,"recurrent_days":13}},{"type":"Feature","geometry":{"type":"Point","coordinates":[31.67478,45.25821]},"properties":{"age_h":103.7,"recency":2,"frp":3.7,"confidence":"nominal","filter_reason":"anomalie_thermique_recurrente","site_name":null,"recurrent_days":19}},{"type":"Feature","geometry":{"type":"Point","coordinates":[14.33811,48.27544]},"properties":{"age_h":103.6,"recency":2,"frp":4.7,"confidence":"nominal","filter_reason":"anomalie_thermique_recurrente","site_name":null,"recurrent_days":21}},{"type":"Feature","geometry":{"type":"Point","coordinates":[14.34243,48.2767]},"properties":{"age_h":103.6,"recency":2,"frp":4.7,"confidence":"nominal","filter_reason":"anomalie_thermique_recurrente","site_name":null,"recurrent_days":15}},{"type":"Feature","geometry":{"type":"Point","coordinates":[19.28969,50.33632]},"properties":{"age_h":103.6,"recency":2,"frp":7.0,"confidence":"nominal","filter_reason":"anomalie_thermique_recurrente","site_name":null,"recurrent_days":15}},{"type":"Feature","geometry":{"type":"Point","coordinates":[29.34385,51.89167]},"properties":{"age_h":103.6,"recency":2,"frp":1.7,"confidence":"nominal","filter_reason":"anomalie_thermique_recurrente","site_name":null,"recurrent_days":8}},{"type":"Feature","geometry":{"type":"Point","coordinates":[39.6331,52.53677]},"properties":{"age_h":103.6,"recency":2,"frp":2.1,"confidence":"nominal","filter_reason":"anomalie_thermique_recurrente","site_name":null,"recurrent_days":9}},{"type":"Feature","geometry":{"type":"Point","coordinates":[39.63508,52.5453]},"properties":{"age_h":103.6,"recency":2,"frp":4.3,"confidence":"nominal","filter_reason":"anomalie_thermique_recurrente","site_name":null,"recurrent_days":15}},{"type":"Feature","geometry":{"type":"Point","coordinates":[39.63691,52.54711]},"properties":{"age_h":103.6,"recency":2,"frp":4.5,"confidence":"nominal","filter_reason":"anomalie_thermique_recurrente","site_name":null,"recurrent_days":13}},{"type":"Feature","geometry":{"type":"Point","coordinates":[39.61659,52.55642]},"properties":{"age_h":103.6,"recency":2,"frp":2.7,"confidence":"nominal","filter_reason":"anomalie_thermique_recurrente","site_name":null,"recurrent_days":9}},{"type":"Feature","geometry":{"type":"Point","coordinates":[39.57589,52.55828]},"properties":{"age_h":103.6,"recency":2,"frp":2.5,"confidence":"nominal","filter_reason":"anomalie_thermique_recurrente","site_name":null,"recurrent_days":14}},{"type":"Feature","geometry":{"type":"Point","coordinates":[29.99106,52.84776]},"properties":{"age_h":103.6,"recency":2,"frp":6.3,"confidence":"nominal","filter_reason":"anomalie_thermique_recurrente","site_name":null,"recurrent_days":16}},{"type":"Feature","geometry":{"type":"Point","coordinates":[10.40785,52.15673]},"properties":{"age_h":103.6,"recency":2,"frp":6.0,"confidence":"nominal","filter_reason":"anomalie_thermique_recurrente","site_name":null,"recurrent_days":13}},{"type":"Feature","geometry":{"type":"Point","coordinates":[28.45995,59.38523]},"properties":{"age_h":103.6,"recency":2,"frp":2.3,"confidence":"nominal","filter_reason":"anomalie_thermique_recurrente","site_name":null,"recurrent_days":10}},{"type":"Feature","geometry":{"type":"Point","coordinates":[24.42626,64.64513]},"properties":{"age_h":103.6,"recency":2,"frp":4.1,"confidence":"nominal","filter_reason":"anomalie_thermique_recurrente","site_name":null,"recurrent_days":12}},{"type":"Feature","geometry":{"type":"Point","coordinates":[24.19226,65.76848]},"properties":{"age_h":103.6,"recency":2,"frp":4.3,"confidence":"nominal","filter_reason":"anomalie_thermique_recurrente","site_name":null,"recurrent_days":10}},{"type":"Feature","geometry":{"type":"Point","coordinates":[-0.25613,35.8094]},"properties":{"age_h":102.0,"recency":2,"frp":1.6,"confidence":"nominal","filter_reason":"anomalie_thermique_recurrente","site_name":null,"recurrent_days":14}},{"type":"Feature","geometry":{"type":"Point","coordinates":[6.98316,36.86702]},"properties":{"age_h":102.0,"recency":2,"frp":4.8,"confidence":"nominal","filter_reason":"anomalie_thermique_recurrente","site_name":null,"recurrent_days":11}},{"type":"Feature","geometry":{"type":"Point","coordinates":[6.94518,36.87822]},"properties":{"age_h":102.0,"recency":2,"frp":3.0,"confidence":"nominal","filter_reason":"anomalie_thermique_recurrente","site_name":null,"recurrent_days":13}},{"type":"Feature","geometry":{"type":"Point","coordinates":[14.33998,48.27316]},"properties":{"age_h":102.0,"recency":2,"frp":12.8,"confidence":"nominal","filter_reason":"anomalie_thermique_recurrente","site_name":null,"recurrent_days":21}},{"type":"Feature","geometry":{"type":"Point","coordinates":[14.33888,48.27508]},"properties":{"age_h":102.0,"recency":2,"frp":10.1,"confidence":"nominal","filter_reason":"anomalie_thermique_recurrente","site_name":null,"recurrent_days":21}},{"type":"Feature","geometry":{"type":"Point","coordinates":[7.82131,48.59726]},"properties":{"age_h":102.0,"recency":2,"frp":2.9,"confidence":"nominal","filter_reason":"anomalie_thermique_recurrente","site_name":null,"recurrent_days":11}},{"type":"Feature","geometry":{"type":"Point","coordinates":[15.98077,51.68869]},"properties":{"age_h":101.9,"recency":2,"frp":4.1,"confidence":"nominal","filter_reason":"anomalie_thermique_recurrente","site_name":null,"recurrent_days":10}},{"type":"Feature","geometry":{"type":"Point","coordinates":[10.40295,52.15018]},"properties":{"age_h":101.9,"recency":2,"frp":6.4,"confidence":"nominal","filter_reason":"anomalie_thermique_recurrente","site_name":null,"recurrent_days":13}},{"type":"Feature","geometry":{"type":"Point","coordinates":[10.40592,52.15215]},"properties":{"age_h":101.9,"recency":2,"frp":4.8,"confidence":"nominal","filter_reason":"anomalie_thermique_recurrente","site_name":null,"recurrent_days":15}},{"type":"Feature","geometry":{"type":"Point","coordinates":[10.40863,52.15491]},"properties":{"age_h":101.9,"recency":2,"frp":5.0,"confidence":"nominal","filter_reason":"anomalie_thermique_recurrente","site_name":null,"recurrent_days":10}},{"type":"Feature","geometry":{"type":"Point","coordinates":[10.40512,52.15641]},"properties":{"age_h":101.9,"recency":2,"frp":4.8,"confidence":"nominal","filter_reason":"anomalie_thermique_recurrente","site_name":null,"recurrent_days":13}},{"type":"Feature","geometry":{"type":"Point","coordinates":[10.41161,52.15691]},"properties":{"age_h":101.9,"recency":2,"frp":4.8,"confidence":"nominal","filter_reason":"anomalie_thermique_recurrente","site_name":null,"recurrent_days":14}},{"type":"Feature","geometry":{"type":"Point","coordinates":[37.78861,59.13202]},"properties":{"age_h":91.5,"recency":2,"frp":23.8,"confidence":"nominal","filter_reason":"anomalie_thermique_recurrente","site_name":null,"recurrent_days":10}},{"type":"Feature","geometry":{"type":"Point","coordinates":[37.79177,59.1335]},"properties":{"age_h":91.5,"recency":2,"frp":44.1,"confidence":"nominal","filter_reason":"anomalie_thermique_recurrente","site_name":null,"recurrent_days":10}},{"type":"Feature","geometry":{"type":"Point","coordinates":[37.83623,59.15158]},"properties":{"age_h":91.5,"recency":2,"frp":1.4,"confidence":"nominal","filter_reason":"anomalie_thermique_recurrente","site_name":null,"recurrent_days":8}},{"type":"Feature","geometry":{"type":"Point","coordinates":[34.1426,59.52913]},"properties":{"age_h":91.5,"recency":2,"frp":2.3,"confidence":"nominal","filter_reason":"anomalie_thermique_recurrente","site_name":null,"recurrent_days":8}},{"type":"Feature","geometry":{"type":"Point","coordinates":[37.93147,51.14072]},"properties":{"age_h":91.4,"recency":2,"frp":7.3,"confidence":"nominal","filter_reason":"anomalie_thermique_recurrente","site_name":null,"recurrent_days":11}},{"type":"Feature","geometry":{"type":"Point","coordinates":[37.76552,51.25795]},"properties":{"age_h":91.4,"recency":2,"frp":1.4,"confidence":"nominal","filter_reason":"anomalie_thermique_recurrente","site_name":null,"recurrent_days":10}},{"type":"Feature","geometry":{"type":"Point","coordinates":[37.76059,51.25828]},"properties":{"age_h":91.4,"recency":2,"frp":2.0,"confidence":"nominal","filter_reason":"anomalie_thermique_recurrente","site_name":null,"recurrent_days":11}},{"type":"Feature","geometry":{"type":"Point","coordinates":[29.33428,51.89007]},"properties":{"age_h":91.4,"recency":2,"frp":4.2,"confidence":"nominal","filter_reason":"anomalie_thermique_recurrente","site_name":null,"recurrent_days":9}},{"type":"Feature","geometry":{"type":"Point","coordinates":[29.33596,51.89181]},"properties":{"age_h":91.4,"recency":2,"frp":3.5,"confidence":"nominal","filter_reason":"anomalie_thermique_recurrente","site_name":null,"recurrent_days":9}},{"type":"Feature","geometry":{"type":"Point","coordinates":[39.63144,52.5339]},"properties":{"age_h":91.4,"recency":2,"frp":4.0,"confidence":"nominal","filter_reason":"anomalie_thermique_recurrente","site_name":null,"recurrent_days":16}},{"type":"Feature","geometry":{"type":"Point","coordinates":[39.63245,52.5377]},"properties":{"age_h":91.4,"recency":2,"frp":1.5,"confidence":"nominal","filter_reason":"anomalie_thermique_recurrente","site_name":null,"recurrent_days":9}},{"type":"Feature","geometry":{"type":"Point","coordinates":[39.61815,52.54303]},"properties":{"age_h":91.4,"recency":2,"frp":1.1,"confidence":"nominal","filter_reason":"anomalie_thermique_recurrente","site_name":null,"recurrent_days":10}},{"type":"Feature","geometry":{"type":"Point","coordinates":[39.61048,52.5438]},"properties":{"age_h":91.4,"recency":2,"frp":1.1,"confidence":"nominal","filter_reason":"anomalie_thermique_recurrente","site_name":null,"recurrent_days":9}},{"type":"Feature","geometry":{"type":"Point","coordinates":[39.63452,52.5453]},"properties":{"age_h":91.4,"recency":2,"frp":2.0,"confidence":"nominal","filter_reason":"anomalie_thermique_recurrente","site_name":null,"recurrent_days":15}},{"type":"Feature","geometry":{"type":"Point","coordinates":[39.57415,52.55524]},"properties":{"age_h":91.4,"recency":2,"frp":9.0,"confidence":"nominal","filter_reason":"anomalie_thermique_recurrente","site_name":null,"recurrent_days":11}},{"type":"Feature","geometry":{"type":"Point","coordinates":[39.5906,52.5575]},"properties":{"age_h":91.4,"recency":2,"frp":2.2,"confidence":"nominal","filter_reason":"anomalie_thermique_recurrente","site_name":null,"recurrent_days":9}},{"type":"Feature","geometry":{"type":"Point","coordinates":[39.61465,52.55899]},"properties":{"age_h":91.4,"recency":2,"frp":12.0,"confidence":"nominal","filter_reason":"anomalie_thermique_recurrente","site_name":null,"recurrent_days":14}},{"type":"Feature","geometry":{"type":"Point","coordinates":[39.57513,52.55906]},"properties":{"age_h":91.4,"recency":2,"frp":26.6,"confidence":"nominal","filter_reason":"anomalie_thermique_recurrente","site_name":null,"recurrent_days":14}},{"type":"Feature","geometry":{"type":"Point","coordinates":[39.70282,52.56566]},"properties":{"age_h":91.4,"recency":2,"frp":1.0,"confidence":"nominal","filter_reason":"anomalie_thermique_recurrente","site_name":null,"recurrent_days":11}},{"type":"Feature","geometry":{"type":"Point","coordinates":[29.98469,52.84756]},"properties":{"age_h":91.4,"recency":2,"frp":1.0,"confidence":"nominal","filter_reason":"anomalie_thermique_recurrente","site_name":null,"recurrent_days":12}},{"type":"Feature","geometry":{"type":"Point","coordinates":[38.18019,54.08783]},"properties":{"age_h":91.4,"recency":2,"frp":1.1,"confidence":"nominal","filter_reason":"anomalie_thermique_recurrente","site_name":null,"recurrent_days":11}},{"type":"Feature","geometry":{"type":"Point","coordinates":[37.71726,54.16819]},"properties":{"age_h":91.4,"recency":2,"frp":13.5,"confidence":"nominal","filter_reason":"anomalie_thermique_recurrente","site_name":null,"recurrent_days":8}},{"type":"Feature","geometry":{"type":"Point","coordinates":[37.7107,54.16869]},"properties":{"age_h":91.4,"recency":2,"frp":15.7,"confidence":"nominal","filter_reason":"anomalie_thermique_recurrente","site_name":null,"recurrent_days":9}},{"type":"Feature","geometry":{"type":"Point","coordinates":[31.67132,45.26094]},"properties":{"age_h":91.4,"recency":2,"frp":4.1,"confidence":"high","filter_reason":"anomalie_thermique_recurrente","site_name":null,"recurrent_days":8}},{"type":"Feature","geometry":{"type":"Point","coordinates":[30.90198,45.35832]},"properties":{"age_h":91.4,"recency":2,"frp":1.1,"confidence":"nominal","filter_reason":"anomalie_thermique_recurrente","site_name":null,"recurrent_days":12}},{"type":"Feature","geometry":{"type":"Point","coordinates":[33.4366,47.87555]},"properties":{"age_h":91.4,"recency":2,"frp":0.9,"confidence":"nominal","filter_reason":"anomalie_thermique_recurrente","site_name":null,"recurrent_days":13}},{"type":"Feature","geometry":{"type":"Point","coordinates":[34.62602,48.47545]},"properties":{"age_h":91.4,"recency":2,"frp":1.5,"confidence":"nominal","filter_reason":"anomalie_thermique_recurrente","site_name":null,"recurrent_days":8}},{"type":"Feature","geometry":{"type":"Point","coordinates":[40.98563,34.06959]},"properties":{"age_h":91.4,"recency":2,"frp":1.1,"confidence":"nominal","filter_reason":"anomalie_thermique_recurrente","site_name":null,"recurrent_days":8}},{"type":"Feature","geometry":{"type":"Point","coordinates":[40.82448,34.91063]},"properties":{"age_h":91.4,"recency":2,"frp":1.8,"confidence":"nominal","filter_reason":"anomalie_thermique_recurrente","site_name":null,"recurrent_days":15}},{"type":"Feature","geometry":{"type":"Point","coordinates":[37.94385,34.91477]},"properties":{"age_h":91.4,"recency":2,"frp":0.9,"confidence":"nominal","filter_reason":"anomalie_thermique_recurrente","site_name":null,"recurrent_days":8}},{"type":"Feature","geometry":{"type":"Point","coordinates":[40.44425,35.30471]},"properties":{"age_h":91.4,"recency":2,"frp":1.0,"confidence":"nominal","filter_reason":"anomalie_thermique_recurrente","site_name":null,"recurrent_days":11}},{"type":"Feature","geometry":{"type":"Point","coordinates":[40.8099,36.13269]},"properties":{"age_h":91.4,"recency":2,"frp":1.6,"confidence":"nominal","filter_reason":"anomalie_thermique_recurrente","site_name":null,"recurrent_days":12}},{"type":"Feature","geometry":{"type":"Point","coordinates":[28.86992,39.9003]},"properties":{"age_h":91.4,"recency":2,"frp":1.2,"confidence":"nominal","filter_reason":"anomalie_thermique_recurrente","site_name":null,"recurrent_days":8}},{"type":"Feature","geometry":{"type":"Point","coordinates":[32.63355,41.17641]},"properties":{"age_h":91.4,"recency":2,"frp":1.6,"confidence":"nominal","filter_reason":"anomalie_thermique_recurrente","site_name":null,"recurrent_days":12}},{"type":"Feature","geometry":{"type":"Point","coordinates":[31.42985,41.26251]},"properties":{"age_h":91.4,"recency":2,"frp":2.0,"confidence":"nominal","filter_reason":"anomalie_thermique_recurrente","site_name":null,"recurrent_days":8}},{"type":"Feature","geometry":{"type":"Point","coordinates":[31.42249,41.263]},"properties":{"age_h":91.4,"recency":2,"frp":2.0,"confidence":"nominal","filter_reason":"anomalie_thermique_recurrente","site_name":null,"recurrent_days":11}},{"type":"Feature","geometry":{"type":"Point","coordinates":[31.42312,41.26791]},"properties":{"age_h":91.4,"recency":2,"frp":2.0,"confidence":"nominal","filter_reason":"anomalie_thermique_recurrente","site_name":null,"recurrent_days":17}},{"type":"Feature","geometry":{"type":"Point","coordinates":[34.14425,59.52947]},"properties":{"age_h":89.8,"recency":2,"frp":4.0,"confidence":"nominal","filter_reason":"anomalie_thermique_recurrente","site_name":null,"recurrent_days":11}},{"type":"Feature","geometry":{"type":"Point","coordinates":[24.42865,64.64586]},"properties":{"age_h":89.8,"recency":2,"frp":2.5,"confidence":"nominal","filter_reason":"anomalie_thermique_recurrente","site_name":null,"recurrent_days":9}},{"type":"Feature","geometry":{"type":"Point","coordinates":[22.22473,65.56357]},"properties":{"age_h":89.8,"recency":2,"frp":8.7,"confidence":"nominal","filter_reason":"anomalie_thermique_recurrente","site_name":null,"recurrent_days":12}},{"type":"Feature","geometry":{"type":"Point","coordinates":[22.21488,65.56463]},"properties":{"age_h":89.8,"recency":2,"frp":2.2,"confidence":"nominal","filter_reason":"anomalie_thermique_recurrente","site_name":null,"recurrent_days":12}},{"type":"Feature","geometry":{"type":"Point","coordinates":[24.18891,65.76488]},"properties":{"age_h":89.8,"recency":2,"frp":2.0,"confidence":"nominal","filter_reason":"anomalie_thermique_recurrente","site_name":null,"recurrent_days":13}},{"type":"Feature","geometry":{"type":"Point","coordinates":[24.19133,65.76827]},"properties":{"age_h":89.8,"recency":2,"frp":3.8,"confidence":"nominal","filter_reason":"anomalie_thermique_recurrente","site_name":null,"recurrent_days":15}},{"type":"Feature","geometry":{"type":"Point","coordinates":[37.92936,51.14088]},"properties":{"age_h":89.8,"recency":2,"frp":4.5,"confidence":"nominal","filter_reason":"anomalie_thermique_recurrente","site_name":null,"recurrent_days":11}},{"type":"Feature","geometry":{"type":"Point","coordinates":[29.33676,51.89111]},"properties":{"age_h":89.8,"recency":2,"frp":1.9,"confidence":"nominal","filter_reason":"anomalie_thermique_recurrente","site_name":null,"recurrent_days":13}},{"type":"Feature","geometry":{"type":"Point","coordinates":[29.33914,51.89493]},"properties":{"age_h":89.8,"recency":2,"frp":1.9,"confidence":"nominal","filter_reason":"anomalie_thermique_recurrente","site_name":null,"recurrent_days":13}},{"type":"Feature","geometry":{"type":"Point","coordinates":[39.62938,52.53463]},"properties":{"age_h":89.8,"recency":2,"frp":1.4,"confidence":"nominal","filter_reason":"anomalie_thermique_recurrente","site_name":null,"recurrent_days":16}},{"type":"Feature","geometry":{"type":"Point","coordinates":[39.61135,52.54083]},"properties":{"age_h":89.8,"recency":2,"frp":0.8,"confidence":"nominal","filter_reason":"anomalie_thermique_recurrente","site_name":null,"recurrent_days":9}},{"type":"Feature","geometry":{"type":"Point","coordinates":[39.56924,52.55531]},"properties":{"age_h":89.8,"recency":2,"frp":1.3,"confidence":"nominal","filter_reason":"anomalie_thermique_recurrente","site_name":null,"recurrent_days":8}},{"type":"Feature","geometry":{"type":"Point","coordinates":[39.61953,52.55837]},"properties":{"age_h":89.8,"recency":2,"frp":1.7,"confidence":"nominal","filter_reason":"anomalie_thermique_recurrente","site_name":null,"recurrent_days":9}},{"type":"Feature","geometry":{"type":"Point","coordinates":[29.99093,52.847]},"properties":{"age_h":89.8,"recency":2,"frp":2.2,"confidence":"nominal","filter_reason":"anomalie_thermique_recurrente","site_name":null,"recurrent_days":16}},{"type":"Feature","geometry":{"type":"Point","coordinates":[9.90497,53.52047]},"properties":{"age_h":89.8,"recency":2,"frp":2.5,"confidence":"nominal","filter_reason":"anomalie_thermique_recurrente","site_name":null,"recurrent_days":9}},{"type":"Feature","geometry":{"type":"Point","coordinates":[9.90471,53.52391]},"properties":{"age_h":89.8,"recency":2,"frp":2.0,"confidence":"nominal","filter_reason":"anomalie_thermique_recurrente","site_name":null,"recurrent_days":9}},{"type":"Feature","geometry":{"type":"Point","coordinates":[38.17867,54.084]},"properties":{"age_h":89.8,"recency":2,"frp":0.8,"confidence":"nominal","filter_reason":"anomalie_thermique_recurrente","site_name":null,"recurrent_days":8}},{"type":"Feature","geometry":{"type":"Point","coordinates":[37.71511,54.16887]},"properties":{"age_h":89.8,"recency":2,"frp":1.2,"confidence":"nominal","filter_reason":"anomalie_thermique_recurrente","site_name":null,"recurrent_days":12}},{"type":"Feature","geometry":{"type":"Point","coordinates":[9.97688,57.06152]},"properties":{"age_h":89.8,"recency":2,"frp":2.6,"confidence":"nominal","filter_reason":"anomalie_thermique_recurrente","site_name":null,"recurrent_days":15}},{"type":"Feature","geometry":{"type":"Point","coordinates":[18.8048,57.70993]},"properties":{"age_h":89.8,"recency":2,"frp":1.4,"confidence":"nominal","filter_reason":"anomalie_thermique_recurrente","site_name":null,"recurrent_days":8}},{"type":"Feature","geometry":{"type":"Point","coordinates":[33.85695,44.77441]},"properties":{"age_h":89.7,"recency":2,"frp":0.8,"confidence":"nominal","filter_reason":"anomalie_thermique_recurrente","site_name":null,"recurrent_days":15}},{"type":"Feature","geometry":{"type":"Point","coordinates":[25.41863,45.1225]},"properties":{"age_h":89.7,"recency":2,"frp":1.6,"confidence":"nominal","filter_reason":"anomalie_thermique_recurrente","site_name":null,"recurrent_days":13}},{"type":"Feature","geometry":{"type":"Point","coordinates":[31.6705,45.26169]},"properties":{"age_h":89.7,"recency":2,"frp":4.6,"confidence":"nominal","filter_reason":"anomalie_thermique_recurrente","site_name":null,"recurrent_days":8}},{"type":"Feature","geometry":{"type":"Point","coordinates":[30.90228,45.35603]},"properties":{"age_h":89.7,"recency":2,"frp":1.9,"confidence":"nominal","filter_reason":"anomalie_thermique_recurrente","site_name":null,"recurrent_days":12}},{"type":"Feature","geometry":{"type":"Point","coordinates":[25.27975,45.95093]},"properties":{"age_h":89.7,"recency":2,"frp":1.4,"confidence":"nominal","filter_reason":"anomalie_thermique_recurrente","site_name":null,"recurrent_days":8}},{"type":"Feature","geometry":{"type":"Point","coordinates":[22.33097,47.0378]},"properties":{"age_h":89.7,"recency":2,"frp":0.9,"confidence":"nominal","filter_reason":"anomalie_thermique_recurrente","site_name":null,"recurrent_days":12}},{"type":"Feature","geometry":{"type":"Point","coordinates":[14.32928,48.262]},"properties":{"age_h":89.7,"recency":2,"frp":1.0,"confidence":"nominal","filter_reason":"anomalie_thermique_recurrente","site_name":null,"recurrent_days":10}},{"type":"Feature","geometry":{"type":"Point","coordinates":[14.32589,48.2735]},"properties":{"age_h":89.7,"recency":2,"frp":2.6,"confidence":"nominal","filter_reason":"anomalie_thermique_recurrente","site_name":null,"recurrent_days":13}},{"type":"Feature","geometry":{"type":"Point","coordinates":[14.33928,48.27566]},"properties":{"age_h":89.7,"recency":2,"frp":8.5,"confidence":"nominal","filter_reason":"anomalie_thermique_recurrente","site_name":null,"recurrent_days":21}},{"type":"Feature","geometry":{"type":"Point","coordinates":[14.33306,48.27638]},"properties":{"age_h":89.7,"recency":2,"frp":2.6,"confidence":"nominal","filter_reason":"anomalie_thermique_recurrente","site_name":null,"recurrent_days":15}},{"type":"Feature","geometry":{"type":"Point","coordinates":[14.32683,48.2771]},"properties":{"age_h":89.7,"recency":2,"frp":2.6,"confidence":"nominal","filter_reason":"anomalie_thermique_recurrente","site_name":null,"recurrent_days":10}},{"type":"Feature","geometry":{"type":"Point","coordinates":[14.34643,48.27854]},"properties":{"age_h":89.7,"recency":2,"frp":1.8,"confidence":"nominal","filter_reason":"anomalie_thermique_recurrente","site_name":null,"recurrent_days":10}},{"type":"Feature","geometry":{"type":"Point","coordinates":[14.34021,48.27926]},"properties":{"age_h":89.7,"recency":2,"frp":1.8,"confidence":"nominal","filter_reason":"anomalie_thermique_recurrente","site_name":null,"recurrent_days":15}},{"type":"Feature","geometry":{"type":"Point","coordinates":[14.334,48.27998]},"properties":{"age_h":89.7,"recency":2,"frp":2.3,"confidence":"nominal","filter_reason":"anomalie_thermique_recurrente","site_name":null,"recurrent_days":15}},{"type":"Feature","geometry":{"type":"Point","coordinates":[14.32871,48.28429]},"properties":{"age_h":89.7,"recency":2,"frp":2.3,"confidence":"nominal","filter_reason":"anomalie_thermique_recurrente","site_name":null,"recurrent_days":10}},{"type":"Feature","geometry":{"type":"Point","coordinates":[17.19132,48.45642]},"properties":{"age_h":89.7,"recency":2,"frp":0.7,"confidence":"nominal","filter_reason":"anomalie_thermique_recurrente","site_name":null,"recurrent_days":20}},{"type":"Feature","geometry":{"type":"Point","coordinates":[34.63066,48.47382]},"properties":{"age_h":89.7,"recency":2,"frp":0.6,"confidence":"nominal","filter_reason":"anomalie_thermique_recurrente","site_name":null,"recurrent_days":12}},{"type":"Feature","geometry":{"type":"Point","coordinates":[21.17773,48.60738]},"properties":{"age_h":89.7,"recency":2,"frp":5.1,"confidence":"nominal","filter_reason":"anomalie_thermique_recurrente","site_name":null,"recurrent_days":18}},{"type":"Feature","geometry":{"type":"Point","coordinates":[21.19613,48.61116]},"properties":{"age_h":89.7,"recency":2,"frp":1.1,"confidence":"nominal","filter_reason":"anomalie_thermique_recurrente","site_name":null,"recurrent_days":9}},{"type":"Feature","geometry":{"type":"Point","coordinates":[21.18692,48.61629]},"properties":{"age_h":89.7,"recency":2,"frp":2.4,"confidence":"nominal","filter_reason":"anomalie_thermique_recurrente","site_name":null,"recurrent_days":8}},{"type":"Feature","geometry":{"type":"Point","coordinates":[24.71158,48.97418]},"properties":{"age_h":89.7,"recency":2,"frp":2.5,"confidence":"nominal","filter_reason":"anomalie_thermique_recurrente","site_name":null,"recurrent_days":12}},{"type":"Feature","geometry":{"type":"Point","coordinates":[24.71083,48.9744]},"properties":{"age_h":89.7,"recency":2,"frp":1.8,"confidence":"nominal","filter_reason":"anomalie_thermique_recurrente","site_name":null,"recurrent_days":12}},{"type":"Feature","geometry":{"type":"Point","coordinates":[19.29008,50.33648]},"properties":{"age_h":89.7,"recency":2,"frp":2.7,"confidence":"nominal","filter_reason":"anomalie_thermique_recurrente","site_name":null,"recurrent_days":15}},{"type":"Feature","geometry":{"type":"Point","coordinates":[19.28475,50.33729]},"properties":{"age_h":89.7,"recency":2,"frp":2.7,"confidence":"nominal","filter_reason":"anomalie_thermique_recurrente","site_name":null,"recurrent_days":10}},{"type":"Feature","geometry":{"type":"Point","coordinates":[19.33762,50.34298]},"properties":{"age_h":89.7,"recency":2,"frp":0.6,"confidence":"nominal","filter_reason":"anomalie_thermique_recurrente","site_name":null,"recurrent_days":12}},{"type":"Feature","geometry":{"type":"Point","coordinates":[17.97895,50.53509]},"properties":{"age_h":89.7,"recency":2,"frp":1.0,"confidence":"nominal","filter_reason":"anomalie_thermique_recurrente","site_name":null,"recurrent_days":13}},{"type":"Feature","geometry":{"type":"Point","coordinates":[21.67451,50.9318]},"properties":{"age_h":89.7,"recency":2,"frp":1.0,"confidence":"nominal","filter_reason":"anomalie_thermique_recurrente","site_name":null,"recurrent_days":11}},{"type":"Feature","geometry":{"type":"Point","coordinates":[15.97908,51.68835]},"properties":{"age_h":89.7,"recency":2,"frp":2.2,"confidence":"nominal","filter_reason":"anomalie_thermique_recurrente","site_name":null,"recurrent_days":8}},{"type":"Feature","geometry":{"type":"Point","coordinates":[10.39874,52.15308]},"properties":{"age_h":89.7,"recency":2,"frp":6.8,"confidence":"nominal","filter_reason":"anomalie_thermique_recurrente","site_name":null,"recurrent_days":8}},{"type":"Feature","geometry":{"type":"Point","coordinates":[10.40666,52.15705]},"properties":{"age_h":89.7,"recency":2,"frp":6.8,"confidence":"nominal","filter_reason":"anomalie_thermique_recurrente","site_name":null,"recurrent_days":13}},{"type":"Feature","geometry":{"type":"Point","coordinates":[10.41458,52.16102]},"properties":{"age_h":89.7,"recency":2,"frp":4.4,"confidence":"nominal","filter_reason":"anomalie_thermique_recurrente","site_name":null,"recurrent_days":8}},{"type":"Feature","geometry":{"type":"Point","coordinates":[26.94507,38.7398]},"properties":{"age_h":89.7,"recency":2,"frp":2.5,"confidence":"nominal","filter_reason":"anomalie_thermique_recurrente","site_name":null,"recurrent_days":12}},{"type":"Feature","geometry":{"type":"Point","coordinates":[26.95113,38.74373]},"properties":{"age_h":89.7,"recency":2,"frp":1.1,"confidence":"nominal","filter_reason":"anomalie_thermique_recurrente","site_name":null,"recurrent_days":8}},{"type":"Feature","geometry":{"type":"Point","coordinates":[26.24622,39.86458]},"properties":{"age_h":89.7,"recency":2,"frp":1.0,"confidence":"nominal","filter_reason":"anomalie_thermique_recurrente","site_name":null,"recurrent_days":13}},{"type":"Feature","geometry":{"type":"Point","coordinates":[17.20637,40.51906]},"properties":{"age_h":89.7,"recency":2,"frp":1.0,"confidence":"nominal","filter_reason":"anomalie_thermique_recurrente","site_name":null,"recurrent_days":8}},{"type":"Feature","geometry":{"type":"Point","coordinates":[29.76226,40.75726]},"properties":{"age_h":89.7,"recency":2,"frp":4.1,"confidence":"nominal","filter_reason":"anomalie_thermique_recurrente","site_name":null,"recurrent_days":8}},{"type":"Feature","geometry":{"type":"Point","coordinates":[29.75767,40.75858]},"properties":{"age_h":89.7,"recency":2,"frp":4.1,"confidence":"nominal","filter_reason":"anomalie_thermique_recurrente","site_name":null,"recurrent_days":11}},{"type":"Feature","geometry":{"type":"Point","coordinates":[31.41229,41.25375]},"properties":{"age_h":89.7,"recency":2,"frp":1.0,"confidence":"nominal","filter_reason":"anomalie_thermique_recurrente","site_name":null,"recurrent_days":12}},{"type":"Feature","geometry":{"type":"Point","coordinates":[31.41199,41.25721]},"properties":{"age_h":89.7,"recency":2,"frp":1.1,"confidence":"nominal","filter_reason":"anomalie_thermique_recurrente","site_name":null,"recurrent_days":8}},{"type":"Feature","geometry":{"type":"Point","coordinates":[31.42047,41.26115]},"properties":{"age_h":89.7,"recency":2,"frp":1.1,"confidence":"nominal","filter_reason":"anomalie_thermique_recurrente","site_name":null,"recurrent_days":11}},{"type":"Feature","geometry":{"type":"Point","coordinates":[31.42381,41.26331]},"properties":{"age_h":89.7,"recency":2,"frp":2.3,"confidence":"nominal","filter_reason":"anomalie_thermique_recurrente","site_name":null,"recurrent_days":11}},{"type":"Feature","geometry":{"type":"Point","coordinates":[31.4234,41.26678]},"properties":{"age_h":89.7,"recency":2,"frp":1.1,"confidence":"nominal","filter_reason":"anomalie_thermique_recurrente","site_name":null,"recurrent_days":17}},{"type":"Feature","geometry":{"type":"Point","coordinates":[19.72242,41.54958]},"properties":{"age_h":89.7,"recency":2,"frp":0.6,"confidence":"nominal","filter_reason":"anomalie_thermique_recurrente","site_name":null,"recurrent_days":10}},{"type":"Feature","geometry":{"type":"Point","coordinates":[12.71403,42.00812]},"properties":{"age_h":89.7,"recency":2,"frp":0.8,"confidence":"nominal","filter_reason":"anomalie_thermique_recurrente","site_name":null,"recurrent_days":13}},{"type":"Feature","geometry":{"type":"Point","coordinates":[12.67496,42.57122]},"properties":{"age_h":89.7,"recency":2,"frp":1.6,"confidence":"nominal","filter_reason":"anomalie_thermique_recurrente","site_name":null,"recurrent_days":8}},{"type":"Feature","geometry":{"type":"Point","coordinates":[24.17009,42.71477]},"properties":{"age_h":89.7,"recency":2,"frp":2.6,"confidence":"nominal","filter_reason":"anomalie_thermique_recurrente","site_name":null,"recurrent_days":9}},{"type":"Feature","geometry":{"type":"Point","coordinates":[16.44278,43.54304]},"properties":{"age_h":89.7,"recency":2,"frp":0.4,"confidence":"nominal","filter_reason":"anomalie_thermique_recurrente","site_name":null,"recurrent_days":11}},{"type":"Feature","geometry":{"type":"Point","coordinates":[9.9418,45.14463]},"properties":{"age_h":89.7,"recency":2,"frp":0.3,"confidence":"nominal","filter_reason":"anomalie_thermique_recurrente","site_name":null,"recurrent_days":20}},{"type":"Feature","geometry":{"type":"Point","coordinates":[10.45377,45.46206]},"properties":{"age_h":89.7,"recency":2,"frp":2.2,"confidence":"nominal","filter_reason":"anomalie_thermique_recurrente","site_name":null,"recurrent_days":16}},{"type":"Feature","geometry":{"type":"Point","coordinates":[13.62579,46.06929]},"properties":{"age_h":89.7,"recency":2,"frp":1.5,"confidence":"nominal","filter_reason":"anomalie_thermique_recurrente","site_name":null,"recurrent_days":16}},{"type":"Feature","geometry":{"type":"Point","coordinates":[8.17035,35.23468]},"properties":{"age_h":89.7,"recency":2,"frp":1.8,"confidence":"nominal","filter_reason":"anomalie_thermique_recurrente","site_name":null,"recurrent_days":9}},{"type":"Feature","geometry":{"type":"Point","coordinates":[5.75777,35.35198]},"properties":{"age_h":89.7,"recency":2,"frp":1.9,"confidence":"nominal","filter_reason":"anomalie_thermique_recurrente","site_name":null,"recurrent_days":10}},{"type":"Feature","geometry":{"type":"Point","coordinates":[-0.25258,35.80755]},"properties":{"age_h":89.7,"recency":2,"frp":7.6,"confidence":"nominal","filter_reason":"anomalie_thermique_recurrente","site_name":null,"recurrent_days":21}},{"type":"Feature","geometry":{"type":"Point","coordinates":[-0.25914,35.80774]},"properties":{"age_h":89.7,"recency":2,"frp":4.4,"confidence":"nominal","filter_reason":"anomalie_thermique_recurrente","site_name":null,"recurrent_days":11}},{"type":"Feature","geometry":{"type":"Point","coordinates":[-0.25773,35.80914]},"properties":{"age_h":89.7,"recency":2,"frp":6.3,"confidence":"nominal","filter_reason":"anomalie_thermique_recurrente","site_name":null,"recurrent_days":14}},{"type":"Feature","geometry":{"type":"Point","coordinates":[-0.26589,35.81452]},"properties":{"age_h":89.7,"recency":2,"frp":4.4,"confidence":"nominal","filter_reason":"anomalie_thermique_recurrente","site_name":null,"recurrent_days":8}},{"type":"Feature","geometry":{"type":"Point","coordinates":[4.44684,35.88118]},"properties":{"age_h":89.7,"recency":2,"frp":0.9,"confidence":"nominal","filter_reason":"anomalie_thermique_recurrente","site_name":null,"recurrent_days":10}},{"type":"Feature","geometry":{"type":"Point","coordinates":[6.80622,36.0879]},"properties":{"age_h":89.7,"recency":2,"frp":1.9,"confidence":"nominal","filter_reason":"anomalie_thermique_recurrente","site_name":null,"recurrent_days":8}},{"type":"Feature","geometry":{"type":"Point","coordinates":[10.02572,36.50345]},"properties":{"age_h":89.7,"recency":2,"frp":0.9,"confidence":"nominal","filter_reason":"anomalie_thermique_recurrente","site_name":null,"recurrent_days":8}},{"type":"Feature","geometry":{"type":"Point","coordinates":[6.25423,36.74707]},"properties":{"age_h":89.7,"recency":2,"frp":1.3,"confidence":"nominal","filter_reason":"anomalie_thermique_recurrente","site_name":null,"recurrent_days":25}},{"type":"Feature","geometry":{"type":"Point","coordinates":[7.30715,36.76208]},"properties":{"age_h":89.7,"recency":2,"frp":1.8,"confidence":"nominal","filter_reason":"anomalie_thermique_recurrente","site_name":null,"recurrent_days":12}},{"type":"Feature","geometry":{"type":"Point","coordinates":[6.98212,36.86789]},"properties":{"age_h":89.7,"recency":2,"frp":0.3,"confidence":"nominal","filter_reason":"anomalie_thermique_recurrente","site_name":null,"recurrent_days":11}},{"type":"Feature","geometry":{"type":"Point","coordinates":[6.94545,36.87847]},"properties":{"age_h":89.7,"recency":2,"frp":10.7,"confidence":"nominal","filter_reason":"anomalie_thermique_recurrente","site_name":null,"recurrent_days":13}},{"type":"Feature","geometry":{"type":"Point","coordinates":[15.03131,37.43748]},"properties":{"age_h":89.7,"recency":2,"frp":1.9,"confidence":"nominal","filter_reason":"anomalie_thermique_recurrente","site_name":null,"recurrent_days":8}},{"type":"Feature","geometry":{"type":"Point","coordinates":[15.06228,37.74309]},"properties":{"age_h":89.7,"recency":2,"frp":1.0,"confidence":"nominal","filter_reason":"anomalie_thermique_recurrente","site_name":null,"recurrent_days":9}},{"type":"Feature","geometry":{"type":"Point","coordinates":[15.0631,37.74636]},"properties":{"age_h":89.7,"recency":2,"frp":1.0,"confidence":"nominal","filter_reason":"anomalie_thermique_recurrente","site_name":null,"recurrent_days":8}},{"type":"Feature","geometry":{"type":"Point","coordinates":[15.04171,37.74972]},"properties":{"age_h":89.7,"recency":2,"frp":2.3,"confidence":"nominal","filter_reason":"anomalie_thermique_recurrente","site_name":null,"recurrent_days":12}},{"type":"Feature","geometry":{"type":"Point","coordinates":[15.21099,38.79379]},"properties":{"age_h":89.7,"recency":2,"frp":8.7,"confidence":"nominal","filter_reason":"anomalie_thermique_recurrente","site_name":null,"recurrent_days":16}},{"type":"Feature","geometry":{"type":"Point","coordinates":[28.45747,59.38696]},"properties":{"age_h":88.1,"recency":2,"frp":1.4,"confidence":"nominal","filter_reason":"anomalie_thermique_recurrente","site_name":null,"recurrent_days":10}},{"type":"Feature","geometry":{"type":"Point","coordinates":[22.22581,65.56094]},"properties":{"age_h":88.1,"recency":2,"frp":0.7,"confidence":"nominal","filter_reason":"anomalie_thermique_recurrente","site_name":null,"recurrent_days":12}},{"type":"Feature","geometry":{"type":"Point","coordinates":[22.22001,65.56252]},"properties":{"age_h":88.1,"recency":2,"frp":2.6,"confidence":"nominal","filter_reason":"anomalie_thermique_recurrente","site_name":null,"recurrent_days":17}},{"type":"Feature","geometry":{"type":"Point","coordinates":[22.21755,65.56358]},"properties":{"age_h":88.1,"recency":2,"frp":3.6,"confidence":"nominal","filter_reason":"anomalie_thermique_recurrente","site_name":null,"recurrent_days":10}},{"type":"Feature","geometry":{"type":"Point","coordinates":[9.97917,57.06355]},"properties":{"age_h":88.1,"recency":2,"frp":1.2,"confidence":"nominal","filter_reason":"anomalie_thermique_recurrente","site_name":null,"recurrent_days":15}},{"type":"Feature","geometry":{"type":"Point","coordinates":[9.14215,63.3195]},"properties":{"age_h":88.1,"recency":2,"frp":0.7,"confidence":"nominal","filter_reason":"anomalie_thermique_recurrente","site_name":null,"recurrent_days":9}},{"type":"Feature","geometry":{"type":"Point","coordinates":[14.33101,48.26155]},"properties":{"age_h":88.1,"recency":2,"frp":2.5,"confidence":"nominal","filter_reason":"anomalie_thermique_recurrente","site_name":null,"recurrent_days":10}},{"type":"Feature","geometry":{"type":"Point","coordinates":[14.34097,48.27347]},"properties":{"age_h":88.1,"recency":2,"frp":4.7,"confidence":"nominal","filter_reason":"anomalie_thermique_recurrente","site_name":null,"recurrent_days":16}},{"type":"Feature","geometry":{"type":"Point","coordinates":[14.33291,48.27643]},"properties":{"age_h":88.1,"recency":2,"frp":4.7,"confidence":"nominal","filter_reason":"anomalie_thermique_recurrente","site_name":null,"recurrent_days":15}},{"type":"Feature","geometry":{"type":"Point","coordinates":[14.34315,48.27654]},"properties":{"age_h":88.1,"recency":2,"frp":6.9,"confidence":"nominal","filter_reason":"anomalie_thermique_recurrente","site_name":null,"recurrent_days":15}},{"type":"Feature","geometry":{"type":"Point","coordinates":[14.33512,48.27953]},"properties":{"age_h":88.1,"recency":2,"frp":6.3,"confidence":"nominal","filter_reason":"anomalie_thermique_recurrente","site_name":null,"recurrent_days":15}},{"type":"Feature","geometry":{"type":"Point","coordinates":[3.81218,51.16864]},"properties":{"age_h":88.1,"recency":2,"frp":1.2,"confidence":"nominal","filter_reason":"anomalie_thermique_recurrente","site_name":null,"recurrent_days":15}},{"type":"Feature","geometry":{"type":"Point","coordinates":[10.40649,52.15512]},"properties":{"age_h":88.1,"recency":2,"frp":1.9,"confidence":"nominal","filter_reason":"anomalie_thermique_recurrente","site_name":null,"recurrent_days":15}},{"type":"Feature","geometry":{"type":"Point","coordinates":[10.40195,52.15651]},"properties":{"age_h":88.1,"recency":2,"frp":1.9,"confidence":"nominal","filter_reason":"anomalie_thermique_recurrente","site_name":null,"recurrent_days":13}},{"type":"Feature","geometry":{"type":"Point","coordinates":[10.41029,52.15979]},"properties":{"age_h":88.1,"recency":2,"frp":0.7,"confidence":"nominal","filter_reason":"anomalie_thermique_recurrente","site_name":null,"recurrent_days":14}},{"type":"Feature","geometry":{"type":"Point","coordinates":[4.44465,35.87852]},"properties":{"age_h":88.0,"recency":2,"frp":0.7,"confidence":"nominal","filter_reason":"anomalie_thermique_recurrente","site_name":null,"recurrent_days":8}},{"type":"Feature","geometry":{"type":"Point","coordinates":[1.24223,36.12807]},"properties":{"age_h":88.0,"recency":2,"frp":0.9,"confidence":"nominal","filter_reason":"anomalie_thermique_recurrente","site_name":null,"recurrent_days":10}},{"type":"Feature","geometry":{"type":"Point","coordinates":[6.25275,36.74491]},"properties":{"age_h":88.0,"recency":2,"frp":2.2,"confidence":"nominal","filter_reason":"anomalie_thermique_recurrente","site_name":null,"recurrent_days":25}},{"type":"Feature","geometry":{"type":"Point","coordinates":[6.98361,36.86742]},"properties":{"age_h":88.0,"recency":2,"frp":1.4,"confidence":"nominal","filter_reason":"anomalie_thermique_recurrente","site_name":null,"recurrent_days":11}},{"type":"Feature","geometry":{"type":"Point","coordinates":[6.94592,36.87955]},"properties":{"age_h":88.0,"recency":2,"frp":25.3,"confidence":"high","filter_reason":"anomalie_thermique_recurrente","site_name":null,"recurrent_days":13}},{"type":"Feature","geometry":{"type":"Point","coordinates":[-9.01119,38.92009]},"properties":{"age_h":88.0,"recency":2,"frp":0.8,"confidence":"nominal","filter_reason":"anomalie_thermique_recurrente","site_name":null,"recurrent_days":11}},{"type":"Feature","geometry":{"type":"Point","coordinates":[-9.01031,38.92337]},"properties":{"age_h":88.0,"recency":2,"frp":0.8,"confidence":"nominal","filter_reason":"anomalie_thermique_recurrente","site_name":null,"recurrent_days":11}},{"type":"Feature","geometry":{"type":"Point","coordinates":[-3.47515,40.24547]},"properties":{"age_h":88.0,"recency":2,"frp":2.5,"confidence":"nominal","filter_reason":"anomalie_thermique_recurrente","site_name":null,"recurrent_days":11}},{"type":"Feature","geometry":{"type":"Point","coordinates":[-1.48756,41.47542]},"properties":{"age_h":88.0,"recency":2,"frp":0.6,"confidence":"nominal","filter_reason":"anomalie_thermique_recurrente","site_name":null,"recurrent_days":8}},{"type":"Feature","geometry":{"type":"Point","coordinates":[-5.72749,43.52575]},"properties":{"age_h":88.0,"recency":2,"frp":2.3,"confidence":"nominal","filter_reason":"anomalie_thermique_recurrente","site_name":null,"recurrent_days":10}},{"type":"Feature","geometry":{"type":"Point","coordinates":[-5.83234,43.54111]},"properties":{"age_h":88.0,"recency":2,"frp":0.8,"confidence":"nominal","filter_reason":"anomalie_thermique_recurrente","site_name":null,"recurrent_days":10}},{"type":"Feature","geometry":{"type":"Point","coordinates":[2.05684,34.43853]},"properties":{"age_h":88.0,"recency":2,"frp":0.7,"confidence":"nominal","filter_reason":"anomalie_thermique_recurrente","site_name":null,"recurrent_days":15}},{"type":"Feature","geometry":{"type":"Point","coordinates":[22.22136,65.56226]},"properties":{"age_h":86.5,"recency":2,"frp":2.3,"confidence":"nominal","filter_reason":"anomalie_thermique_recurrente","site_name":null,"recurrent_days":17}},{"type":"Feature","geometry":{"type":"Point","coordinates":[22.21405,65.56786]},"properties":{"age_h":86.5,"recency":2,"frp":2.3,"confidence":"nominal","filter_reason":"anomalie_thermique_recurrente","site_name":null,"recurrent_days":12}},{"type":"Feature","geometry":{"type":"Point","coordinates":[24.18494,65.7709]},"properties":{"age_h":86.5,"recency":2,"frp":1.5,"confidence":"nominal","filter_reason":"anomalie_thermique_recurrente","site_name":null,"recurrent_days":10}},{"type":"Feature","geometry":{"type":"Point","coordinates":[39.63206,52.53453]},"properties":{"age_h":81.6,"recency":2,"frp":4.9,"confidence":"nominal","filter_reason":"anomalie_thermique_recurrente","site_name":null,"recurrent_days":9}},{"type":"Feature","geometry":{"type":"Point","coordinates":[37.79,59.13344]},"properties":{"age_h":81.6,"recency":2,"frp":5.9,"confidence":"nominal","filter_reason":"anomalie_thermique_recurrente","site_name":null,"recurrent_days":10}},{"type":"Feature","geometry":{"type":"Point","coordinates":[37.79041,59.13376]},"properties":{"age_h":81.6,"recency":2,"frp":8.4,"confidence":"nominal","filter_reason":"anomalie_thermique_recurrente","site_name":null,"recurrent_days":10}},{"type":"Feature","geometry":{"type":"Point","coordinates":[31.67609,45.25634]},"properties":{"age_h":80.0,"recency":2,"frp":3.2,"confidence":"nominal","filter_reason":"anomalie_thermique_recurrente","site_name":null,"recurrent_days":8}},{"type":"Feature","geometry":{"type":"Point","coordinates":[31.67492,45.25966]},"properties":{"age_h":80.0,"recency":2,"frp":3.0,"confidence":"nominal","filter_reason":"anomalie_thermique_recurrente","site_name":null,"recurrent_days":19}},{"type":"Feature","geometry":{"type":"Point","coordinates":[37.93485,51.13811]},"properties":{"age_h":80.0,"recency":2,"frp":3.5,"confidence":"nominal","filter_reason":"anomalie_thermique_recurrente","site_name":null,"recurrent_days":10}},{"type":"Feature","geometry":{"type":"Point","coordinates":[37.93391,51.14188]},"properties":{"age_h":80.0,"recency":2,"frp":3.5,"confidence":"nominal","filter_reason":"anomalie_thermique_recurrente","site_name":null,"recurrent_days":8}},{"type":"Feature","geometry":{"type":"Point","coordinates":[39.63528,52.54528]},"properties":{"age_h":80.0,"recency":2,"frp":3.8,"confidence":"nominal","filter_reason":"anomalie_thermique_recurrente","site_name":null,"recurrent_days":15}},{"type":"Feature","geometry":{"type":"Point","coordinates":[39.57209,52.55273]},"properties":{"age_h":80.0,"recency":2,"frp":4.2,"confidence":"nominal","filter_reason":"anomalie_thermique_recurrente","site_name":null,"recurrent_days":11}},{"type":"Feature","geometry":{"type":"Point","coordinates":[39.61444,52.55616]},"properties":{"age_h":80.0,"recency":2,"frp":3.1,"confidence":"nominal","filter_reason":"anomalie_thermique_recurrente","site_name":null,"recurrent_days":14}},{"type":"Feature","geometry":{"type":"Point","coordinates":[14.34561,48.27484]},"properties":{"age_h":79.9,"recency":2,"frp":5.7,"confidence":"nominal","filter_reason":"anomalie_thermique_recurrente","site_name":null,"recurrent_days":8}},{"type":"Feature","geometry":{"type":"Point","coordinates":[29.33951,51.89135]},"properties":{"age_h":79.9,"recency":2,"frp":7.2,"confidence":"nominal","filter_reason":"anomalie_thermique_recurrente","site_name":null,"recurrent_days":13}},{"type":"Feature","geometry":{"type":"Point","coordinates":[37.78664,59.13223]},"properties":{"age_h":79.9,"recency":2,"frp":7.6,"confidence":"nominal","filter_reason":"anomalie_thermique_recurrente","site_name":null,"recurrent_days":10}},{"type":"Feature","geometry":{"type":"Point","coordinates":[34.14703,59.52827]},"properties":{"age_h":79.9,"recency":2,"frp":3.6,"confidence":"nominal","filter_reason":"anomalie_thermique_recurrente","site_name":null,"recurrent_days":11}},{"type":"Feature","geometry":{"type":"Point","coordinates":[24.43164,64.64455]},"properties":{"age_h":79.9,"recency":2,"frp":5.6,"confidence":"nominal","filter_reason":"anomalie_thermique_recurrente","site_name":null,"recurrent_days":9}},{"type":"Feature","geometry":{"type":"Point","coordinates":[24.18777,65.76737]},"properties":{"age_h":79.9,"recency":2,"frp":3.4,"confidence":"nominal","filter_reason":"anomalie_thermique_recurrente","site_name":null,"recurrent_days":11}},{"type":"Feature","geometry":{"type":"Point","coordinates":[-5.73345,43.52619]},"properties":{"age_h":78.3,"recency":2,"frp":3.5,"confidence":"nominal","filter_reason":"anomalie_thermique_recurrente","site_name":null,"recurrent_days":13}},{"type":"Feature","geometry":{"type":"Point","coordinates":[14.32699,48.27378]},"properties":{"age_h":78.3,"recency":2,"frp":4.7,"confidence":"nominal","filter_reason":"anomalie_thermique_recurrente","site_name":null,"recurrent_days":13}},{"type":"Feature","geometry":{"type":"Point","coordinates":[14.33446,48.27447]},"properties":{"age_h":78.3,"recency":2,"frp":5.8,"confidence":"nominal","filter_reason":"anomalie_thermique_recurrente","site_name":null,"recurrent_days":11}},{"type":"Feature","geometry":{"type":"Point","coordinates":[14.34197,48.27517]},"properties":{"age_h":78.3,"recency":2,"frp":5.8,"confidence":"nominal","filter_reason":"anomalie_thermique_recurrente","site_name":null,"recurrent_days":16}},{"type":"Feature","geometry":{"type":"Point","coordinates":[21.18261,48.60716]},"properties":{"age_h":78.3,"recency":2,"frp":4.5,"confidence":"nominal","filter_reason":"anomalie_thermique_recurrente","site_name":null,"recurrent_days":8}},{"type":"Feature","geometry":{"type":"Point","coordinates":[19.33513,50.3415]},"properties":{"age_h":78.3,"recency":2,"frp":2.9,"confidence":"nominal","filter_reason":"anomalie_thermique_recurrente","site_name":null,"recurrent_days":13}},{"type":"Feature","geometry":{"type":"Point","coordinates":[4.59246,52.48302]},"properties":{"age_h":78.3,"recency":2,"frp":1.9,"confidence":"nominal","filter_reason":"anomalie_thermique_recurrente","site_name":null,"recurrent_days":12}},{"type":"Feature","geometry":{"type":"Point","coordinates":[4.61185,52.49313]},"properties":{"age_h":78.3,"recency":2,"frp":7.3,"confidence":"nominal","filter_reason":"anomalie_thermique_recurrente","site_name":null,"recurrent_days":12}},{"type":"Feature","geometry":{"type":"Point","coordinates":[-0.59644,53.56628]},"properties":{"age_h":78.3,"recency":2,"frp":2.8,"confidence":"nominal","filter_reason":"anomalie_thermique_recurrente","site_name":null,"recurrent_days":11}},{"type":"Feature","geometry":{"type":"Point","coordinates":[-5.72777,43.52498]},"properties":{"age_h":76.6,"recency":2,"frp":24.3,"confidence":"nominal","filter_reason":"anomalie_thermique_recurrente","site_name":null,"recurrent_days":10}},{"type":"Feature","geometry":{"type":"Point","coordinates":[34.14346,59.52974]},"properties":{"age_h":67.8,"recency":1,"frp":2.5,"confidence":"nominal","filter_reason":"anomalie_thermique_recurrente","site_name":null,"recurrent_days":8}},{"type":"Feature","geometry":{"type":"Point","coordinates":[39.63292,52.53654]},"properties":{"age_h":67.8,"recency":1,"frp":4.5,"confidence":"nominal","filter_reason":"anomalie_thermique_recurrente","site_name":null,"recurrent_days":9}},{"type":"Feature","geometry":{"type":"Point","coordinates":[39.62499,52.537]},"properties":{"age_h":67.8,"recency":1,"frp":4.9,"confidence":"nominal","filter_reason":"anomalie_thermique_recurrente","site_name":null,"recurrent_days":9}},{"type":"Feature","geometry":{"type":"Point","coordinates":[39.60987,52.54256]},"properties":{"age_h":67.8,"recency":1,"frp":0.9,"confidence":"nominal","filter_reason":"anomalie_thermique_recurrente","site_name":null,"recurrent_days":9}},{"type":"Feature","geometry":{"type":"Point","coordinates":[39.63447,52.54583]},"properties":{"age_h":67.8,"recency":1,"frp":3.2,"confidence":"nominal","filter_reason":"anomalie_thermique_recurrente","site_name":null,"recurrent_days":15}},{"type":"Feature","geometry":{"type":"Point","coordinates":[39.57171,52.55414]},"properties":{"age_h":67.8,"recency":1,"frp":1.0,"confidence":"nominal","filter_reason":"anomalie_thermique_recurrente","site_name":null,"recurrent_days":8}},{"type":"Feature","geometry":{"type":"Point","coordinates":[39.61228,52.5565]},"properties":{"age_h":67.8,"recency":1,"frp":2.0,"confidence":"nominal","filter_reason":"anomalie_thermique_recurrente","site_name":null,"recurrent_days":14}},{"type":"Feature","geometry":{"type":"Point","coordinates":[39.57237,52.55881]},"properties":{"age_h":67.8,"recency":1,"frp":10.9,"confidence":"nominal","filter_reason":"anomalie_thermique_recurrente","site_name":null,"recurrent_days":14}},{"type":"Feature","geometry":{"type":"Point","coordinates":[38.7541,48.46318]},"properties":{"age_h":67.7,"recency":1,"frp":1.7,"confidence":"nominal","filter_reason":"anomalie_thermique_recurrente","site_name":null,"recurrent_days":11}},{"type":"Feature","geometry":{"type":"Point","coordinates":[33.1896,39.94735]},"properties":{"age_h":67.7,"recency":1,"frp":1.1,"confidence":"nominal","filter_reason":"anomalie_thermique_recurrente","site_name":null,"recurrent_days":10}},{"type":"Feature","geometry":{"type":"Point","coordinates":[32.63,41.17459]},"properties":{"age_h":67.7,"recency":1,"frp":1.1,"confidence":"nominal","filter_reason":"anomalie_thermique_recurrente","site_name":null,"recurrent_days":10}},{"type":"Feature","geometry":{"type":"Point","coordinates":[37.80421,44.73597]},"properties":{"age_h":67.7,"recency":1,"frp":2.9,"confidence":"nominal","filter_reason":"anomalie_thermique_recurrente","site_name":null,"recurrent_days":10}},{"type":"Feature","geometry":{"type":"Point","coordinates":[37.66713,44.84631]},"properties":{"age_h":67.7,"recency":1,"frp":0.8,"confidence":"nominal","filter_reason":"anomalie_thermique_recurrente","site_name":null,"recurrent_days":8}},{"type":"Feature","geometry":{"type":"Point","coordinates":[38.11298,44.88465]},"properties":{"age_h":67.7,"recency":1,"frp":0.8,"confidence":"nominal","filter_reason":"anomalie_thermique_recurrente","site_name":null,"recurrent_days":15}},{"type":"Feature","geometry":{"type":"Point","coordinates":[38.11263,44.88571]},"properties":{"age_h":67.7,"recency":1,"frp":1.7,"confidence":"nominal","filter_reason":"anomalie_thermique_recurrente","site_name":null,"recurrent_days":15}},{"type":"Feature","geometry":{"type":"Point","coordinates":[31.67055,45.25711]},"properties":{"age_h":67.7,"recency":1,"frp":3.9,"confidence":"nominal","filter_reason":"anomalie_thermique_recurrente","site_name":null,"recurrent_days":16}},{"type":"Feature","geometry":{"type":"Point","coordinates":[31.67229,45.25941]},"properties":{"age_h":67.7,"recency":1,"frp":3.8,"confidence":"nominal","filter_reason":"anomalie_thermique_recurrente","site_name":null,"recurrent_days":19}},{"type":"Feature","geometry":{"type":"Point","coordinates":[40.98473,34.06836]},"properties":{"age_h":67.7,"recency":1,"frp":0.7,"confidence":"nominal","filter_reason":"anomalie_thermique_recurrente","site_name":null,"recurrent_days":8}},{"type":"Feature","geometry":{"type":"Point","coordinates":[33.72868,36.2654]},"properties":{"age_h":67.7,"recency":1,"frp":1.9,"confidence":"nominal","filter_reason":"anomalie_thermique_recurrente","site_name":null,"recurrent_days":12}},{"type":"Feature","geometry":{"type":"Point","coordinates":[22.22242,65.56213]},"properties":{"age_h":66.1,"recency":1,"frp":1.7,"confidence":"nominal","filter_reason":"anomalie_thermique_recurrente","site_name":null,"recurrent_days":17}},{"type":"Feature","geometry":{"type":"Point","coordinates":[22.21338,65.5657]},"properties":{"age_h":66.1,"recency":1,"frp":3.0,"confidence":"nominal","filter_reason":"anomalie_thermique_recurrente","site_name":null,"recurrent_days":12}},{"type":"Feature","geometry":{"type":"Point","coordinates":[24.19078,65.76768]},"properties":{"age_h":66.1,"recency":1,"frp":4.1,"confidence":"nominal","filter_reason":"anomalie_thermique_recurrente","site_name":null,"recurrent_days":13}},{"type":"Feature","geometry":{"type":"Point","coordinates":[18.80335,57.70874]},"properties":{"age_h":66.1,"recency":1,"frp":0.5,"confidence":"nominal","filter_reason":"anomalie_thermique_recurrente","site_name":null,"recurrent_days":11}},{"type":"Feature","geometry":{"type":"Point","coordinates":[37.78525,59.13255]},"properties":{"age_h":66.1,"recency":1,"frp":9.1,"confidence":"nominal","filter_reason":"anomalie_thermique_recurrente","site_name":null,"recurrent_days":10}},{"type":"Feature","geometry":{"type":"Point","coordinates":[37.86766,59.15092]},"properties":{"age_h":66.1,"recency":1,"frp":2.6,"confidence":"nominal","filter_reason":"anomalie_thermique_recurrente","site_name":null,"recurrent_days":10}},{"type":"Feature","geometry":{"type":"Point","coordinates":[28.45903,59.38503]},"properties":{"age_h":66.1,"recency":1,"frp":2.2,"confidence":"nominal","filter_reason":"anomalie_thermique_recurrente","site_name":null,"recurrent_days":10}},{"type":"Feature","geometry":{"type":"Point","coordinates":[31.41555,41.25516]},"properties":{"age_h":66.1,"recency":1,"frp":1.9,"confidence":"nominal","filter_reason":"anomalie_thermique_recurrente","site_name":null,"recurrent_days":12}},{"type":"Feature","geometry":{"type":"Point","coordinates":[31.40902,41.25682]},"properties":{"age_h":66.1,"recency":1,"frp":1.9,"confidence":"nominal","filter_reason":"anomalie_thermique_recurrente","site_name":null,"recurrent_days":8}},{"type":"Feature","geometry":{"type":"Point","coordinates":[16.43965,43.54339]},"properties":{"age_h":66.1,"recency":1,"frp":0.6,"confidence":"nominal","filter_reason":"anomalie_thermique_recurrente","site_name":null,"recurrent_days":11}},{"type":"Feature","geometry":{"type":"Point","coordinates":[25.41825,45.12277]},"properties":{"age_h":66.1,"recency":1,"frp":1.5,"confidence":"nominal","filter_reason":"anomalie_thermique_recurrente","site_name":null,"recurrent_days":13}},{"type":"Feature","geometry":{"type":"Point","coordinates":[11.49885,45.51825]},"properties":{"age_h":66.1,"recency":1,"frp":1.2,"confidence":"nominal","filter_reason":"anomalie_thermique_recurrente","site_name":null,"recurrent_days":11}},{"type":"Feature","geometry":{"type":"Point","coordinates":[25.28013,45.95027]},"properties":{"age_h":66.1,"recency":1,"frp":0.7,"confidence":"nominal","filter_reason":"anomalie_thermique_recurrente","site_name":null,"recurrent_days":8}},{"type":"Feature","geometry":{"type":"Point","coordinates":[38.75344,48.46528]},"properties":{"age_h":66.1,"recency":1,"frp":0.9,"confidence":"nominal","filter_reason":"anomalie_thermique_recurrente","site_name":null,"recurrent_days":8}},{"type":"Feature","geometry":{"type":"Point","coordinates":[24.70812,48.9757]},"properties":{"age_h":66.1,"recency":1,"frp":2.1,"confidence":"nominal","filter_reason":"anomalie_thermique_recurrente","site_name":null,"recurrent_days":12}},{"type":"Feature","geometry":{"type":"Point","coordinates":[18.66185,49.67849]},"properties":{"age_h":66.1,"recency":1,"frp":2.2,"confidence":"nominal","filter_reason":"anomalie_thermique_recurrente","site_name":null,"recurrent_days":9}},{"type":"Feature","geometry":{"type":"Point","coordinates":[19.28836,50.33667]},"properties":{"age_h":66.1,"recency":1,"frp":5.0,"confidence":"nominal","filter_reason":"anomalie_thermique_recurrente","site_name":null,"recurrent_days":15}},{"type":"Feature","geometry":{"type":"Point","coordinates":[19.33862,50.34234]},"properties":{"age_h":66.1,"recency":1,"frp":1.5,"confidence":"nominal","filter_reason":"anomalie_thermique_recurrente","site_name":null,"recurrent_days":12}},{"type":"Feature","geometry":{"type":"Point","coordinates":[17.97635,50.53514]},"properties":{"age_h":66.1,"recency":1,"frp":0.9,"confidence":"nominal","filter_reason":"anomalie_thermique_recurrente","site_name":null,"recurrent_days":13}},{"type":"Feature","geometry":{"type":"Point","coordinates":[21.6754,50.92935]},"properties":{"age_h":66.1,"recency":1,"frp":1.4,"confidence":"nominal","filter_reason":"anomalie_thermique_recurrente","site_name":null,"recurrent_days":11}},{"type":"Feature","geometry":{"type":"Point","coordinates":[37.92805,51.13927]},"properties":{"age_h":66.1,"recency":1,"frp":2.4,"confidence":"nominal","filter_reason":"anomalie_thermique_recurrente","site_name":null,"recurrent_days":12}},{"type":"Feature","geometry":{"type":"Point","coordinates":[37.93002,51.13945]},"properties":{"age_h":66.1,"recency":1,"frp":4.2,"confidence":"nominal","filter_reason":"anomalie_thermique_recurrente","site_name":null,"recurrent_days":12}},{"type":"Feature","geometry":{"type":"Point","coordinates":[37.93115,51.14374]},"properties":{"age_h":66.1,"recency":1,"frp":2.4,"confidence":"nominal","filter_reason":"anomalie_thermique_recurrente","site_name":null,"recurrent_days":11}},{"type":"Feature","geometry":{"type":"Point","coordinates":[3.8062,51.16602]},"properties":{"age_h":66.1,"recency":1,"frp":4.9,"confidence":"nominal","filter_reason":"anomalie_thermique_recurrente","site_name":null,"recurrent_days":12}},{"type":"Feature","geometry":{"type":"Point","coordinates":[3.80847,51.16943]},"properties":{"age_h":66.1,"recency":1,"frp":4.5,"confidence":"nominal","filter_reason":"anomalie_thermique_recurrente","site_name":null,"recurrent_days":18}},{"type":"Feature","geometry":{"type":"Point","coordinates":[3.80582,51.17311]},"properties":{"age_h":66.1,"recency":1,"frp":4.9,"confidence":"nominal","filter_reason":"anomalie_thermique_recurrente","site_name":null,"recurrent_days":15}},{"type":"Feature","geometry":{"type":"Point","coordinates":[3.80808,51.17653]},"properties":{"age_h":66.1,"recency":1,"frp":4.5,"confidence":"nominal","filter_reason":"anomalie_thermique_recurrente","site_name":null,"recurrent_days":12}},{"type":"Feature","geometry":{"type":"Point","coordinates":[6.70768,51.36675]},"properties":{"age_h":66.1,"recency":1,"frp":2.0,"confidence":"nominal","filter_reason":"anomalie_thermique_recurrente","site_name":null,"recurrent_days":16}},{"type":"Feature","geometry":{"type":"Point","coordinates":[6.70782,51.4831]},"properties":{"age_h":66.1,"recency":1,"frp":2.8,"confidence":"nominal","filter_reason":"anomalie_thermique_recurrente","site_name":null,"recurrent_days":14}},{"type":"Feature","geometry":{"type":"Point","coordinates":[6.71592,51.48312]},"properties":{"age_h":66.1,"recency":1,"frp":2.6,"confidence":"nominal","filter_reason":"anomalie_thermique_recurrente","site_name":null,"recurrent_days":13}},{"type":"Feature","geometry":{"type":"Point","coordinates":[15.9802,51.68726]},"properties":{"age_h":66.1,"recency":1,"frp":2.8,"confidence":"nominal","filter_reason":"anomalie_thermique_recurrente","site_name":null,"recurrent_days":10}},{"type":"Feature","geometry":{"type":"Point","coordinates":[29.33571,51.89017]},"properties":{"age_h":66.1,"recency":1,"frp":0.7,"confidence":"nominal","filter_reason":"anomalie_thermique_recurrente","site_name":null,"recurrent_days":9}},{"type":"Feature","geometry":{"type":"Point","coordinates":[29.34337,51.89237]},"properties":{"age_h":66.1,"recency":1,"frp":0.7,"confidence":"nominal","filter_reason":"anomalie_thermique_recurrente","site_name":null,"recurrent_days":15}},{"type":"Feature","geometry":{"type":"Point","coordinates":[4.5909,52.48694]},"properties":{"age_h":66.1,"recency":1,"frp":3.0,"confidence":"nominal","filter_reason":"anomalie_thermique_recurrente","site_name":null,"recurrent_days":11}},{"type":"Feature","geometry":{"type":"Point","coordinates":[4.61111,52.49432]},"properties":{"age_h":66.1,"recency":1,"frp":1.3,"confidence":"nominal","filter_reason":"anomalie_thermique_recurrente","site_name":null,"recurrent_days":12}},{"type":"Feature","geometry":{"type":"Point","coordinates":[39.57487,52.55747]},"properties":{"age_h":66.1,"recency":1,"frp":6.5,"confidence":"nominal","filter_reason":"anomalie_thermique_recurrente","site_name":null,"recurrent_days":14}},{"type":"Feature","geometry":{"type":"Point","coordinates":[29.99178,52.84758]},"properties":{"age_h":66.1,"recency":1,"frp":2.2,"confidence":"nominal","filter_reason":"anomalie_thermique_recurrente","site_name":null,"recurrent_days":16}},{"type":"Feature","geometry":{"type":"Point","coordinates":[6.25087,36.74568]},"properties":{"age_h":66.0,"recency":1,"frp":1.6,"confidence":"nominal","filter_reason":"anomalie_thermique_recurrente","site_name":null,"recurrent_days":11}},{"type":"Feature","geometry":{"type":"Point","coordinates":[15.04245,37.74873]},"properties":{"age_h":66.0,"recency":1,"frp":2.3,"confidence":"nominal","filter_reason":"anomalie_thermique_recurrente","site_name":null,"recurrent_days":12}},{"type":"Feature","geometry":{"type":"Point","coordinates":[27.21602,38.42597]},"properties":{"age_h":66.0,"recency":1,"frp":1.3,"confidence":"nominal","filter_reason":"anomalie_thermique_recurrente","site_name":null,"recurrent_days":9}},{"type":"Feature","geometry":{"type":"Point","coordinates":[26.94346,38.73815]},"properties":{"age_h":66.0,"recency":1,"frp":1.1,"confidence":"nominal","filter_reason":"anomalie_thermique_recurrente","site_name":null,"recurrent_days":11}},{"type":"Feature","geometry":{"type":"Point","coordinates":[26.94929,38.74113]},"properties":{"age_h":66.0,"recency":1,"frp":1.0,"confidence":"nominal","filter_reason":"anomalie_thermique_recurrente","site_name":null,"recurrent_days":8}},{"type":"Feature","geometry":{"type":"Point","coordinates":[15.21152,38.79382]},"properties":{"age_h":66.0,"recency":1,"frp":10.7,"confidence":"nominal","filter_reason":"anomalie_thermique_recurrente","site_name":null,"recurrent_days":16}},{"type":"Feature","geometry":{"type":"Point","coordinates":[9.01665,39.0808]},"properties":{"age_h":66.0,"recency":1,"frp":1.4,"confidence":"nominal","filter_reason":"anomalie_thermique_recurrente","site_name":null,"recurrent_days":8}},{"type":"Feature","geometry":{"type":"Point","coordinates":[27.51324,39.09253]},"properties":{"age_h":66.0,"recency":1,"frp":1.2,"confidence":"nominal","filter_reason":"anomalie_thermique_recurrente","site_name":null,"recurrent_days":15}},{"type":"Feature","geometry":{"type":"Point","coordinates":[27.50837,39.0936]},"properties":{"age_h":66.0,"recency":1,"frp":1.2,"confidence":"nominal","filter_reason":"anomalie_thermique_recurrente","site_name":null,"recurrent_days":8}},{"type":"Feature","geometry":{"type":"Point","coordinates":[26.24625,39.86549]},"properties":{"age_h":66.0,"recency":1,"frp":1.1,"confidence":"nominal","filter_reason":"anomalie_thermique_recurrente","site_name":null,"recurrent_days":13}},{"type":"Feature","geometry":{"type":"Point","coordinates":[26.24023,39.86675]},"properties":{"age_h":66.0,"recency":1,"frp":1.1,"confidence":"nominal","filter_reason":"anomalie_thermique_recurrente","site_name":null,"recurrent_days":13}},{"type":"Feature","geometry":{"type":"Point","coordinates":[29.75969,40.75969]},"properties":{"age_h":66.0,"recency":1,"frp":1.6,"confidence":"nominal","filter_reason":"anomalie_thermique_recurrente","site_name":null,"recurrent_days":11}},{"type":"Feature","geometry":{"type":"Point","coordinates":[28.5576,41.02237]},"properties":{"age_h":66.0,"recency":1,"frp":0.4,"confidence":"nominal","filter_reason":"anomalie_thermique_recurrente","site_name":null,"recurrent_days":10}},{"type":"Feature","geometry":{"type":"Point","coordinates":[26.70139,41.79709]},"properties":{"age_h":66.0,"recency":1,"frp":1.0,"confidence":"nominal","filter_reason":"anomalie_thermique_recurrente","site_name":null,"recurrent_days":8}},{"type":"Feature","geometry":{"type":"Point","coordinates":[12.71288,42.01122]},"properties":{"age_h":66.0,"recency":1,"frp":0.7,"confidence":"nominal","filter_reason":"anomalie_thermique_recurrente","site_name":null,"recurrent_days":13}},{"type":"Feature","geometry":{"type":"Point","coordinates":[4.88999,43.44199]},"properties":{"age_h":66.0,"recency":1,"frp":1.7,"confidence":"nominal","filter_reason":"site_industriel_connu","site_name":"ArcelorMittal Fos-sur-Mer","recurrent_days":6}},{"type":"Feature","geometry":{"type":"Point","coordinates":[4.88196,43.44205]},"properties":{"age_h":66.0,"recency":1,"frp":1.7,"confidence":"nominal","filter_reason":"site_industriel_connu","site_name":"ArcelorMittal Fos-sur-Mer","recurrent_days":14}},{"type":"Feature","geometry":{"type":"Point","coordinates":[33.85894,44.77285]},"properties":{"age_h":66.0,"recency":1,"frp":1.1,"confidence":"nominal","filter_reason":"anomalie_thermique_recurrente","site_name":null,"recurrent_days":15}},{"type":"Feature","geometry":{"type":"Point","coordinates":[31.67564,45.25838]},"properties":{"age_h":66.0,"recency":1,"frp":5.8,"confidence":"nominal","filter_reason":"anomalie_thermique_recurrente","site_name":null,"recurrent_days":19}},{"type":"Feature","geometry":{"type":"Point","coordinates":[31.66996,45.25976]},"properties":{"age_h":66.0,"recency":1,"frp":5.8,"confidence":"nominal","filter_reason":"anomalie_thermique_recurrente","site_name":null,"recurrent_days":16}},{"type":"Feature","geometry":{"type":"Point","coordinates":[30.9056,45.35687]},"properties":{"age_h":66.0,"recency":1,"frp":1.3,"confidence":"nominal","filter_reason":"anomalie_thermique_recurrente","site_name":null,"recurrent_days":8}},{"type":"Feature","geometry":{"type":"Point","coordinates":[30.90034,45.3581]},"properties":{"age_h":66.0,"recency":1,"frp":1.1,"confidence":"nominal","filter_reason":"anomalie_thermique_recurrente","site_name":null,"recurrent_days":12}},{"type":"Feature","geometry":{"type":"Point","coordinates":[30.92568,45.37453]},"properties":{"age_h":66.0,"recency":1,"frp":1.9,"confidence":"nominal","filter_reason":"anomalie_thermique_recurrente","site_name":null,"recurrent_days":11}},{"type":"Feature","geometry":{"type":"Point","coordinates":[30.92733,45.37493]},"properties":{"age_h":66.0,"recency":1,"frp":1.5,"confidence":"nominal","filter_reason":"anomalie_thermique_recurrente","site_name":null,"recurrent_days":11}},{"type":"Feature","geometry":{"type":"Point","coordinates":[22.33187,47.03676]},"properties":{"age_h":66.0,"recency":1,"frp":0.9,"confidence":"nominal","filter_reason":"anomalie_thermique_recurrente","site_name":null,"recurrent_days":12}},{"type":"Feature","geometry":{"type":"Point","coordinates":[14.33934,48.2741]},"properties":{"age_h":66.0,"recency":1,"frp":2.3,"confidence":"nominal","filter_reason":"anomalie_thermique_recurrente","site_name":null,"recurrent_days":21}},{"type":"Feature","geometry":{"type":"Point","coordinates":[14.33287,48.27457]},"properties":{"age_h":66.0,"recency":1,"frp":2.3,"confidence":"nominal","filter_reason":"anomalie_thermique_recurrente","site_name":null,"recurrent_days":11}},{"type":"Feature","geometry":{"type":"Point","coordinates":[14.34655,48.27805]},"properties":{"age_h":66.0,"recency":1,"frp":1.3,"confidence":"nominal","filter_reason":"anomalie_thermique_recurrente","site_name":null,"recurrent_days":10}},{"type":"Feature","geometry":{"type":"Point","coordinates":[14.34009,48.27853]},"properties":{"age_h":66.0,"recency":1,"frp":2.7,"confidence":"nominal","filter_reason":"anomalie_thermique_recurrente","site_name":null,"recurrent_days":15}},{"type":"Feature","geometry":{"type":"Point","coordinates":[14.33361,48.279]},"properties":{"age_h":66.0,"recency":1,"frp":2.7,"confidence":"nominal","filter_reason":"anomalie_thermique_recurrente","site_name":null,"recurrent_days":15}},{"type":"Feature","geometry":{"type":"Point","coordinates":[17.18914,48.45855]},"properties":{"age_h":66.0,"recency":1,"frp":1.6,"confidence":"nominal","filter_reason":"anomalie_thermique_recurrente","site_name":null,"recurrent_days":20}},{"type":"Feature","geometry":{"type":"Point","coordinates":[21.17677,48.60586]},"properties":{"age_h":66.0,"recency":1,"frp":4.2,"confidence":"nominal","filter_reason":"anomalie_thermique_recurrente","site_name":null,"recurrent_days":18}},{"type":"Feature","geometry":{"type":"Point","coordinates":[21.17923,48.60877]},"properties":{"age_h":66.0,"recency":1,"frp":5.3,"confidence":"nominal","filter_reason":"anomalie_thermique_recurrente","site_name":null,"recurrent_days":13}},{"type":"Feature","geometry":{"type":"Point","coordinates":[21.1778,48.60924]},"properties":{"age_h":66.0,"recency":1,"frp":4.2,"confidence":"nominal","filter_reason":"anomalie_thermique_recurrente","site_name":null,"recurrent_days":13}},{"type":"Feature","geometry":{"type":"Point","coordinates":[21.19685,48.60997]},"properties":{"age_h":66.0,"recency":1,"frp":1.1,"confidence":"nominal","filter_reason":"anomalie_thermique_recurrente","site_name":null,"recurrent_days":9}},{"type":"Feature","geometry":{"type":"Point","coordinates":[6.7442,49.35832]},"properties":{"age_h":66.0,"recency":1,"frp":1.4,"confidence":"nominal","filter_reason":"anomalie_thermique_recurrente","site_name":null,"recurrent_days":13}},{"type":"Feature","geometry":{"type":"Point","coordinates":[22.21857,65.56535]},"properties":{"age_h":64.5,"recency":1,"frp":8.5,"confidence":"nominal","filter_reason":"anomalie_thermique_recurrente","site_name":null,"recurrent_days":8}},{"type":"Feature","geometry":{"type":"Point","coordinates":[24.18839,65.76437]},"properties":{"age_h":64.5,"recency":1,"frp":1.2,"confidence":"nominal","filter_reason":"anomalie_thermique_recurrente","site_name":null,"recurrent_days":13}},{"type":"Feature","geometry":{"type":"Point","coordinates":[24.18105,65.76648]},"properties":{"age_h":64.5,"recency":1,"frp":1.2,"confidence":"nominal","filter_reason":"anomalie_thermique_recurrente","site_name":null,"recurrent_days":8}},{"type":"Feature","geometry":{"type":"Point","coordinates":[24.18678,65.76988]},"properties":{"age_h":64.5,"recency":1,"frp":2.1,"confidence":"nominal","filter_reason":"anomalie_thermique_recurrente","site_name":null,"recurrent_days":10}},{"type":"Feature","geometry":{"type":"Point","coordinates":[15.97653,51.68813]},"properties":{"age_h":64.4,"recency":1,"frp":1.7,"confidence":"nominal","filter_reason":"anomalie_thermique_recurrente","site_name":null,"recurrent_days":8}},{"type":"Feature","geometry":{"type":"Point","coordinates":[9.94252,45.14668]},"properties":{"age_h":64.4,"recency":1,"frp":1.0,"confidence":"nominal","filter_reason":"anomalie_thermique_recurrente","site_name":null,"recurrent_days":20}},{"type":"Feature","geometry":{"type":"Point","coordinates":[9.93841,45.14784]},"properties":{"age_h":64.4,"recency":1,"frp":1.0,"confidence":"nominal","filter_reason":"anomalie_thermique_recurrente","site_name":null,"recurrent_days":10}},{"type":"Feature","geometry":{"type":"Point","coordinates":[10.45488,45.46037]},"properties":{"age_h":64.4,"recency":1,"frp":3.2,"confidence":"nominal","filter_reason":"anomalie_thermique_recurrente","site_name":null,"recurrent_days":16}},{"type":"Feature","geometry":{"type":"Point","coordinates":[21.18253,48.60832]},"properties":{"age_h":64.4,"recency":1,"frp":6.4,"confidence":"nominal","filter_reason":"anomalie_thermique_recurrente","site_name":null,"recurrent_days":10}},{"type":"Feature","geometry":{"type":"Point","coordinates":[1.76218,48.98281]},"properties":{"age_h":64.4,"recency":1,"frp":1.0,"confidence":"nominal","filter_reason":"anomalie_thermique_recurrente","site_name":null,"recurrent_days":9}},{"type":"Feature","geometry":{"type":"Point","coordinates":[1.75668,48.98384]},"properties":{"age_h":64.4,"recency":1,"frp":0.9,"confidence":"nominal","filter_reason":"anomalie_thermique_recurrente","site_name":null,"recurrent_days":8}},{"type":"Feature","geometry":{"type":"Point","coordinates":[6.75121,49.35852]},"properties":{"age_h":64.4,"recency":1,"frp":1.1,"confidence":"nominal","filter_reason":"anomalie_thermique_recurrente","site_name":null,"recurrent_days":19}},{"type":"Feature","geometry":{"type":"Point","coordinates":[6.74612,49.35969]},"properties":{"age_h":64.4,"recency":1,"frp":1.5,"confidence":"nominal","filter_reason":"anomalie_thermique_recurrente","site_name":null,"recurrent_days":13}},{"type":"Feature","geometry":{"type":"Point","coordinates":[18.66111,49.67869]},"properties":{"age_h":64.4,"recency":1,"frp":1.1,"confidence":"nominal","filter_reason":"anomalie_thermique_recurrente","site_name":null,"recurrent_days":9}},{"type":"Feature","geometry":{"type":"Point","coordinates":[2.28207,51.02548]},"properties":{"age_h":64.4,"recency":1,"frp":0.8,"confidence":"nominal","filter_reason":"site_industriel_connu","site_name":"ArcelorMittal Dunkerque","recurrent_days":1}},{"type":"Feature","geometry":{"type":"Point","coordinates":[2.27089,51.02752]},"properties":{"age_h":64.4,"recency":1,"frp":1.2,"confidence":"nominal","filter_reason":"site_industriel_connu","site_name":"ArcelorMittal Dunkerque","recurrent_days":5}},{"type":"Feature","geometry":{"type":"Point","coordinates":[2.27798,51.02979]},"properties":{"age_h":64.4,"recency":1,"frp":0.8,"confidence":"nominal","filter_reason":"site_industriel_connu","site_name":"ArcelorMittal Dunkerque","recurrent_days":8}},{"type":"Feature","geometry":{"type":"Point","coordinates":[2.27239,51.0308]},"properties":{"age_h":64.4,"recency":1,"frp":1.2,"confidence":"nominal","filter_reason":"site_industriel_connu","site_name":"ArcelorMittal Dunkerque","recurrent_days":6}},{"type":"Feature","geometry":{"type":"Point","coordinates":[2.2866,51.03534]},"properties":{"age_h":64.4,"recency":1,"frp":1.5,"confidence":"nominal","filter_reason":"site_industriel_connu","site_name":"ArcelorMittal Dunkerque","recurrent_days":12}},{"type":"Feature","geometry":{"type":"Point","coordinates":[2.28962,51.04192]},"properties":{"age_h":64.4,"recency":1,"frp":0.7,"confidence":"nominal","filter_reason":"site_industriel_connu","site_name":"ArcelorMittal Dunkerque","recurrent_days":11}},{"type":"Feature","geometry":{"type":"Point","coordinates":[2.29673,51.04419]},"properties":{"age_h":64.4,"recency":1,"frp":3.3,"confidence":"nominal","filter_reason":"anomalie_thermique_recurrente","site_name":null,"recurrent_days":17}},{"type":"Feature","geometry":{"type":"Point","coordinates":[3.80449,51.16595]},"properties":{"age_h":64.4,"recency":1,"frp":0.7,"confidence":"nominal","filter_reason":"anomalie_thermique_recurrente","site_name":null,"recurrent_days":12}},{"type":"Feature","geometry":{"type":"Point","coordinates":[3.81212,51.16816]},"properties":{"age_h":64.4,"recency":1,"frp":6.8,"confidence":"nominal","filter_reason":"anomalie_thermique_recurrente","site_name":null,"recurrent_days":15}},{"type":"Feature","geometry":{"type":"Point","coordinates":[3.80615,51.16932]},"properties":{"age_h":64.4,"recency":1,"frp":6.8,"confidence":"nominal","filter_reason":"anomalie_thermique_recurrente","site_name":null,"recurrent_days":16}},{"type":"Feature","geometry":{"type":"Point","coordinates":[3.8002,51.17049]},"properties":{"age_h":64.4,"recency":1,"frp":1.5,"confidence":"nominal","filter_reason":"anomalie_thermique_recurrente","site_name":null,"recurrent_days":8}},{"type":"Feature","geometry":{"type":"Point","coordinates":[3.80782,51.1727]},"properties":{"age_h":64.4,"recency":1,"frp":6.8,"confidence":"nominal","filter_reason":"anomalie_thermique_recurrente","site_name":null,"recurrent_days":15}},{"type":"Feature","geometry":{"type":"Point","coordinates":[3.80187,51.17386]},"properties":{"age_h":64.4,"recency":1,"frp":1.5,"confidence":"nominal","filter_reason":"anomalie_thermique_recurrente","site_name":null,"recurrent_days":12}},{"type":"Feature","geometry":{"type":"Point","coordinates":[3.81546,51.1749]},"properties":{"age_h":64.4,"recency":1,"frp":2.8,"confidence":"nominal","filter_reason":"anomalie_thermique_recurrente","site_name":null,"recurrent_days":15}},{"type":"Feature","geometry":{"type":"Point","coordinates":[3.8095,51.17607]},"properties":{"age_h":64.4,"recency":1,"frp":2.8,"confidence":"nominal","filter_reason":"anomalie_thermique_recurrente","site_name":null,"recurrent_days":12}},{"type":"Feature","geometry":{"type":"Point","coordinates":[4.33767,51.25818]},"properties":{"age_h":64.4,"recency":1,"frp":0.7,"confidence":"nominal","filter_reason":"anomalie_thermique_recurrente","site_name":null,"recurrent_days":8}},{"type":"Feature","geometry":{"type":"Point","coordinates":[6.70599,51.36802]},"properties":{"age_h":64.4,"recency":1,"frp":3.8,"confidence":"nominal","filter_reason":"anomalie_thermique_recurrente","site_name":null,"recurrent_days":11}},{"type":"Feature","geometry":{"type":"Point","coordinates":[6.73849,51.42534]},"properties":{"age_h":64.4,"recency":1,"frp":0.8,"confidence":"nominal","filter_reason":"anomalie_thermique_recurrente","site_name":null,"recurrent_days":10}},{"type":"Feature","geometry":{"type":"Point","coordinates":[6.72252,51.48201]},"properties":{"age_h":64.4,"recency":1,"frp":5.6,"confidence":"nominal","filter_reason":"anomalie_thermique_recurrente","site_name":null,"recurrent_days":12}},{"type":"Feature","geometry":{"type":"Point","coordinates":[6.71539,51.48358]},"properties":{"age_h":64.4,"recency":1,"frp":6.5,"confidence":"nominal","filter_reason":"anomalie_thermique_recurrente","site_name":null,"recurrent_days":13}},{"type":"Feature","geometry":{"type":"Point","coordinates":[6.70825,51.48516]},"properties":{"age_h":64.4,"recency":1,"frp":6.5,"confidence":"nominal","filter_reason":"anomalie_thermique_recurrente","site_name":null,"recurrent_days":16}},{"type":"Feature","geometry":{"type":"Point","coordinates":[6.70117,51.48673]},"properties":{"age_h":64.4,"recency":1,"frp":2.7,"confidence":"nominal","filter_reason":"anomalie_thermique_recurrente","site_name":null,"recurrent_days":8}},{"type":"Feature","geometry":{"type":"Point","coordinates":[6.71744,51.48721]},"properties":{"age_h":64.4,"recency":1,"frp":18.3,"confidence":"nominal","filter_reason":"anomalie_thermique_recurrente","site_name":null,"recurrent_days":12}},{"type":"Feature","geometry":{"type":"Point","coordinates":[4.59064,52.48085]},"properties":{"age_h":64.4,"recency":1,"frp":1.4,"confidence":"nominal","filter_reason":"anomalie_thermique_recurrente","site_name":null,"recurrent_days":10}},{"type":"Feature","geometry":{"type":"Point","coordinates":[4.59241,52.48422]},"properties":{"age_h":64.4,"recency":1,"frp":1.4,"confidence":"nominal","filter_reason":"anomalie_thermique_recurrente","site_name":null,"recurrent_days":9}},{"type":"Feature","geometry":{"type":"Point","coordinates":[4.5863,52.48542]},"properties":{"age_h":64.4,"recency":1,"frp":1.4,"confidence":"nominal","filter_reason":"anomalie_thermique_recurrente","site_name":null,"recurrent_days":11}},{"type":"Feature","geometry":{"type":"Point","coordinates":[4.61184,52.49525]},"properties":{"age_h":64.4,"recency":1,"frp":1.4,"confidence":"nominal","filter_reason":"anomalie_thermique_recurrente","site_name":null,"recurrent_days":12}},{"type":"Feature","geometry":{"type":"Point","coordinates":[-0.60175,53.56699]},"properties":{"age_h":64.4,"recency":1,"frp":2.1,"confidence":"nominal","filter_reason":"anomalie_thermique_recurrente","site_name":null,"recurrent_days":10}},{"type":"Feature","geometry":{"type":"Point","coordinates":[-0.24106,53.63434]},"properties":{"age_h":64.4,"recency":1,"frp":1.3,"confidence":"nominal","filter_reason":"anomalie_thermique_recurrente","site_name":null,"recurrent_days":10}},{"type":"Feature","geometry":{"type":"Point","coordinates":[-0.24683,53.63519]},"properties":{"age_h":64.4,"recency":1,"frp":1.8,"confidence":"nominal","filter_reason":"anomalie_thermique_recurrente","site_name":null,"recurrent_days":14}},{"type":"Feature","geometry":{"type":"Point","coordinates":[12.71244,42.00932]},"properties":{"age_h":64.4,"recency":1,"frp":1.4,"confidence":"nominal","filter_reason":"anomalie_thermique_recurrente","site_name":null,"recurrent_days":13}},{"type":"Feature","geometry":{"type":"Point","coordinates":[4.8903,43.43793]},"properties":{"age_h":64.4,"recency":1,"frp":1.1,"confidence":"nominal","filter_reason":"site_industriel_connu","site_name":"ArcelorMittal Fos-sur-Mer","recurrent_days":16}},{"type":"Feature","geometry":{"type":"Point","coordinates":[4.88502,43.43918]},"properties":{"age_h":64.4,"recency":1,"frp":1.3,"confidence":"nominal","filter_reason":"site_industriel_connu","site_name":"ArcelorMittal Fos-sur-Mer","recurrent_days":9}},{"type":"Feature","geometry":{"type":"Point","coordinates":[4.89213,43.44204]},"properties":{"age_h":64.4,"recency":1,"frp":1.1,"confidence":"nominal","filter_reason":"site_industriel_connu","site_name":"ArcelorMittal Fos-sur-Mer","recurrent_days":6}},{"type":"Feature","geometry":{"type":"Point","coordinates":[4.89926,43.4449]},"properties":{"age_h":64.4,"recency":1,"frp":2.1,"confidence":"nominal","filter_reason":"anomalie_thermique_recurrente","site_name":null,"recurrent_days":19}},{"type":"Feature","geometry":{"type":"Point","coordinates":[4.89395,43.44615]},"properties":{"age_h":64.4,"recency":1,"frp":2.1,"confidence":"nominal","filter_reason":"site_industriel_connu","site_name":"ArcelorMittal Fos-sur-Mer","recurrent_days":18}},{"type":"Feature","geometry":{"type":"Point","coordinates":[-5.73422,43.52464]},"properties":{"age_h":64.4,"recency":1,"frp":0.9,"confidence":"nominal","filter_reason":"anomalie_thermique_recurrente","site_name":null,"recurrent_days":13}},{"type":"Feature","geometry":{"type":"Point","coordinates":[-5.72835,43.52733]},"properties":{"age_h":64.4,"recency":1,"frp":1.0,"confidence":"nominal","filter_reason":"anomalie_thermique_recurrente","site_name":null,"recurrent_days":13}},{"type":"Feature","geometry":{"type":"Point","coordinates":[-5.73332,43.52802]},"properties":{"age_h":64.4,"recency":1,"frp":1.0,"confidence":"nominal","filter_reason":"anomalie_thermique_recurrente","site_name":null,"recurrent_days":8}},{"type":"Feature","geometry":{"type":"Point","coordinates":[-5.83343,43.54174]},"properties":{"age_h":64.4,"recency":1,"frp":2.1,"confidence":"nominal","filter_reason":"anomalie_thermique_recurrente","site_name":null,"recurrent_days":10}},{"type":"Feature","geometry":{"type":"Point","coordinates":[5.71205,34.98029]},"properties":{"age_h":64.3,"recency":1,"frp":0.9,"confidence":"nominal","filter_reason":"anomalie_thermique_recurrente","site_name":null,"recurrent_days":17}},{"type":"Feature","geometry":{"type":"Point","coordinates":[5.64761,35.09602]},"properties":{"age_h":64.3,"recency":1,"frp":0.8,"confidence":"nominal","filter_reason":"anomalie_thermique_recurrente","site_name":null,"recurrent_days":8}},{"type":"Feature","geometry":{"type":"Point","coordinates":[5.64442,35.09837]},"properties":{"age_h":64.3,"recency":1,"frp":1.1,"confidence":"nominal","filter_reason":"anomalie_thermique_recurrente","site_name":null,"recurrent_days":8}},{"type":"Feature","geometry":{"type":"Point","coordinates":[5.7601,35.34937]},"properties":{"age_h":64.3,"recency":1,"frp":1.7,"confidence":"nominal","filter_reason":"anomalie_thermique_recurrente","site_name":null,"recurrent_days":22}},{"type":"Feature","geometry":{"type":"Point","coordinates":[4.47492,35.71177]},"properties":{"age_h":64.3,"recency":1,"frp":0.3,"confidence":"nominal","filter_reason":"anomalie_thermique_recurrente","site_name":null,"recurrent_days":9}},{"type":"Feature","geometry":{"type":"Point","coordinates":[4.44707,35.878]},"properties":{"age_h":64.3,"recency":1,"frp":1.0,"confidence":"nominal","filter_reason":"anomalie_thermique_recurrente","site_name":null,"recurrent_days":8}},{"type":"Feature","geometry":{"type":"Point","coordinates":[5.48232,36.33353]},"properties":{"age_h":64.3,"recency":1,"frp":2.2,"confidence":"nominal","filter_reason":"anomalie_thermique_recurrente","site_name":null,"recurrent_days":17}},{"type":"Feature","geometry":{"type":"Point","coordinates":[6.25369,36.74607]},"properties":{"age_h":64.3,"recency":1,"frp":3.3,"confidence":"nominal","filter_reason":"anomalie_thermique_recurrente","site_name":null,"recurrent_days":25}},{"type":"Feature","geometry":{"type":"Point","coordinates":[6.98389,36.86691]},"properties":{"age_h":64.3,"recency":1,"frp":1.4,"confidence":"nominal","filter_reason":"anomalie_thermique_recurrente","site_name":null,"recurrent_days":11}},{"type":"Feature","geometry":{"type":"Point","coordinates":[6.98118,36.86869]},"properties":{"age_h":64.3,"recency":1,"frp":1.2,"confidence":"nominal","filter_reason":"anomalie_thermique_recurrente","site_name":null,"recurrent_days":18}},{"type":"Feature","geometry":{"type":"Point","coordinates":[-3.47221,40.24617]},"properties":{"age_h":64.3,"recency":1,"frp":1.0,"confidence":"nominal","filter_reason":"anomalie_thermique_recurrente","site_name":null,"recurrent_days":11}},{"type":"Feature","geometry":{"type":"Point","coordinates":[-3.47671,40.24693]},"properties":{"age_h":64.3,"recency":1,"frp":1.4,"confidence":"nominal","filter_reason":"anomalie_thermique_recurrente","site_name":null,"recurrent_days":9}},{"type":"Feature","geometry":{"type":"Point","coordinates":[24.19142,65.76909]},"properties":{"age_h":62.8,"recency":1,"frp":2.3,"confidence":"nominal","filter_reason":"anomalie_thermique_recurrente","site_name":null,"recurrent_days":15}},{"type":"Feature","geometry":{"type":"Point","coordinates":[36.46768,41.24295]},"properties":{"age_h":56.3,"recency":1,"frp":5.3,"confidence":"nominal","filter_reason":"anomalie_thermique_recurrente","site_name":null,"recurrent_days":11}},{"type":"Feature","geometry":{"type":"Point","coordinates":[37.92849,51.13923]},"properties":{"age_h":56.3,"recency":1,"frp":2.9,"confidence":"nominal","filter_reason":"anomalie_thermique_recurrente","site_name":null,"recurrent_days":12}},{"type":"Feature","geometry":{"type":"Point","coordinates":[37.93402,51.14001]},"properties":{"age_h":56.3,"recency":1,"frp":2.9,"confidence":"nominal","filter_reason":"anomalie_thermique_recurrente","site_name":null,"recurrent_days":8}},{"type":"Feature","geometry":{"type":"Point","coordinates":[37.76556,51.25884]},"properties":{"age_h":56.3,"recency":1,"frp":2.1,"confidence":"nominal","filter_reason":"anomalie_thermique_recurrente","site_name":null,"recurrent_days":10}},{"type":"Feature","geometry":{"type":"Point","coordinates":[29.98764,52.84538]},"properties":{"age_h":56.3,"recency":1,"frp":3.7,"confidence":"nominal","filter_reason":"anomalie_thermique_recurrente","site_name":null,"recurrent_days":12}},{"type":"Feature","geometry":{"type":"Point","coordinates":[6.25911,36.74747]},"properties":{"age_h":54.6,"recency":1,"frp":5.3,"confidence":"nominal","filter_reason":"anomalie_thermique_recurrente","site_name":null,"recurrent_days":19}},{"type":"Feature","geometry":{"type":"Point","coordinates":[6.98208,36.86621]},"properties":{"age_h":54.6,"recency":1,"frp":10.1,"confidence":"nominal","filter_reason":"anomalie_thermique_recurrente","site_name":null,"recurrent_days":11}},{"type":"Feature","geometry":{"type":"Point","coordinates":[31.67168,45.25925]},"properties":{"age_h":54.6,"recency":1,"frp":6.5,"confidence":"nominal","filter_reason":"anomalie_thermique_recurrente","site_name":null,"recurrent_days":16}},{"type":"Feature","geometry":{"type":"Point","coordinates":[14.33647,48.27661]},"properties":{"age_h":54.6,"recency":1,"frp":9.1,"confidence":"nominal","filter_reason":"anomalie_thermique_recurrente","site_name":null,"recurrent_days":20}},{"type":"Feature","geometry":{"type":"Point","coordinates":[21.17758,48.60759]},"properties":{"age_h":54.6,"recency":1,"frp":5.2,"confidence":"nominal","filter_reason":"anomalie_thermique_recurrente","site_name":null,"recurrent_days":18}},{"type":"Feature","geometry":{"type":"Point","coordinates":[19.33357,50.3412]},"properties":{"age_h":54.6,"recency":1,"frp":5.8,"confidence":"nominal","filter_reason":"anomalie_thermique_recurrente","site_name":null,"recurrent_days":13}},{"type":"Feature","geometry":{"type":"Point","coordinates":[19.3392,50.34167]},"properties":{"age_h":54.6,"recency":1,"frp":3.5,"confidence":"nominal","filter_reason":"anomalie_thermique_recurrente","site_name":null,"recurrent_days":12}},{"type":"Feature","geometry":{"type":"Point","coordinates":[2.28899,51.03389]},"properties":{"age_h":54.6,"recency":1,"frp":4.2,"confidence":"nominal","filter_reason":"site_industriel_connu","site_name":"ArcelorMittal Dunkerque","recurrent_days":6}},{"type":"Feature","geometry":{"type":"Point","coordinates":[2.29037,51.03498]},"properties":{"age_h":54.6,"recency":1,"frp":4.4,"confidence":"nominal","filter_reason":"site_industriel_connu","site_name":"ArcelorMittal Dunkerque","recurrent_days":6}},{"type":"Feature","geometry":{"type":"Point","coordinates":[6.70764,51.36538]},"properties":{"age_h":54.6,"recency":1,"frp":4.7,"confidence":"nominal","filter_reason":"anomalie_thermique_recurrente","site_name":null,"recurrent_days":16}},{"type":"Feature","geometry":{"type":"Point","coordinates":[6.72243,51.48021]},"properties":{"age_h":54.6,"recency":1,"frp":40.3,"confidence":"nominal","filter_reason":"anomalie_thermique_recurrente","site_name":null,"recurrent_days":12}},{"type":"Feature","geometry":{"type":"Point","coordinates":[6.70711,51.48465]},"properties":{"age_h":54.6,"recency":1,"frp":6.7,"confidence":"nominal","filter_reason":"anomalie_thermique_recurrente","site_name":null,"recurrent_days":12}},{"type":"Feature","geometry":{"type":"Point","coordinates":[15.98139,51.68514]},"properties":{"age_h":54.6,"recency":1,"frp":15.7,"confidence":"nominal","filter_reason":"anomalie_thermique_recurrente","site_name":null,"recurrent_days":10}},{"type":"Feature","geometry":{"type":"Point","coordinates":[15.9804,51.68876]},"properties":{"age_h":54.6,"recency":1,"frp":7.5,"confidence":"nominal","filter_reason":"anomalie_thermique_recurrente","site_name":null,"recurrent_days":10}},{"type":"Feature","geometry":{"type":"Point","coordinates":[10.4043,52.15476]},"properties":{"age_h":54.6,"recency":1,"frp":10.3,"confidence":"nominal","filter_reason":"anomalie_thermique_recurrente","site_name":null,"recurrent_days":15}},{"type":"Feature","geometry":{"type":"Point","coordinates":[-3.47395,40.24538]},"properties":{"age_h":52.9,"recency":1,"frp":3.0,"confidence":"nominal","filter_reason":"anomalie_thermique_recurrente","site_name":null,"recurrent_days":11}},{"type":"Feature","geometry":{"type":"Point","coordinates":[3.81663,51.16496]},"properties":{"age_h":52.9,"recency":1,"frp":7.3,"confidence":"nominal","filter_reason":"anomalie_thermique_recurrente","site_name":null,"recurrent_days":9}},{"type":"Feature","geometry":{"type":"Point","coordinates":[3.80934,51.16881]},"properties":{"age_h":52.9,"recency":1,"frp":5.8,"confidence":"nominal","filter_reason":"anomalie_thermique_recurrente","site_name":null,"recurrent_days":18}},{"type":"Feature","geometry":{"type":"Point","coordinates":[3.80868,51.1713]},"properties":{"age_h":52.9,"recency":1,"frp":8.7,"confidence":"nominal","filter_reason":"anomalie_thermique_recurrente","site_name":null,"recurrent_days":18}},{"type":"Feature","geometry":{"type":"Point","coordinates":[37.78482,59.13567]},"properties":{"age_h":44.1,"recency":1,"frp":2.0,"confidence":"nominal","filter_reason":"anomalie_thermique_recurrente","site_name":null,"recurrent_days":10}},{"type":"Feature","geometry":{"type":"Point","coordinates":[38.11401,44.88593]},"properties":{"age_h":44.1,"recency":1,"frp":1.0,"confidence":"nominal","filter_reason":"anomalie_thermique_recurrente","site_name":null,"recurrent_days":15}},{"type":"Feature","geometry":{"type":"Point","coordinates":[38.11269,44.88691]},"properties":{"age_h":44.1,"recency":1,"frp":0.4,"confidence":"nominal","filter_reason":"anomalie_thermique_recurrente","site_name":null,"recurrent_days":15}},{"type":"Feature","geometry":{"type":"Point","coordinates":[40.82717,34.91293]},"properties":{"age_h":44.0,"recency":1,"frp":0.7,"confidence":"nominal","filter_reason":"anomalie_thermique_recurrente","site_name":null,"recurrent_days":8}},{"type":"Feature","geometry":{"type":"Point","coordinates":[37.94233,34.91799]},"properties":{"age_h":44.0,"recency":1,"frp":1.2,"confidence":"nominal","filter_reason":"anomalie_thermique_recurrente","site_name":null,"recurrent_days":13}},{"type":"Feature","geometry":{"type":"Point","coordinates":[40.4439,35.30357]},"properties":{"age_h":44.0,"recency":1,"frp":1.2,"confidence":"nominal","filter_reason":"anomalie_thermique_recurrente","site_name":null,"recurrent_days":11}},{"type":"Feature","geometry":{"type":"Point","coordinates":[40.44507,35.30439]},"properties":{"age_h":44.0,"recency":1,"frp":1.5,"confidence":"nominal","filter_reason":"anomalie_thermique_recurrente","site_name":null,"recurrent_days":11}},{"type":"Feature","geometry":{"type":"Point","coordinates":[38.18283,54.08483]},"properties":{"age_h":42.4,"recency":1,"frp":3.8,"confidence":"nominal","filter_reason":"anomalie_thermique_recurrente","site_name":null,"recurrent_days":11}},{"type":"Feature","geometry":{"type":"Point","coordinates":[38.87095,54.24551]},"properties":{"age_h":42.4,"recency":1,"frp":1.3,"confidence":"nominal","filter_reason":"anomalie_thermique_recurrente","site_name":null,"recurrent_days":8}},{"type":"Feature","geometry":{"type":"Point","coordinates":[37.76184,55.55491]},"properties":{"age_h":42.4,"recency":1,"frp":0.7,"confidence":"nominal","filter_reason":"anomalie_thermique_recurrente","site_name":null,"recurrent_days":8}},{"type":"Feature","geometry":{"type":"Point","coordinates":[9.97261,57.06326]},"properties":{"age_h":42.4,"recency":1,"frp":1.4,"confidence":"nominal","filter_reason":"anomalie_thermique_recurrente","site_name":null,"recurrent_days":10}},{"type":"Feature","geometry":{"type":"Point","coordinates":[37.79007,59.1333]},"properties":{"age_h":42.4,"recency":1,"frp":3.0,"confidence":"nominal","filter_reason":"anomalie_thermique_recurrente","site_name":null,"recurrent_days":10}},{"type":"Feature","geometry":{"type":"Point","coordinates":[37.83999,59.14946]},"properties":{"age_h":42.4,"recency":1,"frp":1.6,"confidence":"nominal","filter_reason":"anomalie_thermique_recurrente","site_name":null,"recurrent_days":8}},{"type":"Feature","geometry":{"type":"Point","coordinates":[34.14479,59.52921]},"properties":{"age_h":42.4,"recency":1,"frp":3.5,"confidence":"nominal","filter_reason":"anomalie_thermique_recurrente","site_name":null,"recurrent_days":11}},{"type":"Feature","geometry":{"type":"Point","coordinates":[31.6764,45.25906]},"properties":{"age_h":42.4,"recency":1,"frp":5.1,"confidence":"nominal","filter_reason":"anomalie_thermique_recurrente","site_name":null,"recurrent_days":8}},{"type":"Feature","geometry":{"type":"Point","coordinates":[31.67077,45.26018]},"properties":{"age_h":42.4,"recency":1,"frp":5.1,"confidence":"nominal","filter_reason":"anomalie_thermique_recurrente","site_name":null,"recurrent_days":8}},{"type":"Feature","geometry":{"type":"Point","coordinates":[30.90509,45.35675]},"properties":{"age_h":42.4,"recency":1,"frp":2.2,"confidence":"nominal","filter_reason":"anomalie_thermique_recurrente","site_name":null,"recurrent_days":8}},{"type":"Feature","geometry":{"type":"Point","coordinates":[30.92899,45.37411]},"properties":{"age_h":42.4,"recency":1,"frp":1.8,"confidence":"nominal","filter_reason":"anomalie_thermique_recurrente","site_name":null,"recurrent_days":8}},{"type":"Feature","geometry":{"type":"Point","coordinates":[30.93133,45.37513]},"properties":{"age_h":42.4,"recency":1,"frp":0.9,"confidence":"nominal","filter_reason":"anomalie_thermique_recurrente","site_name":null,"recurrent_days":8}},{"type":"Feature","geometry":{"type":"Point","coordinates":[22.86645,45.95356]},"properties":{"age_h":42.4,"recency":1,"frp":0.9,"confidence":"nominal","filter_reason":"anomalie_thermique_recurrente","site_name":null,"recurrent_days":12}},{"type":"Feature","geometry":{"type":"Point","coordinates":[29.01756,47.78512]},"properties":{"age_h":42.4,"recency":1,"frp":1.0,"confidence":"nominal","filter_reason":"anomalie_thermique_recurrente","site_name":null,"recurrent_days":10}},{"type":"Feature","geometry":{"type":"Point","coordinates":[37.95472,48.05895]},"properties":{"age_h":42.4,"recency":1,"frp":1.1,"confidence":"nominal","filter_reason":"anomalie_thermique_recurrente","site_name":null,"recurrent_days":8}},{"type":"Feature","geometry":{"type":"Point","coordinates":[14.34414,48.27563]},"properties":{"age_h":42.4,"recency":1,"frp":2.3,"confidence":"nominal","filter_reason":"anomalie_thermique_recurrente","site_name":null,"recurrent_days":8}},{"type":"Feature","geometry":{"type":"Point","coordinates":[14.33874,48.27579]},"properties":{"age_h":42.4,"recency":1,"frp":2.3,"confidence":"nominal","filter_reason":"anomalie_thermique_recurrente","site_name":null,"recurrent_days":21}},{"type":"Feature","geometry":{"type":"Point","coordinates":[14.33332,48.27596]},"properties":{"age_h":42.4,"recency":1,"frp":3.9,"confidence":"nominal","filter_reason":"anomalie_thermique_recurrente","site_name":null,"recurrent_days":11}},{"type":"Feature","geometry":{"type":"Point","coordinates":[14.32788,48.27612]},"properties":{"age_h":42.4,"recency":1,"frp":3.9,"confidence":"nominal","filter_reason":"anomalie_thermique_recurrente","site_name":null,"recurrent_days":10}},{"type":"Feature","geometry":{"type":"Point","coordinates":[14.33702,48.27669]},"properties":{"age_h":42.4,"recency":1,"frp":3.5,"confidence":"nominal","filter_reason":"anomalie_thermique_recurrente","site_name":null,"recurrent_days":20}},{"type":"Feature","geometry":{"type":"Point","coordinates":[14.3316,48.27688]},"properties":{"age_h":42.4,"recency":1,"frp":3.5,"confidence":"nominal","filter_reason":"anomalie_thermique_recurrente","site_name":null,"recurrent_days":11}},{"type":"Feature","geometry":{"type":"Point","coordinates":[14.32616,48.27707]},"properties":{"age_h":42.4,"recency":1,"frp":2.5,"confidence":"nominal","filter_reason":"anomalie_thermique_recurrente","site_name":null,"recurrent_days":10}},{"type":"Feature","geometry":{"type":"Point","coordinates":[17.19137,48.45801]},"properties":{"age_h":42.4,"recency":1,"frp":1.7,"confidence":"nominal","filter_reason":"anomalie_thermique_recurrente","site_name":null,"recurrent_days":20}},{"type":"Feature","geometry":{"type":"Point","coordinates":[34.62717,48.47347]},"properties":{"age_h":42.4,"recency":1,"frp":1.8,"confidence":"nominal","filter_reason":"anomalie_thermique_recurrente","site_name":null,"recurrent_days":8}},{"type":"Feature","geometry":{"type":"Point","coordinates":[21.17936,48.60501]},"properties":{"age_h":42.4,"recency":1,"frp":2.0,"confidence":"nominal","filter_reason":"anomalie_thermique_recurrente","site_name":null,"recurrent_days":18}},{"type":"Feature","geometry":{"type":"Point","coordinates":[21.18023,48.60904]},"properties":{"age_h":42.4,"recency":1,"frp":2.0,"confidence":"nominal","filter_reason":"anomalie_thermique_recurrente","site_name":null,"recurrent_days":10}},{"type":"Feature","geometry":{"type":"Point","coordinates":[21.19706,48.61164]},"properties":{"age_h":42.4,"recency":1,"frp":1.1,"confidence":"nominal","filter_reason":"anomalie_thermique_recurrente","site_name":null,"recurrent_days":9}},{"type":"Feature","geometry":{"type":"Point","coordinates":[26.60328,48.74881]},"properties":{"age_h":42.4,"recency":1,"frp":0.9,"confidence":"nominal","filter_reason":"anomalie_thermique_recurrente","site_name":null,"recurrent_days":9}},{"type":"Feature","geometry":{"type":"Point","coordinates":[19.28745,50.33379]},"properties":{"age_h":42.4,"recency":1,"frp":2.1,"confidence":"nominal","filter_reason":"anomalie_thermique_recurrente","site_name":null,"recurrent_days":8}},{"type":"Feature","geometry":{"type":"Point","coordinates":[19.28616,50.33571]},"properties":{"age_h":42.4,"recency":1,"frp":3.9,"confidence":"nominal","filter_reason":"anomalie_thermique_recurrente","site_name":null,"recurrent_days":8}},{"type":"Feature","geometry":{"type":"Point","coordinates":[19.28828,50.33827]},"properties":{"age_h":42.4,"recency":1,"frp":2.1,"confidence":"nominal","filter_reason":"anomalie_thermique_recurrente","site_name":null,"recurrent_days":15}},{"type":"Feature","geometry":{"type":"Point","coordinates":[19.33698,50.34142]},"properties":{"age_h":42.4,"recency":1,"frp":1.5,"confidence":"nominal","filter_reason":"anomalie_thermique_recurrente","site_name":null,"recurrent_days":12}},{"type":"Feature","geometry":{"type":"Point","coordinates":[19.339,50.34372]},"properties":{"age_h":42.4,"recency":1,"frp":2.0,"confidence":"nominal","filter_reason":"anomalie_thermique_recurrente","site_name":null,"recurrent_days":12}},{"type":"Feature","geometry":{"type":"Point","coordinates":[18.14,50.41401]},"properties":{"age_h":42.4,"recency":1,"frp":1.0,"confidence":"nominal","filter_reason":"anomalie_thermique_recurrente","site_name":null,"recurrent_days":10}},{"type":"Feature","geometry":{"type":"Point","coordinates":[18.14075,50.41874]},"properties":{"age_h":42.4,"recency":1,"frp":1.9,"confidence":"nominal","filter_reason":"anomalie_thermique_recurrente","site_name":null,"recurrent_days":10}},{"type":"Feature","geometry":{"type":"Point","coordinates":[21.67505,50.92935]},"properties":{"age_h":42.4,"recency":1,"frp":0.9,"confidence":"nominal","filter_reason":"anomalie_thermique_recurrente","site_name":null,"recurrent_days":11}},{"type":"Feature","geometry":{"type":"Point","coordinates":[15.97692,51.68977]},"properties":{"age_h":42.4,"recency":1,"frp":0.9,"confidence":"nominal","filter_reason":"anomalie_thermique_recurrente","site_name":null,"recurrent_days":8}},{"type":"Feature","geometry":{"type":"Point","coordinates":[29.33836,51.88811]},"properties":{"age_h":42.4,"recency":1,"frp":1.0,"confidence":"nominal","filter_reason":"anomalie_thermique_recurrente","site_name":null,"recurrent_days":13}},{"type":"Feature","geometry":{"type":"Point","coordinates":[29.33284,51.88894]},"properties":{"age_h":42.4,"recency":1,"frp":1.0,"confidence":"nominal","filter_reason":"anomalie_thermique_recurrente","site_name":null,"recurrent_days":9}},{"type":"Feature","geometry":{"type":"Point","coordinates":[29.34094,51.89462]},"properties":{"age_h":42.4,"recency":1,"frp":1.3,"confidence":"nominal","filter_reason":"anomalie_thermique_recurrente","site_name":null,"recurrent_days":15}},{"type":"Feature","geometry":{"type":"Point","coordinates":[10.39784,52.15246]},"properties":{"age_h":42.4,"recency":1,"frp":2.5,"confidence":"nominal","filter_reason":"anomalie_thermique_recurrente","site_name":null,"recurrent_days":8}},{"type":"Feature","geometry":{"type":"Point","coordinates":[10.40202,52.15559]},"properties":{"age_h":42.4,"recency":1,"frp":2.7,"confidence":"nominal","filter_reason":"anomalie_thermique_recurrente","site_name":null,"recurrent_days":17}},{"type":"Feature","geometry":{"type":"Point","coordinates":[38.72455,38.45333]},"properties":{"age_h":42.3,"recency":1,"frp":1.3,"confidence":"nominal","filter_reason":"anomalie_thermique_recurrente","site_name":null,"recurrent_days":9}},{"type":"Feature","geometry":{"type":"Point","coordinates":[27.5097,39.09137]},"properties":{"age_h":42.3,"recency":1,"frp":0.8,"confidence":"nominal","filter_reason":"anomalie_thermique_recurrente","site_name":null,"recurrent_days":9}},{"type":"Feature","geometry":{"type":"Point","coordinates":[27.51076,39.09471]},"properties":{"age_h":42.3,"recency":1,"frp":0.7,"confidence":"nominal","filter_reason":"anomalie_thermique_recurrente","site_name":null,"recurrent_days":8}},{"type":"Feature","geometry":{"type":"Point","coordinates":[27.52142,39.11397]},"properties":{"age_h":42.3,"recency":1,"frp":1.6,"confidence":"nominal","filter_reason":"anomalie_thermique_recurrente","site_name":null,"recurrent_days":10}},{"type":"Feature","geometry":{"type":"Point","coordinates":[26.24556,39.8646]},"properties":{"age_h":42.3,"recency":1,"frp":1.2,"confidence":"nominal","filter_reason":"anomalie_thermique_recurrente","site_name":null,"recurrent_days":13}},{"type":"Feature","geometry":{"type":"Point","coordinates":[26.24109,39.86533]},"properties":{"age_h":42.3,"recency":1,"frp":1.1,"confidence":"nominal","filter_reason":"anomalie_thermique_recurrente","site_name":null,"recurrent_days":13}},{"type":"Feature","geometry":{"type":"Point","coordinates":[29.5304,40.76581]},"properties":{"age_h":42.3,"recency":1,"frp":0.9,"confidence":"nominal","filter_reason":"anomalie_thermique_recurrente","site_name":null,"recurrent_days":8}},{"type":"Feature","geometry":{"type":"Point","coordinates":[28.55832,41.02106]},"properties":{"age_h":42.3,"recency":1,"frp":1.0,"confidence":"nominal","filter_reason":"anomalie_thermique_recurrente","site_name":null,"recurrent_days":10}},{"type":"Feature","geometry":{"type":"Point","coordinates":[28.55343,41.02195]},"properties":{"age_h":42.3,"recency":1,"frp":1.2,"confidence":"nominal","filter_reason":"anomalie_thermique_recurrente","site_name":null,"recurrent_days":13}},{"type":"Feature","geometry":{"type":"Point","coordinates":[31.41011,41.25552]},"properties":{"age_h":42.3,"recency":1,"frp":0.9,"confidence":"nominal","filter_reason":"anomalie_thermique_recurrente","site_name":null,"recurrent_days":10}},{"type":"Feature","geometry":{"type":"Point","coordinates":[31.42616,41.26413]},"properties":{"age_h":42.3,"recency":1,"frp":1.6,"confidence":"nominal","filter_reason":"anomalie_thermique_recurrente","site_name":null,"recurrent_days":17}},{"type":"Feature","geometry":{"type":"Point","coordinates":[31.42016,41.26536]},"properties":{"age_h":42.3,"recency":1,"frp":1.9,"confidence":"nominal","filter_reason":"anomalie_thermique_recurrente","site_name":null,"recurrent_days":17}},{"type":"Feature","geometry":{"type":"Point","coordinates":[26.70173,41.79856]},"properties":{"age_h":42.3,"recency":1,"frp":0.8,"confidence":"nominal","filter_reason":"anomalie_thermique_recurrente","site_name":null,"recurrent_days":8}},{"type":"Feature","geometry":{"type":"Point","coordinates":[24.16935,42.71555]},"properties":{"age_h":42.3,"recency":1,"frp":3.5,"confidence":"nominal","filter_reason":"anomalie_thermique_recurrente","site_name":null,"recurrent_days":9}},{"type":"Feature","geometry":{"type":"Point","coordinates":[16.43726,43.54395]},"properties":{"age_h":42.3,"recency":1,"frp":1.0,"confidence":"nominal","filter_reason":"anomalie_thermique_recurrente","site_name":null,"recurrent_days":11}},{"type":"Feature","geometry":{"type":"Point","coordinates":[25.41751,45.12336]},"properties":{"age_h":42.3,"recency":1,"frp":1.4,"confidence":"nominal","filter_reason":"anomalie_thermique_recurrente","site_name":null,"recurrent_days":13}},{"type":"Feature","geometry":{"type":"Point","coordinates":[13.62553,46.07003]},"properties":{"age_h":42.3,"recency":1,"frp":0.9,"confidence":"nominal","filter_reason":"anomalie_thermique_recurrente","site_name":null,"recurrent_days":16}},{"type":"Feature","geometry":{"type":"Point","coordinates":[40.82415,34.91206]},"properties":{"age_h":42.3,"recency":1,"frp":1.6,"confidence":"nominal","filter_reason":"anomalie_thermique_recurrente","site_name":null,"recurrent_days":8}},{"type":"Feature","geometry":{"type":"Point","coordinates":[40.44202,35.30105]},"properties":{"age_h":42.3,"recency":1,"frp":1.2,"confidence":"nominal","filter_reason":"anomalie_thermique_recurrente","site_name":null,"recurrent_days":11}},{"type":"Feature","geometry":{"type":"Point","coordinates":[33.72874,36.26263]},"properties":{"age_h":42.3,"recency":1,"frp":1.8,"confidence":"nominal","filter_reason":"anomalie_thermique_recurrente","site_name":null,"recurrent_days":16}},{"type":"Feature","geometry":{"type":"Point","coordinates":[30.44065,37.25294]},"properties":{"age_h":42.3,"recency":1,"frp":1.2,"confidence":"nominal","filter_reason":"anomalie_thermique_recurrente","site_name":null,"recurrent_days":13}},{"type":"Feature","geometry":{"type":"Point","coordinates":[26.94504,38.73805]},"properties":{"age_h":42.3,"recency":1,"frp":0.8,"confidence":"nominal","filter_reason":"anomalie_thermique_recurrente","site_name":null,"recurrent_days":12}},{"type":"Feature","geometry":{"type":"Point","coordinates":[37.78622,59.13366]},"properties":{"age_h":40.8,"recency":1,"frp":7.8,"confidence":"nominal","filter_reason":"anomalie_thermique_recurrente","site_name":null,"recurrent_days":10}},{"type":"Feature","geometry":{"type":"Point","coordinates":[34.14057,59.5308]},"properties":{"age_h":40.8,"recency":1,"frp":1.1,"confidence":"nominal","filter_reason":"anomalie_thermique_recurrente","site_name":null,"recurrent_days":8}},{"type":"Feature","geometry":{"type":"Point","coordinates":[9.14294,63.31612]},"properties":{"age_h":40.7,"recency":1,"frp":0.6,"confidence":"nominal","filter_reason":"anomalie_thermique_recurrente","site_name":null,"recurrent_days":9}},{"type":"Feature","geometry":{"type":"Point","coordinates":[21.17764,48.60443]},"properties":{"age_h":40.7,"recency":1,"frp":1.3,"confidence":"nominal","filter_reason":"anomalie_thermique_recurrente","site_name":null,"recurrent_days":18}},{"type":"Feature","geometry":{"type":"Point","coordinates":[21.17766,48.60959]},"properties":{"age_h":40.7,"recency":1,"frp":3.5,"confidence":"nominal","filter_reason":"anomalie_thermique_recurrente","site_name":null,"recurrent_days":13}},{"type":"Feature","geometry":{"type":"Point","coordinates":[19.29164,50.33838]},"properties":{"age_h":40.7,"recency":1,"frp":0.9,"confidence":"nominal","filter_reason":"anomalie_thermique_recurrente","site_name":null,"recurrent_days":15}},{"type":"Feature","geometry":{"type":"Point","coordinates":[19.28682,50.33986]},"properties":{"age_h":40.7,"recency":1,"frp":1.5,"confidence":"nominal","filter_reason":"anomalie_thermique_recurrente","site_name":null,"recurrent_days":10}},{"type":"Feature","geometry":{"type":"Point","coordinates":[19.33553,50.34292]},"properties":{"age_h":40.7,"recency":1,"frp":0.9,"confidence":"nominal","filter_reason":"anomalie_thermique_recurrente","site_name":null,"recurrent_days":13}},{"type":"Feature","geometry":{"type":"Point","coordinates":[17.97684,50.53471]},"properties":{"age_h":40.7,"recency":1,"frp":1.1,"confidence":"nominal","filter_reason":"anomalie_thermique_recurrente","site_name":null,"recurrent_days":13}},{"type":"Feature","geometry":{"type":"Point","coordinates":[3.81279,51.16643]},"properties":{"age_h":40.7,"recency":1,"frp":5.5,"confidence":"nominal","filter_reason":"anomalie_thermique_recurrente","site_name":null,"recurrent_days":14}},{"type":"Feature","geometry":{"type":"Point","coordinates":[3.80736,51.16726]},"properties":{"age_h":40.7,"recency":1,"frp":1.8,"confidence":"nominal","filter_reason":"anomalie_thermique_recurrente","site_name":null,"recurrent_days":12}},{"type":"Feature","geometry":{"type":"Point","coordinates":[3.80194,51.16808]},"properties":{"age_h":40.7,"recency":1,"frp":1.8,"confidence":"nominal","filter_reason":"anomalie_thermique_recurrente","site_name":null,"recurrent_days":8}},{"type":"Feature","geometry":{"type":"Point","coordinates":[3.80862,51.17051]},"properties":{"age_h":40.7,"recency":1,"frp":1.8,"confidence":"nominal","filter_reason":"anomalie_thermique_recurrente","site_name":null,"recurrent_days":18}},{"type":"Feature","geometry":{"type":"Point","coordinates":[3.80319,51.17134]},"properties":{"age_h":40.7,"recency":1,"frp":1.8,"confidence":"nominal","filter_reason":"anomalie_thermique_recurrente","site_name":null,"recurrent_days":8}},{"type":"Feature","geometry":{"type":"Point","coordinates":[3.80988,51.17377]},"properties":{"age_h":40.7,"recency":1,"frp":3.6,"confidence":"nominal","filter_reason":"anomalie_thermique_recurrente","site_name":null,"recurrent_days":19}},{"type":"Feature","geometry":{"type":"Point","coordinates":[3.80445,51.17459]},"properties":{"age_h":40.7,"recency":1,"frp":3.6,"confidence":"nominal","filter_reason":"anomalie_thermique_recurrente","site_name":null,"recurrent_days":15}},{"type":"Feature","geometry":{"type":"Point","coordinates":[3.81114,51.17702]},"properties":{"age_h":40.7,"recency":1,"frp":3.6,"confidence":"nominal","filter_reason":"anomalie_thermique_recurrente","site_name":null,"recurrent_days":12}},{"type":"Feature","geometry":{"type":"Point","coordinates":[4.33816,51.25726]},"properties":{"age_h":40.7,"recency":1,"frp":0.8,"confidence":"nominal","filter_reason":"anomalie_thermique_recurrente","site_name":null,"recurrent_days":8}},{"type":"Feature","geometry":{"type":"Point","coordinates":[6.70907,51.3642]},"properties":{"age_h":40.7,"recency":1,"frp":4.3,"confidence":"nominal","filter_reason":"anomalie_thermique_recurrente","site_name":null,"recurrent_days":13}},{"type":"Feature","geometry":{"type":"Point","coordinates":[6.71055,51.36746]},"properties":{"age_h":40.7,"recency":1,"frp":4.3,"confidence":"nominal","filter_reason":"anomalie_thermique_recurrente","site_name":null,"recurrent_days":13}},{"type":"Feature","geometry":{"type":"Point","coordinates":[6.70501,51.36845]},"properties":{"age_h":40.7,"recency":1,"frp":4.3,"confidence":"nominal","filter_reason":"anomalie_thermique_recurrente","site_name":null,"recurrent_days":11}},{"type":"Feature","geometry":{"type":"Point","coordinates":[6.73728,51.42624]},"properties":{"age_h":40.7,"recency":1,"frp":0.8,"confidence":"nominal","filter_reason":"anomalie_thermique_recurrente","site_name":null,"recurrent_days":10}},{"type":"Feature","geometry":{"type":"Point","coordinates":[6.73617,51.46003]},"properties":{"age_h":40.7,"recency":1,"frp":1.5,"confidence":"nominal","filter_reason":"anomalie_thermique_recurrente","site_name":null,"recurrent_days":8}},{"type":"Feature","geometry":{"type":"Point","coordinates":[6.71584,51.4813]},"properties":{"age_h":40.7,"recency":1,"frp":1.1,"confidence":"nominal","filter_reason":"anomalie_thermique_recurrente","site_name":null,"recurrent_days":13}},{"type":"Feature","geometry":{"type":"Point","coordinates":[6.70474,51.48327]},"properties":{"age_h":40.7,"recency":1,"frp":2.9,"confidence":"nominal","filter_reason":"anomalie_thermique_recurrente","site_name":null,"recurrent_days":14}},{"type":"Feature","geometry":{"type":"Point","coordinates":[6.72288,51.48357]},"properties":{"age_h":40.7,"recency":1,"frp":1.1,"confidence":"nominal","filter_reason":"anomalie_thermique_recurrente","site_name":null,"recurrent_days":12}},{"type":"Feature","geometry":{"type":"Point","coordinates":[6.71733,51.48456]},"properties":{"age_h":40.7,"recency":1,"frp":1.1,"confidence":"nominal","filter_reason":"anomalie_thermique_recurrente","site_name":null,"recurrent_days":12}},{"type":"Feature","geometry":{"type":"Point","coordinates":[6.71177,51.48555]},"properties":{"age_h":40.7,"recency":1,"frp":2.9,"confidence":"nominal","filter_reason":"anomalie_thermique_recurrente","site_name":null,"recurrent_days":16}},{"type":"Feature","geometry":{"type":"Point","coordinates":[6.70622,51.48654]},"properties":{"age_h":40.7,"recency":1,"frp":2.9,"confidence":"nominal","filter_reason":"anomalie_thermique_recurrente","site_name":null,"recurrent_days":12}},{"type":"Feature","geometry":{"type":"Point","coordinates":[6.71881,51.48782]},"properties":{"age_h":40.7,"recency":1,"frp":2.2,"confidence":"nominal","filter_reason":"anomalie_thermique_recurrente","site_name":null,"recurrent_days":12}},{"type":"Feature","geometry":{"type":"Point","coordinates":[15.9761,51.68745]},"properties":{"age_h":40.7,"recency":1,"frp":1.0,"confidence":"nominal","filter_reason":"anomalie_thermique_recurrente","site_name":null,"recurrent_days":9}},{"type":"Feature","geometry":{"type":"Point","coordinates":[29.33248,51.88975]},"properties":{"age_h":40.7,"recency":1,"frp":1.8,"confidence":"nominal","filter_reason":"anomalie_thermique_recurrente","site_name":null,"recurrent_days":9}},{"type":"Feature","geometry":{"type":"Point","coordinates":[29.33893,51.89576]},"properties":{"age_h":40.7,"recency":1,"frp":1.8,"confidence":"nominal","filter_reason":"anomalie_thermique_recurrente","site_name":null,"recurrent_days":13}},{"type":"Feature","geometry":{"type":"Point","coordinates":[10.40243,52.15014]},"properties":{"age_h":40.7,"recency":1,"frp":3.0,"confidence":"nominal","filter_reason":"anomalie_thermique_recurrente","site_name":null,"recurrent_days":13}},{"type":"Feature","geometry":{"type":"Point","coordinates":[10.40435,52.1536]},"properties":{"age_h":40.7,"recency":1,"frp":3.0,"confidence":"nominal","filter_reason":"anomalie_thermique_recurrente","site_name":null,"recurrent_days":15}},{"type":"Feature","geometry":{"type":"Point","coordinates":[10.39782,52.15496]},"properties":{"age_h":40.7,"recency":1,"frp":2.5,"confidence":"nominal","filter_reason":"anomalie_thermique_recurrente","site_name":null,"recurrent_days":8}},{"type":"Feature","geometry":{"type":"Point","coordinates":[10.40627,52.15707]},"properties":{"age_h":40.7,"recency":1,"frp":10.4,"confidence":"nominal","filter_reason":"anomalie_thermique_recurrente","site_name":null,"recurrent_days":13}},{"type":"Feature","geometry":{"type":"Point","coordinates":[10.41663,52.16264]},"properties":{"age_h":40.7,"recency":1,"frp":2.6,"confidence":"nominal","filter_reason":"anomalie_thermique_recurrente","site_name":null,"recurrent_days":9}},{"type":"Feature","geometry":{"type":"Point","coordinates":[8.04748,52.20884]},"properties":{"age_h":40.7,"recency":1,"frp":5.9,"confidence":"nominal","filter_reason":"anomalie_thermique_recurrente","site_name":null,"recurrent_days":11}},{"type":"Feature","geometry":{"type":"Point","coordinates":[7.31875,52.465]},"properties":{"age_h":40.7,"recency":1,"frp":1.7,"confidence":"nominal","filter_reason":"anomalie_thermique_recurrente","site_name":null,"recurrent_days":12}},{"type":"Feature","geometry":{"type":"Point","coordinates":[4.59349,52.48316]},"properties":{"age_h":40.7,"recency":1,"frp":0.5,"confidence":"nominal","filter_reason":"anomalie_thermique_recurrente","site_name":null,"recurrent_days":12}},{"type":"Feature","geometry":{"type":"Point","coordinates":[4.58792,52.48401]},"properties":{"age_h":40.7,"recency":1,"frp":1.3,"confidence":"nominal","filter_reason":"anomalie_thermique_recurrente","site_name":null,"recurrent_days":11}},{"type":"Feature","geometry":{"type":"Point","coordinates":[4.61557,52.49357]},"properties":{"age_h":40.7,"recency":1,"frp":4.3,"confidence":"nominal","filter_reason":"anomalie_thermique_recurrente","site_name":null,"recurrent_days":14}},{"type":"Feature","geometry":{"type":"Point","coordinates":[4.61,52.49443]},"properties":{"age_h":40.7,"recency":1,"frp":4.3,"confidence":"nominal","filter_reason":"anomalie_thermique_recurrente","site_name":null,"recurrent_days":12}},{"type":"Feature","geometry":{"type":"Point","coordinates":[4.60443,52.49529]},"properties":{"age_h":40.7,"recency":1,"frp":0.6,"confidence":"nominal","filter_reason":"anomalie_thermique_recurrente","site_name":null,"recurrent_days":8}},{"type":"Feature","geometry":{"type":"Point","coordinates":[8.68583,53.12485]},"properties":{"age_h":40.7,"recency":1,"frp":1.1,"confidence":"nominal","filter_reason":"anomalie_thermique_recurrente","site_name":null,"recurrent_days":10}},{"type":"Feature","geometry":{"type":"Point","coordinates":[9.97896,57.06087]},"properties":{"age_h":40.7,"recency":1,"frp":1.4,"confidence":"nominal","filter_reason":"anomalie_thermique_recurrente","site_name":null,"recurrent_days":15}},{"type":"Feature","geometry":{"type":"Point","coordinates":[12.71406,42.00927]},"properties":{"age_h":40.7,"recency":1,"frp":0.7,"confidence":"nominal","filter_reason":"anomalie_thermique_recurrente","site_name":null,"recurrent_days":13}},{"type":"Feature","geometry":{"type":"Point","coordinates":[12.67385,42.57013]},"properties":{"age_h":40.7,"recency":1,"frp":1.1,"confidence":"nominal","filter_reason":"anomalie_thermique_recurrente","site_name":null,"recurrent_days":8}},{"type":"Feature","geometry":{"type":"Point","coordinates":[4.89552,43.43177]},"properties":{"age_h":40.7,"recency":1,"frp":0.9,"confidence":"nominal","filter_reason":"site_industriel_connu","site_name":"ArcelorMittal Fos-sur-Mer","recurrent_days":1}},{"type":"Feature","geometry":{"type":"Point","coordinates":[4.89149,43.4362]},"properties":{"age_h":40.7,"recency":1,"frp":1.1,"confidence":"nominal","filter_reason":"site_industriel_connu","site_name":"ArcelorMittal Fos-sur-Mer","recurrent_days":16}},{"type":"Feature","geometry":{"type":"Point","coordinates":[4.88625,43.43719]},"properties":{"age_h":40.7,"recency":1,"frp":1.1,"confidence":"nominal","filter_reason":"site_industriel_connu","site_name":"ArcelorMittal Fos-sur-Mer","recurrent_days":9}},{"type":"Feature","geometry":{"type":"Point","coordinates":[4.881,43.43819]},"properties":{"age_h":40.7,"recency":1,"frp":0.7,"confidence":"nominal","filter_reason":"site_industriel_connu","site_name":"ArcelorMittal Fos-sur-Mer","recurrent_days":6}},{"type":"Feature","geometry":{"type":"Point","coordinates":[4.89273,43.43962]},"properties":{"age_h":40.7,"recency":1,"frp":0.9,"confidence":"nominal","filter_reason":"site_industriel_connu","site_name":"ArcelorMittal Fos-sur-Mer","recurrent_days":10}},{"type":"Feature","geometry":{"type":"Point","coordinates":[4.88748,43.44062]},"properties":{"age_h":40.7,"recency":1,"frp":0.9,"confidence":"nominal","filter_reason":"site_industriel_connu","site_name":"ArcelorMittal Fos-sur-Mer","recurrent_days":8}},{"type":"Feature","geometry":{"type":"Point","coordinates":[4.88223,43.44162]},"properties":{"age_h":40.7,"recency":1,"frp":1.2,"confidence":"nominal","filter_reason":"site_industriel_connu","site_name":"ArcelorMittal Fos-sur-Mer","recurrent_days":14}},{"type":"Feature","geometry":{"type":"Point","coordinates":[4.90045,43.44548]},"properties":{"age_h":40.7,"recency":1,"frp":2.5,"confidence":"nominal","filter_reason":"anomalie_thermique_recurrente","site_name":null,"recurrent_days":9}},{"type":"Feature","geometry":{"type":"Point","coordinates":[4.89519,43.44648]},"properties":{"age_h":40.7,"recency":1,"frp":2.1,"confidence":"nominal","filter_reason":"anomalie_thermique_recurrente","site_name":null,"recurrent_days":18}},{"type":"Feature","geometry":{"type":"Point","coordinates":[9.94341,45.14728]},"properties":{"age_h":40.7,"recency":1,"frp":1.5,"confidence":"nominal","filter_reason":"anomalie_thermique_recurrente","site_name":null,"recurrent_days":20}},{"type":"Feature","geometry":{"type":"Point","coordinates":[11.94722,45.38122]},"properties":{"age_h":40.7,"recency":1,"frp":1.9,"confidence":"nominal","filter_reason":"anomalie_thermique_recurrente","site_name":null,"recurrent_days":12}},{"type":"Feature","geometry":{"type":"Point","coordinates":[10.45516,45.4601]},"properties":{"age_h":40.7,"recency":1,"frp":1.3,"confidence":"nominal","filter_reason":"anomalie_thermique_recurrente","site_name":null,"recurrent_days":16}},{"type":"Feature","geometry":{"type":"Point","coordinates":[10.2451,45.5097]},"properties":{"age_h":40.7,"recency":1,"frp":1.3,"confidence":"nominal","filter_reason":"anomalie_thermique_recurrente","site_name":null,"recurrent_days":16}},{"type":"Feature","geometry":{"type":"Point","coordinates":[13.0726,46.22864]},"properties":{"age_h":40.7,"recency":1,"frp":0.8,"confidence":"nominal","filter_reason":"anomalie_thermique_recurrente","site_name":null,"recurrent_days":10}},{"type":"Feature","geometry":{"type":"Point","coordinates":[13.0726,46.22999]},"properties":{"age_h":40.7,"recency":1,"frp":1.6,"confidence":"nominal","filter_reason":"anomalie_thermique_recurrente","site_name":null,"recurrent_days":10}},{"type":"Feature","geometry":{"type":"Point","coordinates":[8.26717,47.06959]},"properties":{"age_h":40.7,"recency":1,"frp":2.2,"confidence":"nominal","filter_reason":"anomalie_thermique_recurrente","site_name":null,"recurrent_days":10}},{"type":"Feature","geometry":{"type":"Point","coordinates":[7.56197,47.17341]},"properties":{"age_h":40.7,"recency":1,"frp":0.9,"confidence":"nominal","filter_reason":"anomalie_thermique_recurrente","site_name":null,"recurrent_days":9}},{"type":"Feature","geometry":{"type":"Point","coordinates":[14.32486,48.27411]},"properties":{"age_h":40.7,"recency":1,"frp":3.7,"confidence":"nominal","filter_reason":"anomalie_thermique_recurrente","site_name":null,"recurrent_days":13}},{"type":"Feature","geometry":{"type":"Point","coordinates":[14.34112,48.27487]},"properties":{"age_h":40.7,"recency":1,"frp":4.3,"confidence":"nominal","filter_reason":"anomalie_thermique_recurrente","site_name":null,"recurrent_days":16}},{"type":"Feature","geometry":{"type":"Point","coordinates":[14.33427,48.27668]},"properties":{"age_h":40.7,"recency":1,"frp":3.7,"confidence":"nominal","filter_reason":"anomalie_thermique_recurrente","site_name":null,"recurrent_days":15}},{"type":"Feature","geometry":{"type":"Point","coordinates":[7.82099,48.59661]},"properties":{"age_h":40.7,"recency":1,"frp":1.2,"confidence":"nominal","filter_reason":"anomalie_thermique_recurrente","site_name":null,"recurrent_days":11}},{"type":"Feature","geometry":{"type":"Point","coordinates":[1.76045,48.98181]},"properties":{"age_h":40.7,"recency":1,"frp":2.0,"confidence":"nominal","filter_reason":"anomalie_thermique_recurrente","site_name":null,"recurrent_days":9}},{"type":"Feature","geometry":{"type":"Point","coordinates":[6.74681,49.35891]},"properties":{"age_h":40.7,"recency":1,"frp":5.5,"confidence":"nominal","filter_reason":"anomalie_thermique_recurrente","site_name":null,"recurrent_days":13}},{"type":"Feature","geometry":{"type":"Point","coordinates":[2.27246,51.0293]},"properties":{"age_h":40.7,"recency":1,"frp":2.9,"confidence":"nominal","filter_reason":"site_industriel_connu","site_name":"ArcelorMittal Dunkerque","recurrent_days":6}},{"type":"Feature","geometry":{"type":"Point","coordinates":[2.27925,51.03184]},"properties":{"age_h":40.7,"recency":1,"frp":2.9,"confidence":"nominal","filter_reason":"site_industriel_connu","site_name":"ArcelorMittal Dunkerque","recurrent_days":8}},{"type":"Feature","geometry":{"type":"Point","coordinates":[2.28603,51.03437]},"properties":{"age_h":40.7,"recency":1,"frp":1.6,"confidence":"nominal","filter_reason":"site_industriel_connu","site_name":"ArcelorMittal Dunkerque","recurrent_days":12}},{"type":"Feature","geometry":{"type":"Point","coordinates":[2.29632,51.04688]},"properties":{"age_h":40.7,"recency":1,"frp":5.4,"confidence":"nominal","filter_reason":"anomalie_thermique_recurrente","site_name":null,"recurrent_days":17}},{"type":"Feature","geometry":{"type":"Point","coordinates":[6.80478,36.08633]},"properties":{"age_h":40.6,"recency":1,"frp":0.7,"confidence":"nominal","filter_reason":"anomalie_thermique_recurrente","site_name":null,"recurrent_days":8}},{"type":"Feature","geometry":{"type":"Point","coordinates":[6.25463,36.74422]},"properties":{"age_h":40.6,"recency":1,"frp":1.0,"confidence":"nominal","filter_reason":"anomalie_thermique_recurrente","site_name":null,"recurrent_days":25}},{"type":"Feature","geometry":{"type":"Point","coordinates":[6.24991,36.74525]},"properties":{"age_h":40.6,"recency":1,"frp":1.6,"confidence":"nominal","filter_reason":"anomalie_thermique_recurrente","site_name":null,"recurrent_days":11}},{"type":"Feature","geometry":{"type":"Point","coordinates":[7.30516,36.76301]},"properties":{"age_h":40.6,"recency":1,"frp":1.6,"confidence":"nominal","filter_reason":"anomalie_thermique_recurrente","site_name":null,"recurrent_days":12}},{"type":"Feature","geometry":{"type":"Point","coordinates":[6.98332,36.86956]},"properties":{"age_h":40.6,"recency":1,"frp":1.5,"confidence":"nominal","filter_reason":"anomalie_thermique_recurrente","site_name":null,"recurrent_days":18}},{"type":"Feature","geometry":{"type":"Point","coordinates":[-0.54476,38.37837]},"properties":{"age_h":40.6,"recency":1,"frp":1.0,"confidence":"nominal","filter_reason":"anomalie_thermique_recurrente","site_name":null,"recurrent_days":9}},{"type":"Feature","geometry":{"type":"Point","coordinates":[15.21105,38.79213]},"properties":{"age_h":40.6,"recency":1,"frp":1.6,"confidence":"nominal","filter_reason":"anomalie_thermique_recurrente","site_name":null,"recurrent_days":16}},{"type":"Feature","geometry":{"type":"Point","coordinates":[9.01684,39.08293]},"properties":{"age_h":40.6,"recency":1,"frp":2.2,"confidence":"nominal","filter_reason":"anomalie_thermique_recurrente","site_name":null,"recurrent_days":8}},{"type":"Feature","geometry":{"type":"Point","coordinates":[-2.34513,34.59628]},"properties":{"age_h":40.6,"recency":1,"frp":0.8,"confidence":"nominal","filter_reason":"anomalie_thermique_recurrente","site_name":null,"recurrent_days":10}},{"type":"Feature","geometry":{"type":"Point","coordinates":[-2.34931,34.59691]},"properties":{"age_h":40.6,"recency":1,"frp":0.8,"confidence":"nominal","filter_reason":"anomalie_thermique_recurrente","site_name":null,"recurrent_days":9}},{"type":"Feature","geometry":{"type":"Point","coordinates":[5.75945,35.34995]},"properties":{"age_h":40.6,"recency":1,"frp":2.2,"confidence":"nominal","filter_reason":"anomalie_thermique_recurrente","site_name":null,"recurrent_days":10}},{"type":"Feature","geometry":{"type":"Point","coordinates":[-0.25717,35.80549]},"properties":{"age_h":40.6,"recency":1,"frp":1.4,"confidence":"nominal","filter_reason":"anomalie_thermique_recurrente","site_name":null,"recurrent_days":11}},{"type":"Feature","geometry":{"type":"Point","coordinates":[-0.24357,35.80666]},"properties":{"age_h":40.6,"recency":1,"frp":1.1,"confidence":"nominal","filter_reason":"anomalie_thermique_recurrente","site_name":null,"recurrent_days":12}},{"type":"Feature","geometry":{"type":"Point","coordinates":[-0.25208,35.80807]},"properties":{"age_h":40.6,"recency":1,"frp":3.3,"confidence":"nominal","filter_reason":"anomalie_thermique_recurrente","site_name":null,"recurrent_days":19}},{"type":"Feature","geometry":{"type":"Point","coordinates":[-0.25633,35.80877]},"properties":{"age_h":40.6,"recency":1,"frp":4.6,"confidence":"nominal","filter_reason":"anomalie_thermique_recurrente","site_name":null,"recurrent_days":14}},{"type":"Feature","geometry":{"type":"Point","coordinates":[-0.26825,35.81417]},"properties":{"age_h":40.6,"recency":1,"frp":1.1,"confidence":"nominal","filter_reason":"anomalie_thermique_recurrente","site_name":null,"recurrent_days":16}},{"type":"Feature","geometry":{"type":"Point","coordinates":[-0.2725,35.81488]},"properties":{"age_h":40.6,"recency":1,"frp":0.5,"confidence":"nominal","filter_reason":"anomalie_thermique_recurrente","site_name":null,"recurrent_days":14}},{"type":"Feature","geometry":{"type":"Point","coordinates":[0.12571,36.01794]},"properties":{"age_h":40.6,"recency":1,"frp":0.8,"confidence":"nominal","filter_reason":"anomalie_thermique_recurrente","site_name":null,"recurrent_days":11}},{"type":"Feature","geometry":{"type":"Point","coordinates":[1.24137,36.12814]},"properties":{"age_h":40.6,"recency":1,"frp":2.5,"confidence":"nominal","filter_reason":"anomalie_thermique_recurrente","site_name":null,"recurrent_days":10}},{"type":"Feature","geometry":{"type":"Point","coordinates":[5.48241,36.33558]},"properties":{"age_h":40.6,"recency":1,"frp":1.1,"confidence":"nominal","filter_reason":"anomalie_thermique_recurrente","site_name":null,"recurrent_days":17}},{"type":"Feature","geometry":{"type":"Point","coordinates":[4.59212,52.48343]},"properties":{"age_h":39.0,"recency":1,"frp":3.2,"confidence":"nominal","filter_reason":"anomalie_thermique_recurrente","site_name":null,"recurrent_days":12}},{"type":"Feature","geometry":{"type":"Point","coordinates":[4.60568,52.4952]},"properties":{"age_h":39.0,"recency":1,"frp":2.8,"confidence":"nominal","filter_reason":"anomalie_thermique_recurrente","site_name":null,"recurrent_days":8}},{"type":"Feature","geometry":{"type":"Point","coordinates":[0.86246,58.35371]},"properties":{"age_h":39.0,"recency":1,"frp":1.1,"confidence":"nominal","filter_reason":"anomalie_thermique_recurrente","site_name":null,"recurrent_days":8}},{"type":"Feature","geometry":{"type":"Point","coordinates":[32.79885,40.0819]},"properties":{"age_h":32.6,"recency":1,"frp":7.9,"confidence":"nominal","filter_reason":"anomalie_thermique_recurrente","site_name":null,"recurrent_days":9}},{"type":"Feature","geometry":{"type":"Point","coordinates":[29.34286,51.89]},"properties":{"age_h":32.6,"recency":1,"frp":4.0,"confidence":"nominal","filter_reason":"anomalie_thermique_recurrente","site_name":null,"recurrent_days":8}},{"type":"Feature","geometry":{"type":"Point","coordinates":[6.98094,36.86943]},"properties":{"age_h":30.9,"recency":1,"frp":4.8,"confidence":"nominal","filter_reason":"anomalie_thermique_recurrente","site_name":null,"recurrent_days":18}},{"type":"Feature","geometry":{"type":"Point","coordinates":[24.17015,42.7141]},"properties":{"age_h":30.9,"recency":1,"frp":3.9,"confidence":"nominal","filter_reason":"anomalie_thermique_recurrente","site_name":null,"recurrent_days":9}},{"type":"Feature","geometry":{"type":"Point","coordinates":[9.94409,45.14508]},"properties":{"age_h":30.9,"recency":1,"frp":2.4,"confidence":"nominal","filter_reason":"anomalie_thermique_recurrente","site_name":null,"recurrent_days":10}},{"type":"Feature","geometry":{"type":"Point","coordinates":[10.45819,45.46077]},"properties":{"age_h":30.9,"recency":1,"frp":2.2,"confidence":"nominal","filter_reason":"anomalie_thermique_recurrente","site_name":null,"recurrent_days":12}},{"type":"Feature","geometry":{"type":"Point","coordinates":[8.26884,47.06987]},"properties":{"age_h":30.9,"recency":1,"frp":3.5,"confidence":"nominal","filter_reason":"anomalie_thermique_recurrente","site_name":null,"recurrent_days":8}},{"type":"Feature","geometry":{"type":"Point","coordinates":[14.33889,48.27369]},"properties":{"age_h":30.9,"recency":1,"frp":7.3,"confidence":"nominal","filter_reason":"anomalie_thermique_recurrente","site_name":null,"recurrent_days":21}},{"type":"Feature","geometry":{"type":"Point","coordinates":[14.33755,48.27701]},"properties":{"age_h":30.9,"recency":1,"frp":10.3,"confidence":"nominal","filter_reason":"anomalie_thermique_recurrente","site_name":null,"recurrent_days":20}},{"type":"Feature","geometry":{"type":"Point","coordinates":[21.17746,48.60575]},"properties":{"age_h":30.9,"recency":1,"frp":1.9,"confidence":"nominal","filter_reason":"anomalie_thermique_recurrente","site_name":null,"recurrent_days":18}},{"type":"Feature","geometry":{"type":"Point","coordinates":[24.70994,48.97485]},"properties":{"age_h":30.9,"recency":1,"frp":3.0,"confidence":"nominal","filter_reason":"anomalie_thermique_recurrente","site_name":null,"recurrent_days":12}},{"type":"Feature","geometry":{"type":"Point","coordinates":[6.74918,49.35769]},"properties":{"age_h":30.9,"recency":1,"frp":4.0,"confidence":"nominal","filter_reason":"anomalie_thermique_recurrente","site_name":null,"recurrent_days":19}},{"type":"Feature","geometry":{"type":"Point","coordinates":[19.2898,50.33655]},"properties":{"age_h":30.9,"recency":1,"frp":4.7,"confidence":"nominal","filter_reason":"anomalie_thermique_recurrente","site_name":null,"recurrent_days":15}},{"type":"Feature","geometry":{"type":"Point","coordinates":[6.7108,51.36479]},"properties":{"age_h":30.9,"recency":1,"frp":5.4,"confidence":"nominal","filter_reason":"anomalie_thermique_recurrente","site_name":null,"recurrent_days":13}},{"type":"Feature","geometry":{"type":"Point","coordinates":[6.72035,51.48137]},"properties":{"age_h":30.9,"recency":1,"frp":5.2,"confidence":"nominal","filter_reason":"anomalie_thermique_recurrente","site_name":null,"recurrent_days":12}},{"type":"Feature","geometry":{"type":"Point","coordinates":[6.70693,51.4826]},"properties":{"age_h":30.9,"recency":1,"frp":5.1,"confidence":"nominal","filter_reason":"anomalie_thermique_recurrente","site_name":null,"recurrent_days":14}},{"type":"Feature","geometry":{"type":"Point","coordinates":[6.71248,51.48392]},"properties":{"age_h":30.9,"recency":1,"frp":5.2,"confidence":"nominal","filter_reason":"anomalie_thermique_recurrente","site_name":null,"recurrent_days":13}},{"type":"Feature","geometry":{"type":"Point","coordinates":[3.12332,36.6808]},"properties":{"age_h":29.3,"recency":1,"frp":3.0,"confidence":"nominal","filter_reason":"anomalie_thermique_recurrente","site_name":null,"recurrent_days":11}},{"type":"Feature","geometry":{"type":"Point","coordinates":[6.25448,36.74665]},"properties":{"age_h":29.3,"recency":1,"frp":2.6,"confidence":"nominal","filter_reason":"anomalie_thermique_recurrente","site_name":null,"recurrent_days":25}},{"type":"Feature","geometry":{"type":"Point","coordinates":[6.25828,36.7469]},"properties":{"age_h":29.3,"recency":1,"frp":2.6,"confidence":"nominal","filter_reason":"anomalie_thermique_recurrente","site_name":null,"recurrent_days":19}},{"type":"Feature","geometry":{"type":"Point","coordinates":[3.81402,51.16773]},"properties":{"age_h":29.2,"recency":1,"frp":3.9,"confidence":"nominal","filter_reason":"anomalie_thermique_recurrente","site_name":null,"recurrent_days":14}},{"type":"Feature","geometry":{"type":"Point","coordinates":[3.80867,51.1727]},"properties":{"age_h":29.2,"recency":1,"frp":4.4,"confidence":"nominal","filter_reason":"anomalie_thermique_recurrente","site_name":null,"recurrent_days":19}},{"type":"Feature","geometry":{"type":"Point","coordinates":[40.82416,34.91204]},"properties":{"age_h":20.3,"recency":0,"frp":0.5,"confidence":"nominal","filter_reason":"anomalie_thermique_recurrente","site_name":null,"recurrent_days":8}},{"type":"Feature","geometry":{"type":"Point","coordinates":[37.83426,59.14947]},"properties":{"age_h":18.7,"recency":0,"frp":1.2,"confidence":"nominal","filter_reason":"anomalie_thermique_recurrente","site_name":null,"recurrent_days":8}},{"type":"Feature","geometry":{"type":"Point","coordinates":[28.45624,59.38745]},"properties":{"age_h":18.7,"recency":0,"frp":2.2,"confidence":"nominal","filter_reason":"anomalie_thermique_recurrente","site_name":null,"recurrent_days":10}},{"type":"Feature","geometry":{"type":"Point","coordinates":[34.14214,59.53097]},"properties":{"age_h":18.7,"recency":0,"frp":1.5,"confidence":"nominal","filter_reason":"anomalie_thermique_recurrente","site_name":null,"recurrent_days":8}},{"type":"Feature","geometry":{"type":"Point","coordinates":[38.75641,48.46682]},"properties":{"age_h":18.7,"recency":0,"frp":1.3,"confidence":"nominal","filter_reason":"anomalie_thermique_recurrente","site_name":null,"recurrent_days":14}},{"type":"Feature","geometry":{"type":"Point","coordinates":[37.93008,51.13654]},"properties":{"age_h":18.7,"recency":0,"frp":0.7,"confidence":"nominal","filter_reason":"anomalie_thermique_recurrente","site_name":null,"recurrent_days":12}},{"type":"Feature","geometry":{"type":"Point","coordinates":[37.93166,51.13987]},"properties":{"age_h":18.7,"recency":0,"frp":0.7,"confidence":"nominal","filter_reason":"anomalie_thermique_recurrente","site_name":null,"recurrent_days":12}},{"type":"Feature","geometry":{"type":"Point","coordinates":[29.33648,51.88831]},"properties":{"age_h":18.7,"recency":0,"frp":1.5,"confidence":"nominal","filter_reason":"anomalie_thermique_recurrente","site_name":null,"recurrent_days":13}},{"type":"Feature","geometry":{"type":"Point","coordinates":[29.33659,51.89053]},"properties":{"age_h":18.7,"recency":0,"frp":1.2,"confidence":"nominal","filter_reason":"anomalie_thermique_recurrente","site_name":null,"recurrent_days":13}},{"type":"Feature","geometry":{"type":"Point","coordinates":[29.33755,51.89196]},"properties":{"age_h":18.7,"recency":0,"frp":1.5,"confidence":"nominal","filter_reason":"anomalie_thermique_recurrente","site_name":null,"recurrent_days":13}},{"type":"Feature","geometry":{"type":"Point","coordinates":[29.33765,51.89419]},"properties":{"age_h":18.7,"recency":0,"frp":1.2,"confidence":"nominal","filter_reason":"anomalie_thermique_recurrente","site_name":null,"recurrent_days":13}},{"type":"Feature","geometry":{"type":"Point","coordinates":[39.57409,52.55225]},"properties":{"age_h":18.7,"recency":0,"frp":1.5,"confidence":"nominal","filter_reason":"anomalie_thermique_recurrente","site_name":null,"recurrent_days":11}},{"type":"Feature","geometry":{"type":"Point","coordinates":[39.5759,52.55561]},"properties":{"age_h":18.7,"recency":0,"frp":1.5,"confidence":"nominal","filter_reason":"anomalie_thermique_recurrente","site_name":null,"recurrent_days":11}},{"type":"Feature","geometry":{"type":"Point","coordinates":[39.58998,52.55654]},"properties":{"age_h":18.7,"recency":0,"frp":0.9,"confidence":"nominal","filter_reason":"anomalie_thermique_recurrente","site_name":null,"recurrent_days":9}},{"type":"Feature","geometry":{"type":"Point","coordinates":[39.56978,52.55682]},"properties":{"age_h":18.7,"recency":0,"frp":2.0,"confidence":"nominal","filter_reason":"anomalie_thermique_recurrente","site_name":null,"recurrent_days":12}},{"type":"Feature","geometry":{"type":"Point","coordinates":[39.57771,52.55897]},"properties":{"age_h":18.7,"recency":0,"frp":2.5,"confidence":"nominal","filter_reason":"anomalie_thermique_recurrente","site_name":null,"recurrent_days":14}},{"type":"Feature","geometry":{"type":"Point","coordinates":[39.59179,52.5599]},"properties":{"age_h":18.7,"recency":0,"frp":0.9,"confidence":"nominal","filter_reason":"anomalie_thermique_recurrente","site_name":null,"recurrent_days":9}},{"type":"Feature","geometry":{"type":"Point","coordinates":[39.59974,52.56205]},"properties":{"age_h":18.7,"recency":0,"frp":0.8,"confidence":"nominal","filter_reason":"anomalie_thermique_recurrente","site_name":null,"recurrent_days":9}},{"type":"Feature","geometry":{"type":"Point","coordinates":[39.69707,52.56511]},"properties":{"age_h":18.7,"recency":0,"frp":0.8,"confidence":"nominal","filter_reason":"anomalie_thermique_recurrente","site_name":null,"recurrent_days":14}},{"type":"Feature","geometry":{"type":"Point","coordinates":[29.98887,52.84694]},"properties":{"age_h":18.7,"recency":0,"frp":1.8,"confidence":"nominal","filter_reason":"anomalie_thermique_recurrente","site_name":null,"recurrent_days":16}},{"type":"Feature","geometry":{"type":"Point","coordinates":[40.82607,34.91021]},"properties":{"age_h":18.7,"recency":0,"frp":0.7,"confidence":"nominal","filter_reason":"anomalie_thermique_recurrente","site_name":null,"recurrent_days":15}},{"type":"Feature","geometry":{"type":"Point","coordinates":[40.82598,34.91097]},"properties":{"age_h":18.7,"recency":0,"frp":0.5,"confidence":"nominal","filter_reason":"anomalie_thermique_recurrente","site_name":null,"recurrent_days":15}},{"type":"Feature","geometry":{"type":"Point","coordinates":[40.44529,35.3048]},"properties":{"age_h":18.7,"recency":0,"frp":0.9,"confidence":"nominal","filter_reason":"anomalie_thermique_recurrente","site_name":null,"recurrent_days":11}},{"type":"Feature","geometry":{"type":"Point","coordinates":[40.8082,36.13299]},"properties":{"age_h":18.7,"recency":0,"frp":0.9,"confidence":"nominal","filter_reason":"anomalie_thermique_recurrente","site_name":null,"recurrent_days":12}},{"type":"Feature","geometry":{"type":"Point","coordinates":[37.15596,37.29286]},"properties":{"age_h":18.7,"recency":0,"frp":0.9,"confidence":"nominal","filter_reason":"anomalie_thermique_recurrente","site_name":null,"recurrent_days":17}},{"type":"Feature","geometry":{"type":"Point","coordinates":[27.21815,38.42632]},"properties":{"age_h":18.7,"recency":0,"frp":1.2,"confidence":"nominal","filter_reason":"anomalie_thermique_recurrente","site_name":null,"recurrent_days":9}},{"type":"Feature","geometry":{"type":"Point","coordinates":[27.21337,38.42696]},"properties":{"age_h":18.7,"recency":0,"frp":1.0,"confidence":"nominal","filter_reason":"anomalie_thermique_recurrente","site_name":null,"recurrent_days":9}},{"type":"Feature","geometry":{"type":"Point","coordinates":[26.94479,38.73614]},"properties":{"age_h":18.7,"recency":0,"frp":0.9,"confidence":"nominal","filter_reason":"anomalie_thermique_recurrente","site_name":null,"recurrent_days":12}},{"type":"Feature","geometry":{"type":"Point","coordinates":[26.94554,38.73959]},"properties":{"age_h":18.7,"recency":0,"frp":0.9,"confidence":"nominal","filter_reason":"anomalie_thermique_recurrente","site_name":null,"recurrent_days":12}},{"type":"Feature","geometry":{"type":"Point","coordinates":[26.95111,38.7424]},"properties":{"age_h":18.7,"recency":0,"frp":0.8,"confidence":"nominal","filter_reason":"anomalie_thermique_recurrente","site_name":null,"recurrent_days":8}},{"type":"Feature","geometry":{"type":"Point","coordinates":[26.93881,38.7547]},"properties":{"age_h":18.7,"recency":0,"frp":1.0,"confidence":"nominal","filter_reason":"anomalie_thermique_recurrente","site_name":null,"recurrent_days":8}},{"type":"Feature","geometry":{"type":"Point","coordinates":[27.51239,39.09301]},"properties":{"age_h":18.7,"recency":0,"frp":1.4,"confidence":"nominal","filter_reason":"anomalie_thermique_recurrente","site_name":null,"recurrent_days":15}},{"type":"Feature","geometry":{"type":"Point","coordinates":[27.87901,39.60934]},"properties":{"age_h":18.7,"recency":0,"frp":0.5,"confidence":"nominal","filter_reason":"anomalie_thermique_recurrente","site_name":null,"recurrent_days":9}},{"type":"Feature","geometry":{"type":"Point","coordinates":[26.24632,39.86688]},"properties":{"age_h":18.7,"recency":0,"frp":1.4,"confidence":"nominal","filter_reason":"anomalie_thermique_recurrente","site_name":null,"recurrent_days":13}},{"type":"Feature","geometry":{"type":"Point","coordinates":[26.24099,39.86753]},"properties":{"age_h":18.7,"recency":0,"frp":1.4,"confidence":"nominal","filter_reason":"anomalie_thermique_recurrente","site_name":null,"recurrent_days":13}},{"type":"Feature","geometry":{"type":"Point","coordinates":[36.46578,41.24133]},"properties":{"age_h":18.7,"recency":0,"frp":2.8,"confidence":"nominal","filter_reason":"anomalie_thermique_recurrente","site_name":null,"recurrent_days":11}},{"type":"Feature","geometry":{"type":"Point","coordinates":[20.97606,44.59978]},"properties":{"age_h":18.7,"recency":0,"frp":2.1,"confidence":"nominal","filter_reason":"anomalie_thermique_recurrente","site_name":null,"recurrent_days":10}},{"type":"Feature","geometry":{"type":"Point","coordinates":[33.85815,44.77252]},"properties":{"age_h":18.7,"recency":0,"frp":1.2,"confidence":"nominal","filter_reason":"anomalie_thermique_recurrente","site_name":null,"recurrent_days":15}},{"type":"Feature","geometry":{"type":"Point","coordinates":[31.67244,45.25968]},"properties":{"age_h":18.7,"recency":0,"frp":8.9,"confidence":"nominal","filter_reason":"anomalie_thermique_recurrente","site_name":null,"recurrent_days":19}},{"type":"Feature","geometry":{"type":"Point","coordinates":[25.11048,45.29255]},"properties":{"age_h":18.7,"recency":0,"frp":0.6,"confidence":"nominal","filter_reason":"anomalie_thermique_recurrente","site_name":null,"recurrent_days":8}},{"type":"Feature","geometry":{"type":"Point","coordinates":[30.92653,45.37562]},"properties":{"age_h":18.7,"recency":0,"frp":2.1,"confidence":"nominal","filter_reason":"anomalie_thermique_recurrente","site_name":null,"recurrent_days":11}},{"type":"Feature","geometry":{"type":"Point","coordinates":[25.28116,45.95133]},"properties":{"age_h":18.7,"recency":0,"frp":1.2,"confidence":"nominal","filter_reason":"anomalie_thermique_recurrente","site_name":null,"recurrent_days":8}},{"type":"Feature","geometry":{"type":"Point","coordinates":[13.62589,46.07133]},"properties":{"age_h":18.7,"recency":0,"frp":1.0,"confidence":"nominal","filter_reason":"anomalie_thermique_recurrente","site_name":null,"recurrent_days":16}},{"type":"Feature","geometry":{"type":"Point","coordinates":[22.33084,47.03626]},"properties":{"age_h":18.7,"recency":0,"frp":0.8,"confidence":"nominal","filter_reason":"anomalie_thermique_recurrente","site_name":null,"recurrent_days":12}},{"type":"Feature","geometry":{"type":"Point","coordinates":[29.01846,47.78503]},"properties":{"age_h":18.7,"recency":0,"frp":1.1,"confidence":"nominal","filter_reason":"anomalie_thermique_recurrente","site_name":null,"recurrent_days":10}},{"type":"Feature","geometry":{"type":"Point","coordinates":[38.47468,47.83369]},"properties":{"age_h":18.7,"recency":0,"frp":1.5,"confidence":"nominal","filter_reason":"anomalie_thermique_recurrente","site_name":null,"recurrent_days":14}},{"type":"Feature","geometry":{"type":"Point","coordinates":[14.32865,48.2761]},"properties":{"age_h":18.7,"recency":0,"frp":3.3,"confidence":"nominal","filter_reason":"anomalie_thermique_recurrente","site_name":null,"recurrent_days":11}},{"type":"Feature","geometry":{"type":"Point","coordinates":[14.33774,48.27618]},"properties":{"age_h":18.7,"recency":0,"frp":5.6,"confidence":"nominal","filter_reason":"anomalie_thermique_recurrente","site_name":null,"recurrent_days":20}},{"type":"Feature","geometry":{"type":"Point","coordinates":[34.6302,48.47432]},"properties":{"age_h":18.7,"recency":0,"frp":0.8,"confidence":"nominal","filter_reason":"anomalie_thermique_recurrente","site_name":null,"recurrent_days":12}},{"type":"Feature","geometry":{"type":"Point","coordinates":[24.70846,48.97533]},"properties":{"age_h":18.7,"recency":0,"frp":2.0,"confidence":"nominal","filter_reason":"anomalie_thermique_recurrente","site_name":null,"recurrent_days":12}},{"type":"Feature","geometry":{"type":"Point","coordinates":[40.80186,37.33837]},"properties":{"age_h":18.6,"recency":0,"frp":0.9,"confidence":"nominal","filter_reason":"anomalie_thermique_recurrente","site_name":null,"recurrent_days":11}},{"type":"Feature","geometry":{"type":"Point","coordinates":[38.72517,38.45557]},"properties":{"age_h":18.6,"recency":0,"frp":1.1,"confidence":"nominal","filter_reason":"anomalie_thermique_recurrente","site_name":null,"recurrent_days":9}},{"type":"Feature","geometry":{"type":"Point","coordinates":[38.72707,38.45595]},"properties":{"age_h":18.6,"recency":0,"frp":1.8,"confidence":"nominal","filter_reason":"anomalie_thermique_recurrente","site_name":null,"recurrent_days":9}},{"type":"Feature","geometry":{"type":"Point","coordinates":[30.19648,39.7445]},"properties":{"age_h":18.6,"recency":0,"frp":0.8,"confidence":"nominal","filter_reason":"anomalie_thermique_recurrente","site_name":null,"recurrent_days":8}},{"type":"Feature","geometry":{"type":"Point","coordinates":[32.65125,40.05039]},"properties":{"age_h":18.6,"recency":0,"frp":0.8,"confidence":"nominal","filter_reason":"anomalie_thermique_recurrente","site_name":null,"recurrent_days":9}},{"type":"Feature","geometry":{"type":"Point","coordinates":[32.79627,40.08118]},"properties":{"age_h":18.6,"recency":0,"frp":1.2,"confidence":"nominal","filter_reason":"anomalie_thermique_recurrente","site_name":null,"recurrent_days":9}},{"type":"Feature","geometry":{"type":"Point","coordinates":[29.76046,40.757]},"properties":{"age_h":18.6,"recency":0,"frp":1.5,"confidence":"nominal","filter_reason":"anomalie_thermique_recurrente","site_name":null,"recurrent_days":8}},{"type":"Feature","geometry":{"type":"Point","coordinates":[29.53087,40.76424]},"properties":{"age_h":18.6,"recency":0,"frp":1.2,"confidence":"nominal","filter_reason":"anomalie_thermique_recurrente","site_name":null,"recurrent_days":8}},{"type":"Feature","geometry":{"type":"Point","coordinates":[29.53174,40.76753]},"properties":{"age_h":18.6,"recency":0,"frp":0.7,"confidence":"nominal","filter_reason":"anomalie_thermique_recurrente","site_name":null,"recurrent_days":8}},{"type":"Feature","geometry":{"type":"Point","coordinates":[28.55697,41.02107]},"properties":{"age_h":18.6,"recency":0,"frp":1.2,"confidence":"nominal","filter_reason":"anomalie_thermique_recurrente","site_name":null,"recurrent_days":10}},{"type":"Feature","geometry":{"type":"Point","coordinates":[28.55224,41.02173]},"properties":{"age_h":18.6,"recency":0,"frp":1.2,"confidence":"nominal","filter_reason":"anomalie_thermique_recurrente","site_name":null,"recurrent_days":13}},{"type":"Feature","geometry":{"type":"Point","coordinates":[31.41443,41.25362]},"properties":{"age_h":18.6,"recency":0,"frp":0.9,"confidence":"nominal","filter_reason":"anomalie_thermique_recurrente","site_name":null,"recurrent_days":12}},{"type":"Feature","geometry":{"type":"Point","coordinates":[31.42637,41.26194]},"properties":{"age_h":18.6,"recency":0,"frp":2.2,"confidence":"nominal","filter_reason":"anomalie_thermique_recurrente","site_name":null,"recurrent_days":10}},{"type":"Feature","geometry":{"type":"Point","coordinates":[31.42731,41.26522]},"properties":{"age_h":18.6,"recency":0,"frp":2.2,"confidence":"nominal","filter_reason":"anomalie_thermique_recurrente","site_name":null,"recurrent_days":17}},{"type":"Feature","geometry":{"type":"Point","coordinates":[31.42277,41.26597]},"properties":{"age_h":18.6,"recency":0,"frp":1.9,"confidence":"nominal","filter_reason":"anomalie_thermique_recurrente","site_name":null,"recurrent_days":17}},{"type":"Feature","geometry":{"type":"Point","coordinates":[37.8673,59.15127]},"properties":{"age_h":17.1,"recency":0,"frp":2.7,"confidence":"nominal","filter_reason":"anomalie_thermique_recurrente","site_name":null,"recurrent_days":10}},{"type":"Feature","geometry":{"type":"Point","coordinates":[29.33846,51.88896]},"properties":{"age_h":17.0,"recency":0,"frp":3.3,"confidence":"nominal","filter_reason":"anomalie_thermique_recurrente","site_name":null,"recurrent_days":13}},{"type":"Feature","geometry":{"type":"Point","coordinates":[29.9874,52.84764]},"properties":{"age_h":17.0,"recency":0,"frp":1.6,"confidence":"nominal","filter_reason":"anomalie_thermique_recurrente","site_name":null,"recurrent_days":12}},{"type":"Feature","geometry":{"type":"Point","coordinates":[9.97688,57.06291]},"properties":{"age_h":17.0,"recency":0,"frp":1.0,"confidence":"nominal","filter_reason":"anomalie_thermique_recurrente","site_name":null,"recurrent_days":15}},{"type":"Feature","geometry":{"type":"Point","coordinates":[25.2793,45.95097]},"properties":{"age_h":17.0,"recency":0,"frp":1.2,"confidence":"nominal","filter_reason":"anomalie_thermique_recurrente","site_name":null,"recurrent_days":8}},{"type":"Feature","geometry":{"type":"Point","coordinates":[17.19447,48.4583]},"properties":{"age_h":17.0,"recency":0,"frp":1.2,"confidence":"nominal","filter_reason":"anomalie_thermique_recurrente","site_name":null,"recurrent_days":9}},{"type":"Feature","geometry":{"type":"Point","coordinates":[17.18902,48.45964]},"properties":{"age_h":17.0,"recency":0,"frp":1.1,"confidence":"nominal","filter_reason":"anomalie_thermique_recurrente","site_name":null,"recurrent_days":20}},{"type":"Feature","geometry":{"type":"Point","coordinates":[7.82097,48.59848]},"properties":{"age_h":17.0,"recency":0,"frp":3.4,"confidence":"nominal","filter_reason":"anomalie_thermique_recurrente","site_name":null,"recurrent_days":11}},{"type":"Feature","geometry":{"type":"Point","coordinates":[21.17774,48.60875]},"properties":{"age_h":17.0,"recency":0,"frp":5.7,"confidence":"high","filter_reason":"anomalie_thermique_recurrente","site_name":null,"recurrent_days":13}},{"type":"Feature","geometry":{"type":"Point","coordinates":[6.75023,49.35692]},"properties":{"age_h":17.0,"recency":0,"frp":1.9,"confidence":"nominal","filter_reason":"anomalie_thermique_recurrente","site_name":null,"recurrent_days":19}},{"type":"Feature","geometry":{"type":"Point","coordinates":[6.74487,49.35768]},"properties":{"age_h":17.0,"recency":0,"frp":1.9,"confidence":"nominal","filter_reason":"anomalie_thermique_recurrente","site_name":null,"recurrent_days":13}},{"type":"Feature","geometry":{"type":"Point","coordinates":[19.29109,50.33982]},"properties":{"age_h":17.0,"recency":0,"frp":1.5,"confidence":"nominal","filter_reason":"anomalie_thermique_recurrente","site_name":null,"recurrent_days":15}},{"type":"Feature","geometry":{"type":"Point","coordinates":[19.33644,50.34255]},"properties":{"age_h":17.0,"recency":0,"frp":1.6,"confidence":"nominal","filter_reason":"anomalie_thermique_recurrente","site_name":null,"recurrent_days":12}},{"type":"Feature","geometry":{"type":"Point","coordinates":[17.97659,50.53307]},"properties":{"age_h":17.0,"recency":0,"frp":1.2,"confidence":"nominal","filter_reason":"anomalie_thermique_recurrente","site_name":null,"recurrent_days":13}},{"type":"Feature","geometry":{"type":"Point","coordinates":[21.6759,50.93114]},"properties":{"age_h":17.0,"recency":0,"frp":2.0,"confidence":"nominal","filter_reason":"anomalie_thermique_recurrente","site_name":null,"recurrent_days":11}},{"type":"Feature","geometry":{"type":"Point","coordinates":[2.26981,51.02894]},"properties":{"age_h":17.0,"recency":0,"frp":5.2,"confidence":"nominal","filter_reason":"site_industriel_connu","site_name":"ArcelorMittal Dunkerque","recurrent_days":3}},{"type":"Feature","geometry":{"type":"Point","coordinates":[2.27843,51.03204]},"properties":{"age_h":17.0,"recency":0,"frp":7.5,"confidence":"nominal","filter_reason":"site_industriel_connu","site_name":"ArcelorMittal Dunkerque","recurrent_days":6}},{"type":"Feature","geometry":{"type":"Point","coordinates":[2.28704,51.03514]},"properties":{"age_h":17.0,"recency":0,"frp":1.4,"confidence":"nominal","filter_reason":"site_industriel_connu","site_name":"ArcelorMittal Dunkerque","recurrent_days":12}},{"type":"Feature","geometry":{"type":"Point","coordinates":[2.2966,51.0421]},"properties":{"age_h":17.0,"recency":0,"frp":0.9,"confidence":"nominal","filter_reason":"anomalie_thermique_recurrente","site_name":null,"recurrent_days":13}},{"type":"Feature","geometry":{"type":"Point","coordinates":[2.28893,51.04286]},"properties":{"age_h":17.0,"recency":0,"frp":0.9,"confidence":"nominal","filter_reason":"anomalie_thermique_recurrente","site_name":null,"recurrent_days":11}},{"type":"Feature","geometry":{"type":"Point","coordinates":[2.29754,51.04596]},"properties":{"age_h":17.0,"recency":0,"frp":14.6,"confidence":"nominal","filter_reason":"anomalie_thermique_recurrente","site_name":null,"recurrent_days":17}},{"type":"Feature","geometry":{"type":"Point","coordinates":[3.81388,51.1676]},"properties":{"age_h":17.0,"recency":0,"frp":10.2,"confidence":"nominal","filter_reason":"anomalie_thermique_recurrente","site_name":null,"recurrent_days":14}},{"type":"Feature","geometry":{"type":"Point","coordinates":[3.80708,51.16835]},"properties":{"age_h":17.0,"recency":0,"frp":10.2,"confidence":"nominal","filter_reason":"anomalie_thermique_recurrente","site_name":null,"recurrent_days":16}},{"type":"Feature","geometry":{"type":"Point","coordinates":[3.80811,51.172]},"properties":{"age_h":17.0,"recency":0,"frp":6.0,"confidence":"nominal","filter_reason":"anomalie_thermique_recurrente","site_name":null,"recurrent_days":18}},{"type":"Feature","geometry":{"type":"Point","coordinates":[3.80129,51.17275]},"properties":{"age_h":17.0,"recency":0,"frp":3.7,"confidence":"nominal","filter_reason":"anomalie_thermique_recurrente","site_name":null,"recurrent_days":12}},{"type":"Feature","geometry":{"type":"Point","coordinates":[3.80913,51.17564]},"properties":{"age_h":17.0,"recency":0,"frp":6.0,"confidence":"nominal","filter_reason":"anomalie_thermique_recurrente","site_name":null,"recurrent_days":19}},{"type":"Feature","geometry":{"type":"Point","coordinates":[4.3371,51.25751]},"properties":{"age_h":17.0,"recency":0,"frp":0.9,"confidence":"nominal","filter_reason":"anomalie_thermique_recurrente","site_name":null,"recurrent_days":8}},{"type":"Feature","geometry":{"type":"Point","coordinates":[10.40077,52.15282]},"properties":{"age_h":17.0,"recency":0,"frp":3.1,"confidence":"nominal","filter_reason":"anomalie_thermique_recurrente","site_name":null,"recurrent_days":17}},{"type":"Feature","geometry":{"type":"Point","coordinates":[10.40768,52.15515]},"properties":{"age_h":17.0,"recency":0,"frp":2.1,"confidence":"nominal","filter_reason":"anomalie_thermique_recurrente","site_name":null,"recurrent_days":15}},{"type":"Feature","geometry":{"type":"Point","coordinates":[10.40218,52.15606]},"properties":{"age_h":17.0,"recency":0,"frp":2.1,"confidence":"nominal","filter_reason":"anomalie_thermique_recurrente","site_name":null,"recurrent_days":13}},{"type":"Feature","geometry":{"type":"Point","coordinates":[10.40909,52.15838]},"properties":{"age_h":17.0,"recency":0,"frp":2.1,"confidence":"nominal","filter_reason":"anomalie_thermique_recurrente","site_name":null,"recurrent_days":14}},{"type":"Feature","geometry":{"type":"Point","coordinates":[10.416,52.16071]},"properties":{"age_h":17.0,"recency":0,"frp":1.2,"confidence":"nominal","filter_reason":"anomalie_thermique_recurrente","site_name":null,"recurrent_days":9}},{"type":"Feature","geometry":{"type":"Point","coordinates":[10.41741,52.16394]},"properties":{"age_h":17.0,"recency":0,"frp":1.2,"confidence":"nominal","filter_reason":"anomalie_thermique_recurrente","site_name":null,"recurrent_days":9}},{"type":"Feature","geometry":{"type":"Point","coordinates":[8.04503,52.20928]},"properties":{"age_h":17.0,"recency":0,"frp":0.6,"confidence":"nominal","filter_reason":"anomalie_thermique_recurrente","site_name":null,"recurrent_days":11}},{"type":"Feature","geometry":{"type":"Point","coordinates":[7.31644,52.46542]},"properties":{"age_h":17.0,"recency":0,"frp":2.6,"confidence":"nominal","filter_reason":"anomalie_thermique_recurrente","site_name":null,"recurrent_days":12}},{"type":"Feature","geometry":{"type":"Point","coordinates":[4.58918,52.4814]},"properties":{"age_h":17.0,"recency":0,"frp":1.7,"confidence":"nominal","filter_reason":"anomalie_thermique_recurrente","site_name":null,"recurrent_days":10}},{"type":"Feature","geometry":{"type":"Point","coordinates":[4.59028,52.485]},"properties":{"age_h":17.0,"recency":0,"frp":1.7,"confidence":"nominal","filter_reason":"anomalie_thermique_recurrente","site_name":null,"recurrent_days":11}},{"type":"Feature","geometry":{"type":"Point","coordinates":[4.61408,52.49349]},"properties":{"age_h":17.0,"recency":0,"frp":4.9,"confidence":"nominal","filter_reason":"anomalie_thermique_recurrente","site_name":null,"recurrent_days":14}},{"type":"Feature","geometry":{"type":"Point","coordinates":[-0.59607,53.56869]},"properties":{"age_h":17.0,"recency":0,"frp":1.8,"confidence":"nominal","filter_reason":"anomalie_thermique_recurrente","site_name":null,"recurrent_days":10}},{"type":"Feature","geometry":{"type":"Point","coordinates":[-0.24709,53.63411]},"properties":{"age_h":17.0,"recency":0,"frp":2.6,"confidence":"nominal","filter_reason":"anomalie_thermique_recurrente","site_name":null,"recurrent_days":14}},{"type":"Feature","geometry":{"type":"Point","coordinates":[2.0572,34.43805]},"properties":{"age_h":17.0,"recency":0,"frp":1.0,"confidence":"nominal","filter_reason":"anomalie_thermique_recurrente","site_name":null,"recurrent_days":15}},{"type":"Feature","geometry":{"type":"Point","coordinates":[5.71709,34.98153]},"properties":{"age_h":17.0,"recency":0,"frp":2.3,"confidence":"nominal","filter_reason":"anomalie_thermique_recurrente","site_name":null,"recurrent_days":11}},{"type":"Feature","geometry":{"type":"Point","coordinates":[8.17188,35.23286]},"properties":{"age_h":17.0,"recency":0,"frp":1.4,"confidence":"nominal","filter_reason":"anomalie_thermique_recurrente","site_name":null,"recurrent_days":9}},{"type":"Feature","geometry":{"type":"Point","coordinates":[5.7633,35.34838]},"properties":{"age_h":17.0,"recency":0,"frp":1.8,"confidence":"nominal","filter_reason":"anomalie_thermique_recurrente","site_name":null,"recurrent_days":22}},{"type":"Feature","geometry":{"type":"Point","coordinates":[5.75881,35.34918]},"properties":{"age_h":17.0,"recency":0,"frp":1.8,"confidence":"nominal","filter_reason":"anomalie_thermique_recurrente","site_name":null,"recurrent_days":10}},{"type":"Feature","geometry":{"type":"Point","coordinates":[4.47661,35.70913]},"properties":{"age_h":17.0,"recency":0,"frp":1.4,"confidence":"nominal","filter_reason":"anomalie_thermique_recurrente","site_name":null,"recurrent_days":11}},{"type":"Feature","geometry":{"type":"Point","coordinates":[-0.24171,35.8055]},"properties":{"age_h":17.0,"recency":0,"frp":1.6,"confidence":"nominal","filter_reason":"anomalie_thermique_recurrente","site_name":null,"recurrent_days":12}},{"type":"Feature","geometry":{"type":"Point","coordinates":[-0.25688,35.80742]},"properties":{"age_h":17.0,"recency":0,"frp":6.0,"confidence":"nominal","filter_reason":"anomalie_thermique_recurrente","site_name":null,"recurrent_days":11}},{"type":"Feature","geometry":{"type":"Point","coordinates":[-0.25627,35.81102]},"properties":{"age_h":17.0,"recency":0,"frp":2.8,"confidence":"nominal","filter_reason":"anomalie_thermique_recurrente","site_name":null,"recurrent_days":14}},{"type":"Feature","geometry":{"type":"Point","coordinates":[4.44616,35.87822]},"properties":{"age_h":17.0,"recency":0,"frp":1.1,"confidence":"nominal","filter_reason":"anomalie_thermique_recurrente","site_name":null,"recurrent_days":8}},{"type":"Feature","geometry":{"type":"Point","coordinates":[0.12733,36.01698]},"properties":{"age_h":17.0,"recency":0,"frp":0.8,"confidence":"nominal","filter_reason":"anomalie_thermique_recurrente","site_name":null,"recurrent_days":11}},{"type":"Feature","geometry":{"type":"Point","coordinates":[1.24133,36.12563]},"properties":{"age_h":17.0,"recency":0,"frp":1.2,"confidence":"nominal","filter_reason":"anomalie_thermique_recurrente","site_name":null,"recurrent_days":8}},{"type":"Feature","geometry":{"type":"Point","coordinates":[1.24203,36.12904]},"properties":{"age_h":17.0,"recency":0,"frp":1.2,"confidence":"nominal","filter_reason":"anomalie_thermique_recurrente","site_name":null,"recurrent_days":10}},{"type":"Feature","geometry":{"type":"Point","coordinates":[5.48198,36.33527]},"properties":{"age_h":17.0,"recency":0,"frp":1.1,"confidence":"nominal","filter_reason":"anomalie_thermique_recurrente","site_name":null,"recurrent_days":17}},{"type":"Feature","geometry":{"type":"Point","coordinates":[10.02597,36.50241]},"properties":{"age_h":17.0,"recency":0,"frp":0.8,"confidence":"nominal","filter_reason":"anomalie_thermique_recurrente","site_name":null,"recurrent_days":8}},{"type":"Feature","geometry":{"type":"Point","coordinates":[6.24941,36.74487]},"properties":{"age_h":17.0,"recency":0,"frp":4.5,"confidence":"nominal","filter_reason":"anomalie_thermique_recurrente","site_name":null,"recurrent_days":11}},{"type":"Feature","geometry":{"type":"Point","coordinates":[6.2549,36.74743]},"properties":{"age_h":17.0,"recency":0,"frp":4.5,"confidence":"nominal","filter_reason":"anomalie_thermique_recurrente","site_name":null,"recurrent_days":25}},{"type":"Feature","geometry":{"type":"Point","coordinates":[19.72146,41.54887]},"properties":{"age_h":17.0,"recency":0,"frp":0.8,"confidence":"nominal","filter_reason":"anomalie_thermique_recurrente","site_name":null,"recurrent_days":10}},{"type":"Feature","geometry":{"type":"Point","coordinates":[12.71366,42.01048]},"properties":{"age_h":17.0,"recency":0,"frp":0.4,"confidence":"nominal","filter_reason":"anomalie_thermique_recurrente","site_name":null,"recurrent_days":13}},{"type":"Feature","geometry":{"type":"Point","coordinates":[4.89068,43.42817]},"properties":{"age_h":17.0,"recency":0,"frp":0.9,"confidence":"nominal","filter_reason":"site_industriel_connu","site_name":"ArcelorMittal Fos-sur-Mer","recurrent_days":1}},{"type":"Feature","geometry":{"type":"Point","coordinates":[4.89251,43.43477]},"properties":{"age_h":17.0,"recency":0,"frp":4.2,"confidence":"nominal","filter_reason":"site_industriel_connu","site_name":"ArcelorMittal Fos-sur-Mer","recurrent_days":8}},{"type":"Feature","geometry":{"type":"Point","coordinates":[4.88774,43.43547]},"properties":{"age_h":17.0,"recency":0,"frp":4.2,"confidence":"nominal","filter_reason":"site_industriel_connu","site_name":"ArcelorMittal Fos-sur-Mer","recurrent_days":1}},{"type":"Feature","geometry":{"type":"Point","coordinates":[4.87819,43.43688]},"properties":{"age_h":17.0,"recency":0,"frp":1.6,"confidence":"nominal","filter_reason":"site_industriel_connu","site_name":"ArcelorMittal Fos-sur-Mer","recurrent_days":3}},{"type":"Feature","geometry":{"type":"Point","coordinates":[4.88866,43.43877]},"properties":{"age_h":17.0,"recency":0,"frp":1.1,"confidence":"nominal","filter_reason":"site_industriel_connu","site_name":"ArcelorMittal Fos-sur-Mer","recurrent_days":16}},{"type":"Feature","geometry":{"type":"Point","coordinates":[4.89912,43.44066]},"properties":{"age_h":17.0,"recency":0,"frp":0.2,"confidence":"nominal","filter_reason":"site_industriel_connu","site_name":"ArcelorMittal Fos-sur-Mer","recurrent_days":8}},{"type":"Feature","geometry":{"type":"Point","coordinates":[4.90004,43.44396]},"properties":{"age_h":17.0,"recency":0,"frp":2.6,"confidence":"nominal","filter_reason":"site_industriel_connu","site_name":"ArcelorMittal Fos-sur-Mer","recurrent_days":7}},{"type":"Feature","geometry":{"type":"Point","coordinates":[4.89527,43.44466]},"properties":{"age_h":17.0,"recency":0,"frp":1.5,"confidence":"nominal","filter_reason":"site_industriel_connu","site_name":"ArcelorMittal Fos-sur-Mer","recurrent_days":18}},{"type":"Feature","geometry":{"type":"Point","coordinates":[4.89049,43.44537]},"properties":{"age_h":17.0,"recency":0,"frp":1.5,"confidence":"nominal","filter_reason":"site_industriel_connu","site_name":"ArcelorMittal Fos-sur-Mer","recurrent_days":8}},{"type":"Feature","geometry":{"type":"Point","coordinates":[4.89618,43.44796]},"properties":{"age_h":17.0,"recency":0,"frp":1.5,"confidence":"nominal","filter_reason":"anomalie_thermique_recurrente","site_name":null,"recurrent_days":19}},{"type":"Feature","geometry":{"type":"Point","coordinates":[9.94253,45.14415]},"properties":{"age_h":17.0,"recency":0,"frp":5.2,"confidence":"nominal","filter_reason":"anomalie_thermique_recurrente","site_name":null,"recurrent_days":20}},{"type":"Feature","geometry":{"type":"Point","coordinates":[11.94595,45.38361]},"properties":{"age_h":17.0,"recency":0,"frp":2.5,"confidence":"nominal","filter_reason":"anomalie_thermique_recurrente","site_name":null,"recurrent_days":12}},{"type":"Feature","geometry":{"type":"Point","coordinates":[10.4566,45.461]},"properties":{"age_h":17.0,"recency":0,"frp":7.3,"confidence":"nominal","filter_reason":"anomalie_thermique_recurrente","site_name":null,"recurrent_days":12}},{"type":"Feature","geometry":{"type":"Point","coordinates":[10.2107,45.47876]},"properties":{"age_h":17.0,"recency":0,"frp":3.4,"confidence":"nominal","filter_reason":"anomalie_thermique_recurrente","site_name":null,"recurrent_days":14}},{"type":"Feature","geometry":{"type":"Point","coordinates":[10.24487,45.50862]},"properties":{"age_h":17.0,"recency":0,"frp":1.6,"confidence":"nominal","filter_reason":"anomalie_thermique_recurrente","site_name":null,"recurrent_days":16}},{"type":"Feature","geometry":{"type":"Point","coordinates":[13.07452,46.22829]},"properties":{"age_h":17.0,"recency":0,"frp":1.7,"confidence":"nominal","filter_reason":"anomalie_thermique_recurrente","site_name":null,"recurrent_days":10}},{"type":"Feature","geometry":{"type":"Point","coordinates":[8.26649,47.07085]},"properties":{"age_h":17.0,"recency":0,"frp":2.9,"confidence":"nominal","filter_reason":"anomalie_thermique_recurrente","site_name":null,"recurrent_days":10}},{"type":"Feature","geometry":{"type":"Point","coordinates":[-0.54772,38.37711]},"properties":{"age_h":16.9,"recency":0,"frp":0.6,"confidence":"nominal","filter_reason":"anomalie_thermique_recurrente","site_name":null,"recurrent_days":9}},{"type":"Feature","geometry":{"type":"Point","coordinates":[-3.47725,40.2452]},"properties":{"age_h":16.9,"recency":0,"frp":3.5,"confidence":"nominal","filter_reason":"anomalie_thermique_recurrente","site_name":null,"recurrent_days":9}},{"type":"Feature","geometry":{"type":"Point","coordinates":[-3.47752,40.2473]},"properties":{"age_h":16.9,"recency":0,"frp":2.1,"confidence":"nominal","filter_reason":"anomalie_thermique_recurrente","site_name":null,"recurrent_days":9}},{"type":"Feature","geometry":{"type":"Point","coordinates":[2.27693,51.03094]},"properties":{"age_h":15.4,"recency":0,"frp":1.9,"confidence":"nominal","filter_reason":"site_industriel_connu","site_name":"ArcelorMittal Dunkerque","recurrent_days":8}},{"type":"Feature","geometry":{"type":"Point","coordinates":[2.29696,51.0447]},"properties":{"age_h":15.4,"recency":0,"frp":2.6,"confidence":"nominal","filter_reason":"anomalie_thermique_recurrente","site_name":null,"recurrent_days":17}},{"type":"Feature","geometry":{"type":"Point","coordinates":[3.80821,51.17056]},"properties":{"age_h":15.4,"recency":0,"frp":2.7,"confidence":"nominal","filter_reason":"anomalie_thermique_recurrente","site_name":null,"recurrent_days":18}},{"type":"Feature","geometry":{"type":"Point","coordinates":[3.80135,51.17305]},"properties":{"age_h":15.4,"recency":0,"frp":2.7,"confidence":"nominal","filter_reason":"anomalie_thermique_recurrente","site_name":null,"recurrent_days":12}},{"type":"Feature","geometry":{"type":"Point","coordinates":[4.59409,52.48188]},"properties":{"age_h":15.4,"recency":0,"frp":3.5,"confidence":"nominal","filter_reason":"anomalie_thermique_recurrente","site_name":null,"recurrent_days":12}},{"type":"Feature","geometry":{"type":"Point","coordinates":[4.58742,52.4843]},"properties":{"age_h":15.4,"recency":0,"frp":3.5,"confidence":"nominal","filter_reason":"anomalie_thermique_recurrente","site_name":null,"recurrent_days":11}},{"type":"Feature","geometry":{"type":"Point","coordinates":[-0.5946,53.56955]},"properties":{"age_h":15.4,"recency":0,"frp":2.5,"confidence":"nominal","filter_reason":"anomalie_thermique_recurrente","site_name":null,"recurrent_days":9}},{"type":"Feature","geometry":{"type":"Point","coordinates":[-0.24312,53.6345]},"properties":{"age_h":15.4,"recency":0,"frp":1.7,"confidence":"nominal","filter_reason":"anomalie_thermique_recurrente","site_name":null,"recurrent_days":10}},{"type":"Feature","geometry":{"type":"Point","coordinates":[-0.24751,53.63581]},"properties":{"age_h":15.4,"recency":0,"frp":3.7,"confidence":"nominal","filter_reason":"anomalie_thermique_recurrente","site_name":null,"recurrent_days":14}},{"type":"Feature","geometry":{"type":"Point","coordinates":[36.46277,41.24305]},"properties":{"age_h":9.0,"recency":0,"frp":4.6,"confidence":"nominal","filter_reason":"anomalie_thermique_recurrente","site_name":null,"recurrent_days":8}},{"type":"Feature","geometry":{"type":"Point","coordinates":[31.67681,45.2597]},"properties":{"age_h":8.9,"recency":0,"frp":6.4,"confidence":"nominal","filter_reason":"anomalie_thermique_recurrente","site_name":null,"recurrent_days":8}},{"type":"Feature","geometry":{"type":"Point","coordinates":[22.22264,65.56355]},"properties":{"age_h":8.8,"recency":0,"frp":2.9,"confidence":"nominal","filter_reason":"anomalie_thermique_recurrente","site_name":null,"recurrent_days":17}},{"type":"Feature","geometry":{"type":"Point","coordinates":[26.24499,39.86438]},"properties":{"age_h":7.3,"recency":0,"frp":2.4,"confidence":"nominal","filter_reason":"anomalie_thermique_recurrente","site_name":null,"recurrent_days":13}},{"type":"Feature","geometry":{"type":"Point","coordinates":[10.45736,45.46105]},"properties":{"age_h":7.3,"recency":0,"frp":2.9,"confidence":"nominal","filter_reason":"anomalie_thermique_recurrente","site_name":null,"recurrent_days":12}},{"type":"Feature","geometry":{"type":"Point","coordinates":[10.456,45.46189]},"properties":{"age_h":7.3,"recency":0,"frp":1.9,"confidence":"nominal","filter_reason":"anomalie_thermique_recurrente","site_name":null,"recurrent_days":12}},{"type":"Feature","geometry":{"type":"Point","coordinates":[21.1804,48.60643]},"properties":{"age_h":7.3,"recency":0,"frp":7.7,"confidence":"nominal","filter_reason":"anomalie_thermique_recurrente","site_name":null,"recurrent_days":8}},{"type":"Feature","geometry":{"type":"Point","coordinates":[14.34217,48.27422]},"properties":{"age_h":7.2,"recency":0,"frp":6.1,"confidence":"nominal","filter_reason":"anomalie_thermique_recurrente","site_name":null,"recurrent_days":16}},{"type":"Feature","geometry":{"type":"Point","coordinates":[14.34026,48.27802]},"properties":{"age_h":7.2,"recency":0,"frp":6.1,"confidence":"nominal","filter_reason":"anomalie_thermique_recurrente","site_name":null,"recurrent_days":15}},{"type":"Feature","geometry":{"type":"Point","coordinates":[18.6629,49.67952]},"properties":{"age_h":7.2,"recency":0,"frp":7.3,"confidence":"nominal","filter_reason":"anomalie_thermique_recurrente","site_name":null,"recurrent_days":9}},{"type":"Feature","geometry":{"type":"Point","coordinates":[19.284,50.33512]},"properties":{"age_h":7.2,"recency":0,"frp":3.9,"confidence":"nominal","filter_reason":"anomalie_thermique_recurrente","site_name":null,"recurrent_days":8}},{"type":"Feature","geometry":{"type":"Point","coordinates":[19.28937,50.33603]},"properties":{"age_h":7.2,"recency":0,"frp":3.9,"confidence":"nominal","filter_reason":"anomalie_thermique_recurrente","site_name":null,"recurrent_days":15}},{"type":"Feature","geometry":{"type":"Point","coordinates":[18.14246,50.41283]},"properties":{"age_h":7.2,"recency":0,"frp":1.6,"confidence":"nominal","filter_reason":"anomalie_thermique_recurrente","site_name":null,"recurrent_days":10}},{"type":"Feature","geometry":{"type":"Point","coordinates":[21.67455,50.93011]},"properties":{"age_h":7.2,"recency":0,"frp":2.7,"confidence":"nominal","filter_reason":"anomalie_thermique_recurrente","site_name":null,"recurrent_days":11}},{"type":"Feature","geometry":{"type":"Point","coordinates":[2.29929,51.04798]},"properties":{"age_h":7.2,"recency":0,"frp":6.2,"confidence":"nominal","filter_reason":"anomalie_thermique_recurrente","site_name":null,"recurrent_days":17}},{"type":"Feature","geometry":{"type":"Point","coordinates":[3.81827,51.16616]},"properties":{"age_h":7.2,"recency":0,"frp":3.8,"confidence":"nominal","filter_reason":"anomalie_thermique_recurrente","site_name":null,"recurrent_days":9}},{"type":"Feature","geometry":{"type":"Point","coordinates":[3.80888,51.1695]},"properties":{"age_h":7.2,"recency":0,"frp":6.7,"confidence":"nominal","filter_reason":"anomalie_thermique_recurrente","site_name":null,"recurrent_days":18}},{"type":"Feature","geometry":{"type":"Point","coordinates":[3.81423,51.1712]},"properties":{"age_h":7.2,"recency":0,"frp":3.8,"confidence":"nominal","filter_reason":"anomalie_thermique_recurrente","site_name":null,"recurrent_days":15}},{"type":"Feature","geometry":{"type":"Point","coordinates":[3.8094,51.17487]},"properties":{"age_h":7.2,"recency":0,"frp":12.1,"confidence":"high","filter_reason":"anomalie_thermique_recurrente","site_name":null,"recurrent_days":19}},{"type":"Feature","geometry":{"type":"Point","coordinates":[3.81015,51.17622]},"properties":{"age_h":7.2,"recency":0,"frp":6.8,"confidence":"nominal","filter_reason":"anomalie_thermique_recurrente","site_name":null,"recurrent_days":12}},{"type":"Feature","geometry":{"type":"Point","coordinates":[6.70908,51.3652]},"properties":{"age_h":7.2,"recency":0,"frp":4.0,"confidence":"nominal","filter_reason":"anomalie_thermique_recurrente","site_name":null,"recurrent_days":13}},{"type":"Feature","geometry":{"type":"Point","coordinates":[6.71321,51.4821]},"properties":{"age_h":7.2,"recency":0,"frp":9.8,"confidence":"nominal","filter_reason":"anomalie_thermique_recurrente","site_name":null,"recurrent_days":13}},{"type":"Feature","geometry":{"type":"Point","coordinates":[6.71433,51.48441]},"properties":{"age_h":7.2,"recency":0,"frp":10.4,"confidence":"nominal","filter_reason":"anomalie_thermique_recurrente","site_name":null,"recurrent_days":11}},{"type":"Feature","geometry":{"type":"Point","coordinates":[4.5918,52.4833]},"properties":{"age_h":7.2,"recency":0,"frp":2.3,"confidence":"nominal","filter_reason":"anomalie_thermique_recurrente","site_name":null,"recurrent_days":10}},{"type":"Feature","geometry":{"type":"Point","coordinates":[24.1905,65.76864]},"properties":{"age_h":7.1,"recency":0,"frp":7.1,"confidence":"nominal","filter_reason":"anomalie_thermique_recurrente","site_name":null,"recurrent_days":15}},{"type":"Feature","geometry":{"type":"Point","coordinates":[-0.25708,35.80698]},"properties":{"age_h":5.6,"recency":0,"frp":3.4,"confidence":"nominal","filter_reason":"anomalie_thermique_recurrente","site_name":null,"recurrent_days":11}},{"type":"Feature","geometry":{"type":"Point","coordinates":[-0.25283,35.80767]},"properties":{"age_h":5.6,"recency":0,"frp":3.4,"confidence":"nominal","filter_reason":"anomalie_thermique_recurrente","site_name":null,"recurrent_days":21}},{"type":"Feature","geometry":{"type":"Point","coordinates":[3.122,36.68158]},"properties":{"age_h":5.6,"recency":0,"frp":2.5,"confidence":"nominal","filter_reason":"anomalie_thermique_recurrente","site_name":null,"recurrent_days":11}},{"type":"Feature","geometry":{"type":"Point","coordinates":[0.17955,41.92136]},"properties":{"age_h":5.6,"recency":0,"frp":1.6,"confidence":"nominal","filter_reason":"anomalie_thermique_recurrente","site_name":null,"recurrent_days":8}},{"type":"Feature","geometry":{"type":"Point","coordinates":[14.34418,48.27309]},"properties":{"age_h":5.5,"recency":0,"frp":10.6,"confidence":"nominal","filter_reason":"anomalie_thermique_recurrente","site_name":null,"recurrent_days":8}},{"type":"Feature","geometry":{"type":"Point","coordinates":[2.2779,51.03337]},"properties":{"age_h":5.5,"recency":0,"frp":5.6,"confidence":"nominal","filter_reason":"site_industriel_connu","site_name":"ArcelorMittal Dunkerque","recurrent_days":6}},{"type":"Feature","geometry":{"type":"Point","coordinates":[2.27722,51.03349]},"properties":{"age_h":5.5,"recency":0,"frp":9.3,"confidence":"nominal","filter_reason":"site_industriel_connu","site_name":"ArcelorMittal Dunkerque","recurrent_days":6}},{"type":"Feature","geometry":{"type":"Point","coordinates":[2.29958,51.04331]},"properties":{"age_h":5.5,"recency":0,"frp":7.2,"confidence":"nominal","filter_reason":"anomalie_thermique_recurrente","site_name":null,"recurrent_days":13}},{"type":"Feature","geometry":{"type":"Point","coordinates":[3.8131,51.16682]},"properties":{"age_h":5.5,"recency":0,"frp":5.5,"confidence":"nominal","filter_reason":"anomalie_thermique_recurrente","site_name":null,"recurrent_days":14}},{"type":"Feature","geometry":{"type":"Point","coordinates":[3.80622,51.17051]},"properties":{"age_h":5.5,"recency":0,"frp":5.5,"confidence":"nominal","filter_reason":"anomalie_thermique_recurrente","site_name":null,"recurrent_days":16}},{"type":"Feature","geometry":{"type":"Point","coordinates":[3.81228,51.17098]},"properties":{"age_h":5.5,"recency":0,"frp":5.5,"confidence":"nominal","filter_reason":"anomalie_thermique_recurrente","site_name":null,"recurrent_days":15}},{"type":"Feature","geometry":{"type":"Point","coordinates":[3.81146,51.17515]},"properties":{"age_h":5.5,"recency":0,"frp":5.5,"confidence":"nominal","filter_reason":"anomalie_thermique_recurrente","site_name":null,"recurrent_days":19}},{"type":"Feature","geometry":{"type":"Point","coordinates":[10.4115,52.1539]},"properties":{"age_h":5.5,"recency":0,"frp":4.1,"confidence":"nominal","filter_reason":"anomalie_thermique_recurrente","site_name":null,"recurrent_days":10}},{"type":"Feature","geometry":{"type":"Point","coordinates":[4.59169,52.48146]},"properties":{"age_h":5.5,"recency":0,"frp":5.7,"confidence":"nominal","filter_reason":"anomalie_thermique_recurrente","site_name":null,"recurrent_days":10}},{"type":"Feature","geometry":{"type":"Point","coordinates":[8.67935,53.1338]},"properties":{"age_h":5.5,"recency":0,"frp":12.2,"confidence":"nominal","filter_reason":"anomalie_thermique_recurrente","site_name":null,"recurrent_days":14}},{"type":"Feature","geometry":{"type":"Point","coordinates":[9.90451,53.52285]},"properties":{"age_h":5.5,"recency":0,"frp":2.4,"confidence":"nominal","filter_reason":"anomalie_thermique_recurrente","site_name":null,"recurrent_days":9}}]}