{"type":"FeatureCollection","features":[{"type":"Feature","geometry":{"type":"Point","coordinates":[40.30497,46.42417]},"properties":{"age_h":151.5,"recency":3,"frp":3.9,"confidence":"nominal","observations":1,"passes":1,"sensor_count":1,"sensors":"NOAA-21","effis_confirmed":false,"burned_confirmed":false,"evidence_score":0,"evidence":"","filter_reason":"anomalie_non_corroboree"}},{"type":"Feature","geometry":{"type":"Point","coordinates":[34.9376,46.63792]},"properties":{"age_h":151.5,"recency":3,"frp":0.8,"confidence":"nominal","observations":1,"passes":1,"sensor_count":1,"sensors":"NOAA-21","effis_confirmed":false,"burned_confirmed":false,"evidence_score":0,"evidence":"","filter_reason":"anomalie_non_corroboree"}},{"type":"Feature","geometry":{"type":"Point","coordinates":[36.2407,46.67202]},"properties":{"age_h":151.5,"recency":3,"frp":0.7,"confidence":"nominal","observations":2,"passes":1,"sensor_count":1,"sensors":"NOAA-21","effis_confirmed":false,"burned_confirmed":false,"evidence_score":0,"evidence":"","filter_reason":"anomalie_non_corroboree"}},{"type":"Feature","geometry":{"type":"Point","coordinates":[35.78215,46.72833]},"properties":{"age_h":151.5,"recency":3,"frp":0.5,"confidence":"nominal","observations":1,"passes":1,"sensor_count":1,"sensors":"NOAA-21","effis_confirmed":false,"burned_confirmed":false,"evidence_score":0,"evidence":"","filter_reason":"anomalie_non_corroboree"}},{"type":"Feature","geometry":{"type":"Point","coordinates":[38.83968,46.76212]},"properties":{"age_h":151.5,"recency":3,"frp":5.5,"confidence":"nominal","observations":1,"passes":1,"sensor_count":1,"sensors":"NOAA-21","effis_confirmed":false,"burned_confirmed":false,"evidence_score":0,"evidence":"","filter_reason":"anomalie_non_corroboree"}},{"type":"Feature","geometry":{"type":"Point","coordinates":[36.77712,46.77929]},"properties":{"age_h":151.5,"recency":3,"frp":1.1,"confidence":"nominal","observations":1,"passes":1,"sensor_count":1,"sensors":"NOAA-21","effis_confirmed":false,"burned_confirmed":false,"evidence_score":0,"evidence":"","filter_reason":"anomalie_non_corroboree"}},{"type":"Feature","geometry":{"type":"Point","coordinates":[40.29605,47.05105]},"properties":{"age_h":151.5,"recency":3,"frp":0.8,"confidence":"nominal","observations":1,"passes":1,"sensor_count":1,"sensors":"NOAA-21","effis_confirmed":false,"burned_confirmed":false,"evidence_score":0,"evidence":"","filter_reason":"anomalie_non_corroboree"}},{"type":"Feature","geometry":{"type":"Point","coordinates":[41.0561,47.20338]},"properties":{"age_h":151.5,"recency":3,"frp":3.4,"confidence":"nominal","observations":2,"passes":1,"sensor_count":1,"sensors":"NOAA-21","effis_confirmed":false,"burned_confirmed":false,"evidence_score":0,"evidence":"","filter_reason":"anomalie_non_corroboree"}},{"type":"Feature","geometry":{"type":"Point","coordinates":[41.10961,47.60133]},"properties":{"age_h":151.5,"recency":3,"frp":4.6,"confidence":"nominal","observations":2,"passes":1,"sensor_count":1,"sensors":"NOAA-21","effis_confirmed":false,"burned_confirmed":false,"evidence_score":0,"evidence":"","filter_reason":"anomalie_non_corroboree"}},{"type":"Feature","geometry":{"type":"Point","coordinates":[36.74628,47.74059]},"properties":{"age_h":151.5,"recency":3,"frp":0.5,"confidence":"nominal","observations":1,"passes":1,"sensor_count":1,"sensors":"NOAA-21","effis_confirmed":false,"burned_confirmed":false,"evidence_score":0,"evidence":"","filter_reason":"anomalie_non_corroboree"}},{"type":"Feature","geometry":{"type":"Point","coordinates":[33.38622,47.84243]},"properties":{"age_h":151.5,"recency":3,"frp":1.1,"confidence":"nominal","observations":1,"passes":1,"sensor_count":1,"sensors":"NOAA-21","effis_confirmed":false,"burned_confirmed":false,"evidence_score":0,"evidence":"","filter_reason":"anomalie_non_corroboree"}},{"type":"Feature","geometry":{"type":"Point","coordinates":[38.46516,48.25662]},"properties":{"age_h":151.5,"recency":3,"frp":2.6,"confidence":"nominal","observations":2,"passes":1,"sensor_count":1,"sensors":"NOAA-21","effis_confirmed":false,"burned_confirmed":false,"evidence_score":0,"evidence":"","filter_reason":"anomalie_non_corroboree"}},{"type":"Feature","geometry":{"type":"Point","coordinates":[34.62685,48.47242]},"properties":{"age_h":151.5,"recency":3,"frp":1.8,"confidence":"nominal","observations":1,"passes":1,"sensor_count":1,"sensors":"NOAA-21","effis_confirmed":false,"burned_confirmed":false,"evidence_score":0,"evidence":"","filter_reason":"anomalie_non_corroboree"}},{"type":"Feature","geometry":{"type":"Point","coordinates":[27.37288,48.51163]},"properties":{"age_h":151.5,"recency":3,"frp":0.3,"confidence":"nominal","observations":1,"passes":1,"sensor_count":1,"sensors":"NOAA-21","effis_confirmed":false,"burned_confirmed":false,"evidence_score":0,"evidence":"","filter_reason":"anomalie_non_corroboree"}},{"type":"Feature","geometry":{"type":"Point","coordinates":[34.64143,48.53238]},"properties":{"age_h":151.5,"recency":3,"frp":2.4,"confidence":"nominal","observations":1,"passes":1,"sensor_count":1,"sensors":"NOAA-21","effis_confirmed":false,"burned_confirmed":false,"evidence_score":0,"evidence":"","filter_reason":"anomalie_non_corroboree"}},{"type":"Feature","geometry":{"type":"Point","coordinates":[24.5965,49.44398]},"properties":{"age_h":151.5,"recency":3,"frp":0.5,"confidence":"nominal","observations":1,"passes":1,"sensor_count":1,"sensors":"NOAA-21","effis_confirmed":false,"burned_confirmed":false,"evidence_score":0,"evidence":"","filter_reason":"anomalie_non_corroboree"}},{"type":"Feature","geometry":{"type":"Point","coordinates":[21.45014,50.9467]},"properties":{"age_h":151.5,"recency":3,"frp":0.9,"confidence":"nominal","observations":1,"passes":1,"sensor_count":1,"sensors":"NOAA-21","effis_confirmed":false,"burned_confirmed":false,"evidence_score":0,"evidence":"","filter_reason":"anomalie_non_corroboree"}},{"type":"Feature","geometry":{"type":"Point","coordinates":[11.66069,51.26809]},"properties":{"age_h":151.5,"recency":3,"frp":1.1,"confidence":"nominal","observations":1,"passes":1,"sensor_count":1,"sensors":"NOAA-21","effis_confirmed":false,"burned_confirmed":false,"evidence_score":0,"evidence":"","filter_reason":"anomalie_non_corroboree"}},{"type":"Feature","geometry":{"type":"Point","coordinates":[13.27371,51.3124]},"properties":{"age_h":151.5,"recency":3,"frp":0.8,"confidence":"nominal","observations":1,"passes":1,"sensor_count":1,"sensors":"NOAA-21","effis_confirmed":false,"burned_confirmed":false,"evidence_score":0,"evidence":"","filter_reason":"anomalie_non_corroboree"}},{"type":"Feature","geometry":{"type":"Point","coordinates":[8.33519,51.59233]},"properties":{"age_h":151.5,"recency":3,"frp":2.2,"confidence":"nominal","observations":2,"passes":1,"sensor_count":1,"sensors":"NOAA-21","effis_confirmed":false,"burned_confirmed":false,"evidence_score":0,"evidence":"","filter_reason":"anomalie_non_corroboree"}},{"type":"Feature","geometry":{"type":"Point","coordinates":[8.50944,51.61726]},"properties":{"age_h":151.5,"recency":3,"frp":0.9,"confidence":"nominal","observations":1,"passes":1,"sensor_count":1,"sensors":"NOAA-21","effis_confirmed":false,"burned_confirmed":false,"evidence_score":0,"evidence":"","filter_reason":"anomalie_non_corroboree"}},{"type":"Feature","geometry":{"type":"Point","coordinates":[20.92211,52.29715]},"properties":{"age_h":151.5,"recency":3,"frp":0.8,"confidence":"nominal","observations":1,"passes":1,"sensor_count":1,"sensors":"NOAA-21","effis_confirmed":false,"burned_confirmed":false,"evidence_score":0,"evidence":"","filter_reason":"anomalie_non_corroboree"}},{"type":"Feature","geometry":{"type":"Point","coordinates":[9.88663,52.35539]},"properties":{"age_h":151.5,"recency":3,"frp":1.3,"confidence":"nominal","observations":1,"passes":1,"sensor_count":1,"sensors":"NOAA-21","effis_confirmed":false,"burned_confirmed":false,"evidence_score":0,"evidence":"","filter_reason":"anomalie_non_corroboree"}},{"type":"Feature","geometry":{"type":"Point","coordinates":[38.42447,38.93008]},"properties":{"age_h":151.4,"recency":3,"frp":1.2,"confidence":"nominal","observations":1,"passes":1,"sensor_count":1,"sensors":"NOAA-21","effis_confirmed":false,"burned_confirmed":false,"evidence_score":0,"evidence":"","filter_reason":"anomalie_non_corroboree"}},{"type":"Feature","geometry":{"type":"Point","coordinates":[34.5063,39.56211]},"properties":{"age_h":151.4,"recency":3,"frp":1.2,"confidence":"nominal","observations":2,"passes":1,"sensor_count":1,"sensors":"NOAA-21","effis_confirmed":false,"burned_confirmed":false,"evidence_score":0,"evidence":"","filter_reason":"anomalie_non_corroboree"}},{"type":"Feature","geometry":{"type":"Point","coordinates":[33.95655,40.32973]},"properties":{"age_h":151.4,"recency":3,"frp":0.5,"confidence":"nominal","observations":1,"passes":1,"sensor_count":1,"sensors":"NOAA-21","effis_confirmed":false,"burned_confirmed":false,"evidence_score":0,"evidence":"","filter_reason":"anomalie_non_corroboree"}},{"type":"Feature","geometry":{"type":"Point","coordinates":[27.96132,41.01383]},"properties":{"age_h":151.4,"recency":3,"frp":1.2,"confidence":"nominal","observations":1,"passes":1,"sensor_count":1,"sensors":"NOAA-21","effis_confirmed":false,"burned_confirmed":false,"evidence_score":0,"evidence":"","filter_reason":"anomalie_non_corroboree"}},{"type":"Feature","geometry":{"type":"Point","coordinates":[27.59196,43.23315]},"properties":{"age_h":151.4,"recency":3,"frp":0.6,"confidence":"nominal","observations":1,"passes":1,"sensor_count":1,"sensors":"NOAA-21","effis_confirmed":false,"burned_confirmed":false,"evidence_score":0,"evidence":"","filter_reason":"anomalie_non_corroboree"}},{"type":"Feature","geometry":{"type":"Point","coordinates":[23.34201,43.88518]},"properties":{"age_h":151.4,"recency":3,"frp":0.8,"confidence":"nominal","observations":2,"passes":1,"sensor_count":1,"sensors":"NOAA-21","effis_confirmed":false,"burned_confirmed":false,"evidence_score":0,"evidence":"","filter_reason":"anomalie_non_corroboree"}},{"type":"Feature","geometry":{"type":"Point","coordinates":[23.24776,43.96605]},"properties":{"age_h":151.4,"recency":3,"frp":2.1,"confidence":"nominal","observations":2,"passes":1,"sensor_count":1,"sensors":"NOAA-21","effis_confirmed":false,"burned_confirmed":false,"evidence_score":0,"evidence":"","filter_reason":"anomalie_non_corroboree"}},{"type":"Feature","geometry":{"type":"Point","coordinates":[23.14002,44.11801]},"properties":{"age_h":151.4,"recency":3,"frp":0.2,"confidence":"nominal","observations":1,"passes":1,"sensor_count":1,"sensors":"NOAA-21","effis_confirmed":false,"burned_confirmed":false,"evidence_score":0,"evidence":"","filter_reason":"anomalie_non_corroboree"}},{"type":"Feature","geometry":{"type":"Point","coordinates":[23.18302,44.20687]},"properties":{"age_h":151.4,"recency":3,"frp":1.0,"confidence":"nominal","observations":1,"passes":1,"sensor_count":1,"sensors":"NOAA-21","effis_confirmed":false,"burned_confirmed":false,"evidence_score":0,"evidence":"","filter_reason":"anomalie_non_corroboree"}},{"type":"Feature","geometry":{"type":"Point","coordinates":[30.90226,45.35324]},"properties":{"age_h":151.4,"recency":3,"frp":2.5,"confidence":"nominal","observations":1,"passes":1,"sensor_count":1,"sensors":"NOAA-21","effis_confirmed":false,"burned_confirmed":false,"evidence_score":0,"evidence":"","filter_reason":"anomalie_non_corroboree"}},{"type":"Feature","geometry":{"type":"Point","coordinates":[30.9306,45.37537]},"properties":{"age_h":151.4,"recency":3,"frp":2.2,"confidence":"nominal","observations":1,"passes":1,"sensor_count":1,"sensors":"NOAA-21","effis_confirmed":false,"burned_confirmed":false,"evidence_score":0,"evidence":"","filter_reason":"anomalie_non_corroboree"}},{"type":"Feature","geometry":{"type":"Point","coordinates":[9.60987,36.67732]},"properties":{"age_h":151.4,"recency":3,"frp":1.5,"confidence":"nominal","observations":1,"passes":1,"sensor_count":1,"sensors":"NOAA-21","effis_confirmed":false,"burned_confirmed":false,"evidence_score":0,"evidence":"","filter_reason":"anomalie_non_corroboree"}},{"type":"Feature","geometry":{"type":"Point","coordinates":[27.21598,37.57376]},"properties":{"age_h":151.4,"recency":3,"frp":1.1,"confidence":"nominal","observations":1,"passes":1,"sensor_count":1,"sensors":"NOAA-21","effis_confirmed":false,"burned_confirmed":false,"evidence_score":0,"evidence":"","filter_reason":"anomalie_non_corroboree"}},{"type":"Feature","geometry":{"type":"Point","coordinates":[38.15136,37.67808]},"properties":{"age_h":151.4,"recency":3,"frp":2.0,"confidence":"nominal","observations":1,"passes":1,"sensor_count":1,"sensors":"NOAA-21","effis_confirmed":false,"burned_confirmed":false,"evidence_score":0,"evidence":"","filter_reason":"anomalie_non_corroboree"}},{"type":"Feature","geometry":{"type":"Point","coordinates":[12.8331,37.84078]},"properties":{"age_h":151.4,"recency":3,"frp":1.8,"confidence":"nominal","observations":2,"passes":1,"sensor_count":1,"sensors":"NOAA-21","effis_confirmed":false,"burned_confirmed":false,"evidence_score":0,"evidence":"","filter_reason":"anomalie_non_corroboree"}},{"type":"Feature","geometry":{"type":"Point","coordinates":[13.10637,37.86264]},"properties":{"age_h":151.4,"recency":3,"frp":4.8,"confidence":"nominal","observations":1,"passes":1,"sensor_count":1,"sensors":"NOAA-21","effis_confirmed":false,"burned_confirmed":false,"evidence_score":0,"evidence":"","filter_reason":"anomalie_non_corroboree"}},{"type":"Feature","geometry":{"type":"Point","coordinates":[32.56146,37.89162]},"properties":{"age_h":151.4,"recency":3,"frp":0.8,"confidence":"nominal","observations":1,"passes":1,"sensor_count":1,"sensors":"NOAA-21","effis_confirmed":false,"burned_confirmed":false,"evidence_score":0,"evidence":"","filter_reason":"anomalie_non_corroboree"}},{"type":"Feature","geometry":{"type":"Point","coordinates":[15.89611,37.95125]},"properties":{"age_h":151.4,"recency":3,"frp":1.2,"confidence":"nominal","observations":2,"passes":1,"sensor_count":1,"sensors":"NOAA-21","effis_confirmed":false,"burned_confirmed":false,"evidence_score":0,"evidence":"","filter_reason":"anomalie_non_corroboree"}},{"type":"Feature","geometry":{"type":"Point","coordinates":[27.63096,39.16843]},"properties":{"age_h":151.4,"recency":3,"frp":1.1,"confidence":"nominal","observations":1,"passes":1,"sensor_count":1,"sensors":"NOAA-21","effis_confirmed":false,"burned_confirmed":false,"evidence_score":0,"evidence":"","filter_reason":"anomalie_non_corroboree"}},{"type":"Feature","geometry":{"type":"Point","coordinates":[18.35452,39.99239]},"properties":{"age_h":151.4,"recency":3,"frp":1.0,"confidence":"nominal","observations":1,"passes":1,"sensor_count":1,"sensors":"NOAA-21","effis_confirmed":false,"burned_confirmed":false,"evidence_score":0,"evidence":"","filter_reason":"anomalie_non_corroboree"}},{"type":"Feature","geometry":{"type":"Point","coordinates":[18.19122,40.03884]},"properties":{"age_h":151.4,"recency":3,"frp":1.0,"confidence":"nominal","observations":1,"passes":1,"sensor_count":1,"sensors":"NOAA-21","effis_confirmed":false,"burned_confirmed":false,"evidence_score":0,"evidence":"","filter_reason":"anomalie_non_corroboree"}},{"type":"Feature","geometry":{"type":"Point","coordinates":[13.11329,41.34534]},"properties":{"age_h":151.4,"recency":3,"frp":1.0,"confidence":"nominal","observations":1,"passes":1,"sensor_count":1,"sensors":"NOAA-21","effis_confirmed":false,"burned_confirmed":false,"evidence_score":0,"evidence":"","filter_reason":"anomalie_non_corroboree"}},{"type":"Feature","geometry":{"type":"Point","coordinates":[25.74792,62.5945]},"properties":{"age_h":150.9,"recency":3,"frp":1.0,"confidence":"nominal","observations":1,"passes":1,"sensor_count":1,"sensors":"Suomi-NPP","effis_confirmed":false,"burned_confirmed":false,"evidence_score":0,"evidence":"","filter_reason":"anomalie_non_corroboree"}},{"type":"Feature","geometry":{"type":"Point","coordinates":[31.95255,53.58847]},"properties":{"age_h":150.9,"recency":3,"frp":0.6,"confidence":"nominal","observations":1,"passes":1,"sensor_count":1,"sensors":"Suomi-NPP","effis_confirmed":false,"burned_confirmed":false,"evidence_score":0,"evidence":"","filter_reason":"anomalie_non_corroboree"}},{"type":"Feature","geometry":{"type":"Point","coordinates":[30.43652,54.40144]},"properties":{"age_h":150.9,"recency":3,"frp":1.7,"confidence":"nominal","observations":1,"passes":1,"sensor_count":1,"sensors":"Suomi-NPP","effis_confirmed":false,"burned_confirmed":false,"evidence_score":0,"evidence":"","filter_reason":"anomalie_non_corroboree"}},{"type":"Feature","geometry":{"type":"Point","coordinates":[31.85431,38.4371]},"properties":{"age_h":150.8,"recency":3,"frp":3.8,"confidence":"nominal","observations":3,"passes":1,"sensor_count":1,"sensors":"Suomi-NPP","effis_confirmed":false,"burned_confirmed":false,"evidence_score":2,"evidence":"groupe spatial","filter_reason":"anomalie_non_corroboree"}},{"type":"Feature","geometry":{"type":"Point","coordinates":[29.52596,40.76817]},"properties":{"age_h":150.8,"recency":3,"frp":1.4,"confidence":"nominal","observations":1,"passes":1,"sensor_count":1,"sensors":"Suomi-NPP","effis_confirmed":false,"burned_confirmed":false,"evidence_score":0,"evidence":"","filter_reason":"anomalie_non_corroboree"}},{"type":"Feature","geometry":{"type":"Point","coordinates":[15.36539,41.71265]},"properties":{"age_h":150.8,"recency":3,"frp":0.5,"confidence":"nominal","observations":1,"passes":1,"sensor_count":1,"sensors":"Suomi-NPP","effis_confirmed":false,"burned_confirmed":false,"evidence_score":0,"evidence":"","filter_reason":"anomalie_non_corroboree"}},{"type":"Feature","geometry":{"type":"Point","coordinates":[15.38276,41.83239]},"properties":{"age_h":150.8,"recency":3,"frp":0.3,"confidence":"nominal","observations":1,"passes":1,"sensor_count":1,"sensors":"Suomi-NPP","effis_confirmed":false,"burned_confirmed":false,"evidence_score":0,"evidence":"","filter_reason":"anomalie_non_corroboree"}},{"type":"Feature","geometry":{"type":"Point","coordinates":[11.8356,43.65849]},"properties":{"age_h":150.8,"recency":3,"frp":0.7,"confidence":"nominal","observations":1,"passes":1,"sensor_count":1,"sensors":"Suomi-NPP","effis_confirmed":false,"burned_confirmed":false,"evidence_score":0,"evidence":"","filter_reason":"anomalie_non_corroboree"}},{"type":"Feature","geometry":{"type":"Point","coordinates":[34.18701,44.51207]},"properties":{"age_h":150.8,"recency":3,"frp":1.6,"confidence":"nominal","observations":2,"passes":1,"sensor_count":1,"sensors":"Suomi-NPP","effis_confirmed":false,"burned_confirmed":false,"evidence_score":0,"evidence":"","filter_reason":"anomalie_non_corroboree"}},{"type":"Feature","geometry":{"type":"Point","coordinates":[2.82315,45.11322]},"properties":{"age_h":150.8,"recency":3,"frp":0.4,"confidence":"nominal","observations":1,"passes":1,"sensor_count":1,"sensors":"Suomi-NPP","effis_confirmed":false,"burned_confirmed":false,"evidence_score":0,"evidence":"","filter_reason":"anomalie_non_corroboree"}},{"type":"Feature","geometry":{"type":"Point","coordinates":[33.99758,45.1306]},"properties":{"age_h":150.8,"recency":3,"frp":0.8,"confidence":"nominal","observations":1,"passes":1,"sensor_count":1,"sensors":"Suomi-NPP","effis_confirmed":false,"burned_confirmed":false,"evidence_score":0,"evidence":"","filter_reason":"anomalie_non_corroboree"}},{"type":"Feature","geometry":{"type":"Point","coordinates":[32.71822,46.60844]},"properties":{"age_h":150.8,"recency":3,"frp":0.8,"confidence":"nominal","observations":2,"passes":1,"sensor_count":1,"sensors":"Suomi-NPP","effis_confirmed":false,"burned_confirmed":false,"evidence_score":0,"evidence":"","filter_reason":"anomalie_non_corroboree"}},{"type":"Feature","geometry":{"type":"Point","coordinates":[33.43502,47.86586]},"properties":{"age_h":150.8,"recency":3,"frp":0.6,"confidence":"nominal","observations":1,"passes":1,"sensor_count":1,"sensors":"Suomi-NPP","effis_confirmed":false,"burned_confirmed":false,"evidence_score":0,"evidence":"","filter_reason":"anomalie_non_corroboree"}},{"type":"Feature","geometry":{"type":"Point","coordinates":[35.46797,49.54905]},"properties":{"age_h":150.8,"recency":3,"frp":0.5,"confidence":"nominal","observations":1,"passes":1,"sensor_count":1,"sensors":"Suomi-NPP","effis_confirmed":false,"burned_confirmed":false,"evidence_score":0,"evidence":"","filter_reason":"anomalie_non_corroboree"}},{"type":"Feature","geometry":{"type":"Point","coordinates":[25.49697,49.99591]},"properties":{"age_h":150.8,"recency":3,"frp":1.7,"confidence":"nominal","observations":1,"passes":1,"sensor_count":1,"sensors":"Suomi-NPP","effis_confirmed":false,"burned_confirmed":false,"evidence_score":0,"evidence":"","filter_reason":"anomalie_non_corroboree"}},{"type":"Feature","geometry":{"type":"Point","coordinates":[18.86711,50.34192]},"properties":{"age_h":150.8,"recency":3,"frp":0.3,"confidence":"nominal","observations":1,"passes":1,"sensor_count":1,"sensors":"Suomi-NPP","effis_confirmed":false,"burned_confirmed":false,"evidence_score":0,"evidence":"","filter_reason":"anomalie_non_corroboree"}},{"type":"Feature","geometry":{"type":"Point","coordinates":[31.32889,51.77544]},"properties":{"age_h":150.8,"recency":3,"frp":0.6,"confidence":"nominal","observations":1,"passes":1,"sensor_count":1,"sensors":"Suomi-NPP","effis_confirmed":false,"burned_confirmed":false,"evidence_score":0,"evidence":"","filter_reason":"anomalie_non_corroboree"}},{"type":"Feature","geometry":{"type":"Point","coordinates":[9.72018,35.62746]},"properties":{"age_h":150.8,"recency":3,"frp":1.5,"confidence":"nominal","observations":1,"passes":1,"sensor_count":1,"sensors":"Suomi-NPP","effis_confirmed":false,"burned_confirmed":false,"evidence_score":0,"evidence":"","filter_reason":"anomalie_non_corroboree"}},{"type":"Feature","geometry":{"type":"Point","coordinates":[9.932,35.69296]},"properties":{"age_h":150.8,"recency":3,"frp":3.6,"confidence":"nominal","observations":1,"passes":1,"sensor_count":1,"sensors":"Suomi-NPP","effis_confirmed":false,"burned_confirmed":false,"evidence_score":0,"evidence":"","filter_reason":"anomalie_non_corroboree"}},{"type":"Feature","geometry":{"type":"Point","coordinates":[-0.22302,35.77113]},"properties":{"age_h":150.8,"recency":3,"frp":2.1,"confidence":"nominal","observations":1,"passes":1,"sensor_count":1,"sensors":"Suomi-NPP","effis_confirmed":false,"burned_confirmed":false,"evidence_score":0,"evidence":"","filter_reason":"anomalie_non_corroboree"}},{"type":"Feature","geometry":{"type":"Point","coordinates":[14.33552,37.04487]},"properties":{"age_h":150.8,"recency":3,"frp":0.9,"confidence":"nominal","observations":1,"passes":1,"sensor_count":1,"sensors":"Suomi-NPP","effis_confirmed":false,"burned_confirmed":false,"evidence_score":0,"evidence":"","filter_reason":"anomalie_non_corroboree"}},{"type":"Feature","geometry":{"type":"Point","coordinates":[14.13231,37.2345]},"properties":{"age_h":150.8,"recency":3,"frp":0.2,"confidence":"nominal","observations":1,"passes":1,"sensor_count":1,"sensors":"Suomi-NPP","effis_confirmed":false,"burned_confirmed":false,"evidence_score":0,"evidence":"","filter_reason":"anomalie_non_corroboree"}},{"type":"Feature","geometry":{"type":"Point","coordinates":[13.1076,37.63183]},"properties":{"age_h":150.8,"recency":3,"frp":2.1,"confidence":"nominal","observations":1,"passes":1,"sensor_count":1,"sensors":"Suomi-NPP","effis_confirmed":false,"burned_confirmed":false,"evidence_score":0,"evidence":"","filter_reason":"anomalie_non_corroboree"}},{"type":"Feature","geometry":{"type":"Point","coordinates":[29.35447,37.83395]},"properties":{"age_h":150.8,"recency":3,"frp":0.9,"confidence":"nominal","observations":1,"passes":1,"sensor_count":1,"sensors":"Suomi-NPP","effis_confirmed":false,"burned_confirmed":false,"evidence_score":0,"evidence":"","filter_reason":"anomalie_non_corroboree"}},{"type":"Feature","geometry":{"type":"Point","coordinates":[15.90163,40.31301]},"properties":{"age_h":150.8,"recency":3,"frp":0.3,"confidence":"nominal","observations":1,"passes":1,"sensor_count":1,"sensors":"Suomi-NPP","effis_confirmed":false,"burned_confirmed":false,"evidence_score":0,"evidence":"","filter_reason":"anomalie_non_corroboree"}},{"type":"Feature","geometry":{"type":"Point","coordinates":[17.61081,40.3672]},"properties":{"age_h":150.8,"recency":3,"frp":1.4,"confidence":"nominal","observations":1,"passes":1,"sensor_count":1,"sensors":"Suomi-NPP","effis_confirmed":false,"burned_confirmed":false,"evidence_score":0,"evidence":"","filter_reason":"anomalie_non_corroboree"}},{"type":"Feature","geometry":{"type":"Point","coordinates":[15.46556,41.45477]},"properties":{"age_h":150.8,"recency":3,"frp":0.6,"confidence":"nominal","observations":1,"passes":1,"sensor_count":1,"sensors":"Suomi-NPP","effis_confirmed":false,"burned_confirmed":false,"evidence_score":0,"evidence":"","filter_reason":"anomalie_non_corroboree"}},{"type":"Feature","geometry":{"type":"Point","coordinates":[12.18121,47.792]},"properties":{"age_h":150.5,"recency":3,"frp":1.4,"confidence":"nominal","observations":1,"passes":1,"sensor_count":1,"sensors":"NOAA-20","effis_confirmed":false,"burned_confirmed":false,"evidence_score":0,"evidence":"","filter_reason":"anomalie_non_corroboree"}},{"type":"Feature","geometry":{"type":"Point","coordinates":[16.60696,47.98652]},"properties":{"age_h":150.5,"recency":3,"frp":0.9,"confidence":"nominal","observations":1,"passes":1,"sensor_count":1,"sensors":"NOAA-20","effis_confirmed":false,"burned_confirmed":false,"evidence_score":0,"evidence":"","filter_reason":"anomalie_non_corroboree"}},{"type":"Feature","geometry":{"type":"Point","coordinates":[22.30442,48.00023]},"properties":{"age_h":150.5,"recency":3,"frp":0.8,"confidence":"nominal","observations":2,"passes":1,"sensor_count":1,"sensors":"NOAA-20","effis_confirmed":false,"burned_confirmed":false,"evidence_score":0,"evidence":"","filter_reason":"anomalie_non_corroboree"}},{"type":"Feature","geometry":{"type":"Point","coordinates":[-0.13926,51.73355]},"properties":{"age_h":150.5,"recency":3,"frp":0.5,"confidence":"nominal","observations":1,"passes":1,"sensor_count":1,"sensors":"NOAA-20","effis_confirmed":false,"burned_confirmed":false,"evidence_score":0,"evidence":"","filter_reason":"anomalie_non_corroboree"}},{"type":"Feature","geometry":{"type":"Point","coordinates":[-2.10541,52.67971]},"properties":{"age_h":150.5,"recency":3,"frp":0.7,"confidence":"nominal","observations":1,"passes":1,"sensor_count":1,"sensors":"NOAA-20","effis_confirmed":false,"burned_confirmed":false,"evidence_score":0,"evidence":"","filter_reason":"anomalie_non_corroboree"}},{"type":"Feature","geometry":{"type":"Point","coordinates":[13.58096,37.78198]},"properties":{"age_h":150.5,"recency":3,"frp":38.5,"confidence":"nominal","observations":4,"passes":1,"sensor_count":1,"sensors":"NOAA-20","effis_confirmed":false,"burned_confirmed":false,"evidence_score":3,"evidence":"groupe spatial","filter_reason":"anomalie_non_corroboree"}},{"type":"Feature","geometry":{"type":"Point","coordinates":[16.14486,38.66675]},"properties":{"age_h":150.5,"recency":3,"frp":1.3,"confidence":"nominal","observations":1,"passes":1,"sensor_count":1,"sensors":"NOAA-20","effis_confirmed":false,"burned_confirmed":false,"evidence_score":0,"evidence":"","filter_reason":"anomalie_non_corroboree"}},{"type":"Feature","geometry":{"type":"Point","coordinates":[-2.88468,43.22586]},"properties":{"age_h":150.5,"recency":3,"frp":1.3,"confidence":"nominal","observations":3,"passes":1,"sensor_count":1,"sensors":"NOAA-20","effis_confirmed":false,"burned_confirmed":false,"evidence_score":2,"evidence":"groupe spatial","filter_reason":"anomalie_non_corroboree"}},{"type":"Feature","geometry":{"type":"Point","coordinates":[8.29206,44.37986]},"properties":{"age_h":150.5,"recency":3,"frp":1.2,"confidence":"nominal","observations":1,"passes":1,"sensor_count":1,"sensors":"NOAA-20","effis_confirmed":false,"burned_confirmed":false,"evidence_score":0,"evidence":"","filter_reason":"anomalie_non_corroboree"}},{"type":"Feature","geometry":{"type":"Point","coordinates":[10.06754,44.68101]},"properties":{"age_h":150.5,"recency":3,"frp":0.4,"confidence":"nominal","observations":1,"passes":1,"sensor_count":1,"sensors":"NOAA-20","effis_confirmed":false,"burned_confirmed":false,"evidence_score":0,"evidence":"","filter_reason":"anomalie_non_corroboree"}},{"type":"Feature","geometry":{"type":"Point","coordinates":[0.24442,35.40566]},"properties":{"age_h":150.5,"recency":3,"frp":3.0,"confidence":"nominal","observations":1,"passes":1,"sensor_count":1,"sensors":"NOAA-20","effis_confirmed":false,"burned_confirmed":false,"evidence_score":0,"evidence":"","filter_reason":"anomalie_non_corroboree"}},{"type":"Feature","geometry":{"type":"Point","coordinates":[6.86883,35.55103]},"properties":{"age_h":150.5,"recency":3,"frp":2.0,"confidence":"nominal","observations":1,"passes":1,"sensor_count":1,"sensors":"NOAA-20","effis_confirmed":false,"burned_confirmed":false,"evidence_score":0,"evidence":"","filter_reason":"anomalie_non_corroboree"}},{"type":"Feature","geometry":{"type":"Point","coordinates":[7.51466,36.47748]},"properties":{"age_h":150.5,"recency":3,"frp":0.7,"confidence":"nominal","observations":1,"passes":1,"sensor_count":1,"sensors":"NOAA-20","effis_confirmed":false,"burned_confirmed":false,"evidence_score":0,"evidence":"","filter_reason":"anomalie_non_corroboree"}},{"type":"Feature","geometry":{"type":"Point","coordinates":[5.16174,36.56668]},"properties":{"age_h":150.5,"recency":3,"frp":6.4,"confidence":"nominal","observations":1,"passes":1,"sensor_count":1,"sensors":"NOAA-20","effis_confirmed":false,"burned_confirmed":false,"evidence_score":0,"evidence":"","filter_reason":"anomalie_non_corroboree"}},{"type":"Feature","geometry":{"type":"Point","coordinates":[4.76873,36.5723]},"properties":{"age_h":150.5,"recency":3,"frp":3.0,"confidence":"nominal","observations":1,"passes":1,"sensor_count":1,"sensors":"NOAA-20","effis_confirmed":false,"burned_confirmed":false,"evidence_score":0,"evidence":"","filter_reason":"anomalie_non_corroboree"}},{"type":"Feature","geometry":{"type":"Point","coordinates":[9.98162,36.69358]},"properties":{"age_h":150.5,"recency":3,"frp":0.6,"confidence":"nominal","observations":1,"passes":1,"sensor_count":1,"sensors":"NOAA-20","effis_confirmed":false,"burned_confirmed":false,"evidence_score":0,"evidence":"","filter_reason":"anomalie_non_corroboree"}},{"type":"Feature","geometry":{"type":"Point","coordinates":[10.16582,36.71022]},"properties":{"age_h":150.5,"recency":3,"frp":1.6,"confidence":"nominal","observations":1,"passes":1,"sensor_count":1,"sensors":"NOAA-20","effis_confirmed":false,"burned_confirmed":false,"evidence_score":0,"evidence":"","filter_reason":"anomalie_non_corroboree"}},{"type":"Feature","geometry":{"type":"Point","coordinates":[3.08335,36.75001]},"properties":{"age_h":150.5,"recency":3,"frp":1.8,"confidence":"nominal","observations":1,"passes":1,"sensor_count":1,"sensors":"NOAA-20","effis_confirmed":false,"burned_confirmed":false,"evidence_score":0,"evidence":"","filter_reason":"anomalie_non_corroboree"}},{"type":"Feature","geometry":{"type":"Point","coordinates":[14.13269,37.24574]},"properties":{"age_h":150.5,"recency":3,"frp":0.4,"confidence":"nominal","observations":1,"passes":1,"sensor_count":1,"sensors":"NOAA-20","effis_confirmed":false,"burned_confirmed":false,"evidence_score":0,"evidence":"","filter_reason":"anomalie_non_corroboree"}},{"type":"Feature","geometry":{"type":"Point","coordinates":[13.61177,50.56878]},"properties":{"age_h":149.7,"recency":3,"frp":1.1,"confidence":"nominal","observations":2,"passes":2,"sensor_count":1,"sensors":"NOAA-21","effis_confirmed":false,"burned_confirmed":false,"evidence_score":2,"evidence":"passages répétés","filter_reason":"anomalie_non_corroboree"}},{"type":"Feature","geometry":{"type":"Point","coordinates":[-5.72499,43.55994]},"properties":{"age_h":149.7,"recency":3,"frp":0.7,"confidence":"nominal","observations":1,"passes":1,"sensor_count":1,"sensors":"NOAA-21","effis_confirmed":false,"burned_confirmed":false,"evidence_score":0,"evidence":"","filter_reason":"anomalie_non_corroboree"}},{"type":"Feature","geometry":{"type":"Point","coordinates":[10.3701,43.76728]},"properties":{"age_h":149.7,"recency":3,"frp":0.5,"confidence":"nominal","observations":1,"passes":1,"sensor_count":1,"sensors":"NOAA-21","effis_confirmed":false,"burned_confirmed":false,"evidence_score":0,"evidence":"","filter_reason":"anomalie_non_corroboree"}},{"type":"Feature","geometry":{"type":"Point","coordinates":[-0.74348,46.10142]},"properties":{"age_h":149.7,"recency":3,"frp":0.4,"confidence":"nominal","observations":1,"passes":1,"sensor_count":1,"sensors":"NOAA-21","effis_confirmed":false,"burned_confirmed":false,"evidence_score":0,"evidence":"","filter_reason":"anomalie_non_corroboree"}},{"type":"Feature","geometry":{"type":"Point","coordinates":[-0.14035,46.80573]},"properties":{"age_h":149.7,"recency":3,"frp":0.6,"confidence":"nominal","observations":1,"passes":1,"sensor_count":1,"sensors":"NOAA-21","effis_confirmed":false,"burned_confirmed":false,"evidence_score":0,"evidence":"","filter_reason":"anomalie_non_corroboree"}},{"type":"Feature","geometry":{"type":"Point","coordinates":[7.79928,48.03247]},"properties":{"age_h":149.7,"recency":3,"frp":3.7,"confidence":"nominal","observations":1,"passes":1,"sensor_count":1,"sensors":"NOAA-21","effis_confirmed":false,"burned_confirmed":false,"evidence_score":0,"evidence":"","filter_reason":"anomalie_non_corroboree"}},{"type":"Feature","geometry":{"type":"Point","coordinates":[17.1928,48.45808]},"properties":{"age_h":149.7,"recency":3,"frp":1.6,"confidence":"nominal","observations":1,"passes":1,"sensor_count":1,"sensors":"NOAA-21","effis_confirmed":false,"burned_confirmed":false,"evidence_score":0,"evidence":"","filter_reason":"anomalie_non_corroboree"}},{"type":"Feature","geometry":{"type":"Point","coordinates":[5.36798,50.56948]},"properties":{"age_h":149.7,"recency":3,"frp":1.0,"confidence":"nominal","observations":1,"passes":1,"sensor_count":1,"sensors":"NOAA-21","effis_confirmed":false,"burned_confirmed":false,"evidence_score":0,"evidence":"","filter_reason":"anomalie_non_corroboree"}},{"type":"Feature","geometry":{"type":"Point","coordinates":[-3.76989,35.08203]},"properties":{"age_h":149.7,"recency":3,"frp":1.7,"confidence":"nominal","observations":1,"passes":1,"sensor_count":1,"sensors":"NOAA-21","effis_confirmed":false,"burned_confirmed":false,"evidence_score":0,"evidence":"","filter_reason":"anomalie_non_corroboree"}},{"type":"Feature","geometry":{"type":"Point","coordinates":[-4.33056,36.71367]},"properties":{"age_h":149.7,"recency":3,"frp":1.5,"confidence":"nominal","observations":1,"passes":1,"sensor_count":1,"sensors":"NOAA-21","effis_confirmed":false,"burned_confirmed":false,"evidence_score":0,"evidence":"","filter_reason":"anomalie_non_corroboree"}},{"type":"Feature","geometry":{"type":"Point","coordinates":[-0.56242,38.36617]},"properties":{"age_h":149.7,"recency":3,"frp":1.1,"confidence":"nominal","observations":1,"passes":1,"sensor_count":1,"sensors":"NOAA-21","effis_confirmed":false,"burned_confirmed":false,"evidence_score":0,"evidence":"","filter_reason":"anomalie_non_corroboree"}},{"type":"Feature","geometry":{"type":"Point","coordinates":[-8.93755,38.50071]},"properties":{"age_h":149.7,"recency":3,"frp":1.4,"confidence":"nominal","observations":1,"passes":1,"sensor_count":1,"sensors":"NOAA-21","effis_confirmed":false,"burned_confirmed":false,"evidence_score":0,"evidence":"","filter_reason":"anomalie_non_corroboree"}},{"type":"Feature","geometry":{"type":"Point","coordinates":[14.55581,40.76796]},"properties":{"age_h":149.7,"recency":3,"frp":1.2,"confidence":"nominal","observations":1,"passes":1,"sensor_count":1,"sensors":"NOAA-21","effis_confirmed":false,"burned_confirmed":false,"evidence_score":0,"evidence":"","filter_reason":"anomalie_non_corroboree"}},{"type":"Feature","geometry":{"type":"Point","coordinates":[11.75669,51.81336]},"properties":{"age_h":149.2,"recency":3,"frp":0.5,"confidence":"nominal","observations":1,"passes":1,"sensor_count":1,"sensors":"Suomi-NPP","effis_confirmed":false,"burned_confirmed":false,"evidence_score":0,"evidence":"","filter_reason":"anomalie_non_corroboree"}},{"type":"Feature","geometry":{"type":"Point","coordinates":[3.86359,43.56918]},"properties":{"age_h":149.2,"recency":3,"frp":0.7,"confidence":"nominal","observations":1,"passes":1,"sensor_count":1,"sensors":"Suomi-NPP","effis_confirmed":false,"burned_confirmed":false,"evidence_score":0,"evidence":"","filter_reason":"anomalie_non_corroboree"}},{"type":"Feature","geometry":{"type":"Point","coordinates":[5.86072,43.6284]},"properties":{"age_h":149.2,"recency":3,"frp":0.4,"confidence":"nominal","observations":1,"passes":1,"sensor_count":1,"sensors":"Suomi-NPP","effis_confirmed":false,"burned_confirmed":false,"evidence_score":0,"evidence":"","filter_reason":"anomalie_non_corroboree"}},{"type":"Feature","geometry":{"type":"Point","coordinates":[-4.11497,51.67529]},"properties":{"age_h":149.2,"recency":3,"frp":0.4,"confidence":"nominal","observations":1,"passes":1,"sensor_count":1,"sensors":"Suomi-NPP","effis_confirmed":false,"burned_confirmed":false,"evidence_score":0,"evidence":"","filter_reason":"anomalie_non_corroboree"}},{"type":"Feature","geometry":{"type":"Point","coordinates":[-1.51306,42.92175]},"properties":{"age_h":149.1,"recency":3,"frp":0.4,"confidence":"nominal","observations":1,"passes":1,"sensor_count":1,"sensors":"Suomi-NPP","effis_confirmed":false,"burned_confirmed":false,"evidence_score":0,"evidence":"","filter_reason":"anomalie_non_corroboree"}},{"type":"Feature","geometry":{"type":"Point","coordinates":[-3.00859,35.28149]},"properties":{"age_h":149.1,"recency":3,"frp":0.8,"confidence":"nominal","observations":1,"passes":1,"sensor_count":1,"sensors":"Suomi-NPP","effis_confirmed":false,"burned_confirmed":false,"evidence_score":0,"evidence":"","filter_reason":"anomalie_non_corroboree"}},{"type":"Feature","geometry":{"type":"Point","coordinates":[4.54261,50.41937]},"properties":{"age_h":148.9,"recency":3,"frp":1.9,"confidence":"nominal","observations":3,"passes":2,"sensor_count":1,"sensors":"NOAA-20","effis_confirmed":false,"burned_confirmed":false,"evidence_score":4,"evidence":"passages répétés, groupe spatial","filter_reason":"anomalie_non_corroboree"}},{"type":"Feature","geometry":{"type":"Point","coordinates":[2.27003,51.02591]},"properties":{"age_h":148.9,"recency":3,"frp":1.3,"confidence":"nominal","observations":1,"passes":1,"sensor_count":1,"sensors":"NOAA-20","effis_confirmed":false,"burned_confirmed":false,"evidence_score":0,"evidence":"","filter_reason":"anomalie_non_corroboree"}},{"type":"Feature","geometry":{"type":"Point","coordinates":[35.16631,47.86946]},"properties":{"age_h":142.8,"recency":3,"frp":5.7,"confidence":"nominal","observations":1,"passes":1,"sensor_count":1,"sensors":"Suomi-NPP","effis_confirmed":false,"burned_confirmed":false,"evidence_score":0,"evidence":"","filter_reason":"anomalie_non_corroboree"}},{"type":"Feature","geometry":{"type":"Point","coordinates":[38.6798,48.94637]},"properties":{"age_h":142.8,"recency":3,"frp":3.6,"confidence":"nominal","observations":2,"passes":1,"sensor_count":1,"sensors":"Suomi-NPP","effis_confirmed":false,"burned_confirmed":false,"evidence_score":0,"evidence":"","filter_reason":"anomalie_non_corroboree"}},{"type":"Feature","geometry":{"type":"Point","coordinates":[33.87423,50.37949]},"properties":{"age_h":142.7,"recency":3,"frp":5.5,"confidence":"nominal","observations":1,"passes":1,"sensor_count":1,"sensors":"Suomi-NPP","effis_confirmed":false,"burned_confirmed":false,"evidence_score":0,"evidence":"","filter_reason":"anomalie_non_corroboree"}},{"type":"Feature","geometry":{"type":"Point","coordinates":[41.02325,34.20416]},"properties":{"age_h":142.5,"recency":3,"frp":16.1,"confidence":"high","observations":2,"passes":1,"sensor_count":1,"sensors":"NOAA-20","effis_confirmed":false,"burned_confirmed":false,"evidence_score":2,"evidence":"confiance élevée","filter_reason":"anomalie_non_corroboree"}},{"type":"Feature","geometry":{"type":"Point","coordinates":[37.55793,36.22485]},"properties":{"age_h":142.5,"recency":3,"frp":5.9,"confidence":"nominal","observations":1,"passes":1,"sensor_count":1,"sensors":"NOAA-20","effis_confirmed":false,"burned_confirmed":false,"evidence_score":0,"evidence":"","filter_reason":"anomalie_non_corroboree"}},{"type":"Feature","geometry":{"type":"Point","coordinates":[40.40609,36.65462]},"properties":{"age_h":142.5,"recency":3,"frp":15.7,"confidence":"high","observations":2,"passes":1,"sensor_count":1,"sensors":"NOAA-20","effis_confirmed":false,"burned_confirmed":false,"evidence_score":2,"evidence":"confiance élevée","filter_reason":"anomalie_non_corroboree"}},{"type":"Feature","geometry":{"type":"Point","coordinates":[41.55713,37.03518]},"properties":{"age_h":142.5,"recency":3,"frp":14.6,"confidence":"nominal","observations":1,"passes":1,"sensor_count":1,"sensors":"NOAA-20","effis_confirmed":false,"burned_confirmed":false,"evidence_score":1,"evidence":"","filter_reason":"anomalie_non_corroboree"}},{"type":"Feature","geometry":{"type":"Point","coordinates":[41.56887,44.62058]},"properties":{"age_h":142.5,"recency":3,"frp":4.9,"confidence":"nominal","observations":1,"passes":1,"sensor_count":1,"sensors":"NOAA-20","effis_confirmed":false,"burned_confirmed":false,"evidence_score":0,"evidence":"","filter_reason":"anomalie_non_corroboree"}},{"type":"Feature","geometry":{"type":"Point","coordinates":[38.30032,45.01932]},"properties":{"age_h":142.5,"recency":3,"frp":4.7,"confidence":"nominal","observations":2,"passes":1,"sensor_count":1,"sensors":"NOAA-20","effis_confirmed":false,"burned_confirmed":false,"evidence_score":0,"evidence":"","filter_reason":"anomalie_non_corroboree"}},{"type":"Feature","geometry":{"type":"Point","coordinates":[35.13466,46.6377]},"properties":{"age_h":142.5,"recency":3,"frp":24.1,"confidence":"nominal","observations":5,"passes":1,"sensor_count":1,"sensors":"NOAA-20","effis_confirmed":false,"burned_confirmed":false,"evidence_score":3,"evidence":"groupe spatial","filter_reason":"anomalie_non_corroboree"}},{"type":"Feature","geometry":{"type":"Point","coordinates":[35.22168,46.66451]},"properties":{"age_h":142.5,"recency":3,"frp":5.7,"confidence":"nominal","observations":1,"passes":1,"sensor_count":1,"sensors":"NOAA-20","effis_confirmed":false,"burned_confirmed":false,"evidence_score":0,"evidence":"","filter_reason":"anomalie_non_corroboree"}},{"type":"Feature","geometry":{"type":"Point","coordinates":[36.64045,46.79212]},"properties":{"age_h":142.5,"recency":3,"frp":4.0,"confidence":"nominal","observations":1,"passes":1,"sensor_count":1,"sensors":"NOAA-20","effis_confirmed":false,"burned_confirmed":false,"evidence_score":0,"evidence":"","filter_reason":"anomalie_non_corroboree"}},{"type":"Feature","geometry":{"type":"Point","coordinates":[36.79178,46.84848]},"properties":{"age_h":142.5,"recency":3,"frp":4.3,"confidence":"high","observations":1,"passes":1,"sensor_count":1,"sensors":"NOAA-20","effis_confirmed":false,"burned_confirmed":false,"evidence_score":1,"evidence":"confiance élevée","filter_reason":"anomalie_non_corroboree"}},{"type":"Feature","geometry":{"type":"Point","coordinates":[36.91468,46.86089]},"properties":{"age_h":142.5,"recency":3,"frp":17.4,"confidence":"high","observations":2,"passes":1,"sensor_count":1,"sensors":"NOAA-20","effis_confirmed":false,"burned_confirmed":false,"evidence_score":2,"evidence":"confiance élevée","filter_reason":"anomalie_non_corroboree"}},{"type":"Feature","geometry":{"type":"Point","coordinates":[35.38008,46.89528]},"properties":{"age_h":142.5,"recency":3,"frp":7.0,"confidence":"nominal","observations":1,"passes":1,"sensor_count":1,"sensors":"NOAA-20","effis_confirmed":false,"burned_confirmed":false,"evidence_score":0,"evidence":"","filter_reason":"anomalie_non_corroboree"}},{"type":"Feature","geometry":{"type":"Point","coordinates":[37.07333,47.20249]},"properties":{"age_h":142.5,"recency":3,"frp":1.4,"confidence":"nominal","observations":1,"passes":1,"sensor_count":1,"sensors":"NOAA-20","effis_confirmed":false,"burned_confirmed":false,"evidence_score":0,"evidence":"","filter_reason":"anomalie_non_corroboree"}},{"type":"Feature","geometry":{"type":"Point","coordinates":[37.78705,47.44669]},"properties":{"age_h":142.5,"recency":3,"frp":5.8,"confidence":"nominal","observations":2,"passes":1,"sensor_count":1,"sensors":"NOAA-20","effis_confirmed":false,"burned_confirmed":false,"evidence_score":0,"evidence":"","filter_reason":"anomalie_non_corroboree"}},{"type":"Feature","geometry":{"type":"Point","coordinates":[35.17525,46.9742]},"properties":{"age_h":142.4,"recency":3,"frp":5.7,"confidence":"nominal","observations":2,"passes":1,"sensor_count":1,"sensors":"NOAA-20","effis_confirmed":false,"burned_confirmed":false,"evidence_score":0,"evidence":"","filter_reason":"anomalie_non_corroboree"}},{"type":"Feature","geometry":{"type":"Point","coordinates":[35.35954,47.17206]},"properties":{"age_h":142.4,"recency":3,"frp":3.2,"confidence":"nominal","observations":1,"passes":1,"sensor_count":1,"sensors":"NOAA-20","effis_confirmed":false,"burned_confirmed":false,"evidence_score":0,"evidence":"","filter_reason":"anomalie_non_corroboree"}},{"type":"Feature","geometry":{"type":"Point","coordinates":[33.96424,47.18172]},"properties":{"age_h":142.4,"recency":3,"frp":9.0,"confidence":"nominal","observations":1,"passes":1,"sensor_count":1,"sensors":"NOAA-20","effis_confirmed":false,"burned_confirmed":false,"evidence_score":0,"evidence":"","filter_reason":"anomalie_non_corroboree"}},{"type":"Feature","geometry":{"type":"Point","coordinates":[35.4045,47.56495]},"properties":{"age_h":142.4,"recency":3,"frp":3.3,"confidence":"nominal","observations":1,"passes":1,"sensor_count":1,"sensors":"NOAA-20","effis_confirmed":false,"burned_confirmed":false,"evidence_score":0,"evidence":"","filter_reason":"anomalie_non_corroboree"}},{"type":"Feature","geometry":{"type":"Point","coordinates":[36.56303,48.06817]},"properties":{"age_h":142.4,"recency":3,"frp":2.9,"confidence":"nominal","observations":1,"passes":1,"sensor_count":1,"sensors":"NOAA-20","effis_confirmed":false,"burned_confirmed":false,"evidence_score":0,"evidence":"","filter_reason":"anomalie_non_corroboree"}},{"type":"Feature","geometry":{"type":"Point","coordinates":[37.17295,48.2702]},"properties":{"age_h":142.4,"recency":3,"frp":1.9,"confidence":"nominal","observations":1,"passes":1,"sensor_count":1,"sensors":"NOAA-20","effis_confirmed":false,"burned_confirmed":false,"evidence_score":0,"evidence":"","filter_reason":"anomalie_non_corroboree"}},{"type":"Feature","geometry":{"type":"Point","coordinates":[38.14784,51.05835]},"properties":{"age_h":142.4,"recency":3,"frp":3.2,"confidence":"nominal","observations":1,"passes":1,"sensor_count":1,"sensors":"NOAA-20","effis_confirmed":false,"burned_confirmed":false,"evidence_score":0,"evidence":"","filter_reason":"anomalie_non_corroboree"}},{"type":"Feature","geometry":{"type":"Point","coordinates":[29.41029,37.4116]},"properties":{"age_h":141.7,"recency":3,"frp":18.7,"confidence":"high","observations":2,"passes":1,"sensor_count":1,"sensors":"NOAA-21","effis_confirmed":false,"burned_confirmed":false,"evidence_score":2,"evidence":"confiance élevée","filter_reason":"anomalie_non_corroboree"}},{"type":"Feature","geometry":{"type":"Point","coordinates":[27.60802,37.81694]},"properties":{"age_h":141.7,"recency":3,"frp":6.4,"confidence":"nominal","observations":1,"passes":1,"sensor_count":1,"sensors":"NOAA-21","effis_confirmed":false,"burned_confirmed":false,"evidence_score":0,"evidence":"","filter_reason":"anomalie_non_corroboree"}},{"type":"Feature","geometry":{"type":"Point","coordinates":[36.48898,34.47104]},"properties":{"age_h":141.7,"recency":3,"frp":6.1,"confidence":"nominal","observations":1,"passes":1,"sensor_count":1,"sensors":"NOAA-21","effis_confirmed":false,"burned_confirmed":false,"evidence_score":0,"evidence":"","filter_reason":"anomalie_non_corroboree"}},{"type":"Feature","geometry":{"type":"Point","coordinates":[36.33304,34.69344]},"properties":{"age_h":141.7,"recency":3,"frp":17.8,"confidence":"nominal","observations":1,"passes":1,"sensor_count":1,"sensors":"NOAA-21","effis_confirmed":false,"burned_confirmed":false,"evidence_score":1,"evidence":"","filter_reason":"anomalie_non_corroboree"}},{"type":"Feature","geometry":{"type":"Point","coordinates":[36.34331,34.73495]},"properties":{"age_h":141.7,"recency":3,"frp":4.3,"confidence":"nominal","observations":2,"passes":1,"sensor_count":1,"sensors":"NOAA-21","effis_confirmed":false,"burned_confirmed":false,"evidence_score":0,"evidence":"","filter_reason":"anomalie_non_corroboree"}},{"type":"Feature","geometry":{"type":"Point","coordinates":[36.53278,35.03745]},"properties":{"age_h":141.7,"recency":3,"frp":6.9,"confidence":"high","observations":1,"passes":1,"sensor_count":1,"sensors":"NOAA-21","effis_confirmed":false,"burned_confirmed":false,"evidence_score":1,"evidence":"confiance élevée","filter_reason":"anomalie_non_corroboree"}},{"type":"Feature","geometry":{"type":"Point","coordinates":[37.24409,36.45853]},"properties":{"age_h":141.7,"recency":3,"frp":5.2,"confidence":"nominal","observations":1,"passes":1,"sensor_count":1,"sensors":"NOAA-21","effis_confirmed":false,"burned_confirmed":false,"evidence_score":0,"evidence":"","filter_reason":"anomalie_non_corroboree"}},{"type":"Feature","geometry":{"type":"Point","coordinates":[33.79569,40.20432]},"properties":{"age_h":141.7,"recency":3,"frp":7.0,"confidence":"nominal","observations":1,"passes":1,"sensor_count":1,"sensors":"NOAA-21","effis_confirmed":false,"burned_confirmed":false,"evidence_score":0,"evidence":"","filter_reason":"anomalie_non_corroboree"}},{"type":"Feature","geometry":{"type":"Point","coordinates":[33.14305,40.24533]},"properties":{"age_h":141.7,"recency":3,"frp":7.8,"confidence":"nominal","observations":1,"passes":1,"sensor_count":1,"sensors":"NOAA-21","effis_confirmed":false,"burned_confirmed":false,"evidence_score":0,"evidence":"","filter_reason":"anomalie_non_corroboree"}},{"type":"Feature","geometry":{"type":"Point","coordinates":[40.78311,44.92342]},"properties":{"age_h":141.7,"recency":3,"frp":4.0,"confidence":"nominal","observations":1,"passes":1,"sensor_count":1,"sensors":"NOAA-21","effis_confirmed":false,"burned_confirmed":false,"evidence_score":0,"evidence":"","filter_reason":"anomalie_non_corroboree"}},{"type":"Feature","geometry":{"type":"Point","coordinates":[37.93888,45.42141]},"properties":{"age_h":141.7,"recency":3,"frp":0.7,"confidence":"nominal","observations":1,"passes":1,"sensor_count":1,"sensors":"NOAA-21","effis_confirmed":false,"burned_confirmed":false,"evidence_score":0,"evidence":"","filter_reason":"anomalie_non_corroboree"}},{"type":"Feature","geometry":{"type":"Point","coordinates":[40.7435,45.71209]},"properties":{"age_h":141.7,"recency":3,"frp":4.3,"confidence":"nominal","observations":1,"passes":1,"sensor_count":1,"sensors":"NOAA-21","effis_confirmed":false,"burned_confirmed":false,"evidence_score":0,"evidence":"","filter_reason":"anomalie_non_corroboree"}},{"type":"Feature","geometry":{"type":"Point","coordinates":[41.04698,45.76866]},"properties":{"age_h":141.7,"recency":3,"frp":4.7,"confidence":"nominal","observations":1,"passes":1,"sensor_count":1,"sensors":"NOAA-21","effis_confirmed":false,"burned_confirmed":false,"evidence_score":0,"evidence":"","filter_reason":"anomalie_non_corroboree"}},{"type":"Feature","geometry":{"type":"Point","coordinates":[38.33475,45.91055]},"properties":{"age_h":141.7,"recency":3,"frp":4.0,"confidence":"nominal","observations":1,"passes":1,"sensor_count":1,"sensors":"NOAA-21","effis_confirmed":false,"burned_confirmed":false,"evidence_score":0,"evidence":"","filter_reason":"anomalie_non_corroboree"}},{"type":"Feature","geometry":{"type":"Point","coordinates":[32.36181,46.23572]},"properties":{"age_h":141.7,"recency":3,"frp":7.3,"confidence":"nominal","observations":1,"passes":1,"sensor_count":1,"sensors":"NOAA-21","effis_confirmed":false,"burned_confirmed":false,"evidence_score":0,"evidence":"","filter_reason":"anomalie_non_corroboree"}},{"type":"Feature","geometry":{"type":"Point","coordinates":[33.33953,46.87657]},"properties":{"age_h":141.7,"recency":3,"frp":9.3,"confidence":"nominal","observations":1,"passes":1,"sensor_count":1,"sensors":"NOAA-21","effis_confirmed":false,"burned_confirmed":false,"evidence_score":0,"evidence":"","filter_reason":"anomalie_non_corroboree"}},{"type":"Feature","geometry":{"type":"Point","coordinates":[33.44992,46.92243]},"properties":{"age_h":141.7,"recency":3,"frp":9.9,"confidence":"nominal","observations":4,"passes":1,"sensor_count":1,"sensors":"NOAA-21","effis_confirmed":false,"burned_confirmed":false,"evidence_score":2,"evidence":"groupe spatial","filter_reason":"anomalie_non_corroboree"}},{"type":"Feature","geometry":{"type":"Point","coordinates":[36.88799,47.27915]},"properties":{"age_h":141.7,"recency":3,"frp":2.9,"confidence":"nominal","observations":1,"passes":1,"sensor_count":1,"sensors":"NOAA-21","effis_confirmed":false,"burned_confirmed":false,"evidence_score":0,"evidence":"","filter_reason":"anomalie_non_corroboree"}},{"type":"Feature","geometry":{"type":"Point","coordinates":[35.85696,47.39584]},"properties":{"age_h":141.7,"recency":3,"frp":7.7,"confidence":"nominal","observations":1,"passes":1,"sensor_count":1,"sensors":"NOAA-21","effis_confirmed":false,"burned_confirmed":false,"evidence_score":0,"evidence":"","filter_reason":"anomalie_non_corroboree"}},{"type":"Feature","geometry":{"type":"Point","coordinates":[35.49752,47.50663]},"properties":{"age_h":141.7,"recency":3,"frp":5.2,"confidence":"nominal","observations":1,"passes":1,"sensor_count":1,"sensors":"NOAA-21","effis_confirmed":false,"burned_confirmed":false,"evidence_score":0,"evidence":"","filter_reason":"anomalie_non_corroboree"}},{"type":"Feature","geometry":{"type":"Point","coordinates":[37.11713,47.62]},"properties":{"age_h":141.7,"recency":3,"frp":5.8,"confidence":"nominal","observations":1,"passes":1,"sensor_count":1,"sensors":"NOAA-21","effis_confirmed":false,"burned_confirmed":false,"evidence_score":0,"evidence":"","filter_reason":"anomalie_non_corroboree"}},{"type":"Feature","geometry":{"type":"Point","coordinates":[34.32812,47.62939]},"properties":{"age_h":141.7,"recency":3,"frp":5.8,"confidence":"nominal","observations":1,"passes":1,"sensor_count":1,"sensors":"NOAA-21","effis_confirmed":false,"burned_confirmed":false,"evidence_score":0,"evidence":"","filter_reason":"anomalie_non_corroboree"}},{"type":"Feature","geometry":{"type":"Point","coordinates":[36.4559,47.63781]},"properties":{"age_h":141.7,"recency":3,"frp":3.0,"confidence":"nominal","observations":2,"passes":1,"sensor_count":1,"sensors":"NOAA-21","effis_confirmed":false,"burned_confirmed":false,"evidence_score":0,"evidence":"","filter_reason":"anomalie_non_corroboree"}},{"type":"Feature","geometry":{"type":"Point","coordinates":[36.31675,47.89773]},"properties":{"age_h":141.7,"recency":3,"frp":5.2,"confidence":"nominal","observations":1,"passes":1,"sensor_count":1,"sensors":"NOAA-21","effis_confirmed":false,"burned_confirmed":false,"evidence_score":0,"evidence":"","filter_reason":"anomalie_non_corroboree"}},{"type":"Feature","geometry":{"type":"Point","coordinates":[36.67861,47.9201]},"properties":{"age_h":141.7,"recency":3,"frp":7.2,"confidence":"nominal","observations":1,"passes":1,"sensor_count":1,"sensors":"NOAA-21","effis_confirmed":false,"burned_confirmed":false,"evidence_score":0,"evidence":"","filter_reason":"anomalie_non_corroboree"}},{"type":"Feature","geometry":{"type":"Point","coordinates":[36.86551,48.0817]},"properties":{"age_h":141.7,"recency":3,"frp":1.3,"confidence":"nominal","observations":1,"passes":1,"sensor_count":1,"sensors":"NOAA-21","effis_confirmed":false,"burned_confirmed":false,"evidence_score":0,"evidence":"","filter_reason":"anomalie_non_corroboree"}},{"type":"Feature","geometry":{"type":"Point","coordinates":[36.20792,48.10996]},"properties":{"age_h":141.7,"recency":3,"frp":5.0,"confidence":"nominal","observations":1,"passes":1,"sensor_count":1,"sensors":"NOAA-21","effis_confirmed":false,"burned_confirmed":false,"evidence_score":0,"evidence":"","filter_reason":"anomalie_non_corroboree"}},{"type":"Feature","geometry":{"type":"Point","coordinates":[36.89426,48.17264]},"properties":{"age_h":141.7,"recency":3,"frp":4.3,"confidence":"nominal","observations":1,"passes":1,"sensor_count":1,"sensors":"NOAA-21","effis_confirmed":false,"burned_confirmed":false,"evidence_score":0,"evidence":"","filter_reason":"anomalie_non_corroboree"}},{"type":"Feature","geometry":{"type":"Point","coordinates":[37.54021,48.27581]},"properties":{"age_h":141.7,"recency":3,"frp":3.8,"confidence":"nominal","observations":1,"passes":1,"sensor_count":1,"sensors":"NOAA-21","effis_confirmed":false,"burned_confirmed":false,"evidence_score":0,"evidence":"","filter_reason":"anomalie_non_corroboree"}},{"type":"Feature","geometry":{"type":"Point","coordinates":[36.60937,48.3017]},"properties":{"age_h":141.7,"recency":3,"frp":6.2,"confidence":"nominal","observations":2,"passes":1,"sensor_count":1,"sensors":"NOAA-21","effis_confirmed":false,"burned_confirmed":false,"evidence_score":0,"evidence":"","filter_reason":"anomalie_non_corroboree"}},{"type":"Feature","geometry":{"type":"Point","coordinates":[37.46483,48.33282]},"properties":{"age_h":141.7,"recency":3,"frp":2.4,"confidence":"nominal","observations":1,"passes":1,"sensor_count":1,"sensors":"NOAA-21","effis_confirmed":false,"burned_confirmed":false,"evidence_score":0,"evidence":"","filter_reason":"anomalie_non_corroboree"}},{"type":"Feature","geometry":{"type":"Point","coordinates":[37.45205,48.39928]},"properties":{"age_h":141.7,"recency":3,"frp":4.0,"confidence":"nominal","observations":1,"passes":1,"sensor_count":1,"sensors":"NOAA-21","effis_confirmed":false,"burned_confirmed":false,"evidence_score":0,"evidence":"","filter_reason":"anomalie_non_corroboree"}},{"type":"Feature","geometry":{"type":"Point","coordinates":[37.12666,48.41335]},"properties":{"age_h":141.7,"recency":3,"frp":3.0,"confidence":"nominal","observations":1,"passes":1,"sensor_count":1,"sensors":"NOAA-21","effis_confirmed":false,"burned_confirmed":false,"evidence_score":0,"evidence":"","filter_reason":"anomalie_non_corroboree"}},{"type":"Feature","geometry":{"type":"Point","coordinates":[37.81985,48.5697]},"properties":{"age_h":141.7,"recency":3,"frp":5.4,"confidence":"nominal","observations":1,"passes":1,"sensor_count":1,"sensors":"NOAA-21","effis_confirmed":false,"burned_confirmed":false,"evidence_score":0,"evidence":"","filter_reason":"anomalie_non_corroboree"}},{"type":"Feature","geometry":{"type":"Point","coordinates":[37.54174,48.57167]},"properties":{"age_h":141.7,"recency":3,"frp":1.9,"confidence":"nominal","observations":1,"passes":1,"sensor_count":1,"sensors":"NOAA-21","effis_confirmed":false,"burned_confirmed":false,"evidence_score":0,"evidence":"","filter_reason":"anomalie_non_corroboree"}},{"type":"Feature","geometry":{"type":"Point","coordinates":[37.72971,48.60415]},"properties":{"age_h":141.7,"recency":3,"frp":1.4,"confidence":"nominal","observations":1,"passes":1,"sensor_count":1,"sensors":"NOAA-21","effis_confirmed":false,"burned_confirmed":false,"evidence_score":0,"evidence":"","filter_reason":"anomalie_non_corroboree"}},{"type":"Feature","geometry":{"type":"Point","coordinates":[37.79287,48.65486]},"properties":{"age_h":141.7,"recency":3,"frp":3.4,"confidence":"nominal","observations":2,"passes":1,"sensor_count":1,"sensors":"NOAA-21","effis_confirmed":false,"burned_confirmed":false,"evidence_score":0,"evidence":"","filter_reason":"anomalie_non_corroboree"}},{"type":"Feature","geometry":{"type":"Point","coordinates":[37.77876,48.68742]},"properties":{"age_h":141.7,"recency":3,"frp":3.3,"confidence":"nominal","observations":1,"passes":1,"sensor_count":1,"sensors":"NOAA-21","effis_confirmed":false,"burned_confirmed":false,"evidence_score":0,"evidence":"","filter_reason":"anomalie_non_corroboree"}},{"type":"Feature","geometry":{"type":"Point","coordinates":[37.79882,48.76912]},"properties":{"age_h":141.7,"recency":3,"frp":3.1,"confidence":"nominal","observations":1,"passes":1,"sensor_count":1,"sensors":"NOAA-21","effis_confirmed":false,"burned_confirmed":false,"evidence_score":0,"evidence":"","filter_reason":"anomalie_non_corroboree"}},{"type":"Feature","geometry":{"type":"Point","coordinates":[38.16187,49.03984]},"properties":{"age_h":141.7,"recency":3,"frp":2.6,"confidence":"nominal","observations":1,"passes":1,"sensor_count":1,"sensors":"NOAA-21","effis_confirmed":false,"burned_confirmed":false,"evidence_score":0,"evidence":"","filter_reason":"anomalie_non_corroboree"}},{"type":"Feature","geometry":{"type":"Point","coordinates":[37.91215,49.22887]},"properties":{"age_h":141.7,"recency":3,"frp":2.2,"confidence":"nominal","observations":1,"passes":1,"sensor_count":1,"sensors":"NOAA-21","effis_confirmed":false,"burned_confirmed":false,"evidence_score":0,"evidence":"","filter_reason":"anomalie_non_corroboree"}},{"type":"Feature","geometry":{"type":"Point","coordinates":[38.10551,49.37414]},"properties":{"age_h":141.7,"recency":3,"frp":4.3,"confidence":"nominal","observations":1,"passes":1,"sensor_count":1,"sensors":"NOAA-21","effis_confirmed":false,"burned_confirmed":false,"evidence_score":0,"evidence":"","filter_reason":"anomalie_non_corroboree"}},{"type":"Feature","geometry":{"type":"Point","coordinates":[33.01511,49.73664]},"properties":{"age_h":141.7,"recency":3,"frp":2.0,"confidence":"nominal","observations":1,"passes":1,"sensor_count":1,"sensors":"NOAA-21","effis_confirmed":false,"burned_confirmed":false,"evidence_score":0,"evidence":"","filter_reason":"anomalie_non_corroboree"}},{"type":"Feature","geometry":{"type":"Point","coordinates":[37.36195,50.1551]},"properties":{"age_h":141.7,"recency":3,"frp":5.8,"confidence":"nominal","observations":1,"passes":1,"sensor_count":1,"sensors":"NOAA-21","effis_confirmed":false,"burned_confirmed":false,"evidence_score":0,"evidence":"","filter_reason":"anomalie_non_corroboree"}},{"type":"Feature","geometry":{"type":"Point","coordinates":[39.65441,50.42933]},"properties":{"age_h":141.7,"recency":3,"frp":2.6,"confidence":"nominal","observations":1,"passes":1,"sensor_count":1,"sensors":"NOAA-21","effis_confirmed":false,"burned_confirmed":false,"evidence_score":0,"evidence":"","filter_reason":"anomalie_non_corroboree"}},{"type":"Feature","geometry":{"type":"Point","coordinates":[38.34084,50.82929]},"properties":{"age_h":141.7,"recency":3,"frp":3.0,"confidence":"nominal","observations":1,"passes":1,"sensor_count":1,"sensors":"NOAA-21","effis_confirmed":false,"burned_confirmed":false,"evidence_score":0,"evidence":"","filter_reason":"anomalie_non_corroboree"}},{"type":"Feature","geometry":{"type":"Point","coordinates":[34.21023,51.26833]},"properties":{"age_h":141.7,"recency":3,"frp":3.4,"confidence":"nominal","observations":1,"passes":1,"sensor_count":1,"sensors":"NOAA-21","effis_confirmed":false,"burned_confirmed":false,"evidence_score":0,"evidence":"","filter_reason":"anomalie_non_corroboree"}},{"type":"Feature","geometry":{"type":"Point","coordinates":[34.061,51.62366]},"properties":{"age_h":141.7,"recency":3,"frp":10.9,"confidence":"nominal","observations":1,"passes":1,"sensor_count":1,"sensors":"NOAA-21","effis_confirmed":false,"burned_confirmed":false,"evidence_score":1,"evidence":"","filter_reason":"anomalie_non_corroboree"}},{"type":"Feature","geometry":{"type":"Point","coordinates":[36.97819,35.92258]},"properties":{"age_h":141.1,"recency":3,"frp":3.4,"confidence":"nominal","observations":1,"passes":1,"sensor_count":1,"sensors":"Suomi-NPP","effis_confirmed":false,"burned_confirmed":false,"evidence_score":0,"evidence":"","filter_reason":"anomalie_non_corroboree"}},{"type":"Feature","geometry":{"type":"Point","coordinates":[37.06179,35.95174]},"properties":{"age_h":141.1,"recency":3,"frp":7.4,"confidence":"nominal","observations":1,"passes":1,"sensor_count":1,"sensors":"Suomi-NPP","effis_confirmed":false,"burned_confirmed":false,"evidence_score":0,"evidence":"","filter_reason":"anomalie_non_corroboree"}},{"type":"Feature","geometry":{"type":"Point","coordinates":[36.21878,36.30191]},"properties":{"age_h":141.1,"recency":3,"frp":6.2,"confidence":"nominal","observations":1,"passes":1,"sensor_count":1,"sensors":"Suomi-NPP","effis_confirmed":false,"burned_confirmed":false,"evidence_score":0,"evidence":"","filter_reason":"anomalie_non_corroboree"}},{"type":"Feature","geometry":{"type":"Point","coordinates":[37.86069,36.40989]},"properties":{"age_h":141.1,"recency":3,"frp":31.1,"confidence":"nominal","observations":1,"passes":1,"sensor_count":1,"sensors":"Suomi-NPP","effis_confirmed":false,"burned_confirmed":false,"evidence_score":1,"evidence":"","filter_reason":"anomalie_non_corroboree"}},{"type":"Feature","geometry":{"type":"Point","coordinates":[38.38411,36.89385]},"properties":{"age_h":141.1,"recency":3,"frp":9.8,"confidence":"nominal","observations":1,"passes":1,"sensor_count":1,"sensors":"Suomi-NPP","effis_confirmed":false,"burned_confirmed":false,"evidence_score":0,"evidence":"","filter_reason":"anomalie_non_corroboree"}},{"type":"Feature","geometry":{"type":"Point","coordinates":[28.57049,38.66431]},"properties":{"age_h":141.1,"recency":3,"frp":2.9,"confidence":"nominal","observations":1,"passes":1,"sensor_count":1,"sensors":"Suomi-NPP","effis_confirmed":false,"burned_confirmed":false,"evidence_score":0,"evidence":"","filter_reason":"anomalie_non_corroboree"}},{"type":"Feature","geometry":{"type":"Point","coordinates":[27.54986,38.70034]},"properties":{"age_h":141.1,"recency":3,"frp":6.9,"confidence":"nominal","observations":1,"passes":1,"sensor_count":1,"sensors":"Suomi-NPP","effis_confirmed":false,"burned_confirmed":false,"evidence_score":0,"evidence":"","filter_reason":"anomalie_non_corroboree"}},{"type":"Feature","geometry":{"type":"Point","coordinates":[37.01228,39.73772]},"properties":{"age_h":141.1,"recency":3,"frp":3.2,"confidence":"nominal","observations":1,"passes":1,"sensor_count":1,"sensors":"Suomi-NPP","effis_confirmed":false,"burned_confirmed":false,"evidence_score":0,"evidence":"","filter_reason":"anomalie_non_corroboree"}},{"type":"Feature","geometry":{"type":"Point","coordinates":[34.01849,40.37737]},"properties":{"age_h":141.1,"recency":3,"frp":82.9,"confidence":"high","observations":1,"passes":1,"sensor_count":1,"sensors":"Suomi-NPP","effis_confirmed":false,"burned_confirmed":false,"evidence_score":2,"evidence":"confiance élevée","filter_reason":"anomalie_non_corroboree"}},{"type":"Feature","geometry":{"type":"Point","coordinates":[18.22401,40.08531]},"properties":{"age_h":141.1,"recency":3,"frp":5.6,"confidence":"nominal","observations":2,"passes":1,"sensor_count":1,"sensors":"Suomi-NPP","effis_confirmed":false,"burned_confirmed":false,"evidence_score":0,"evidence":"","filter_reason":"anomalie_non_corroboree"}},{"type":"Feature","geometry":{"type":"Point","coordinates":[33.18416,46.88074]},"properties":{"age_h":141.1,"recency":3,"frp":13.4,"confidence":"nominal","observations":1,"passes":1,"sensor_count":1,"sensors":"Suomi-NPP","effis_confirmed":false,"burned_confirmed":false,"evidence_score":1,"evidence":"","filter_reason":"anomalie_non_corroboree"}},{"type":"Feature","geometry":{"type":"Point","coordinates":[33.32192,46.98094]},"properties":{"age_h":141.1,"recency":3,"frp":5.4,"confidence":"nominal","observations":1,"passes":1,"sensor_count":1,"sensors":"Suomi-NPP","effis_confirmed":false,"burned_confirmed":false,"evidence_score":0,"evidence":"","filter_reason":"anomalie_non_corroboree"}},{"type":"Feature","geometry":{"type":"Point","coordinates":[35.92481,47.40962]},"properties":{"age_h":141.1,"recency":3,"frp":1.9,"confidence":"nominal","observations":1,"passes":1,"sensor_count":1,"sensors":"Suomi-NPP","effis_confirmed":false,"burned_confirmed":false,"evidence_score":0,"evidence":"","filter_reason":"anomalie_non_corroboree"}},{"type":"Feature","geometry":{"type":"Point","coordinates":[40.05833,47.43243]},"properties":{"age_h":141.1,"recency":3,"frp":3.3,"confidence":"nominal","observations":2,"passes":1,"sensor_count":1,"sensors":"Suomi-NPP","effis_confirmed":false,"burned_confirmed":false,"evidence_score":0,"evidence":"","filter_reason":"anomalie_non_corroboree"}},{"type":"Feature","geometry":{"type":"Point","coordinates":[36.09848,47.46301]},"properties":{"age_h":141.1,"recency":3,"frp":7.2,"confidence":"nominal","observations":1,"passes":1,"sensor_count":1,"sensors":"Suomi-NPP","effis_confirmed":false,"burned_confirmed":false,"evidence_score":0,"evidence":"","filter_reason":"anomalie_non_corroboree"}},{"type":"Feature","geometry":{"type":"Point","coordinates":[35.43593,47.61444]},"properties":{"age_h":141.1,"recency":3,"frp":2.9,"confidence":"nominal","observations":1,"passes":1,"sensor_count":1,"sensors":"Suomi-NPP","effis_confirmed":false,"burned_confirmed":false,"evidence_score":0,"evidence":"","filter_reason":"anomalie_non_corroboree"}},{"type":"Feature","geometry":{"type":"Point","coordinates":[36.33064,47.67092]},"properties":{"age_h":141.1,"recency":3,"frp":2.4,"confidence":"nominal","observations":1,"passes":1,"sensor_count":1,"sensors":"Suomi-NPP","effis_confirmed":false,"burned_confirmed":false,"evidence_score":0,"evidence":"","filter_reason":"anomalie_non_corroboree"}},{"type":"Feature","geometry":{"type":"Point","coordinates":[41.3085,47.71291]},"properties":{"age_h":141.1,"recency":3,"frp":2.5,"confidence":"nominal","observations":1,"passes":1,"sensor_count":1,"sensors":"Suomi-NPP","effis_confirmed":false,"burned_confirmed":false,"evidence_score":0,"evidence":"","filter_reason":"anomalie_non_corroboree"}},{"type":"Feature","geometry":{"type":"Point","coordinates":[36.41999,47.77679]},"properties":{"age_h":141.1,"recency":3,"frp":1.1,"confidence":"nominal","observations":1,"passes":1,"sensor_count":1,"sensors":"Suomi-NPP","effis_confirmed":false,"burned_confirmed":false,"evidence_score":0,"evidence":"","filter_reason":"anomalie_non_corroboree"}},{"type":"Feature","geometry":{"type":"Point","coordinates":[38.6931,47.84852]},"properties":{"age_h":141.1,"recency":3,"frp":11.2,"confidence":"nominal","observations":2,"passes":1,"sensor_count":1,"sensors":"Suomi-NPP","effis_confirmed":false,"burned_confirmed":false,"evidence_score":1,"evidence":"","filter_reason":"anomalie_non_corroboree"}},{"type":"Feature","geometry":{"type":"Point","coordinates":[36.53906,47.95135]},"properties":{"age_h":141.1,"recency":3,"frp":5.2,"confidence":"nominal","observations":1,"passes":1,"sensor_count":1,"sensors":"Suomi-NPP","effis_confirmed":false,"burned_confirmed":false,"evidence_score":0,"evidence":"","filter_reason":"anomalie_non_corroboree"}},{"type":"Feature","geometry":{"type":"Point","coordinates":[36.44646,47.95273]},"properties":{"age_h":141.1,"recency":3,"frp":7.4,"confidence":"nominal","observations":2,"passes":1,"sensor_count":1,"sensors":"Suomi-NPP","effis_confirmed":false,"burned_confirmed":false,"evidence_score":0,"evidence":"","filter_reason":"anomalie_non_corroboree"}},{"type":"Feature","geometry":{"type":"Point","coordinates":[37.1951,48.14572]},"properties":{"age_h":141.1,"recency":3,"frp":11.0,"confidence":"nominal","observations":1,"passes":1,"sensor_count":1,"sensors":"Suomi-NPP","effis_confirmed":false,"burned_confirmed":false,"evidence_score":1,"evidence":"","filter_reason":"anomalie_non_corroboree"}},{"type":"Feature","geometry":{"type":"Point","coordinates":[36.54649,48.40344]},"properties":{"age_h":141.1,"recency":3,"frp":6.5,"confidence":"nominal","observations":1,"passes":1,"sensor_count":1,"sensors":"Suomi-NPP","effis_confirmed":false,"burned_confirmed":false,"evidence_score":0,"evidence":"","filter_reason":"anomalie_non_corroboree"}},{"type":"Feature","geometry":{"type":"Point","coordinates":[37.68832,48.49906]},"properties":{"age_h":141.1,"recency":3,"frp":4.2,"confidence":"nominal","observations":1,"passes":1,"sensor_count":1,"sensors":"Suomi-NPP","effis_confirmed":false,"burned_confirmed":false,"evidence_score":0,"evidence":"","filter_reason":"anomalie_non_corroboree"}},{"type":"Feature","geometry":{"type":"Point","coordinates":[37.84719,48.5267]},"properties":{"age_h":141.1,"recency":3,"frp":9.6,"confidence":"nominal","observations":2,"passes":1,"sensor_count":1,"sensors":"Suomi-NPP","effis_confirmed":false,"burned_confirmed":false,"evidence_score":0,"evidence":"","filter_reason":"anomalie_non_corroboree"}},{"type":"Feature","geometry":{"type":"Point","coordinates":[38.45067,48.63758]},"properties":{"age_h":141.1,"recency":3,"frp":2.9,"confidence":"nominal","observations":1,"passes":1,"sensor_count":1,"sensors":"Suomi-NPP","effis_confirmed":false,"burned_confirmed":false,"evidence_score":0,"evidence":"","filter_reason":"anomalie_non_corroboree"}},{"type":"Feature","geometry":{"type":"Point","coordinates":[38.0301,49.23457]},"properties":{"age_h":141.1,"recency":3,"frp":8.2,"confidence":"nominal","observations":1,"passes":1,"sensor_count":1,"sensors":"Suomi-NPP","effis_confirmed":false,"burned_confirmed":false,"evidence_score":0,"evidence":"","filter_reason":"anomalie_non_corroboree"}},{"type":"Feature","geometry":{"type":"Point","coordinates":[38.06567,49.48351]},"properties":{"age_h":141.1,"recency":3,"frp":8.2,"confidence":"nominal","observations":1,"passes":1,"sensor_count":1,"sensors":"Suomi-NPP","effis_confirmed":false,"burned_confirmed":false,"evidence_score":0,"evidence":"","filter_reason":"anomalie_non_corroboree"}},{"type":"Feature","geometry":{"type":"Point","coordinates":[11.19667,47.68161]},"properties":{"age_h":141.1,"recency":3,"frp":7.7,"confidence":"nominal","observations":2,"passes":1,"sensor_count":1,"sensors":"Suomi-NPP","effis_confirmed":false,"burned_confirmed":false,"evidence_score":0,"evidence":"","filter_reason":"anomalie_non_corroboree"}},{"type":"Feature","geometry":{"type":"Point","coordinates":[26.87561,48.75641]},"properties":{"age_h":141.1,"recency":3,"frp":1.6,"confidence":"nominal","observations":1,"passes":1,"sensor_count":1,"sensors":"Suomi-NPP","effis_confirmed":false,"burned_confirmed":false,"evidence_score":0,"evidence":"","filter_reason":"anomalie_non_corroboree"}},{"type":"Feature","geometry":{"type":"Point","coordinates":[29.77806,48.89956]},"properties":{"age_h":141.1,"recency":3,"frp":1.8,"confidence":"nominal","observations":1,"passes":1,"sensor_count":1,"sensors":"Suomi-NPP","effis_confirmed":false,"burned_confirmed":false,"evidence_score":0,"evidence":"","filter_reason":"anomalie_non_corroboree"}},{"type":"Feature","geometry":{"type":"Point","coordinates":[20.65416,49.62629]},"properties":{"age_h":141.1,"recency":3,"frp":4.0,"confidence":"nominal","observations":1,"passes":1,"sensor_count":1,"sensors":"Suomi-NPP","effis_confirmed":false,"burned_confirmed":false,"evidence_score":0,"evidence":"","filter_reason":"anomalie_non_corroboree"}},{"type":"Feature","geometry":{"type":"Point","coordinates":[28.56483,49.76379]},"properties":{"age_h":141.1,"recency":3,"frp":2.7,"confidence":"nominal","observations":1,"passes":1,"sensor_count":1,"sensors":"Suomi-NPP","effis_confirmed":false,"burned_confirmed":false,"evidence_score":0,"evidence":"","filter_reason":"anomalie_non_corroboree"}},{"type":"Feature","geometry":{"type":"Point","coordinates":[29.62522,50.09848]},"properties":{"age_h":141.1,"recency":3,"frp":4.5,"confidence":"nominal","observations":1,"passes":1,"sensor_count":1,"sensors":"Suomi-NPP","effis_confirmed":false,"burned_confirmed":false,"evidence_score":0,"evidence":"","filter_reason":"anomalie_non_corroboree"}},{"type":"Feature","geometry":{"type":"Point","coordinates":[33.2743,50.28838]},"properties":{"age_h":141.1,"recency":3,"frp":3.5,"confidence":"nominal","observations":2,"passes":1,"sensor_count":1,"sensors":"Suomi-NPP","effis_confirmed":false,"burned_confirmed":false,"evidence_score":0,"evidence":"","filter_reason":"anomalie_non_corroboree"}},{"type":"Feature","geometry":{"type":"Point","coordinates":[36.30553,50.35625]},"properties":{"age_h":141.1,"recency":3,"frp":1.9,"confidence":"nominal","observations":1,"passes":1,"sensor_count":1,"sensors":"Suomi-NPP","effis_confirmed":false,"burned_confirmed":false,"evidence_score":0,"evidence":"","filter_reason":"anomalie_non_corroboree"}},{"type":"Feature","geometry":{"type":"Point","coordinates":[36.59867,47.85592]},"properties":{"age_h":140.8,"recency":3,"frp":4.3,"confidence":"nominal","observations":4,"passes":2,"sensor_count":1,"sensors":"NOAA-20","effis_confirmed":false,"burned_confirmed":false,"evidence_score":4,"evidence":"passages répétés, groupe spatial","filter_reason":"anomalie_non_corroboree"}},{"type":"Feature","geometry":{"type":"Point","coordinates":[36.26761,35.39029]},"properties":{"age_h":140.8,"recency":3,"frp":3.8,"confidence":"nominal","observations":1,"passes":1,"sensor_count":1,"sensors":"NOAA-20","effis_confirmed":false,"burned_confirmed":false,"evidence_score":0,"evidence":"","filter_reason":"anomalie_non_corroboree"}},{"type":"Feature","geometry":{"type":"Point","coordinates":[37.98463,36.01461]},"properties":{"age_h":140.8,"recency":3,"frp":33.6,"confidence":"nominal","observations":3,"passes":1,"sensor_count":1,"sensors":"NOAA-20","effis_confirmed":false,"burned_confirmed":false,"evidence_score":3,"evidence":"groupe spatial","filter_reason":"anomalie_non_corroboree"}},{"type":"Feature","geometry":{"type":"Point","coordinates":[36.60705,36.16522]},"properties":{"age_h":140.8,"recency":3,"frp":5.5,"confidence":"nominal","observations":2,"passes":1,"sensor_count":1,"sensors":"NOAA-20","effis_confirmed":false,"burned_confirmed":false,"evidence_score":0,"evidence":"","filter_reason":"anomalie_non_corroboree"}},{"type":"Feature","geometry":{"type":"Point","coordinates":[41.78431,36.19816]},"properties":{"age_h":140.8,"recency":3,"frp":5.3,"confidence":"nominal","observations":1,"passes":1,"sensor_count":1,"sensors":"NOAA-20","effis_confirmed":false,"burned_confirmed":false,"evidence_score":0,"evidence":"","filter_reason":"anomalie_non_corroboree"}},{"type":"Feature","geometry":{"type":"Point","coordinates":[39.25493,36.39483]},"properties":{"age_h":140.8,"recency":3,"frp":16.6,"confidence":"nominal","observations":1,"passes":1,"sensor_count":1,"sensors":"NOAA-20","effis_confirmed":false,"burned_confirmed":false,"evidence_score":1,"evidence":"","filter_reason":"anomalie_non_corroboree"}},{"type":"Feature","geometry":{"type":"Point","coordinates":[37.21656,36.64465]},"properties":{"age_h":140.8,"recency":3,"frp":15.3,"confidence":"nominal","observations":1,"passes":1,"sensor_count":1,"sensors":"NOAA-20","effis_confirmed":false,"burned_confirmed":false,"evidence_score":1,"evidence":"","filter_reason":"anomalie_non_corroboree"}},{"type":"Feature","geometry":{"type":"Point","coordinates":[40.07239,36.70183]},"properties":{"age_h":140.8,"recency":3,"frp":11.3,"confidence":"high","observations":2,"passes":1,"sensor_count":1,"sensors":"NOAA-20","effis_confirmed":false,"burned_confirmed":false,"evidence_score":2,"evidence":"confiance élevée","filter_reason":"anomalie_non_corroboree"}},{"type":"Feature","geometry":{"type":"Point","coordinates":[40.49787,37.02248]},"properties":{"age_h":140.8,"recency":3,"frp":32.5,"confidence":"high","observations":1,"passes":1,"sensor_count":1,"sensors":"NOAA-20","effis_confirmed":false,"burned_confirmed":false,"evidence_score":2,"evidence":"confiance élevée","filter_reason":"anomalie_non_corroboree"}},{"type":"Feature","geometry":{"type":"Point","coordinates":[37.47238,37.10047]},"properties":{"age_h":140.8,"recency":3,"frp":12.4,"confidence":"nominal","observations":1,"passes":1,"sensor_count":1,"sensors":"NOAA-20","effis_confirmed":false,"burned_confirmed":false,"evidence_score":1,"evidence":"","filter_reason":"anomalie_non_corroboree"}},{"type":"Feature","geometry":{"type":"Point","coordinates":[35.75718,37.46288]},"properties":{"age_h":140.8,"recency":3,"frp":3.9,"confidence":"nominal","observations":1,"passes":1,"sensor_count":1,"sensors":"NOAA-20","effis_confirmed":false,"burned_confirmed":false,"evidence_score":0,"evidence":"","filter_reason":"anomalie_non_corroboree"}},{"type":"Feature","geometry":{"type":"Point","coordinates":[36.90565,37.56046]},"properties":{"age_h":140.8,"recency":3,"frp":15.3,"confidence":"nominal","observations":2,"passes":1,"sensor_count":1,"sensors":"NOAA-20","effis_confirmed":false,"burned_confirmed":false,"evidence_score":1,"evidence":"","filter_reason":"anomalie_non_corroboree"}},{"type":"Feature","geometry":{"type":"Point","coordinates":[39.22709,37.83424]},"properties":{"age_h":140.8,"recency":3,"frp":14.7,"confidence":"high","observations":1,"passes":1,"sensor_count":1,"sensors":"NOAA-20","effis_confirmed":false,"burned_confirmed":false,"evidence_score":2,"evidence":"confiance élevée","filter_reason":"anomalie_non_corroboree"}},{"type":"Feature","geometry":{"type":"Point","coordinates":[15.04031,36.73234]},"properties":{"age_h":140.8,"recency":3,"frp":8.5,"confidence":"nominal","observations":1,"passes":1,"sensor_count":1,"sensors":"NOAA-20","effis_confirmed":false,"burned_confirmed":false,"evidence_score":0,"evidence":"","filter_reason":"anomalie_non_corroboree"}},{"type":"Feature","geometry":{"type":"Point","coordinates":[13.68608,37.26065]},"properties":{"age_h":140.8,"recency":3,"frp":6.8,"confidence":"nominal","observations":1,"passes":1,"sensor_count":1,"sensors":"NOAA-20","effis_confirmed":false,"burned_confirmed":false,"evidence_score":0,"evidence":"","filter_reason":"anomalie_non_corroboree"}},{"type":"Feature","geometry":{"type":"Point","coordinates":[14.67812,37.32401]},"properties":{"age_h":140.8,"recency":3,"frp":13.9,"confidence":"high","observations":2,"passes":1,"sensor_count":1,"sensors":"NOAA-20","effis_confirmed":false,"burned_confirmed":false,"evidence_score":2,"evidence":"confiance élevée","filter_reason":"anomalie_non_corroboree"}},{"type":"Feature","geometry":{"type":"Point","coordinates":[15.04082,37.42078]},"properties":{"age_h":140.8,"recency":3,"frp":3.2,"confidence":"nominal","observations":1,"passes":1,"sensor_count":1,"sensors":"NOAA-20","effis_confirmed":false,"burned_confirmed":false,"evidence_score":0,"evidence":"","filter_reason":"anomalie_non_corroboree"}},{"type":"Feature","geometry":{"type":"Point","coordinates":[14.74735,37.4306]},"properties":{"age_h":140.8,"recency":3,"frp":4.6,"confidence":"nominal","observations":1,"passes":1,"sensor_count":1,"sensors":"NOAA-20","effis_confirmed":false,"burned_confirmed":false,"evidence_score":0,"evidence":"","filter_reason":"anomalie_non_corroboree"}},{"type":"Feature","geometry":{"type":"Point","coordinates":[14.67985,37.43703]},"properties":{"age_h":140.8,"recency":3,"frp":5.1,"confidence":"nominal","observations":1,"passes":1,"sensor_count":1,"sensors":"NOAA-20","effis_confirmed":false,"burned_confirmed":false,"evidence_score":0,"evidence":"","filter_reason":"anomalie_non_corroboree"}},{"type":"Feature","geometry":{"type":"Point","coordinates":[14.71615,37.47669]},"properties":{"age_h":140.8,"recency":3,"frp":8.1,"confidence":"nominal","observations":2,"passes":1,"sensor_count":1,"sensors":"NOAA-20","effis_confirmed":false,"burned_confirmed":false,"evidence_score":0,"evidence":"","filter_reason":"anomalie_non_corroboree"}},{"type":"Feature","geometry":{"type":"Point","coordinates":[14.87173,37.52358]},"properties":{"age_h":140.8,"recency":3,"frp":7.2,"confidence":"nominal","observations":2,"passes":1,"sensor_count":1,"sensors":"NOAA-20","effis_confirmed":false,"burned_confirmed":false,"evidence_score":0,"evidence":"","filter_reason":"anomalie_non_corroboree"}},{"type":"Feature","geometry":{"type":"Point","coordinates":[15.00273,37.59109]},"properties":{"age_h":140.8,"recency":3,"frp":4.0,"confidence":"nominal","observations":1,"passes":1,"sensor_count":1,"sensors":"NOAA-20","effis_confirmed":false,"burned_confirmed":false,"evidence_score":0,"evidence":"","filter_reason":"anomalie_non_corroboree"}},{"type":"Feature","geometry":{"type":"Point","coordinates":[23.85536,38.15875]},"properties":{"age_h":140.8,"recency":3,"frp":9.1,"confidence":"nominal","observations":1,"passes":1,"sensor_count":1,"sensors":"NOAA-20","effis_confirmed":false,"burned_confirmed":false,"evidence_score":0,"evidence":"","filter_reason":"anomalie_non_corroboree"}},{"type":"Feature","geometry":{"type":"Point","coordinates":[16.2973,38.95318]},"properties":{"age_h":140.8,"recency":3,"frp":2.9,"confidence":"nominal","observations":1,"passes":1,"sensor_count":1,"sensors":"NOAA-20","effis_confirmed":false,"burned_confirmed":false,"evidence_score":0,"evidence":"","filter_reason":"anomalie_non_corroboree"}},{"type":"Feature","geometry":{"type":"Point","coordinates":[34.45488,39.64216]},"properties":{"age_h":140.8,"recency":3,"frp":46.8,"confidence":"high","observations":2,"passes":1,"sensor_count":1,"sensors":"NOAA-20","effis_confirmed":false,"burned_confirmed":false,"evidence_score":2,"evidence":"confiance élevée","filter_reason":"anomalie_non_corroboree"}},{"type":"Feature","geometry":{"type":"Point","coordinates":[38.35879,40.11215]},"properties":{"age_h":140.8,"recency":3,"frp":9.0,"confidence":"nominal","observations":2,"passes":1,"sensor_count":1,"sensors":"NOAA-20","effis_confirmed":false,"burned_confirmed":false,"evidence_score":0,"evidence":"","filter_reason":"anomalie_non_corroboree"}},{"type":"Feature","geometry":{"type":"Point","coordinates":[17.29438,40.54809]},"properties":{"age_h":140.8,"recency":3,"frp":4.1,"confidence":"nominal","observations":1,"passes":1,"sensor_count":1,"sensors":"NOAA-20","effis_confirmed":false,"burned_confirmed":false,"evidence_score":0,"evidence":"","filter_reason":"anomalie_non_corroboree"}},{"type":"Feature","geometry":{"type":"Point","coordinates":[35.28835,40.80328]},"properties":{"age_h":140.8,"recency":3,"frp":10.7,"confidence":"nominal","observations":1,"passes":1,"sensor_count":1,"sensors":"NOAA-20","effis_confirmed":false,"burned_confirmed":false,"evidence_score":1,"evidence":"","filter_reason":"anomalie_non_corroboree"}},{"type":"Feature","geometry":{"type":"Point","coordinates":[19.97356,40.93184]},"properties":{"age_h":140.8,"recency":3,"frp":3.1,"confidence":"nominal","observations":1,"passes":1,"sensor_count":1,"sensors":"NOAA-20","effis_confirmed":false,"burned_confirmed":false,"evidence_score":0,"evidence":"","filter_reason":"anomalie_non_corroboree"}},{"type":"Feature","geometry":{"type":"Point","coordinates":[16.79879,40.96917]},"properties":{"age_h":140.8,"recency":3,"frp":5.0,"confidence":"nominal","observations":1,"passes":1,"sensor_count":1,"sensors":"NOAA-20","effis_confirmed":false,"burned_confirmed":false,"evidence_score":0,"evidence":"","filter_reason":"anomalie_non_corroboree"}},{"type":"Feature","geometry":{"type":"Point","coordinates":[14.16204,40.99261]},"properties":{"age_h":140.8,"recency":3,"frp":2.8,"confidence":"nominal","observations":1,"passes":1,"sensor_count":1,"sensors":"NOAA-20","effis_confirmed":false,"burned_confirmed":false,"evidence_score":0,"evidence":"","filter_reason":"anomalie_non_corroboree"}},{"type":"Feature","geometry":{"type":"Point","coordinates":[34.89904,40.99405]},"properties":{"age_h":140.8,"recency":3,"frp":4.9,"confidence":"nominal","observations":1,"passes":1,"sensor_count":1,"sensors":"NOAA-20","effis_confirmed":false,"burned_confirmed":false,"evidence_score":0,"evidence":"","filter_reason":"anomalie_non_corroboree"}},{"type":"Feature","geometry":{"type":"Point","coordinates":[15.30383,41.80879]},"properties":{"age_h":140.8,"recency":3,"frp":1.9,"confidence":"nominal","observations":1,"passes":1,"sensor_count":1,"sensors":"NOAA-20","effis_confirmed":false,"burned_confirmed":false,"evidence_score":0,"evidence":"","filter_reason":"anomalie_non_corroboree"}},{"type":"Feature","geometry":{"type":"Point","coordinates":[26.9658,42.24366]},"properties":{"age_h":140.8,"recency":3,"frp":8.1,"confidence":"nominal","observations":1,"passes":1,"sensor_count":1,"sensors":"NOAA-20","effis_confirmed":false,"burned_confirmed":false,"evidence_score":0,"evidence":"","filter_reason":"anomalie_non_corroboree"}},{"type":"Feature","geometry":{"type":"Point","coordinates":[27.00921,42.63622]},"properties":{"age_h":140.8,"recency":3,"frp":1.6,"confidence":"nominal","observations":1,"passes":1,"sensor_count":1,"sensors":"NOAA-20","effis_confirmed":false,"burned_confirmed":false,"evidence_score":0,"evidence":"","filter_reason":"anomalie_non_corroboree"}},{"type":"Feature","geometry":{"type":"Point","coordinates":[20.58378,44.71221]},"properties":{"age_h":140.8,"recency":3,"frp":3.2,"confidence":"nominal","observations":1,"passes":1,"sensor_count":1,"sensors":"NOAA-20","effis_confirmed":false,"burned_confirmed":false,"evidence_score":0,"evidence":"","filter_reason":"anomalie_non_corroboree"}},{"type":"Feature","geometry":{"type":"Point","coordinates":[18.19235,45.10891]},"properties":{"age_h":140.8,"recency":3,"frp":7.0,"confidence":"nominal","observations":1,"passes":1,"sensor_count":1,"sensors":"NOAA-20","effis_confirmed":false,"burned_confirmed":false,"evidence_score":0,"evidence":"","filter_reason":"anomalie_non_corroboree"}},{"type":"Feature","geometry":{"type":"Point","coordinates":[21.20708,45.18198]},"properties":{"age_h":140.8,"recency":3,"frp":3.0,"confidence":"nominal","observations":1,"passes":1,"sensor_count":1,"sensors":"NOAA-20","effis_confirmed":false,"burned_confirmed":false,"evidence_score":0,"evidence":"","filter_reason":"anomalie_non_corroboree"}},{"type":"Feature","geometry":{"type":"Point","coordinates":[32.87006,46.55996]},"properties":{"age_h":140.8,"recency":3,"frp":4.2,"confidence":"nominal","observations":1,"passes":1,"sensor_count":1,"sensors":"NOAA-20","effis_confirmed":false,"burned_confirmed":false,"evidence_score":0,"evidence":"","filter_reason":"anomalie_non_corroboree"}},{"type":"Feature","geometry":{"type":"Point","coordinates":[35.87344,46.71216]},"properties":{"age_h":140.8,"recency":3,"frp":23.4,"confidence":"nominal","observations":3,"passes":1,"sensor_count":1,"sensors":"NOAA-20","effis_confirmed":false,"burned_confirmed":false,"evidence_score":3,"evidence":"groupe spatial","filter_reason":"anomalie_non_corroboree"}},{"type":"Feature","geometry":{"type":"Point","coordinates":[36.45392,46.89281]},"properties":{"age_h":140.8,"recency":3,"frp":29.2,"confidence":"nominal","observations":1,"passes":1,"sensor_count":1,"sensors":"NOAA-20","effis_confirmed":false,"burned_confirmed":false,"evidence_score":1,"evidence":"","filter_reason":"anomalie_non_corroboree"}},{"type":"Feature","geometry":{"type":"Point","coordinates":[35.27641,47.42295]},"properties":{"age_h":140.8,"recency":3,"frp":3.1,"confidence":"nominal","observations":2,"passes":1,"sensor_count":1,"sensors":"NOAA-20","effis_confirmed":false,"burned_confirmed":false,"evidence_score":0,"evidence":"","filter_reason":"anomalie_non_corroboree"}},{"type":"Feature","geometry":{"type":"Point","coordinates":[36.38508,47.45101]},"properties":{"age_h":140.8,"recency":3,"frp":6.9,"confidence":"nominal","observations":1,"passes":1,"sensor_count":1,"sensors":"NOAA-20","effis_confirmed":false,"burned_confirmed":false,"evidence_score":0,"evidence":"","filter_reason":"anomalie_non_corroboree"}},{"type":"Feature","geometry":{"type":"Point","coordinates":[36.23404,47.55281]},"properties":{"age_h":140.8,"recency":3,"frp":11.5,"confidence":"nominal","observations":2,"passes":1,"sensor_count":1,"sensors":"NOAA-20","effis_confirmed":false,"burned_confirmed":false,"evidence_score":1,"evidence":"","filter_reason":"anomalie_non_corroboree"}},{"type":"Feature","geometry":{"type":"Point","coordinates":[35.54097,47.58288]},"properties":{"age_h":140.8,"recency":3,"frp":12.6,"confidence":"nominal","observations":1,"passes":1,"sensor_count":1,"sensors":"NOAA-20","effis_confirmed":false,"burned_confirmed":false,"evidence_score":1,"evidence":"","filter_reason":"anomalie_non_corroboree"}},{"type":"Feature","geometry":{"type":"Point","coordinates":[35.10146,47.6787]},"properties":{"age_h":140.8,"recency":3,"frp":8.9,"confidence":"nominal","observations":1,"passes":1,"sensor_count":1,"sensors":"NOAA-20","effis_confirmed":false,"burned_confirmed":false,"evidence_score":0,"evidence":"","filter_reason":"anomalie_non_corroboree"}},{"type":"Feature","geometry":{"type":"Point","coordinates":[35.16103,47.69651]},"properties":{"age_h":140.8,"recency":3,"frp":13.6,"confidence":"nominal","observations":1,"passes":1,"sensor_count":1,"sensors":"NOAA-20","effis_confirmed":false,"burned_confirmed":false,"evidence_score":1,"evidence":"","filter_reason":"anomalie_non_corroboree"}},{"type":"Feature","geometry":{"type":"Point","coordinates":[18.15725,47.75066]},"properties":{"age_h":140.8,"recency":3,"frp":19.9,"confidence":"nominal","observations":2,"passes":1,"sensor_count":1,"sensors":"NOAA-20","effis_confirmed":false,"burned_confirmed":false,"evidence_score":1,"evidence":"","filter_reason":"anomalie_non_corroboree"}},{"type":"Feature","geometry":{"type":"Point","coordinates":[33.45145,47.85775]},"properties":{"age_h":140.8,"recency":3,"frp":7.1,"confidence":"nominal","observations":1,"passes":1,"sensor_count":1,"sensors":"NOAA-20","effis_confirmed":false,"burned_confirmed":false,"evidence_score":0,"evidence":"","filter_reason":"anomalie_non_corroboree"}},{"type":"Feature","geometry":{"type":"Point","coordinates":[36.64201,47.9885]},"properties":{"age_h":140.8,"recency":3,"frp":8.5,"confidence":"nominal","observations":1,"passes":1,"sensor_count":1,"sensors":"NOAA-20","effis_confirmed":false,"burned_confirmed":false,"evidence_score":0,"evidence":"","filter_reason":"anomalie_non_corroboree"}},{"type":"Feature","geometry":{"type":"Point","coordinates":[36.7786,48.02557]},"properties":{"age_h":140.8,"recency":3,"frp":5.0,"confidence":"nominal","observations":1,"passes":1,"sensor_count":1,"sensors":"NOAA-20","effis_confirmed":false,"burned_confirmed":false,"evidence_score":0,"evidence":"","filter_reason":"anomalie_non_corroboree"}},{"type":"Feature","geometry":{"type":"Point","coordinates":[36.94398,48.03951]},"properties":{"age_h":140.8,"recency":3,"frp":4.2,"confidence":"nominal","observations":1,"passes":1,"sensor_count":1,"sensors":"NOAA-20","effis_confirmed":false,"burned_confirmed":false,"evidence_score":0,"evidence":"","filter_reason":"anomalie_non_corroboree"}},{"type":"Feature","geometry":{"type":"Point","coordinates":[37.68142,48.08249]},"properties":{"age_h":140.8,"recency":3,"frp":3.3,"confidence":"nominal","observations":1,"passes":1,"sensor_count":1,"sensors":"NOAA-20","effis_confirmed":false,"burned_confirmed":false,"evidence_score":0,"evidence":"","filter_reason":"anomalie_non_corroboree"}},{"type":"Feature","geometry":{"type":"Point","coordinates":[36.83318,48.13387]},"properties":{"age_h":140.8,"recency":3,"frp":4.0,"confidence":"nominal","observations":1,"passes":1,"sensor_count":1,"sensors":"NOAA-20","effis_confirmed":false,"burned_confirmed":false,"evidence_score":0,"evidence":"","filter_reason":"anomalie_non_corroboree"}},{"type":"Feature","geometry":{"type":"Point","coordinates":[37.85123,48.32042]},"properties":{"age_h":140.8,"recency":3,"frp":1.2,"confidence":"nominal","observations":1,"passes":1,"sensor_count":1,"sensors":"NOAA-20","effis_confirmed":false,"burned_confirmed":false,"evidence_score":0,"evidence":"","filter_reason":"anomalie_non_corroboree"}},{"type":"Feature","geometry":{"type":"Point","coordinates":[37.78969,48.38055]},"properties":{"age_h":140.8,"recency":3,"frp":3.4,"confidence":"nominal","observations":1,"passes":1,"sensor_count":1,"sensors":"NOAA-20","effis_confirmed":false,"burned_confirmed":false,"evidence_score":0,"evidence":"","filter_reason":"anomalie_non_corroboree"}},{"type":"Feature","geometry":{"type":"Point","coordinates":[37.62025,48.38856]},"properties":{"age_h":140.8,"recency":3,"frp":1.5,"confidence":"nominal","observations":1,"passes":1,"sensor_count":1,"sensors":"NOAA-20","effis_confirmed":false,"burned_confirmed":false,"evidence_score":0,"evidence":"","filter_reason":"anomalie_non_corroboree"}},{"type":"Feature","geometry":{"type":"Point","coordinates":[37.10627,48.47943]},"properties":{"age_h":140.8,"recency":3,"frp":5.1,"confidence":"nominal","observations":1,"passes":1,"sensor_count":1,"sensors":"NOAA-20","effis_confirmed":false,"burned_confirmed":false,"evidence_score":0,"evidence":"","filter_reason":"anomalie_non_corroboree"}},{"type":"Feature","geometry":{"type":"Point","coordinates":[37.41478,48.55862]},"properties":{"age_h":140.8,"recency":3,"frp":6.0,"confidence":"nominal","observations":1,"passes":1,"sensor_count":1,"sensors":"NOAA-20","effis_confirmed":false,"burned_confirmed":false,"evidence_score":0,"evidence":"","filter_reason":"anomalie_non_corroboree"}},{"type":"Feature","geometry":{"type":"Point","coordinates":[37.80241,48.55993]},"properties":{"age_h":140.8,"recency":3,"frp":1.4,"confidence":"nominal","observations":1,"passes":1,"sensor_count":1,"sensors":"NOAA-20","effis_confirmed":false,"burned_confirmed":false,"evidence_score":0,"evidence":"","filter_reason":"anomalie_non_corroboree"}},{"type":"Feature","geometry":{"type":"Point","coordinates":[37.65164,48.61072]},"properties":{"age_h":140.8,"recency":3,"frp":1.3,"confidence":"nominal","observations":1,"passes":1,"sensor_count":1,"sensors":"NOAA-20","effis_confirmed":false,"burned_confirmed":false,"evidence_score":0,"evidence":"","filter_reason":"anomalie_non_corroboree"}},{"type":"Feature","geometry":{"type":"Point","coordinates":[37.90247,48.72676]},"properties":{"age_h":140.8,"recency":3,"frp":2.6,"confidence":"nominal","observations":2,"passes":1,"sensor_count":1,"sensors":"NOAA-20","effis_confirmed":false,"burned_confirmed":false,"evidence_score":0,"evidence":"","filter_reason":"anomalie_non_corroboree"}},{"type":"Feature","geometry":{"type":"Point","coordinates":[38.03976,48.94285]},"properties":{"age_h":140.8,"recency":3,"frp":1.8,"confidence":"nominal","observations":1,"passes":1,"sensor_count":1,"sensors":"NOAA-20","effis_confirmed":false,"burned_confirmed":false,"evidence_score":0,"evidence":"","filter_reason":"anomalie_non_corroboree"}},{"type":"Feature","geometry":{"type":"Point","coordinates":[37.85077,48.96104]},"properties":{"age_h":140.8,"recency":3,"frp":4.2,"confidence":"nominal","observations":1,"passes":1,"sensor_count":1,"sensors":"NOAA-20","effis_confirmed":false,"burned_confirmed":false,"evidence_score":0,"evidence":"","filter_reason":"anomalie_non_corroboree"}},{"type":"Feature","geometry":{"type":"Point","coordinates":[38.04284,49.08928]},"properties":{"age_h":140.8,"recency":3,"frp":7.8,"confidence":"high","observations":1,"passes":1,"sensor_count":1,"sensors":"NOAA-20","effis_confirmed":false,"burned_confirmed":false,"evidence_score":1,"evidence":"confiance élevée","filter_reason":"anomalie_non_corroboree"}},{"type":"Feature","geometry":{"type":"Point","coordinates":[37.82758,49.15437]},"properties":{"age_h":140.8,"recency":3,"frp":3.0,"confidence":"nominal","observations":1,"passes":1,"sensor_count":1,"sensors":"NOAA-20","effis_confirmed":false,"burned_confirmed":false,"evidence_score":0,"evidence":"","filter_reason":"anomalie_non_corroboree"}},{"type":"Feature","geometry":{"type":"Point","coordinates":[38.12755,49.15636]},"properties":{"age_h":140.8,"recency":3,"frp":2.2,"confidence":"nominal","observations":1,"passes":1,"sensor_count":1,"sensors":"NOAA-20","effis_confirmed":false,"burned_confirmed":false,"evidence_score":0,"evidence":"","filter_reason":"anomalie_non_corroboree"}},{"type":"Feature","geometry":{"type":"Point","coordinates":[25.09383,49.22642]},"properties":{"age_h":140.8,"recency":3,"frp":3.3,"confidence":"nominal","observations":1,"passes":1,"sensor_count":1,"sensors":"NOAA-20","effis_confirmed":false,"burned_confirmed":false,"evidence_score":0,"evidence":"","filter_reason":"anomalie_non_corroboree"}},{"type":"Feature","geometry":{"type":"Point","coordinates":[38.13609,49.2972]},"properties":{"age_h":140.8,"recency":3,"frp":5.2,"confidence":"nominal","observations":1,"passes":1,"sensor_count":1,"sensors":"NOAA-20","effis_confirmed":false,"burned_confirmed":false,"evidence_score":0,"evidence":"","filter_reason":"anomalie_non_corroboree"}},{"type":"Feature","geometry":{"type":"Point","coordinates":[32.02073,49.37558]},"properties":{"age_h":140.8,"recency":3,"frp":2.5,"confidence":"nominal","observations":1,"passes":1,"sensor_count":1,"sensors":"NOAA-20","effis_confirmed":false,"burned_confirmed":false,"evidence_score":0,"evidence":"","filter_reason":"anomalie_non_corroboree"}},{"type":"Feature","geometry":{"type":"Point","coordinates":[4.92308,48.40188]},"properties":{"age_h":140.7,"recency":3,"frp":42.3,"confidence":"nominal","observations":1,"passes":1,"sensor_count":1,"sensors":"NOAA-20","effis_confirmed":false,"burned_confirmed":false,"evidence_score":1,"evidence":"","filter_reason":"anomalie_non_corroboree"}},{"type":"Feature","geometry":{"type":"Point","coordinates":[5.85815,34.16763]},"properties":{"age_h":140.1,"recency":3,"frp":14.7,"confidence":"nominal","observations":1,"passes":1,"sensor_count":1,"sensors":"NOAA-21","effis_confirmed":false,"burned_confirmed":false,"evidence_score":1,"evidence":"","filter_reason":"anomalie_non_corroboree"}},{"type":"Feature","geometry":{"type":"Point","coordinates":[31.08239,36.89013]},"properties":{"age_h":140.1,"recency":3,"frp":2.3,"confidence":"nominal","observations":1,"passes":1,"sensor_count":1,"sensors":"NOAA-21","effis_confirmed":false,"burned_confirmed":false,"evidence_score":0,"evidence":"","filter_reason":"anomalie_non_corroboree"}},{"type":"Feature","geometry":{"type":"Point","coordinates":[30.01496,37.90337]},"properties":{"age_h":140.1,"recency":3,"frp":5.8,"confidence":"nominal","observations":2,"passes":1,"sensor_count":1,"sensors":"NOAA-21","effis_confirmed":false,"burned_confirmed":false,"evidence_score":0,"evidence":"","filter_reason":"anomalie_non_corroboree"}},{"type":"Feature","geometry":{"type":"Point","coordinates":[9.87882,36.84346]},"properties":{"age_h":140.0,"recency":3,"frp":18.7,"confidence":"nominal","observations":1,"passes":1,"sensor_count":1,"sensors":"NOAA-21","effis_confirmed":false,"burned_confirmed":false,"evidence_score":1,"evidence":"","filter_reason":"anomalie_non_corroboree"}},{"type":"Feature","geometry":{"type":"Point","coordinates":[10.27882,36.86872]},"properties":{"age_h":140.0,"recency":3,"frp":3.7,"confidence":"nominal","observations":1,"passes":1,"sensor_count":1,"sensors":"NOAA-21","effis_confirmed":false,"burned_confirmed":false,"evidence_score":0,"evidence":"","filter_reason":"anomalie_non_corroboree"}},{"type":"Feature","geometry":{"type":"Point","coordinates":[28.03698,38.54312]},"properties":{"age_h":140.0,"recency":3,"frp":3.9,"confidence":"nominal","observations":1,"passes":1,"sensor_count":1,"sensors":"NOAA-21","effis_confirmed":false,"burned_confirmed":false,"evidence_score":0,"evidence":"","filter_reason":"anomalie_non_corroboree"}},{"type":"Feature","geometry":{"type":"Point","coordinates":[18.18675,39.93159]},"properties":{"age_h":140.0,"recency":3,"frp":4.2,"confidence":"nominal","observations":1,"passes":1,"sensor_count":1,"sensors":"NOAA-21","effis_confirmed":false,"burned_confirmed":false,"evidence_score":0,"evidence":"","filter_reason":"anomalie_non_corroboree"}},{"type":"Feature","geometry":{"type":"Point","coordinates":[18.0788,39.95943]},"properties":{"age_h":140.0,"recency":3,"frp":3.3,"confidence":"nominal","observations":1,"passes":1,"sensor_count":1,"sensors":"NOAA-21","effis_confirmed":false,"burned_confirmed":false,"evidence_score":0,"evidence":"","filter_reason":"anomalie_non_corroboree"}},{"type":"Feature","geometry":{"type":"Point","coordinates":[28.03774,40.09432]},"properties":{"age_h":140.0,"recency":3,"frp":8.5,"confidence":"nominal","observations":1,"passes":1,"sensor_count":1,"sensors":"NOAA-21","effis_confirmed":false,"burned_confirmed":false,"evidence_score":0,"evidence":"","filter_reason":"anomalie_non_corroboree"}},{"type":"Feature","geometry":{"type":"Point","coordinates":[19.98045,40.3587]},"properties":{"age_h":140.0,"recency":3,"frp":8.1,"confidence":"nominal","observations":1,"passes":1,"sensor_count":1,"sensors":"NOAA-21","effis_confirmed":false,"burned_confirmed":false,"evidence_score":0,"evidence":"","filter_reason":"anomalie_non_corroboree"}},{"type":"Feature","geometry":{"type":"Point","coordinates":[28.44843,41.10842]},"properties":{"age_h":140.0,"recency":3,"frp":2.0,"confidence":"nominal","observations":1,"passes":1,"sensor_count":1,"sensors":"NOAA-21","effis_confirmed":false,"burned_confirmed":false,"evidence_score":0,"evidence":"","filter_reason":"anomalie_non_corroboree"}},{"type":"Feature","geometry":{"type":"Point","coordinates":[15.70168,41.25476]},"properties":{"age_h":140.0,"recency":3,"frp":18.7,"confidence":"nominal","observations":2,"passes":1,"sensor_count":1,"sensors":"NOAA-21","effis_confirmed":false,"burned_confirmed":false,"evidence_score":1,"evidence":"","filter_reason":"anomalie_non_corroboree"}},{"type":"Feature","geometry":{"type":"Point","coordinates":[15.68141,41.43227]},"properties":{"age_h":140.0,"recency":3,"frp":3.8,"confidence":"nominal","observations":2,"passes":1,"sensor_count":1,"sensors":"NOAA-21","effis_confirmed":false,"burned_confirmed":false,"evidence_score":0,"evidence":"","filter_reason":"anomalie_non_corroboree"}},{"type":"Feature","geometry":{"type":"Point","coordinates":[15.6086,41.54133]},"properties":{"age_h":140.0,"recency":3,"frp":3.2,"confidence":"nominal","observations":1,"passes":1,"sensor_count":1,"sensors":"NOAA-21","effis_confirmed":false,"burned_confirmed":false,"evidence_score":0,"evidence":"","filter_reason":"anomalie_non_corroboree"}},{"type":"Feature","geometry":{"type":"Point","coordinates":[-0.73529,44.66666]},"properties":{"age_h":140.0,"recency":3,"frp":8.3,"confidence":"nominal","observations":2,"passes":1,"sensor_count":1,"sensors":"NOAA-21","effis_confirmed":false,"burned_confirmed":false,"evidence_score":0,"evidence":"","filter_reason":"anomalie_non_corroboree"}},{"type":"Feature","geometry":{"type":"Point","coordinates":[7.12998,45.13431]},"properties":{"age_h":140.0,"recency":3,"frp":7.6,"confidence":"nominal","observations":2,"passes":1,"sensor_count":1,"sensors":"NOAA-21","effis_confirmed":false,"burned_confirmed":false,"evidence_score":0,"evidence":"","filter_reason":"anomalie_non_corroboree"}},{"type":"Feature","geometry":{"type":"Point","coordinates":[8.45572,45.28446]},"properties":{"age_h":140.0,"recency":3,"frp":3.3,"confidence":"nominal","observations":1,"passes":1,"sensor_count":1,"sensors":"NOAA-21","effis_confirmed":false,"burned_confirmed":false,"evidence_score":0,"evidence":"","filter_reason":"anomalie_non_corroboree"}},{"type":"Feature","geometry":{"type":"Point","coordinates":[8.23508,45.45107]},"properties":{"age_h":140.0,"recency":3,"frp":6.4,"confidence":"nominal","observations":1,"passes":1,"sensor_count":1,"sensors":"NOAA-21","effis_confirmed":false,"burned_confirmed":false,"evidence_score":0,"evidence":"","filter_reason":"anomalie_non_corroboree"}},{"type":"Feature","geometry":{"type":"Point","coordinates":[12.94126,45.96522]},"properties":{"age_h":140.0,"recency":3,"frp":2.1,"confidence":"nominal","observations":1,"passes":1,"sensor_count":1,"sensors":"NOAA-21","effis_confirmed":false,"burned_confirmed":false,"evidence_score":0,"evidence":"","filter_reason":"anomalie_non_corroboree"}},{"type":"Feature","geometry":{"type":"Point","coordinates":[13.15339,46.02239]},"properties":{"age_h":140.0,"recency":3,"frp":1.7,"confidence":"nominal","observations":1,"passes":1,"sensor_count":1,"sensors":"NOAA-21","effis_confirmed":false,"burned_confirmed":false,"evidence_score":0,"evidence":"","filter_reason":"anomalie_non_corroboree"}},{"type":"Feature","geometry":{"type":"Point","coordinates":[13.37563,47.5709]},"properties":{"age_h":140.0,"recency":3,"frp":1.8,"confidence":"nominal","observations":1,"passes":1,"sensor_count":1,"sensors":"NOAA-21","effis_confirmed":false,"burned_confirmed":false,"evidence_score":0,"evidence":"","filter_reason":"anomalie_non_corroboree"}},{"type":"Feature","geometry":{"type":"Point","coordinates":[22.14371,48.6286]},"properties":{"age_h":140.0,"recency":3,"frp":10.5,"confidence":"nominal","observations":1,"passes":1,"sensor_count":1,"sensors":"NOAA-21","effis_confirmed":false,"burned_confirmed":false,"evidence_score":1,"evidence":"","filter_reason":"anomalie_non_corroboree"}},{"type":"Feature","geometry":{"type":"Point","coordinates":[12.19321,48.77029]},"properties":{"age_h":140.0,"recency":3,"frp":6.9,"confidence":"nominal","observations":1,"passes":1,"sensor_count":1,"sensors":"NOAA-21","effis_confirmed":false,"burned_confirmed":false,"evidence_score":0,"evidence":"","filter_reason":"anomalie_non_corroboree"}},{"type":"Feature","geometry":{"type":"Point","coordinates":[11.63034,49.24286]},"properties":{"age_h":140.0,"recency":3,"frp":15.6,"confidence":"nominal","observations":2,"passes":1,"sensor_count":1,"sensors":"NOAA-21","effis_confirmed":false,"burned_confirmed":false,"evidence_score":1,"evidence":"","filter_reason":"anomalie_non_corroboree"}},{"type":"Feature","geometry":{"type":"Point","coordinates":[12.51091,49.24442]},"properties":{"age_h":140.0,"recency":3,"frp":4.2,"confidence":"nominal","observations":1,"passes":1,"sensor_count":1,"sensors":"NOAA-21","effis_confirmed":false,"burned_confirmed":false,"evidence_score":0,"evidence":"","filter_reason":"anomalie_non_corroboree"}},{"type":"Feature","geometry":{"type":"Point","coordinates":[26.21356,49.40629]},"properties":{"age_h":140.0,"recency":3,"frp":2.6,"confidence":"nominal","observations":1,"passes":1,"sensor_count":1,"sensors":"NOAA-21","effis_confirmed":false,"burned_confirmed":false,"evidence_score":0,"evidence":"","filter_reason":"anomalie_non_corroboree"}},{"type":"Feature","geometry":{"type":"Point","coordinates":[31.10647,50.56254]},"properties":{"age_h":140.0,"recency":3,"frp":6.5,"confidence":"nominal","observations":1,"passes":1,"sensor_count":1,"sensors":"NOAA-21","effis_confirmed":false,"burned_confirmed":false,"evidence_score":0,"evidence":"","filter_reason":"anomalie_non_corroboree"}},{"type":"Feature","geometry":{"type":"Point","coordinates":[8.08153,51.81867]},"properties":{"age_h":140.0,"recency":3,"frp":7.9,"confidence":"nominal","observations":1,"passes":1,"sensor_count":1,"sensors":"NOAA-21","effis_confirmed":false,"burned_confirmed":false,"evidence_score":0,"evidence":"","filter_reason":"anomalie_non_corroboree"}},{"type":"Feature","geometry":{"type":"Point","coordinates":[9.11595,52.78708]},"properties":{"age_h":140.0,"recency":3,"frp":9.1,"confidence":"nominal","observations":2,"passes":1,"sensor_count":1,"sensors":"NOAA-21","effis_confirmed":false,"burned_confirmed":false,"evidence_score":0,"evidence":"","filter_reason":"anomalie_non_corroboree"}},{"type":"Feature","geometry":{"type":"Point","coordinates":[-1.57393,34.65322]},"properties":{"age_h":139.5,"recency":3,"frp":16.9,"confidence":"nominal","observations":1,"passes":1,"sensor_count":1,"sensors":"Suomi-NPP","effis_confirmed":false,"burned_confirmed":false,"evidence_score":1,"evidence":"","filter_reason":"anomalie_non_corroboree"}},{"type":"Feature","geometry":{"type":"Point","coordinates":[13.98937,37.29314]},"properties":{"age_h":139.5,"recency":3,"frp":8.6,"confidence":"nominal","observations":1,"passes":1,"sensor_count":1,"sensors":"Suomi-NPP","effis_confirmed":false,"burned_confirmed":false,"evidence_score":0,"evidence":"","filter_reason":"anomalie_non_corroboree"}},{"type":"Feature","geometry":{"type":"Point","coordinates":[-6.04041,34.39362]},"properties":{"age_h":139.4,"recency":3,"frp":6.0,"confidence":"nominal","observations":2,"passes":1,"sensor_count":1,"sensors":"Suomi-NPP","effis_confirmed":false,"burned_confirmed":false,"evidence_score":0,"evidence":"","filter_reason":"anomalie_non_corroboree"}},{"type":"Feature","geometry":{"type":"Point","coordinates":[-3.01501,35.14396]},"properties":{"age_h":139.4,"recency":3,"frp":3.6,"confidence":"nominal","observations":1,"passes":1,"sensor_count":1,"sensors":"Suomi-NPP","effis_confirmed":false,"burned_confirmed":false,"evidence_score":0,"evidence":"","filter_reason":"anomalie_non_corroboree"}},{"type":"Feature","geometry":{"type":"Point","coordinates":[-5.7122,37.27179]},"properties":{"age_h":139.4,"recency":3,"frp":3.2,"confidence":"nominal","observations":2,"passes":1,"sensor_count":1,"sensors":"Suomi-NPP","effis_confirmed":false,"burned_confirmed":false,"evidence_score":0,"evidence":"","filter_reason":"anomalie_non_corroboree"}},{"type":"Feature","geometry":{"type":"Point","coordinates":[12.62642,37.69891]},"properties":{"age_h":139.4,"recency":3,"frp":8.9,"confidence":"nominal","observations":1,"passes":1,"sensor_count":1,"sensors":"Suomi-NPP","effis_confirmed":false,"burned_confirmed":false,"evidence_score":0,"evidence":"","filter_reason":"anomalie_non_corroboree"}},{"type":"Feature","geometry":{"type":"Point","coordinates":[13.56696,37.9277]},"properties":{"age_h":139.4,"recency":3,"frp":8.9,"confidence":"nominal","observations":1,"passes":1,"sensor_count":1,"sensors":"Suomi-NPP","effis_confirmed":false,"burned_confirmed":false,"evidence_score":0,"evidence":"","filter_reason":"anomalie_non_corroboree"}},{"type":"Feature","geometry":{"type":"Point","coordinates":[13.40971,38.04197]},"properties":{"age_h":139.4,"recency":3,"frp":8.7,"confidence":"nominal","observations":3,"passes":1,"sensor_count":1,"sensors":"Suomi-NPP","effis_confirmed":false,"burned_confirmed":false,"evidence_score":2,"evidence":"groupe spatial","filter_reason":"anomalie_non_corroboree"}},{"type":"Feature","geometry":{"type":"Point","coordinates":[16.07408,38.57253]},"properties":{"age_h":139.4,"recency":3,"frp":2.8,"confidence":"nominal","observations":1,"passes":1,"sensor_count":1,"sensors":"Suomi-NPP","effis_confirmed":false,"burned_confirmed":false,"evidence_score":0,"evidence":"","filter_reason":"anomalie_non_corroboree"}},{"type":"Feature","geometry":{"type":"Point","coordinates":[25.17481,39.87915]},"properties":{"age_h":139.4,"recency":3,"frp":9.0,"confidence":"nominal","observations":1,"passes":1,"sensor_count":1,"sensors":"Suomi-NPP","effis_confirmed":false,"burned_confirmed":false,"evidence_score":0,"evidence":"","filter_reason":"anomalie_non_corroboree"}},{"type":"Feature","geometry":{"type":"Point","coordinates":[23.24538,40.341]},"properties":{"age_h":139.4,"recency":3,"frp":3.5,"confidence":"nominal","observations":1,"passes":1,"sensor_count":1,"sensors":"Suomi-NPP","effis_confirmed":false,"burned_confirmed":false,"evidence_score":0,"evidence":"","filter_reason":"anomalie_non_corroboree"}},{"type":"Feature","geometry":{"type":"Point","coordinates":[26.75003,41.10223]},"properties":{"age_h":139.4,"recency":3,"frp":5.2,"confidence":"nominal","observations":2,"passes":1,"sensor_count":1,"sensors":"Suomi-NPP","effis_confirmed":false,"burned_confirmed":false,"evidence_score":0,"evidence":"","filter_reason":"anomalie_non_corroboree"}},{"type":"Feature","geometry":{"type":"Point","coordinates":[20.5423,44.7985]},"properties":{"age_h":139.4,"recency":3,"frp":7.4,"confidence":"high","observations":1,"passes":1,"sensor_count":1,"sensors":"Suomi-NPP","effis_confirmed":false,"burned_confirmed":false,"evidence_score":1,"evidence":"confiance élevée","filter_reason":"anomalie_non_corroboree"}},{"type":"Feature","geometry":{"type":"Point","coordinates":[11.78399,45.05683]},"properties":{"age_h":139.4,"recency":3,"frp":4.2,"confidence":"nominal","observations":2,"passes":1,"sensor_count":1,"sensors":"Suomi-NPP","effis_confirmed":false,"burned_confirmed":false,"evidence_score":0,"evidence":"","filter_reason":"anomalie_non_corroboree"}},{"type":"Feature","geometry":{"type":"Point","coordinates":[8.64381,46.85439]},"properties":{"age_h":139.4,"recency":3,"frp":3.8,"confidence":"nominal","observations":1,"passes":1,"sensor_count":1,"sensors":"Suomi-NPP","effis_confirmed":false,"burned_confirmed":false,"evidence_score":0,"evidence":"","filter_reason":"anomalie_non_corroboree"}},{"type":"Feature","geometry":{"type":"Point","coordinates":[8.97853,47.81704]},"properties":{"age_h":139.4,"recency":3,"frp":1.4,"confidence":"nominal","observations":1,"passes":1,"sensor_count":1,"sensors":"Suomi-NPP","effis_confirmed":false,"burned_confirmed":false,"evidence_score":0,"evidence":"","filter_reason":"anomalie_non_corroboree"}},{"type":"Feature","geometry":{"type":"Point","coordinates":[22.41753,48.34485]},"properties":{"age_h":139.4,"recency":3,"frp":2.1,"confidence":"nominal","observations":1,"passes":1,"sensor_count":1,"sensors":"Suomi-NPP","effis_confirmed":false,"burned_confirmed":false,"evidence_score":0,"evidence":"","filter_reason":"anomalie_non_corroboree"}},{"type":"Feature","geometry":{"type":"Point","coordinates":[21.50803,48.48471]},"properties":{"age_h":139.4,"recency":3,"frp":4.3,"confidence":"nominal","observations":1,"passes":1,"sensor_count":1,"sensors":"Suomi-NPP","effis_confirmed":false,"burned_confirmed":false,"evidence_score":0,"evidence":"","filter_reason":"anomalie_non_corroboree"}},{"type":"Feature","geometry":{"type":"Point","coordinates":[22.39593,48.6196]},"properties":{"age_h":139.4,"recency":3,"frp":3.0,"confidence":"nominal","observations":1,"passes":1,"sensor_count":1,"sensors":"Suomi-NPP","effis_confirmed":false,"burned_confirmed":false,"evidence_score":0,"evidence":"","filter_reason":"anomalie_non_corroboree"}},{"type":"Feature","geometry":{"type":"Point","coordinates":[9.2356,48.78515]},"properties":{"age_h":139.4,"recency":3,"frp":3.9,"confidence":"nominal","observations":1,"passes":1,"sensor_count":1,"sensors":"Suomi-NPP","effis_confirmed":false,"burned_confirmed":false,"evidence_score":0,"evidence":"","filter_reason":"anomalie_non_corroboree"}},{"type":"Feature","geometry":{"type":"Point","coordinates":[4.19027,48.89639]},"properties":{"age_h":139.4,"recency":3,"frp":3.6,"confidence":"nominal","observations":1,"passes":1,"sensor_count":1,"sensors":"Suomi-NPP","effis_confirmed":false,"burned_confirmed":false,"evidence_score":0,"evidence":"","filter_reason":"anomalie_non_corroboree"}},{"type":"Feature","geometry":{"type":"Point","coordinates":[3.2679,50.12651]},"properties":{"age_h":139.4,"recency":3,"frp":4.6,"confidence":"nominal","observations":2,"passes":1,"sensor_count":1,"sensors":"Suomi-NPP","effis_confirmed":false,"burned_confirmed":false,"evidence_score":0,"evidence":"","filter_reason":"anomalie_non_corroboree"}},{"type":"Feature","geometry":{"type":"Point","coordinates":[14.63731,37.16055]},"properties":{"age_h":139.2,"recency":3,"frp":6.9,"confidence":"nominal","observations":2,"passes":2,"sensor_count":1,"sensors":"NOAA-20","effis_confirmed":false,"burned_confirmed":false,"evidence_score":2,"evidence":"passages répétés","filter_reason":"anomalie_non_corroboree"}},{"type":"Feature","geometry":{"type":"Point","coordinates":[10.80119,36.56157]},"properties":{"age_h":139.2,"recency":3,"frp":13.1,"confidence":"nominal","observations":1,"passes":1,"sensor_count":1,"sensors":"NOAA-20","effis_confirmed":false,"burned_confirmed":false,"evidence_score":1,"evidence":"","filter_reason":"anomalie_non_corroboree"}},{"type":"Feature","geometry":{"type":"Point","coordinates":[15.01372,36.77303]},"properties":{"age_h":139.2,"recency":3,"frp":9.6,"confidence":"high","observations":2,"passes":1,"sensor_count":1,"sensors":"NOAA-20","effis_confirmed":false,"burned_confirmed":false,"evidence_score":1,"evidence":"confiance élevée","filter_reason":"anomalie_non_corroboree"}},{"type":"Feature","geometry":{"type":"Point","coordinates":[10.15803,36.86331]},"properties":{"age_h":139.2,"recency":3,"frp":3.9,"confidence":"nominal","observations":1,"passes":1,"sensor_count":1,"sensors":"NOAA-20","effis_confirmed":false,"burned_confirmed":false,"evidence_score":0,"evidence":"","filter_reason":"anomalie_non_corroboree"}},{"type":"Feature","geometry":{"type":"Point","coordinates":[10.0986,36.93144]},"properties":{"age_h":139.2,"recency":3,"frp":7.0,"confidence":"nominal","observations":1,"passes":1,"sensor_count":1,"sensors":"NOAA-20","effis_confirmed":false,"burned_confirmed":false,"evidence_score":0,"evidence":"","filter_reason":"anomalie_non_corroboree"}},{"type":"Feature","geometry":{"type":"Point","coordinates":[14.3627,36.99534]},"properties":{"age_h":139.2,"recency":3,"frp":2.7,"confidence":"nominal","observations":1,"passes":1,"sensor_count":1,"sensors":"NOAA-20","effis_confirmed":false,"burned_confirmed":false,"evidence_score":0,"evidence":"","filter_reason":"anomalie_non_corroboree"}},{"type":"Feature","geometry":{"type":"Point","coordinates":[14.75843,37.21458]},"properties":{"age_h":139.2,"recency":3,"frp":3.0,"confidence":"nominal","observations":1,"passes":1,"sensor_count":1,"sensors":"NOAA-20","effis_confirmed":false,"burned_confirmed":false,"evidence_score":0,"evidence":"","filter_reason":"anomalie_non_corroboree"}},{"type":"Feature","geometry":{"type":"Point","coordinates":[14.15864,37.40989]},"properties":{"age_h":139.2,"recency":3,"frp":3.1,"confidence":"nominal","observations":1,"passes":1,"sensor_count":1,"sensors":"NOAA-20","effis_confirmed":false,"burned_confirmed":false,"evidence_score":0,"evidence":"","filter_reason":"anomalie_non_corroboree"}},{"type":"Feature","geometry":{"type":"Point","coordinates":[12.67613,38.01958]},"properties":{"age_h":139.2,"recency":3,"frp":24.4,"confidence":"nominal","observations":2,"passes":1,"sensor_count":1,"sensors":"NOAA-20","effis_confirmed":false,"burned_confirmed":false,"evidence_score":1,"evidence":"","filter_reason":"anomalie_non_corroboree"}},{"type":"Feature","geometry":{"type":"Point","coordinates":[15.93466,38.60525]},"properties":{"age_h":139.2,"recency":3,"frp":3.2,"confidence":"nominal","observations":1,"passes":1,"sensor_count":1,"sensors":"NOAA-20","effis_confirmed":false,"burned_confirmed":false,"evidence_score":0,"evidence":"","filter_reason":"anomalie_non_corroboree"}},{"type":"Feature","geometry":{"type":"Point","coordinates":[16.85337,40.60495]},"properties":{"age_h":139.1,"recency":3,"frp":3.8,"confidence":"nominal","observations":1,"passes":1,"sensor_count":1,"sensors":"NOAA-20","effis_confirmed":false,"burned_confirmed":false,"evidence_score":0,"evidence":"","filter_reason":"anomalie_non_corroboree"}},{"type":"Feature","geometry":{"type":"Point","coordinates":[14.3791,40.82742]},"properties":{"age_h":139.1,"recency":3,"frp":1.9,"confidence":"nominal","observations":1,"passes":1,"sensor_count":1,"sensors":"NOAA-20","effis_confirmed":false,"burned_confirmed":false,"evidence_score":0,"evidence":"","filter_reason":"anomalie_non_corroboree"}},{"type":"Feature","geometry":{"type":"Point","coordinates":[14.40445,40.86125]},"properties":{"age_h":139.1,"recency":3,"frp":5.1,"confidence":"nominal","observations":1,"passes":1,"sensor_count":1,"sensors":"NOAA-20","effis_confirmed":false,"burned_confirmed":false,"evidence_score":0,"evidence":"","filter_reason":"anomalie_non_corroboree"}},{"type":"Feature","geometry":{"type":"Point","coordinates":[0.55623,44.23463]},"properties":{"age_h":139.1,"recency":3,"frp":10.0,"confidence":"nominal","observations":1,"passes":1,"sensor_count":1,"sensors":"NOAA-20","effis_confirmed":false,"burned_confirmed":false,"evidence_score":1,"evidence":"","filter_reason":"anomalie_non_corroboree"}},{"type":"Feature","geometry":{"type":"Point","coordinates":[0.27994,45.55681]},"properties":{"age_h":139.1,"recency":3,"frp":7.1,"confidence":"nominal","observations":1,"passes":1,"sensor_count":1,"sensors":"NOAA-20","effis_confirmed":false,"burned_confirmed":false,"evidence_score":0,"evidence":"","filter_reason":"anomalie_non_corroboree"}},{"type":"Feature","geometry":{"type":"Point","coordinates":[11.39186,45.71651]},"properties":{"age_h":139.1,"recency":3,"frp":4.1,"confidence":"nominal","observations":1,"passes":1,"sensor_count":1,"sensors":"NOAA-20","effis_confirmed":false,"burned_confirmed":false,"evidence_score":0,"evidence":"","filter_reason":"anomalie_non_corroboree"}},{"type":"Feature","geometry":{"type":"Point","coordinates":[3.57479,46.94358]},"properties":{"age_h":139.1,"recency":3,"frp":1.6,"confidence":"nominal","observations":1,"passes":1,"sensor_count":1,"sensors":"NOAA-20","effis_confirmed":false,"burned_confirmed":false,"evidence_score":0,"evidence":"","filter_reason":"anomalie_non_corroboree"}},{"type":"Feature","geometry":{"type":"Point","coordinates":[-0.91411,47.08036]},"properties":{"age_h":139.1,"recency":3,"frp":3.0,"confidence":"nominal","observations":1,"passes":1,"sensor_count":1,"sensors":"NOAA-20","effis_confirmed":false,"burned_confirmed":false,"evidence_score":0,"evidence":"","filter_reason":"anomalie_non_corroboree"}},{"type":"Feature","geometry":{"type":"Point","coordinates":[-1.36884,48.61449]},"properties":{"age_h":139.1,"recency":3,"frp":1.2,"confidence":"nominal","observations":1,"passes":1,"sensor_count":1,"sensors":"NOAA-20","effis_confirmed":false,"burned_confirmed":false,"evidence_score":0,"evidence":"","filter_reason":"anomalie_non_corroboree"}},{"type":"Feature","geometry":{"type":"Point","coordinates":[2.10672,48.63533]},"properties":{"age_h":139.1,"recency":3,"frp":3.5,"confidence":"nominal","observations":1,"passes":1,"sensor_count":1,"sensors":"NOAA-20","effis_confirmed":false,"burned_confirmed":false,"evidence_score":0,"evidence":"","filter_reason":"anomalie_non_corroboree"}},{"type":"Feature","geometry":{"type":"Point","coordinates":[4.47575,48.81917]},"properties":{"age_h":139.1,"recency":3,"frp":12.1,"confidence":"nominal","observations":1,"passes":1,"sensor_count":1,"sensors":"NOAA-20","effis_confirmed":false,"burned_confirmed":false,"evidence_score":1,"evidence":"","filter_reason":"anomalie_non_corroboree"}},{"type":"Feature","geometry":{"type":"Point","coordinates":[-2.3868,50.86937]},"properties":{"age_h":139.1,"recency":3,"frp":4.9,"confidence":"nominal","observations":2,"passes":1,"sensor_count":1,"sensors":"NOAA-20","effis_confirmed":false,"burned_confirmed":false,"evidence_score":0,"evidence":"","filter_reason":"anomalie_non_corroboree"}},{"type":"Feature","geometry":{"type":"Point","coordinates":[-1.78757,51.63508]},"properties":{"age_h":139.1,"recency":3,"frp":2.3,"confidence":"nominal","observations":1,"passes":1,"sensor_count":1,"sensors":"NOAA-20","effis_confirmed":false,"burned_confirmed":false,"evidence_score":0,"evidence":"","filter_reason":"anomalie_non_corroboree"}},{"type":"Feature","geometry":{"type":"Point","coordinates":[-2.96957,51.79565]},"properties":{"age_h":139.1,"recency":3,"frp":2.8,"confidence":"nominal","observations":1,"passes":1,"sensor_count":1,"sensors":"NOAA-20","effis_confirmed":false,"burned_confirmed":false,"evidence_score":0,"evidence":"","filter_reason":"anomalie_non_corroboree"}},{"type":"Feature","geometry":{"type":"Point","coordinates":[14.17438,66.30681]},"properties":{"age_h":139.0,"recency":3,"frp":2.9,"confidence":"nominal","observations":1,"passes":1,"sensor_count":1,"sensors":"NOAA-20","effis_confirmed":false,"burned_confirmed":false,"evidence_score":0,"evidence":"","filter_reason":"anomalie_non_corroboree"}},{"type":"Feature","geometry":{"type":"Point","coordinates":[-1.34707,34.63797]},"properties":{"age_h":138.4,"recency":3,"frp":10.9,"confidence":"nominal","observations":1,"passes":1,"sensor_count":1,"sensors":"NOAA-21","effis_confirmed":false,"burned_confirmed":false,"evidence_score":1,"evidence":"","filter_reason":"anomalie_non_corroboree"}},{"type":"Feature","geometry":{"type":"Point","coordinates":[2.81994,36.62259]},"properties":{"age_h":138.4,"recency":3,"frp":2.7,"confidence":"nominal","observations":1,"passes":1,"sensor_count":1,"sensors":"NOAA-21","effis_confirmed":false,"burned_confirmed":false,"evidence_score":0,"evidence":"","filter_reason":"anomalie_non_corroboree"}},{"type":"Feature","geometry":{"type":"Point","coordinates":[-8.63945,41.26942]},"properties":{"age_h":138.3,"recency":3,"frp":6.6,"confidence":"nominal","observations":1,"passes":1,"sensor_count":1,"sensors":"NOAA-21","effis_confirmed":false,"burned_confirmed":false,"evidence_score":0,"evidence":"","filter_reason":"anomalie_non_corroboree"}},{"type":"Feature","geometry":{"type":"Point","coordinates":[-3.6752,42.23922]},"properties":{"age_h":138.3,"recency":3,"frp":30.2,"confidence":"nominal","observations":2,"passes":1,"sensor_count":1,"sensors":"NOAA-21","effis_confirmed":false,"burned_confirmed":false,"evidence_score":1,"evidence":"","filter_reason":"anomalie_non_corroboree"}},{"type":"Feature","geometry":{"type":"Point","coordinates":[-2.8969,43.00526]},"properties":{"age_h":138.3,"recency":3,"frp":10.3,"confidence":"nominal","observations":1,"passes":1,"sensor_count":1,"sensors":"NOAA-21","effis_confirmed":false,"burned_confirmed":false,"evidence_score":1,"evidence":"","filter_reason":"anomalie_non_corroboree"}},{"type":"Feature","geometry":{"type":"Point","coordinates":[-3.05329,43.20937]},"properties":{"age_h":138.3,"recency":3,"frp":10.6,"confidence":"nominal","observations":1,"passes":1,"sensor_count":1,"sensors":"NOAA-21","effis_confirmed":false,"burned_confirmed":false,"evidence_score":1,"evidence":"","filter_reason":"anomalie_non_corroboree"}},{"type":"Feature","geometry":{"type":"Point","coordinates":[-8.27756,43.44712]},"properties":{"age_h":138.3,"recency":3,"frp":3.0,"confidence":"nominal","observations":1,"passes":1,"sensor_count":1,"sensors":"NOAA-21","effis_confirmed":false,"burned_confirmed":false,"evidence_score":0,"evidence":"","filter_reason":"anomalie_non_corroboree"}},{"type":"Feature","geometry":{"type":"Point","coordinates":[2.20406,45.12922]},"properties":{"age_h":138.3,"recency":3,"frp":6.4,"confidence":"nominal","observations":1,"passes":1,"sensor_count":1,"sensors":"NOAA-21","effis_confirmed":false,"burned_confirmed":false,"evidence_score":0,"evidence":"","filter_reason":"anomalie_non_corroboree"}},{"type":"Feature","geometry":{"type":"Point","coordinates":[1.35718,46.10026]},"properties":{"age_h":138.3,"recency":3,"frp":6.2,"confidence":"nominal","observations":1,"passes":1,"sensor_count":1,"sensors":"NOAA-21","effis_confirmed":false,"burned_confirmed":false,"evidence_score":0,"evidence":"","filter_reason":"anomalie_non_corroboree"}},{"type":"Feature","geometry":{"type":"Point","coordinates":[3.35032,46.82861]},"properties":{"age_h":138.3,"recency":3,"frp":14.1,"confidence":"high","observations":1,"passes":1,"sensor_count":1,"sensors":"NOAA-21","effis_confirmed":false,"burned_confirmed":false,"evidence_score":2,"evidence":"confiance élevée","filter_reason":"anomalie_non_corroboree"}},{"type":"Feature","geometry":{"type":"Point","coordinates":[-0.48714,49.15086]},"properties":{"age_h":138.3,"recency":3,"frp":2.4,"confidence":"nominal","observations":1,"passes":1,"sensor_count":1,"sensors":"NOAA-21","effis_confirmed":false,"burned_confirmed":false,"evidence_score":0,"evidence":"","filter_reason":"anomalie_non_corroboree"}},{"type":"Feature","geometry":{"type":"Point","coordinates":[4.25981,49.29509]},"properties":{"age_h":138.3,"recency":3,"frp":16.6,"confidence":"nominal","observations":1,"passes":1,"sensor_count":1,"sensors":"NOAA-21","effis_confirmed":false,"burned_confirmed":false,"evidence_score":1,"evidence":"","filter_reason":"anomalie_non_corroboree"}},{"type":"Feature","geometry":{"type":"Point","coordinates":[1.09567,34.6291]},"properties":{"age_h":137.8,"recency":3,"frp":23.6,"confidence":"nominal","observations":2,"passes":1,"sensor_count":1,"sensors":"Suomi-NPP","effis_confirmed":false,"burned_confirmed":false,"evidence_score":1,"evidence":"","filter_reason":"anomalie_non_corroboree"}},{"type":"Feature","geometry":{"type":"Point","coordinates":[-3.64837,37.09951]},"properties":{"age_h":137.8,"recency":3,"frp":4.8,"confidence":"nominal","observations":2,"passes":1,"sensor_count":1,"sensors":"Suomi-NPP","effis_confirmed":false,"burned_confirmed":false,"evidence_score":0,"evidence":"","filter_reason":"anomalie_non_corroboree"}},{"type":"Feature","geometry":{"type":"Point","coordinates":[-6.72696,37.2357]},"properties":{"age_h":137.8,"recency":3,"frp":9.8,"confidence":"nominal","observations":1,"passes":1,"sensor_count":1,"sensors":"Suomi-NPP","effis_confirmed":false,"burned_confirmed":false,"evidence_score":0,"evidence":"","filter_reason":"anomalie_non_corroboree"}},{"type":"Feature","geometry":{"type":"Point","coordinates":[-3.21572,39.03522]},"properties":{"age_h":137.8,"recency":3,"frp":3.1,"confidence":"nominal","observations":1,"passes":1,"sensor_count":1,"sensors":"Suomi-NPP","effis_confirmed":false,"burned_confirmed":false,"evidence_score":0,"evidence":"","filter_reason":"anomalie_non_corroboree"}},{"type":"Feature","geometry":{"type":"Point","coordinates":[-8.50882,39.43848]},"properties":{"age_h":137.8,"recency":3,"frp":4.8,"confidence":"nominal","observations":1,"passes":1,"sensor_count":1,"sensors":"Suomi-NPP","effis_confirmed":false,"burned_confirmed":false,"evidence_score":0,"evidence":"","filter_reason":"anomalie_non_corroboree"}},{"type":"Feature","geometry":{"type":"Point","coordinates":[-4.52155,42.48591]},"properties":{"age_h":137.7,"recency":3,"frp":7.4,"confidence":"nominal","observations":3,"passes":1,"sensor_count":1,"sensors":"Suomi-NPP","effis_confirmed":false,"burned_confirmed":false,"evidence_score":2,"evidence":"groupe spatial","filter_reason":"anomalie_non_corroboree"}},{"type":"Feature","geometry":{"type":"Point","coordinates":[-2.47026,47.68196]},"properties":{"age_h":137.7,"recency":3,"frp":17.3,"confidence":"high","observations":1,"passes":1,"sensor_count":1,"sensors":"Suomi-NPP","effis_confirmed":false,"burned_confirmed":false,"evidence_score":2,"evidence":"confiance élevée","filter_reason":"anomalie_non_corroboree"}},{"type":"Feature","geometry":{"type":"Point","coordinates":[1.3238,48.68434]},"properties":{"age_h":137.7,"recency":3,"frp":69.8,"confidence":"nominal","observations":2,"passes":1,"sensor_count":1,"sensors":"Suomi-NPP","effis_confirmed":false,"burned_confirmed":false,"evidence_score":1,"evidence":"","filter_reason":"anomalie_non_corroboree"}},{"type":"Feature","geometry":{"type":"Point","coordinates":[36.59962,50.61563]},"properties":{"age_h":129.5,"recency":3,"frp":1.2,"confidence":"nominal","observations":2,"passes":2,"sensor_count":1,"sensors":"NOAA-21","effis_confirmed":false,"burned_confirmed":false,"evidence_score":2,"evidence":"passages répétés","filter_reason":"anomalie_non_corroboree"}},{"type":"Feature","geometry":{"type":"Point","coordinates":[41.10867,57.23278]},"properties":{"age_h":129.5,"recency":3,"frp":0.6,"confidence":"nominal","observations":1,"passes":1,"sensor_count":1,"sensors":"NOAA-21","effis_confirmed":false,"burned_confirmed":false,"evidence_score":0,"evidence":"","filter_reason":"anomalie_non_corroboree"}},{"type":"Feature","geometry":{"type":"Point","coordinates":[36.6483,61.22162]},"properties":{"age_h":129.5,"recency":3,"frp":0.9,"confidence":"nominal","observations":2,"passes":1,"sensor_count":1,"sensors":"NOAA-21","effis_confirmed":false,"burned_confirmed":false,"evidence_score":0,"evidence":"","filter_reason":"anomalie_non_corroboree"}},{"type":"Feature","geometry":{"type":"Point","coordinates":[37.81984,47.73827]},"properties":{"age_h":129.5,"recency":3,"frp":1.4,"confidence":"nominal","observations":1,"passes":1,"sensor_count":1,"sensors":"NOAA-21","effis_confirmed":false,"burned_confirmed":false,"evidence_score":0,"evidence":"","filter_reason":"anomalie_non_corroboree"}},{"type":"Feature","geometry":{"type":"Point","coordinates":[39.34507,48.08569]},"properties":{"age_h":129.5,"recency":3,"frp":0.8,"confidence":"nominal","observations":1,"passes":1,"sensor_count":1,"sensors":"NOAA-21","effis_confirmed":false,"burned_confirmed":false,"evidence_score":0,"evidence":"","filter_reason":"anomalie_non_corroboree"}},{"type":"Feature","geometry":{"type":"Point","coordinates":[38.94171,48.19523]},"properties":{"age_h":129.5,"recency":3,"frp":2.0,"confidence":"nominal","observations":1,"passes":1,"sensor_count":1,"sensors":"NOAA-21","effis_confirmed":false,"burned_confirmed":false,"evidence_score":0,"evidence":"","filter_reason":"anomalie_non_corroboree"}},{"type":"Feature","geometry":{"type":"Point","coordinates":[39.15231,48.60279]},"properties":{"age_h":129.5,"recency":3,"frp":0.8,"confidence":"nominal","observations":1,"passes":1,"sensor_count":1,"sensors":"NOAA-21","effis_confirmed":false,"burned_confirmed":false,"evidence_score":0,"evidence":"","filter_reason":"anomalie_non_corroboree"}},{"type":"Feature","geometry":{"type":"Point","coordinates":[37.1694,48.60367]},"properties":{"age_h":129.5,"recency":3,"frp":2.2,"confidence":"nominal","observations":1,"passes":1,"sensor_count":1,"sensors":"NOAA-21","effis_confirmed":false,"burned_confirmed":false,"evidence_score":0,"evidence":"","filter_reason":"anomalie_non_corroboree"}},{"type":"Feature","geometry":{"type":"Point","coordinates":[39.68422,50.14838]},"properties":{"age_h":129.5,"recency":3,"frp":1.7,"confidence":"nominal","observations":1,"passes":1,"sensor_count":1,"sensors":"NOAA-21","effis_confirmed":false,"burned_confirmed":false,"evidence_score":0,"evidence":"","filter_reason":"anomalie_non_corroboree"}},{"type":"Feature","geometry":{"type":"Point","coordinates":[34.18948,51.62485]},"properties":{"age_h":129.5,"recency":3,"frp":0.7,"confidence":"nominal","observations":1,"passes":1,"sensor_count":1,"sensors":"NOAA-21","effis_confirmed":false,"burned_confirmed":false,"evidence_score":0,"evidence":"","filter_reason":"anomalie_non_corroboree"}},{"type":"Feature","geometry":{"type":"Point","coordinates":[38.42962,35.17718]},"properties":{"age_h":129.4,"recency":3,"frp":0.7,"confidence":"nominal","observations":1,"passes":1,"sensor_count":1,"sensors":"NOAA-21","effis_confirmed":false,"burned_confirmed":false,"evidence_score":0,"evidence":"","filter_reason":"anomalie_non_corroboree"}},{"type":"Feature","geometry":{"type":"Point","coordinates":[36.52171,35.61867]},"properties":{"age_h":129.4,"recency":3,"frp":1.9,"confidence":"nominal","observations":2,"passes":1,"sensor_count":1,"sensors":"NOAA-21","effis_confirmed":false,"burned_confirmed":false,"evidence_score":0,"evidence":"","filter_reason":"anomalie_non_corroboree"}},{"type":"Feature","geometry":{"type":"Point","coordinates":[40.56081,37.04156]},"properties":{"age_h":129.4,"recency":3,"frp":0.9,"confidence":"nominal","observations":1,"passes":1,"sensor_count":1,"sensors":"NOAA-21","effis_confirmed":false,"burned_confirmed":false,"evidence_score":0,"evidence":"","filter_reason":"anomalie_non_corroboree"}},{"type":"Feature","geometry":{"type":"Point","coordinates":[38.9547,37.54292]},"properties":{"age_h":129.4,"recency":3,"frp":2.1,"confidence":"nominal","observations":1,"passes":1,"sensor_count":1,"sensors":"NOAA-21","effis_confirmed":false,"burned_confirmed":false,"evidence_score":0,"evidence":"","filter_reason":"anomalie_non_corroboree"}},{"type":"Feature","geometry":{"type":"Point","coordinates":[38.08627,37.61874]},"properties":{"age_h":129.4,"recency":3,"frp":0.9,"confidence":"nominal","observations":1,"passes":1,"sensor_count":1,"sensors":"NOAA-21","effis_confirmed":false,"burned_confirmed":false,"evidence_score":0,"evidence":"","filter_reason":"anomalie_non_corroboree"}},{"type":"Feature","geometry":{"type":"Point","coordinates":[38.40444,37.79018]},"properties":{"age_h":129.4,"recency":3,"frp":2.1,"confidence":"nominal","observations":2,"passes":1,"sensor_count":1,"sensors":"NOAA-21","effis_confirmed":false,"burned_confirmed":false,"evidence_score":0,"evidence":"","filter_reason":"anomalie_non_corroboree"}},{"type":"Feature","geometry":{"type":"Point","coordinates":[41.4922,38.00463]},"properties":{"age_h":129.4,"recency":3,"frp":1.5,"confidence":"nominal","observations":1,"passes":1,"sensor_count":1,"sensors":"NOAA-21","effis_confirmed":false,"burned_confirmed":false,"evidence_score":0,"evidence":"","filter_reason":"anomalie_non_corroboree"}},{"type":"Feature","geometry":{"type":"Point","coordinates":[36.06593,39.22633]},"properties":{"age_h":129.4,"recency":3,"frp":1.0,"confidence":"nominal","observations":1,"passes":1,"sensor_count":1,"sensors":"NOAA-21","effis_confirmed":false,"burned_confirmed":false,"evidence_score":0,"evidence":"","filter_reason":"anomalie_non_corroboree"}},{"type":"Feature","geometry":{"type":"Point","coordinates":[39.29542,47.27949]},"properties":{"age_h":128.9,"recency":3,"frp":0.4,"confidence":"nominal","observations":2,"passes":1,"sensor_count":1,"sensors":"Suomi-NPP","effis_confirmed":false,"burned_confirmed":false,"evidence_score":0,"evidence":"","filter_reason":"anomalie_non_corroboree"}},{"type":"Feature","geometry":{"type":"Point","coordinates":[38.92351,47.54479]},"properties":{"age_h":128.9,"recency":3,"frp":0.9,"confidence":"nominal","observations":1,"passes":1,"sensor_count":1,"sensors":"Suomi-NPP","effis_confirmed":false,"burned_confirmed":false,"evidence_score":0,"evidence":"","filter_reason":"anomalie_non_corroboree"}},{"type":"Feature","geometry":{"type":"Point","coordinates":[37.0765,47.60779]},"properties":{"age_h":128.9,"recency":3,"frp":0.6,"confidence":"nominal","observations":1,"passes":1,"sensor_count":1,"sensors":"Suomi-NPP","effis_confirmed":false,"burned_confirmed":false,"evidence_score":0,"evidence":"","filter_reason":"anomalie_non_corroboree"}},{"type":"Feature","geometry":{"type":"Point","coordinates":[40.13248,47.77969]},"properties":{"age_h":128.9,"recency":3,"frp":1.1,"confidence":"nominal","observations":1,"passes":1,"sensor_count":1,"sensors":"Suomi-NPP","effis_confirmed":false,"burned_confirmed":false,"evidence_score":0,"evidence":"","filter_reason":"anomalie_non_corroboree"}},{"type":"Feature","geometry":{"type":"Point","coordinates":[37.51425,50.18848]},"properties":{"age_h":128.9,"recency":3,"frp":1.2,"confidence":"nominal","observations":1,"passes":1,"sensor_count":1,"sensors":"Suomi-NPP","effis_confirmed":false,"burned_confirmed":false,"evidence_score":0,"evidence":"","filter_reason":"anomalie_non_corroboree"}},{"type":"Feature","geometry":{"type":"Point","coordinates":[35.46417,50.99505]},"properties":{"age_h":128.9,"recency":3,"frp":0.3,"confidence":"nominal","observations":1,"passes":1,"sensor_count":1,"sensors":"Suomi-NPP","effis_confirmed":false,"burned_confirmed":false,"evidence_score":0,"evidence":"","filter_reason":"anomalie_non_corroboree"}},{"type":"Feature","geometry":{"type":"Point","coordinates":[36.64236,35.13138]},"properties":{"age_h":128.8,"recency":3,"frp":0.9,"confidence":"nominal","observations":1,"passes":1,"sensor_count":1,"sensors":"Suomi-NPP","effis_confirmed":false,"burned_confirmed":false,"evidence_score":0,"evidence":"","filter_reason":"anomalie_non_corroboree"}},{"type":"Feature","geometry":{"type":"Point","coordinates":[30.57013,36.91436]},"properties":{"age_h":128.8,"recency":3,"frp":2.2,"confidence":"nominal","observations":1,"passes":1,"sensor_count":1,"sensors":"Suomi-NPP","effis_confirmed":false,"burned_confirmed":false,"evidence_score":0,"evidence":"","filter_reason":"anomalie_non_corroboree"}},{"type":"Feature","geometry":{"type":"Point","coordinates":[30.64698,36.93782]},"properties":{"age_h":128.8,"recency":3,"frp":1.3,"confidence":"nominal","observations":1,"passes":1,"sensor_count":1,"sensors":"Suomi-NPP","effis_confirmed":false,"burned_confirmed":false,"evidence_score":0,"evidence":"","filter_reason":"anomalie_non_corroboree"}},{"type":"Feature","geometry":{"type":"Point","coordinates":[32.64732,40.0507]},"properties":{"age_h":128.8,"recency":3,"frp":0.7,"confidence":"nominal","observations":2,"passes":1,"sensor_count":1,"sensors":"Suomi-NPP","effis_confirmed":false,"burned_confirmed":false,"evidence_score":0,"evidence":"","filter_reason":"anomalie_non_corroboree"}},{"type":"Feature","geometry":{"type":"Point","coordinates":[39.03111,51.68704]},"properties":{"age_h":128.6,"recency":3,"frp":0.6,"confidence":"nominal","observations":1,"passes":1,"sensor_count":1,"sensors":"NOAA-20","effis_confirmed":false,"burned_confirmed":false,"evidence_score":0,"evidence":"","filter_reason":"anomalie_non_corroboree"}},{"type":"Feature","geometry":{"type":"Point","coordinates":[38.33747,55.79757]},"properties":{"age_h":128.6,"recency":3,"frp":1.0,"confidence":"nominal","observations":1,"passes":1,"sensor_count":1,"sensors":"NOAA-20","effis_confirmed":false,"burned_confirmed":false,"evidence_score":0,"evidence":"","filter_reason":"anomalie_non_corroboree"}},{"type":"Feature","geometry":{"type":"Point","coordinates":[41.93861,44.66045]},"properties":{"age_h":128.5,"recency":3,"frp":0.7,"confidence":"nominal","observations":1,"passes":1,"sensor_count":1,"sensors":"NOAA-20","effis_confirmed":false,"burned_confirmed":false,"evidence_score":0,"evidence":"","filter_reason":"anomalie_non_corroboree"}},{"type":"Feature","geometry":{"type":"Point","coordinates":[41.93182,44.68619]},"properties":{"age_h":128.5,"recency":3,"frp":0.8,"confidence":"nominal","observations":1,"passes":1,"sensor_count":1,"sensors":"NOAA-20","effis_confirmed":false,"burned_confirmed":false,"evidence_score":0,"evidence":"","filter_reason":"anomalie_non_corroboree"}},{"type":"Feature","geometry":{"type":"Point","coordinates":[37.82398,45.45416]},"properties":{"age_h":128.5,"recency":3,"frp":0.8,"confidence":"nominal","observations":1,"passes":1,"sensor_count":1,"sensors":"NOAA-20","effis_confirmed":false,"burned_confirmed":false,"evidence_score":0,"evidence":"","filter_reason":"anomalie_non_corroboree"}},{"type":"Feature","geometry":{"type":"Point","coordinates":[37.30227,47.16596]},"properties":{"age_h":128.5,"recency":3,"frp":0.5,"confidence":"nominal","observations":1,"passes":1,"sensor_count":1,"sensors":"NOAA-20","effis_confirmed":false,"burned_confirmed":false,"evidence_score":0,"evidence":"","filter_reason":"anomalie_non_corroboree"}},{"type":"Feature","geometry":{"type":"Point","coordinates":[41.16033,47.54074]},"properties":{"age_h":128.5,"recency":3,"frp":0.5,"confidence":"nominal","observations":1,"passes":1,"sensor_count":1,"sensors":"NOAA-20","effis_confirmed":false,"burned_confirmed":false,"evidence_score":0,"evidence":"","filter_reason":"anomalie_non_corroboree"}},{"type":"Feature","geometry":{"type":"Point","coordinates":[37.20234,47.99467]},"properties":{"age_h":128.5,"recency":3,"frp":0.4,"confidence":"nominal","observations":1,"passes":1,"sensor_count":1,"sensors":"NOAA-20","effis_confirmed":false,"burned_confirmed":false,"evidence_score":0,"evidence":"","filter_reason":"anomalie_non_corroboree"}},{"type":"Feature","geometry":{"type":"Point","coordinates":[37.29618,48.08798]},"properties":{"age_h":128.5,"recency":3,"frp":0.5,"confidence":"nominal","observations":1,"passes":1,"sensor_count":1,"sensors":"NOAA-20","effis_confirmed":false,"burned_confirmed":false,"evidence_score":0,"evidence":"","filter_reason":"anomalie_non_corroboree"}},{"type":"Feature","geometry":{"type":"Point","coordinates":[37.76155,49.78944]},"properties":{"age_h":128.5,"recency":3,"frp":0.5,"confidence":"nominal","observations":1,"passes":1,"sensor_count":1,"sensors":"NOAA-20","effis_confirmed":false,"burned_confirmed":false,"evidence_score":0,"evidence":"","filter_reason":"anomalie_non_corroboree"}},{"type":"Feature","geometry":{"type":"Point","coordinates":[40.47972,49.96997]},"properties":{"age_h":128.5,"recency":3,"frp":0.9,"confidence":"nominal","observations":1,"passes":1,"sensor_count":1,"sensors":"NOAA-20","effis_confirmed":false,"burned_confirmed":false,"evidence_score":0,"evidence":"","filter_reason":"anomalie_non_corroboree"}},{"type":"Feature","geometry":{"type":"Point","coordinates":[37.27085,50.24661]},"properties":{"age_h":128.5,"recency":3,"frp":0.8,"confidence":"nominal","observations":1,"passes":1,"sensor_count":1,"sensors":"NOAA-20","effis_confirmed":false,"burned_confirmed":false,"evidence_score":0,"evidence":"","filter_reason":"anomalie_non_corroboree"}},{"type":"Feature","geometry":{"type":"Point","coordinates":[39.53165,37.29266]},"properties":{"age_h":128.5,"recency":3,"frp":1.0,"confidence":"nominal","observations":1,"passes":1,"sensor_count":1,"sensors":"NOAA-20","effis_confirmed":false,"burned_confirmed":false,"evidence_score":0,"evidence":"","filter_reason":"anomalie_non_corroboree"}},{"type":"Feature","geometry":{"type":"Point","coordinates":[37.60649,37.44952]},"properties":{"age_h":128.5,"recency":3,"frp":0.8,"confidence":"nominal","observations":1,"passes":1,"sensor_count":1,"sensors":"NOAA-20","effis_confirmed":false,"burned_confirmed":false,"evidence_score":0,"evidence":"","filter_reason":"anomalie_non_corroboree"}},{"type":"Feature","geometry":{"type":"Point","coordinates":[40.29403,37.77256]},"properties":{"age_h":128.5,"recency":3,"frp":8.1,"confidence":"nominal","observations":3,"passes":1,"sensor_count":1,"sensors":"NOAA-20","effis_confirmed":false,"burned_confirmed":false,"evidence_score":2,"evidence":"groupe spatial","filter_reason":"anomalie_non_corroboree"}},{"type":"Feature","geometry":{"type":"Point","coordinates":[40.9178,38.12495]},"properties":{"age_h":128.5,"recency":3,"frp":1.2,"confidence":"nominal","observations":1,"passes":1,"sensor_count":1,"sensors":"NOAA-20","effis_confirmed":false,"burned_confirmed":false,"evidence_score":0,"evidence":"","filter_reason":"anomalie_non_corroboree"}},{"type":"Feature","geometry":{"type":"Point","coordinates":[39.23622,38.66452]},"properties":{"age_h":128.5,"recency":3,"frp":0.9,"confidence":"nominal","observations":1,"passes":1,"sensor_count":1,"sensors":"NOAA-20","effis_confirmed":false,"burned_confirmed":false,"evidence_score":0,"evidence":"","filter_reason":"anomalie_non_corroboree"}},{"type":"Feature","geometry":{"type":"Point","coordinates":[34.65646,39.39614]},"properties":{"age_h":128.5,"recency":3,"frp":0.5,"confidence":"nominal","observations":1,"passes":1,"sensor_count":1,"sensors":"NOAA-20","effis_confirmed":false,"burned_confirmed":false,"evidence_score":0,"evidence":"","filter_reason":"anomalie_non_corroboree"}},{"type":"Feature","geometry":{"type":"Point","coordinates":[34.29872,39.85976]},"properties":{"age_h":128.5,"recency":3,"frp":0.8,"confidence":"nominal","observations":1,"passes":1,"sensor_count":1,"sensors":"NOAA-20","effis_confirmed":false,"burned_confirmed":false,"evidence_score":0,"evidence":"","filter_reason":"anomalie_non_corroboree"}},{"type":"Feature","geometry":{"type":"Point","coordinates":[35.884,40.93564]},"properties":{"age_h":128.5,"recency":3,"frp":0.7,"confidence":"nominal","observations":1,"passes":1,"sensor_count":1,"sensors":"NOAA-20","effis_confirmed":false,"burned_confirmed":false,"evidence_score":0,"evidence":"","filter_reason":"anomalie_non_corroboree"}},{"type":"Feature","geometry":{"type":"Point","coordinates":[37.32423,41.10968]},"properties":{"age_h":128.5,"recency":3,"frp":0.7,"confidence":"nominal","observations":1,"passes":1,"sensor_count":1,"sensors":"NOAA-20","effis_confirmed":false,"burned_confirmed":false,"evidence_score":0,"evidence":"","filter_reason":"anomalie_non_corroboree"}},{"type":"Feature","geometry":{"type":"Point","coordinates":[36.44217,41.24144]},"properties":{"age_h":128.5,"recency":3,"frp":1.5,"confidence":"nominal","observations":1,"passes":1,"sensor_count":1,"sensors":"NOAA-20","effis_confirmed":false,"burned_confirmed":false,"evidence_score":0,"evidence":"","filter_reason":"anomalie_non_corroboree"}},{"type":"Feature","geometry":{"type":"Point","coordinates":[32.3078,41.63868]},"properties":{"age_h":128.5,"recency":3,"frp":0.4,"confidence":"nominal","observations":1,"passes":1,"sensor_count":1,"sensors":"NOAA-20","effis_confirmed":false,"burned_confirmed":false,"evidence_score":0,"evidence":"","filter_reason":"anomalie_non_corroboree"}},{"type":"Feature","geometry":{"type":"Point","coordinates":[35.93103,35.17469]},"properties":{"age_h":128.4,"recency":3,"frp":1.6,"confidence":"nominal","observations":1,"passes":1,"sensor_count":1,"sensors":"NOAA-20","effis_confirmed":false,"burned_confirmed":false,"evidence_score":0,"evidence":"","filter_reason":"anomalie_non_corroboree"}},{"type":"Feature","geometry":{"type":"Point","coordinates":[36.30569,35.44769]},"properties":{"age_h":128.4,"recency":3,"frp":1.9,"confidence":"nominal","observations":1,"passes":1,"sensor_count":1,"sensors":"NOAA-20","effis_confirmed":false,"burned_confirmed":false,"evidence_score":0,"evidence":"","filter_reason":"anomalie_non_corroboree"}},{"type":"Feature","geometry":{"type":"Point","coordinates":[34.76554,36.87181]},"properties":{"age_h":128.4,"recency":3,"frp":3.8,"confidence":"nominal","observations":1,"passes":1,"sensor_count":1,"sensors":"NOAA-20","effis_confirmed":false,"burned_confirmed":false,"evidence_score":0,"evidence":"","filter_reason":"anomalie_non_corroboree"}},{"type":"Feature","geometry":{"type":"Point","coordinates":[36.00071,36.93343]},"properties":{"age_h":128.4,"recency":3,"frp":1.6,"confidence":"nominal","observations":1,"passes":1,"sensor_count":1,"sensors":"NOAA-20","effis_confirmed":false,"burned_confirmed":false,"evidence_score":0,"evidence":"","filter_reason":"anomalie_non_corroboree"}},{"type":"Feature","geometry":{"type":"Point","coordinates":[13.25179,46.00288]},"properties":{"age_h":127.8,"recency":3,"frp":1.6,"confidence":"nominal","observations":3,"passes":2,"sensor_count":1,"sensors":"NOAA-21","effis_confirmed":false,"burned_confirmed":false,"evidence_score":4,"evidence":"passages répétés, groupe spatial","filter_reason":"anomalie_non_corroboree"}},{"type":"Feature","geometry":{"type":"Point","coordinates":[41.78153,60.50201]},"properties":{"age_h":127.8,"recency":3,"frp":0.7,"confidence":"nominal","observations":2,"passes":2,"sensor_count":1,"sensors":"NOAA-21","effis_confirmed":false,"burned_confirmed":false,"evidence_score":2,"evidence":"passages répétés","filter_reason":"anomalie_non_corroboree"}},{"type":"Feature","geometry":{"type":"Point","coordinates":[30.23583,52.30618]},"properties":{"age_h":127.8,"recency":3,"frp":0.5,"confidence":"nominal","observations":1,"passes":1,"sensor_count":1,"sensors":"NOAA-21","effis_confirmed":false,"burned_confirmed":false,"evidence_score":0,"evidence":"","filter_reason":"anomalie_non_corroboree"}},{"type":"Feature","geometry":{"type":"Point","coordinates":[18.83935,53.52025]},"properties":{"age_h":127.8,"recency":3,"frp":0.7,"confidence":"nominal","observations":1,"passes":1,"sensor_count":1,"sensors":"NOAA-21","effis_confirmed":false,"burned_confirmed":false,"evidence_score":0,"evidence":"","filter_reason":"anomalie_non_corroboree"}},{"type":"Feature","geometry":{"type":"Point","coordinates":[37.46614,54.28381]},"properties":{"age_h":127.8,"recency":3,"frp":1.4,"confidence":"nominal","observations":1,"passes":1,"sensor_count":1,"sensors":"NOAA-21","effis_confirmed":false,"burned_confirmed":false,"evidence_score":0,"evidence":"","filter_reason":"anomalie_non_corroboree"}},{"type":"Feature","geometry":{"type":"Point","coordinates":[28.92279,56.99583]},"properties":{"age_h":127.8,"recency":3,"frp":1.0,"confidence":"nominal","observations":1,"passes":1,"sensor_count":1,"sensors":"NOAA-21","effis_confirmed":false,"burned_confirmed":false,"evidence_score":0,"evidence":"","filter_reason":"anomalie_non_corroboree"}},{"type":"Feature","geometry":{"type":"Point","coordinates":[36.89192,48.00052]},"properties":{"age_h":127.8,"recency":3,"frp":0.7,"confidence":"nominal","observations":1,"passes":1,"sensor_count":1,"sensors":"NOAA-21","effis_confirmed":false,"burned_confirmed":false,"evidence_score":0,"evidence":"","filter_reason":"anomalie_non_corroboree"}},{"type":"Feature","geometry":{"type":"Point","coordinates":[20.84315,48.59096]},"properties":{"age_h":127.8,"recency":3,"frp":0.7,"confidence":"nominal","observations":1,"passes":1,"sensor_count":1,"sensors":"NOAA-21","effis_confirmed":false,"burned_confirmed":false,"evidence_score":0,"evidence":"","filter_reason":"anomalie_non_corroboree"}},{"type":"Feature","geometry":{"type":"Point","coordinates":[35.40381,50.39182]},"properties":{"age_h":127.8,"recency":3,"frp":1.0,"confidence":"nominal","observations":1,"passes":1,"sensor_count":1,"sensors":"NOAA-21","effis_confirmed":false,"burned_confirmed":false,"evidence_score":0,"evidence":"","filter_reason":"anomalie_non_corroboree"}},{"type":"Feature","geometry":{"type":"Point","coordinates":[35.47079,50.57998]},"properties":{"age_h":127.8,"recency":3,"frp":0.7,"confidence":"nominal","observations":1,"passes":1,"sensor_count":1,"sensors":"NOAA-21","effis_confirmed":false,"burned_confirmed":false,"evidence_score":0,"evidence":"","filter_reason":"anomalie_non_corroboree"}},{"type":"Feature","geometry":{"type":"Point","coordinates":[35.53863,50.76455]},"properties":{"age_h":127.8,"recency":3,"frp":2.0,"confidence":"nominal","observations":1,"passes":1,"sensor_count":1,"sensors":"NOAA-21","effis_confirmed":false,"burned_confirmed":false,"evidence_score":0,"evidence":"","filter_reason":"anomalie_non_corroboree"}},{"type":"Feature","geometry":{"type":"Point","coordinates":[19.164,50.77781]},"properties":{"age_h":127.8,"recency":3,"frp":2.7,"confidence":"nominal","observations":1,"passes":1,"sensor_count":1,"sensors":"NOAA-21","effis_confirmed":false,"burned_confirmed":false,"evidence_score":0,"evidence":"","filter_reason":"anomalie_non_corroboree"}},{"type":"Feature","geometry":{"type":"Point","coordinates":[27.88095,39.60794]},"properties":{"age_h":127.7,"recency":3,"frp":0.8,"confidence":"nominal","observations":2,"passes":2,"sensor_count":1,"sensors":"NOAA-21","effis_confirmed":false,"burned_confirmed":false,"evidence_score":2,"evidence":"passages répétés","filter_reason":"anomalie_non_corroboree"}},{"type":"Feature","geometry":{"type":"Point","coordinates":[39.1995,37.3783]},"properties":{"age_h":127.7,"recency":3,"frp":10.4,"confidence":"nominal","observations":6,"passes":2,"sensor_count":1,"sensors":"NOAA-21","effis_confirmed":false,"burned_confirmed":false,"evidence_score":5,"evidence":"passages répétés, groupe spatial","filter_reason":"anomalie_non_corroboree"}},{"type":"Feature","geometry":{"type":"Point","coordinates":[40.07438,37.2142]},"properties":{"age_h":127.7,"recency":3,"frp":3.4,"confidence":"nominal","observations":2,"passes":1,"sensor_count":1,"sensors":"NOAA-21","effis_confirmed":false,"burned_confirmed":false,"evidence_score":0,"evidence":"","filter_reason":"anomalie_non_corroboree"}},{"type":"Feature","geometry":{"type":"Point","coordinates":[40.46163,37.42421]},"properties":{"age_h":127.7,"recency":3,"frp":10.8,"confidence":"nominal","observations":1,"passes":1,"sensor_count":1,"sensors":"NOAA-21","effis_confirmed":false,"burned_confirmed":false,"evidence_score":1,"evidence":"","filter_reason":"anomalie_non_corroboree"}},{"type":"Feature","geometry":{"type":"Point","coordinates":[33.6492,37.75075]},"properties":{"age_h":127.7,"recency":3,"frp":0.7,"confidence":"nominal","observations":1,"passes":1,"sensor_count":1,"sensors":"NOAA-21","effis_confirmed":false,"burned_confirmed":false,"evidence_score":0,"evidence":"","filter_reason":"anomalie_non_corroboree"}},{"type":"Feature","geometry":{"type":"Point","coordinates":[38.23496,37.77471]},"properties":{"age_h":127.7,"recency":3,"frp":3.2,"confidence":"nominal","observations":2,"passes":1,"sensor_count":1,"sensors":"NOAA-21","effis_confirmed":false,"burned_confirmed":false,"evidence_score":0,"evidence":"","filter_reason":"anomalie_non_corroboree"}},{"type":"Feature","geometry":{"type":"Point","coordinates":[39.25447,37.79919]},"properties":{"age_h":127.7,"recency":3,"frp":1.5,"confidence":"nominal","observations":1,"passes":1,"sensor_count":1,"sensors":"NOAA-21","effis_confirmed":false,"burned_confirmed":false,"evidence_score":0,"evidence":"","filter_reason":"anomalie_non_corroboree"}},{"type":"Feature","geometry":{"type":"Point","coordinates":[32.11619,38.8925]},"properties":{"age_h":127.7,"recency":3,"frp":0.5,"confidence":"nominal","observations":1,"passes":1,"sensor_count":1,"sensors":"NOAA-21","effis_confirmed":false,"burned_confirmed":false,"evidence_score":0,"evidence":"","filter_reason":"anomalie_non_corroboree"}},{"type":"Feature","geometry":{"type":"Point","coordinates":[18.53965,44.57849]},"properties":{"age_h":127.7,"recency":3,"frp":0.4,"confidence":"nominal","observations":1,"passes":1,"sensor_count":1,"sensors":"NOAA-21","effis_confirmed":false,"burned_confirmed":false,"evidence_score":0,"evidence":"","filter_reason":"anomalie_non_corroboree"}},{"type":"Feature","geometry":{"type":"Point","coordinates":[14.24827,37.16674]},"properties":{"age_h":127.7,"recency":3,"frp":1.2,"confidence":"nominal","observations":3,"passes":1,"sensor_count":1,"sensors":"NOAA-21","effis_confirmed":false,"burned_confirmed":false,"evidence_score":2,"evidence":"groupe spatial","filter_reason":"anomalie_non_corroboree"}},{"type":"Feature","geometry":{"type":"Point","coordinates":[13.81286,37.25808]},"properties":{"age_h":127.7,"recency":3,"frp":0.8,"confidence":"nominal","observations":1,"passes":1,"sensor_count":1,"sensors":"NOAA-21","effis_confirmed":false,"burned_confirmed":false,"evidence_score":0,"evidence":"","filter_reason":"anomalie_non_corroboree"}},{"type":"Feature","geometry":{"type":"Point","coordinates":[27.4385,37.77231]},"properties":{"age_h":127.7,"recency":3,"frp":2.3,"confidence":"nominal","observations":1,"passes":1,"sensor_count":1,"sensors":"NOAA-21","effis_confirmed":false,"burned_confirmed":false,"evidence_score":0,"evidence":"","filter_reason":"anomalie_non_corroboree"}},{"type":"Feature","geometry":{"type":"Point","coordinates":[13.10058,37.94789]},"properties":{"age_h":127.7,"recency":3,"frp":0.7,"confidence":"nominal","observations":1,"passes":1,"sensor_count":1,"sensors":"NOAA-21","effis_confirmed":false,"burned_confirmed":false,"evidence_score":0,"evidence":"","filter_reason":"anomalie_non_corroboree"}},{"type":"Feature","geometry":{"type":"Point","coordinates":[27.69476,53.06166]},"properties":{"age_h":127.2,"recency":3,"frp":0.4,"confidence":"nominal","observations":1,"passes":1,"sensor_count":1,"sensors":"Suomi-NPP","effis_confirmed":false,"burned_confirmed":false,"evidence_score":0,"evidence":"","filter_reason":"anomalie_non_corroboree"}},{"type":"Feature","geometry":{"type":"Point","coordinates":[35.79696,53.36754]},"properties":{"age_h":127.2,"recency":3,"frp":0.8,"confidence":"nominal","observations":1,"passes":1,"sensor_count":1,"sensors":"Suomi-NPP","effis_confirmed":false,"burned_confirmed":false,"evidence_score":0,"evidence":"","filter_reason":"anomalie_non_corroboree"}},{"type":"Feature","geometry":{"type":"Point","coordinates":[23.26911,44.125]},"properties":{"age_h":127.2,"recency":3,"frp":0.8,"confidence":"nominal","observations":1,"passes":1,"sensor_count":1,"sensors":"Suomi-NPP","effis_confirmed":false,"burned_confirmed":false,"evidence_score":0,"evidence":"","filter_reason":"anomalie_non_corroboree"}},{"type":"Feature","geometry":{"type":"Point","coordinates":[22.94592,40.67337]},"properties":{"age_h":127.1,"recency":3,"frp":1.7,"confidence":"nominal","observations":2,"passes":1,"sensor_count":1,"sensors":"Suomi-NPP","effis_confirmed":false,"burned_confirmed":false,"evidence_score":0,"evidence":"","filter_reason":"anomalie_non_corroboree"}},{"type":"Feature","geometry":{"type":"Point","coordinates":[16.80555,41.13652]},"properties":{"age_h":127.1,"recency":3,"frp":0.5,"confidence":"nominal","observations":1,"passes":1,"sensor_count":1,"sensors":"Suomi-NPP","effis_confirmed":false,"burned_confirmed":false,"evidence_score":0,"evidence":"","filter_reason":"anomalie_non_corroboree"}},{"type":"Feature","geometry":{"type":"Point","coordinates":[15.83755,41.37117]},"properties":{"age_h":127.1,"recency":3,"frp":1.6,"confidence":"nominal","observations":2,"passes":1,"sensor_count":1,"sensors":"Suomi-NPP","effis_confirmed":false,"burned_confirmed":false,"evidence_score":0,"evidence":"","filter_reason":"anomalie_non_corroboree"}},{"type":"Feature","geometry":{"type":"Point","coordinates":[13.82928,44.86539]},"properties":{"age_h":127.1,"recency":3,"frp":0.9,"confidence":"nominal","observations":1,"passes":1,"sensor_count":1,"sensors":"Suomi-NPP","effis_confirmed":false,"burned_confirmed":false,"evidence_score":0,"evidence":"","filter_reason":"anomalie_non_corroboree"}},{"type":"Feature","geometry":{"type":"Point","coordinates":[13.7445,37.15604]},"properties":{"age_h":127.1,"recency":3,"frp":1.8,"confidence":"nominal","observations":1,"passes":1,"sensor_count":1,"sensors":"Suomi-NPP","effis_confirmed":false,"burned_confirmed":false,"evidence_score":0,"evidence":"","filter_reason":"anomalie_non_corroboree"}},{"type":"Feature","geometry":{"type":"Point","coordinates":[38.32844,55.48777]},"properties":{"age_h":126.9,"recency":3,"frp":0.6,"confidence":"nominal","observations":1,"passes":1,"sensor_count":1,"sensors":"NOAA-20","effis_confirmed":false,"burned_confirmed":false,"evidence_score":0,"evidence":"","filter_reason":"anomalie_non_corroboree"}},{"type":"Feature","geometry":{"type":"Point","coordinates":[9.89259,35.77656]},"properties":{"age_h":126.8,"recency":3,"frp":3.0,"confidence":"nominal","observations":2,"passes":2,"sensor_count":1,"sensors":"NOAA-20","effis_confirmed":false,"burned_confirmed":false,"evidence_score":2,"evidence":"passages répétés","filter_reason":"anomalie_non_corroboree"}},{"type":"Feature","geometry":{"type":"Point","coordinates":[19.74559,41.50108]},"properties":{"age_h":126.8,"recency":3,"frp":0.7,"confidence":"nominal","observations":1,"passes":1,"sensor_count":1,"sensors":"NOAA-20","effis_confirmed":false,"burned_confirmed":false,"evidence_score":0,"evidence":"","filter_reason":"anomalie_non_corroboree"}},{"type":"Feature","geometry":{"type":"Point","coordinates":[16.44325,43.54124]},"properties":{"age_h":126.8,"recency":3,"frp":0.8,"confidence":"nominal","observations":1,"passes":1,"sensor_count":1,"sensors":"NOAA-20","effis_confirmed":false,"burned_confirmed":false,"evidence_score":0,"evidence":"","filter_reason":"anomalie_non_corroboree"}},{"type":"Feature","geometry":{"type":"Point","coordinates":[6.81883,44.08074]},"properties":{"age_h":126.8,"recency":3,"frp":2.3,"confidence":"nominal","observations":1,"passes":1,"sensor_count":1,"sensors":"NOAA-20","effis_confirmed":false,"burned_confirmed":false,"evidence_score":0,"evidence":"","filter_reason":"anomalie_non_corroboree"}},{"type":"Feature","geometry":{"type":"Point","coordinates":[4.89874,44.93695]},"properties":{"age_h":126.8,"recency":3,"frp":1.0,"confidence":"nominal","observations":1,"passes":1,"sensor_count":1,"sensors":"NOAA-20","effis_confirmed":false,"burned_confirmed":false,"evidence_score":0,"evidence":"","filter_reason":"anomalie_non_corroboree"}},{"type":"Feature","geometry":{"type":"Point","coordinates":[-0.15824,45.3995]},"properties":{"age_h":126.8,"recency":3,"frp":0.7,"confidence":"nominal","observations":1,"passes":1,"sensor_count":1,"sensors":"NOAA-20","effis_confirmed":false,"burned_confirmed":false,"evidence_score":0,"evidence":"","filter_reason":"anomalie_non_corroboree"}},{"type":"Feature","geometry":{"type":"Point","coordinates":[14.93413,53.46029]},"properties":{"age_h":126.8,"recency":3,"frp":0.6,"confidence":"nominal","observations":1,"passes":1,"sensor_count":1,"sensors":"NOAA-20","effis_confirmed":false,"burned_confirmed":false,"evidence_score":0,"evidence":"","filter_reason":"anomalie_non_corroboree"}},{"type":"Feature","geometry":{"type":"Point","coordinates":[21.80142,55.09632]},"properties":{"age_h":126.8,"recency":3,"frp":0.7,"confidence":"nominal","observations":1,"passes":1,"sensor_count":1,"sensors":"NOAA-20","effis_confirmed":false,"burned_confirmed":false,"evidence_score":0,"evidence":"","filter_reason":"anomalie_non_corroboree"}},{"type":"Feature","geometry":{"type":"Point","coordinates":[6.83886,36.06445]},"properties":{"age_h":126.8,"recency":3,"frp":0.8,"confidence":"nominal","observations":1,"passes":1,"sensor_count":1,"sensors":"NOAA-20","effis_confirmed":false,"burned_confirmed":false,"evidence_score":0,"evidence":"","filter_reason":"anomalie_non_corroboree"}},{"type":"Feature","geometry":{"type":"Point","coordinates":[5.29564,36.618]},"properties":{"age_h":126.8,"recency":3,"frp":2.6,"confidence":"nominal","observations":1,"passes":1,"sensor_count":1,"sensors":"NOAA-20","effis_confirmed":false,"burned_confirmed":false,"evidence_score":0,"evidence":"","filter_reason":"anomalie_non_corroboree"}},{"type":"Feature","geometry":{"type":"Point","coordinates":[13.66586,37.256]},"properties":{"age_h":126.8,"recency":3,"frp":1.2,"confidence":"nominal","observations":1,"passes":1,"sensor_count":1,"sensors":"NOAA-20","effis_confirmed":false,"burned_confirmed":false,"evidence_score":0,"evidence":"","filter_reason":"anomalie_non_corroboree"}},{"type":"Feature","geometry":{"type":"Point","coordinates":[13.52319,37.46178]},"properties":{"age_h":126.8,"recency":3,"frp":1.0,"confidence":"nominal","observations":1,"passes":1,"sensor_count":1,"sensors":"NOAA-20","effis_confirmed":false,"burned_confirmed":false,"evidence_score":0,"evidence":"","filter_reason":"anomalie_non_corroboree"}},{"type":"Feature","geometry":{"type":"Point","coordinates":[12.99307,37.59258]},"properties":{"age_h":126.8,"recency":3,"frp":1.7,"confidence":"nominal","observations":1,"passes":1,"sensor_count":1,"sensors":"NOAA-20","effis_confirmed":false,"burned_confirmed":false,"evidence_score":0,"evidence":"","filter_reason":"anomalie_non_corroboree"}},{"type":"Feature","geometry":{"type":"Point","coordinates":[12.8398,37.62819]},"properties":{"age_h":126.8,"recency":3,"frp":0.8,"confidence":"nominal","observations":1,"passes":1,"sensor_count":1,"sensors":"NOAA-20","effis_confirmed":false,"burned_confirmed":false,"evidence_score":0,"evidence":"","filter_reason":"anomalie_non_corroboree"}},{"type":"Feature","geometry":{"type":"Point","coordinates":[12.87633,37.78292]},"properties":{"age_h":126.8,"recency":3,"frp":1.6,"confidence":"nominal","observations":1,"passes":1,"sensor_count":1,"sensors":"NOAA-20","effis_confirmed":false,"burned_confirmed":false,"evidence_score":0,"evidence":"","filter_reason":"anomalie_non_corroboree"}},{"type":"Feature","geometry":{"type":"Point","coordinates":[12.79179,37.78658]},"properties":{"age_h":126.8,"recency":3,"frp":1.9,"confidence":"nominal","observations":1,"passes":1,"sensor_count":1,"sensors":"NOAA-20","effis_confirmed":false,"burned_confirmed":false,"evidence_score":0,"evidence":"","filter_reason":"anomalie_non_corroboree"}},{"type":"Feature","geometry":{"type":"Point","coordinates":[-2.2978,40.77541]},"properties":{"age_h":126.8,"recency":3,"frp":0.7,"confidence":"nominal","observations":1,"passes":1,"sensor_count":1,"sensors":"NOAA-20","effis_confirmed":false,"burned_confirmed":false,"evidence_score":0,"evidence":"","filter_reason":"anomalie_non_corroboree"}},{"type":"Feature","geometry":{"type":"Point","coordinates":[15.4201,41.33892]},"properties":{"age_h":126.8,"recency":3,"frp":1.0,"confidence":"nominal","observations":1,"passes":1,"sensor_count":1,"sensors":"NOAA-20","effis_confirmed":false,"burned_confirmed":false,"evidence_score":0,"evidence":"","filter_reason":"anomalie_non_corroboree"}},{"type":"Feature","geometry":{"type":"Point","coordinates":[15.95334,41.4386]},"properties":{"age_h":126.8,"recency":3,"frp":1.2,"confidence":"nominal","observations":3,"passes":1,"sensor_count":1,"sensors":"NOAA-20","effis_confirmed":false,"burned_confirmed":false,"evidence_score":2,"evidence":"groupe spatial","filter_reason":"anomalie_non_corroboree"}},{"type":"Feature","geometry":{"type":"Point","coordinates":[23.00114,46.87546]},"properties":{"age_h":126.8,"recency":3,"frp":0.4,"confidence":"nominal","observations":1,"passes":1,"sensor_count":1,"sensors":"NOAA-20","effis_confirmed":false,"burned_confirmed":false,"evidence_score":0,"evidence":"","filter_reason":"anomalie_non_corroboree"}},{"type":"Feature","geometry":{"type":"Point","coordinates":[10.64114,34.68581]},"properties":{"age_h":126.8,"recency":3,"frp":3.9,"confidence":"nominal","observations":1,"passes":1,"sensor_count":1,"sensors":"NOAA-20","effis_confirmed":false,"burned_confirmed":false,"evidence_score":0,"evidence":"","filter_reason":"anomalie_non_corroboree"}},{"type":"Feature","geometry":{"type":"Point","coordinates":[28.59702,55.48329]},"properties":{"age_h":126.1,"recency":3,"frp":0.7,"confidence":"nominal","observations":1,"passes":1,"sensor_count":1,"sensors":"NOAA-21","effis_confirmed":false,"burned_confirmed":false,"evidence_score":0,"evidence":"","filter_reason":"anomalie_non_corroboree"}},{"type":"Feature","geometry":{"type":"Point","coordinates":[7.87668,58.24762]},"properties":{"age_h":126.1,"recency":3,"frp":0.8,"confidence":"nominal","observations":1,"passes":1,"sensor_count":1,"sensors":"NOAA-21","effis_confirmed":false,"burned_confirmed":false,"evidence_score":0,"evidence":"","filter_reason":"anomalie_non_corroboree"}},{"type":"Feature","geometry":{"type":"Point","coordinates":[6.55726,60.11673]},"properties":{"age_h":126.1,"recency":3,"frp":1.1,"confidence":"nominal","observations":1,"passes":1,"sensor_count":1,"sensors":"NOAA-21","effis_confirmed":false,"burned_confirmed":false,"evidence_score":0,"evidence":"","filter_reason":"anomalie_non_corroboree"}},{"type":"Feature","geometry":{"type":"Point","coordinates":[15.45496,60.49027]},"properties":{"age_h":126.1,"recency":3,"frp":1.0,"confidence":"nominal","observations":2,"passes":1,"sensor_count":1,"sensors":"NOAA-21","effis_confirmed":false,"burned_confirmed":false,"evidence_score":0,"evidence":"","filter_reason":"anomalie_non_corroboree"}},{"type":"Feature","geometry":{"type":"Point","coordinates":[-3.13625,51.4792]},"properties":{"age_h":126.1,"recency":3,"frp":0.4,"confidence":"nominal","observations":1,"passes":1,"sensor_count":1,"sensors":"NOAA-21","effis_confirmed":false,"burned_confirmed":false,"evidence_score":0,"evidence":"","filter_reason":"anomalie_non_corroboree"}},{"type":"Feature","geometry":{"type":"Point","coordinates":[4.61157,52.47434]},"properties":{"age_h":126.1,"recency":3,"frp":1.2,"confidence":"nominal","observations":1,"passes":1,"sensor_count":1,"sensors":"NOAA-21","effis_confirmed":false,"burned_confirmed":false,"evidence_score":0,"evidence":"","filter_reason":"anomalie_non_corroboree"}},{"type":"Feature","geometry":{"type":"Point","coordinates":[16.24327,41.29239]},"properties":{"age_h":126.1,"recency":3,"frp":2.5,"confidence":"nominal","observations":2,"passes":1,"sensor_count":1,"sensors":"NOAA-21","effis_confirmed":false,"burned_confirmed":false,"evidence_score":0,"evidence":"","filter_reason":"anomalie_non_corroboree"}},{"type":"Feature","geometry":{"type":"Point","coordinates":[15.84991,41.43671]},"properties":{"age_h":126.1,"recency":3,"frp":0.4,"confidence":"nominal","observations":1,"passes":1,"sensor_count":1,"sensors":"NOAA-21","effis_confirmed":false,"burned_confirmed":false,"evidence_score":0,"evidence":"","filter_reason":"anomalie_non_corroboree"}},{"type":"Feature","geometry":{"type":"Point","coordinates":[2.6364,43.25883]},"properties":{"age_h":126.1,"recency":3,"frp":0.8,"confidence":"nominal","observations":1,"passes":1,"sensor_count":1,"sensors":"NOAA-21","effis_confirmed":false,"burned_confirmed":false,"evidence_score":0,"evidence":"","filter_reason":"anomalie_non_corroboree"}},{"type":"Feature","geometry":{"type":"Point","coordinates":[20.38164,45.37256]},"properties":{"age_h":126.1,"recency":3,"frp":6.2,"confidence":"nominal","observations":2,"passes":1,"sensor_count":1,"sensors":"NOAA-21","effis_confirmed":false,"burned_confirmed":false,"evidence_score":0,"evidence":"","filter_reason":"anomalie_non_corroboree"}},{"type":"Feature","geometry":{"type":"Point","coordinates":[-6.57224,34.27782]},"properties":{"age_h":126.0,"recency":3,"frp":3.8,"confidence":"nominal","observations":3,"passes":2,"sensor_count":1,"sensors":"NOAA-21","effis_confirmed":false,"burned_confirmed":false,"evidence_score":4,"evidence":"passages répétés, groupe spatial","filter_reason":"anomalie_non_corroboree"}},{"type":"Feature","geometry":{"type":"Point","coordinates":[4.80184,36.13885]},"properties":{"age_h":126.0,"recency":3,"frp":3.3,"confidence":"nominal","observations":1,"passes":1,"sensor_count":1,"sensors":"NOAA-21","effis_confirmed":false,"burned_confirmed":false,"evidence_score":0,"evidence":"","filter_reason":"anomalie_non_corroboree"}},{"type":"Feature","geometry":{"type":"Point","coordinates":[3.75702,36.16043]},"properties":{"age_h":126.0,"recency":3,"frp":1.8,"confidence":"nominal","observations":1,"passes":1,"sensor_count":1,"sensors":"NOAA-21","effis_confirmed":false,"burned_confirmed":false,"evidence_score":0,"evidence":"","filter_reason":"anomalie_non_corroboree"}},{"type":"Feature","geometry":{"type":"Point","coordinates":[-1.90491,36.96499]},"properties":{"age_h":126.0,"recency":3,"frp":3.6,"confidence":"nominal","observations":1,"passes":1,"sensor_count":1,"sensors":"NOAA-21","effis_confirmed":false,"burned_confirmed":false,"evidence_score":0,"evidence":"","filter_reason":"anomalie_non_corroboree"}},{"type":"Feature","geometry":{"type":"Point","coordinates":[-4.0531,38.6655]},"properties":{"age_h":126.0,"recency":3,"frp":2.2,"confidence":"nominal","observations":2,"passes":1,"sensor_count":1,"sensors":"NOAA-21","effis_confirmed":false,"burned_confirmed":false,"evidence_score":0,"evidence":"","filter_reason":"anomalie_non_corroboree"}},{"type":"Feature","geometry":{"type":"Point","coordinates":[-1.36385,39.58706]},"properties":{"age_h":126.0,"recency":3,"frp":1.3,"confidence":"nominal","observations":1,"passes":1,"sensor_count":1,"sensors":"NOAA-21","effis_confirmed":false,"burned_confirmed":false,"evidence_score":0,"evidence":"","filter_reason":"anomalie_non_corroboree"}},{"type":"Feature","geometry":{"type":"Point","coordinates":[-4.35566,40.22992]},"properties":{"age_h":126.0,"recency":3,"frp":1.5,"confidence":"nominal","observations":1,"passes":1,"sensor_count":1,"sensors":"NOAA-21","effis_confirmed":false,"burned_confirmed":false,"evidence_score":0,"evidence":"","filter_reason":"anomalie_non_corroboree"}},{"type":"Feature","geometry":{"type":"Point","coordinates":[-5.9995,34.59307]},"properties":{"age_h":126.0,"recency":3,"frp":3.2,"confidence":"nominal","observations":1,"passes":1,"sensor_count":1,"sensors":"NOAA-21","effis_confirmed":false,"burned_confirmed":false,"evidence_score":0,"evidence":"","filter_reason":"anomalie_non_corroboree"}},{"type":"Feature","geometry":{"type":"Point","coordinates":[-4.35952,51.82986]},"properties":{"age_h":125.5,"recency":3,"frp":0.5,"confidence":"nominal","observations":1,"passes":1,"sensor_count":1,"sensors":"Suomi-NPP","effis_confirmed":false,"burned_confirmed":false,"evidence_score":0,"evidence":"","filter_reason":"anomalie_non_corroboree"}},{"type":"Feature","geometry":{"type":"Point","coordinates":[-2.9982,43.08165]},"properties":{"age_h":125.5,"recency":3,"frp":1.0,"confidence":"nominal","observations":1,"passes":1,"sensor_count":1,"sensors":"Suomi-NPP","effis_confirmed":false,"burned_confirmed":false,"evidence_score":0,"evidence":"","filter_reason":"anomalie_non_corroboree"}},{"type":"Feature","geometry":{"type":"Point","coordinates":[-0.55066,35.22253]},"properties":{"age_h":125.4,"recency":3,"frp":1.4,"confidence":"nominal","observations":1,"passes":1,"sensor_count":1,"sensors":"Suomi-NPP","effis_confirmed":false,"burned_confirmed":false,"evidence_score":0,"evidence":"","filter_reason":"anomalie_non_corroboree"}},{"type":"Feature","geometry":{"type":"Point","coordinates":[7.2759,35.99969]},"properties":{"age_h":125.4,"recency":3,"frp":0.3,"confidence":"nominal","observations":1,"passes":1,"sensor_count":1,"sensors":"Suomi-NPP","effis_confirmed":false,"burned_confirmed":false,"evidence_score":0,"evidence":"","filter_reason":"anomalie_non_corroboree"}},{"type":"Feature","geometry":{"type":"Point","coordinates":[5.29976,61.7737]},"properties":{"age_h":125.2,"recency":3,"frp":0.8,"confidence":"nominal","observations":1,"passes":1,"sensor_count":1,"sensors":"NOAA-20","effis_confirmed":false,"burned_confirmed":false,"evidence_score":0,"evidence":"","filter_reason":"anomalie_non_corroboree"}},{"type":"Feature","geometry":{"type":"Point","coordinates":[-6.89431,37.18038]},"properties":{"age_h":125.1,"recency":3,"frp":1.4,"confidence":"nominal","observations":1,"passes":1,"sensor_count":1,"sensors":"NOAA-20","effis_confirmed":false,"burned_confirmed":false,"evidence_score":0,"evidence":"","filter_reason":"anomalie_non_corroboree"}},{"type":"Feature","geometry":{"type":"Point","coordinates":[-8.56827,42.2832]},"properties":{"age_h":124.4,"recency":3,"frp":0.9,"confidence":"nominal","observations":1,"passes":1,"sensor_count":1,"sensors":"NOAA-21","effis_confirmed":false,"burned_confirmed":false,"evidence_score":0,"evidence":"","filter_reason":"anomalie_non_corroboree"}},{"type":"Feature","geometry":{"type":"Point","coordinates":[28.43168,59.69651]},"properties":{"age_h":119.0,"recency":2,"frp":5.5,"confidence":"nominal","observations":1,"passes":1,"sensor_count":1,"sensors":"Suomi-NPP","effis_confirmed":false,"burned_confirmed":false,"evidence_score":0,"evidence":"","filter_reason":"anomalie_non_corroboree"}},{"type":"Feature","geometry":{"type":"Point","coordinates":[37.71059,48.55086]},"properties":{"age_h":118.8,"recency":2,"frp":3.2,"confidence":"nominal","observations":3,"passes":3,"sensor_count":1,"sensors":"NOAA-20","effis_confirmed":false,"burned_confirmed":false,"evidence_score":4,"evidence":"passages répétés, groupe spatial","filter_reason":"anomalie_non_corroboree"}},{"type":"Feature","geometry":{"type":"Point","coordinates":[40.54364,38.04955]},"properties":{"age_h":118.8,"recency":2,"frp":10.4,"confidence":"nominal","observations":2,"passes":1,"sensor_count":1,"sensors":"NOAA-20","effis_confirmed":false,"burned_confirmed":false,"evidence_score":1,"evidence":"","filter_reason":"anomalie_non_corroboree"}},{"type":"Feature","geometry":{"type":"Point","coordinates":[38.1767,48.16365]},"properties":{"age_h":118.8,"recency":2,"frp":15.3,"confidence":"nominal","observations":4,"passes":1,"sensor_count":1,"sensors":"NOAA-20","effis_confirmed":false,"burned_confirmed":false,"evidence_score":3,"evidence":"groupe spatial","filter_reason":"anomalie_non_corroboree"}},{"type":"Feature","geometry":{"type":"Point","coordinates":[36.05711,48.25135]},"properties":{"age_h":118.8,"recency":2,"frp":8.3,"confidence":"nominal","observations":1,"passes":1,"sensor_count":1,"sensors":"NOAA-20","effis_confirmed":false,"burned_confirmed":false,"evidence_score":0,"evidence":"","filter_reason":"anomalie_non_corroboree"}},{"type":"Feature","geometry":{"type":"Point","coordinates":[37.93866,48.59877]},"properties":{"age_h":118.8,"recency":2,"frp":5.2,"confidence":"nominal","observations":1,"passes":1,"sensor_count":1,"sensors":"NOAA-20","effis_confirmed":false,"burned_confirmed":false,"evidence_score":0,"evidence":"","filter_reason":"anomalie_non_corroboree"}},{"type":"Feature","geometry":{"type":"Point","coordinates":[36.76919,34.84861]},"properties":{"age_h":118.1,"recency":2,"frp":2.3,"confidence":"nominal","observations":1,"passes":1,"sensor_count":1,"sensors":"NOAA-21","effis_confirmed":false,"burned_confirmed":false,"evidence_score":0,"evidence":"","filter_reason":"anomalie_non_corroboree"}},{"type":"Feature","geometry":{"type":"Point","coordinates":[36.30902,35.40374]},"properties":{"age_h":118.1,"recency":2,"frp":2.5,"confidence":"nominal","observations":1,"passes":1,"sensor_count":1,"sensors":"NOAA-21","effis_confirmed":false,"burned_confirmed":false,"evidence_score":0,"evidence":"","filter_reason":"anomalie_non_corroboree"}},{"type":"Feature","geometry":{"type":"Point","coordinates":[36.64712,35.40841]},"properties":{"age_h":118.1,"recency":2,"frp":5.2,"confidence":"nominal","observations":1,"passes":1,"sensor_count":1,"sensors":"NOAA-21","effis_confirmed":false,"burned_confirmed":false,"evidence_score":0,"evidence":"","filter_reason":"anomalie_non_corroboree"}},{"type":"Feature","geometry":{"type":"Point","coordinates":[36.35917,35.53351]},"properties":{"age_h":118.1,"recency":2,"frp":4.7,"confidence":"nominal","observations":1,"passes":1,"sensor_count":1,"sensors":"NOAA-21","effis_confirmed":false,"burned_confirmed":false,"evidence_score":0,"evidence":"","filter_reason":"anomalie_non_corroboree"}},{"type":"Feature","geometry":{"type":"Point","coordinates":[38.06812,35.89677]},"properties":{"age_h":118.1,"recency":2,"frp":8.1,"confidence":"nominal","observations":1,"passes":1,"sensor_count":1,"sensors":"NOAA-21","effis_confirmed":false,"burned_confirmed":false,"evidence_score":0,"evidence":"","filter_reason":"anomalie_non_corroboree"}},{"type":"Feature","geometry":{"type":"Point","coordinates":[37.99991,35.9823]},"properties":{"age_h":118.1,"recency":2,"frp":11.5,"confidence":"nominal","observations":2,"passes":1,"sensor_count":1,"sensors":"NOAA-21","effis_confirmed":false,"burned_confirmed":false,"evidence_score":1,"evidence":"","filter_reason":"anomalie_non_corroboree"}},{"type":"Feature","geometry":{"type":"Point","coordinates":[37.54275,36.1712]},"properties":{"age_h":118.1,"recency":2,"frp":7.1,"confidence":"nominal","observations":1,"passes":1,"sensor_count":1,"sensors":"NOAA-21","effis_confirmed":false,"burned_confirmed":false,"evidence_score":0,"evidence":"","filter_reason":"anomalie_non_corroboree"}},{"type":"Feature","geometry":{"type":"Point","coordinates":[39.09919,36.40686]},"properties":{"age_h":118.1,"recency":2,"frp":33.9,"confidence":"nominal","observations":1,"passes":1,"sensor_count":1,"sensors":"NOAA-21","effis_confirmed":false,"burned_confirmed":false,"evidence_score":1,"evidence":"","filter_reason":"anomalie_non_corroboree"}},{"type":"Feature","geometry":{"type":"Point","coordinates":[40.43764,37.01479]},"properties":{"age_h":118.1,"recency":2,"frp":8.4,"confidence":"high","observations":1,"passes":1,"sensor_count":1,"sensors":"NOAA-21","effis_confirmed":false,"burned_confirmed":false,"evidence_score":1,"evidence":"confiance élevée","filter_reason":"anomalie_non_corroboree"}},{"type":"Feature","geometry":{"type":"Point","coordinates":[32.43793,37.78113]},"properties":{"age_h":118.0,"recency":2,"frp":4.4,"confidence":"nominal","observations":2,"passes":1,"sensor_count":1,"sensors":"NOAA-21","effis_confirmed":false,"burned_confirmed":false,"evidence_score":0,"evidence":"","filter_reason":"anomalie_non_corroboree"}},{"type":"Feature","geometry":{"type":"Point","coordinates":[33.47918,39.27017]},"properties":{"age_h":118.0,"recency":2,"frp":4.6,"confidence":"nominal","observations":1,"passes":1,"sensor_count":1,"sensors":"NOAA-21","effis_confirmed":false,"burned_confirmed":false,"evidence_score":0,"evidence":"","filter_reason":"anomalie_non_corroboree"}},{"type":"Feature","geometry":{"type":"Point","coordinates":[35.11148,39.41332]},"properties":{"age_h":118.0,"recency":2,"frp":5.7,"confidence":"nominal","observations":2,"passes":1,"sensor_count":1,"sensors":"NOAA-21","effis_confirmed":false,"burned_confirmed":false,"evidence_score":0,"evidence":"","filter_reason":"anomalie_non_corroboree"}},{"type":"Feature","geometry":{"type":"Point","coordinates":[33.64626,39.86874]},"properties":{"age_h":118.0,"recency":2,"frp":4.4,"confidence":"nominal","observations":2,"passes":1,"sensor_count":1,"sensors":"NOAA-21","effis_confirmed":false,"burned_confirmed":false,"evidence_score":0,"evidence":"","filter_reason":"anomalie_non_corroboree"}},{"type":"Feature","geometry":{"type":"Point","coordinates":[39.78917,44.60341]},"properties":{"age_h":118.0,"recency":2,"frp":16.3,"confidence":"nominal","observations":1,"passes":1,"sensor_count":1,"sensors":"NOAA-21","effis_confirmed":false,"burned_confirmed":false,"evidence_score":1,"evidence":"","filter_reason":"anomalie_non_corroboree"}},{"type":"Feature","geometry":{"type":"Point","coordinates":[40.27313,44.8945]},"properties":{"age_h":118.0,"recency":2,"frp":7.4,"confidence":"nominal","observations":1,"passes":1,"sensor_count":1,"sensors":"NOAA-21","effis_confirmed":false,"burned_confirmed":false,"evidence_score":0,"evidence":"","filter_reason":"anomalie_non_corroboree"}},{"type":"Feature","geometry":{"type":"Point","coordinates":[38.32881,45.13584]},"properties":{"age_h":118.0,"recency":2,"frp":12.7,"confidence":"nominal","observations":1,"passes":1,"sensor_count":1,"sensors":"NOAA-21","effis_confirmed":false,"burned_confirmed":false,"evidence_score":1,"evidence":"","filter_reason":"anomalie_non_corroboree"}},{"type":"Feature","geometry":{"type":"Point","coordinates":[36.99767,47.72722]},"properties":{"age_h":118.0,"recency":2,"frp":6.4,"confidence":"nominal","observations":2,"passes":1,"sensor_count":1,"sensors":"NOAA-21","effis_confirmed":false,"burned_confirmed":false,"evidence_score":0,"evidence":"","filter_reason":"anomalie_non_corroboree"}},{"type":"Feature","geometry":{"type":"Point","coordinates":[37.18095,47.81655]},"properties":{"age_h":118.0,"recency":2,"frp":28.7,"confidence":"nominal","observations":7,"passes":1,"sensor_count":1,"sensors":"NOAA-21","effis_confirmed":false,"burned_confirmed":false,"evidence_score":3,"evidence":"groupe spatial","filter_reason":"anomalie_non_corroboree"}},{"type":"Feature","geometry":{"type":"Point","coordinates":[37.54797,48.01121]},"properties":{"age_h":118.0,"recency":2,"frp":2.5,"confidence":"nominal","observations":1,"passes":1,"sensor_count":1,"sensors":"NOAA-21","effis_confirmed":false,"burned_confirmed":false,"evidence_score":0,"evidence":"","filter_reason":"anomalie_non_corroboree"}},{"type":"Feature","geometry":{"type":"Point","coordinates":[36.8915,48.22502]},"properties":{"age_h":118.0,"recency":2,"frp":7.9,"confidence":"nominal","observations":1,"passes":1,"sensor_count":1,"sensors":"NOAA-21","effis_confirmed":false,"burned_confirmed":false,"evidence_score":0,"evidence":"","filter_reason":"anomalie_non_corroboree"}},{"type":"Feature","geometry":{"type":"Point","coordinates":[37.59187,48.25156]},"properties":{"age_h":118.0,"recency":2,"frp":5.7,"confidence":"nominal","observations":3,"passes":1,"sensor_count":1,"sensors":"NOAA-21","effis_confirmed":false,"burned_confirmed":false,"evidence_score":2,"evidence":"groupe spatial","filter_reason":"anomalie_non_corroboree"}},{"type":"Feature","geometry":{"type":"Point","coordinates":[37.68241,48.32463]},"properties":{"age_h":118.0,"recency":2,"frp":4.7,"confidence":"nominal","observations":1,"passes":1,"sensor_count":1,"sensors":"NOAA-21","effis_confirmed":false,"burned_confirmed":false,"evidence_score":0,"evidence":"","filter_reason":"anomalie_non_corroboree"}},{"type":"Feature","geometry":{"type":"Point","coordinates":[36.70554,48.42277]},"properties":{"age_h":118.0,"recency":2,"frp":2.8,"confidence":"nominal","observations":1,"passes":1,"sensor_count":1,"sensors":"NOAA-21","effis_confirmed":false,"burned_confirmed":false,"evidence_score":0,"evidence":"","filter_reason":"anomalie_non_corroboree"}},{"type":"Feature","geometry":{"type":"Point","coordinates":[38.4141,48.46896]},"properties":{"age_h":118.0,"recency":2,"frp":12.0,"confidence":"nominal","observations":2,"passes":1,"sensor_count":1,"sensors":"NOAA-21","effis_confirmed":false,"burned_confirmed":false,"evidence_score":1,"evidence":"","filter_reason":"anomalie_non_corroboree"}},{"type":"Feature","geometry":{"type":"Point","coordinates":[37.84946,48.90996]},"properties":{"age_h":118.0,"recency":2,"frp":5.1,"confidence":"nominal","observations":1,"passes":1,"sensor_count":1,"sensors":"NOAA-21","effis_confirmed":false,"burned_confirmed":false,"evidence_score":0,"evidence":"","filter_reason":"anomalie_non_corroboree"}},{"type":"Feature","geometry":{"type":"Point","coordinates":[37.82526,48.95011]},"properties":{"age_h":118.0,"recency":2,"frp":3.4,"confidence":"nominal","observations":1,"passes":1,"sensor_count":1,"sensors":"NOAA-21","effis_confirmed":false,"burned_confirmed":false,"evidence_score":0,"evidence":"","filter_reason":"anomalie_non_corroboree"}},{"type":"Feature","geometry":{"type":"Point","coordinates":[37.88757,48.95483]},"properties":{"age_h":118.0,"recency":2,"frp":2.1,"confidence":"nominal","observations":1,"passes":1,"sensor_count":1,"sensors":"NOAA-21","effis_confirmed":false,"burned_confirmed":false,"evidence_score":0,"evidence":"","filter_reason":"anomalie_non_corroboree"}},{"type":"Feature","geometry":{"type":"Point","coordinates":[38.37522,49.18991]},"properties":{"age_h":118.0,"recency":2,"frp":5.1,"confidence":"nominal","observations":2,"passes":1,"sensor_count":1,"sensors":"NOAA-21","effis_confirmed":false,"burned_confirmed":false,"evidence_score":0,"evidence":"","filter_reason":"anomalie_non_corroboree"}},{"type":"Feature","geometry":{"type":"Point","coordinates":[35.48839,49.34273]},"properties":{"age_h":118.0,"recency":2,"frp":5.7,"confidence":"nominal","observations":1,"passes":1,"sensor_count":1,"sensors":"NOAA-21","effis_confirmed":false,"burned_confirmed":false,"evidence_score":0,"evidence":"","filter_reason":"anomalie_non_corroboree"}},{"type":"Feature","geometry":{"type":"Point","coordinates":[37.65332,49.65877]},"properties":{"age_h":118.0,"recency":2,"frp":3.4,"confidence":"nominal","observations":1,"passes":1,"sensor_count":1,"sensors":"NOAA-21","effis_confirmed":false,"burned_confirmed":false,"evidence_score":0,"evidence":"","filter_reason":"anomalie_non_corroboree"}},{"type":"Feature","geometry":{"type":"Point","coordinates":[32.73162,51.61752]},"properties":{"age_h":118.0,"recency":2,"frp":2.3,"confidence":"nominal","observations":1,"passes":1,"sensor_count":1,"sensors":"NOAA-21","effis_confirmed":false,"burned_confirmed":false,"evidence_score":0,"evidence":"","filter_reason":"anomalie_non_corroboree"}},{"type":"Feature","geometry":{"type":"Point","coordinates":[34.91623,53.1537]},"properties":{"age_h":118.0,"recency":2,"frp":2.9,"confidence":"nominal","observations":1,"passes":1,"sensor_count":1,"sensors":"NOAA-21","effis_confirmed":false,"burned_confirmed":false,"evidence_score":0,"evidence":"","filter_reason":"anomalie_non_corroboree"}},{"type":"Feature","geometry":{"type":"Point","coordinates":[39.47189,56.78275]},"properties":{"age_h":118.0,"recency":2,"frp":2.2,"confidence":"nominal","observations":1,"passes":1,"sensor_count":1,"sensors":"NOAA-21","effis_confirmed":false,"burned_confirmed":false,"evidence_score":0,"evidence":"","filter_reason":"anomalie_non_corroboree"}},{"type":"Feature","geometry":{"type":"Point","coordinates":[15.49479,58.77145]},"properties":{"age_h":117.9,"recency":2,"frp":4.6,"confidence":"nominal","observations":1,"passes":1,"sensor_count":1,"sensors":"NOAA-21","effis_confirmed":false,"burned_confirmed":false,"evidence_score":0,"evidence":"","filter_reason":"anomalie_non_corroboree"}},{"type":"Feature","geometry":{"type":"Point","coordinates":[41.58039,36.88623]},"properties":{"age_h":117.5,"recency":2,"frp":14.4,"confidence":"high","observations":1,"passes":1,"sensor_count":1,"sensors":"Suomi-NPP","effis_confirmed":false,"burned_confirmed":false,"evidence_score":2,"evidence":"confiance élevée","filter_reason":"anomalie_non_corroboree"}},{"type":"Feature","geometry":{"type":"Point","coordinates":[29.94883,38.16837]},"properties":{"age_h":117.4,"recency":2,"frp":26.3,"confidence":"nominal","observations":2,"passes":1,"sensor_count":1,"sensors":"Suomi-NPP","effis_confirmed":false,"burned_confirmed":false,"evidence_score":1,"evidence":"","filter_reason":"anomalie_non_corroboree"}},{"type":"Feature","geometry":{"type":"Point","coordinates":[41.23872,39.89548]},"properties":{"age_h":117.4,"recency":2,"frp":4.3,"confidence":"nominal","observations":1,"passes":1,"sensor_count":1,"sensors":"Suomi-NPP","effis_confirmed":false,"burned_confirmed":false,"evidence_score":0,"evidence":"","filter_reason":"anomalie_non_corroboree"}},{"type":"Feature","geometry":{"type":"Point","coordinates":[21.86235,40.45736]},"properties":{"age_h":117.4,"recency":2,"frp":4.4,"confidence":"nominal","observations":1,"passes":1,"sensor_count":1,"sensors":"Suomi-NPP","effis_confirmed":false,"burned_confirmed":false,"evidence_score":0,"evidence":"","filter_reason":"anomalie_non_corroboree"}},{"type":"Feature","geometry":{"type":"Point","coordinates":[22.52909,41.16181]},"properties":{"age_h":117.4,"recency":2,"frp":2.7,"confidence":"nominal","observations":1,"passes":1,"sensor_count":1,"sensors":"Suomi-NPP","effis_confirmed":false,"burned_confirmed":false,"evidence_score":0,"evidence":"","filter_reason":"anomalie_non_corroboree"}},{"type":"Feature","geometry":{"type":"Point","coordinates":[24.83523,42.33098]},"properties":{"age_h":117.4,"recency":2,"frp":1.8,"confidence":"nominal","observations":3,"passes":1,"sensor_count":1,"sensors":"Suomi-NPP","effis_confirmed":false,"burned_confirmed":false,"evidence_score":2,"evidence":"groupe spatial","filter_reason":"anomalie_non_corroboree"}},{"type":"Feature","geometry":{"type":"Point","coordinates":[39.21021,45.06318]},"properties":{"age_h":117.4,"recency":2,"frp":1.7,"confidence":"nominal","observations":1,"passes":1,"sensor_count":1,"sensors":"Suomi-NPP","effis_confirmed":false,"burned_confirmed":false,"evidence_score":0,"evidence":"","filter_reason":"anomalie_non_corroboree"}},{"type":"Feature","geometry":{"type":"Point","coordinates":[23.10196,47.28769]},"properties":{"age_h":117.4,"recency":2,"frp":1.6,"confidence":"nominal","observations":1,"passes":1,"sensor_count":1,"sensors":"Suomi-NPP","effis_confirmed":false,"burned_confirmed":false,"evidence_score":0,"evidence":"","filter_reason":"anomalie_non_corroboree"}},{"type":"Feature","geometry":{"type":"Point","coordinates":[36.72591,47.53217]},"properties":{"age_h":117.4,"recency":2,"frp":5.9,"confidence":"nominal","observations":1,"passes":1,"sensor_count":1,"sensors":"Suomi-NPP","effis_confirmed":false,"burned_confirmed":false,"evidence_score":0,"evidence":"","filter_reason":"anomalie_non_corroboree"}},{"type":"Feature","geometry":{"type":"Point","coordinates":[37.86283,48.23681]},"properties":{"age_h":117.4,"recency":2,"frp":5.8,"confidence":"nominal","observations":1,"passes":1,"sensor_count":1,"sensors":"Suomi-NPP","effis_confirmed":false,"burned_confirmed":false,"evidence_score":0,"evidence":"","filter_reason":"anomalie_non_corroboree"}},{"type":"Feature","geometry":{"type":"Point","coordinates":[37.04448,48.31357]},"properties":{"age_h":117.4,"recency":2,"frp":5.6,"confidence":"nominal","observations":1,"passes":1,"sensor_count":1,"sensors":"Suomi-NPP","effis_confirmed":false,"burned_confirmed":false,"evidence_score":0,"evidence":"","filter_reason":"anomalie_non_corroboree"}},{"type":"Feature","geometry":{"type":"Point","coordinates":[37.17542,48.40672]},"properties":{"age_h":117.4,"recency":2,"frp":2.5,"confidence":"nominal","observations":1,"passes":1,"sensor_count":1,"sensors":"Suomi-NPP","effis_confirmed":false,"burned_confirmed":false,"evidence_score":0,"evidence":"","filter_reason":"anomalie_non_corroboree"}},{"type":"Feature","geometry":{"type":"Point","coordinates":[37.11322,48.46352]},"properties":{"age_h":117.4,"recency":2,"frp":2.6,"confidence":"nominal","observations":1,"passes":1,"sensor_count":1,"sensors":"Suomi-NPP","effis_confirmed":false,"burned_confirmed":false,"evidence_score":0,"evidence":"","filter_reason":"anomalie_non_corroboree"}},{"type":"Feature","geometry":{"type":"Point","coordinates":[37.92986,48.54004]},"properties":{"age_h":117.4,"recency":2,"frp":6.7,"confidence":"nominal","observations":1,"passes":1,"sensor_count":1,"sensors":"Suomi-NPP","effis_confirmed":false,"burned_confirmed":false,"evidence_score":0,"evidence":"","filter_reason":"anomalie_non_corroboree"}},{"type":"Feature","geometry":{"type":"Point","coordinates":[37.91717,48.66387]},"properties":{"age_h":117.4,"recency":2,"frp":5.1,"confidence":"nominal","observations":3,"passes":1,"sensor_count":1,"sensors":"Suomi-NPP","effis_confirmed":false,"burned_confirmed":false,"evidence_score":2,"evidence":"groupe spatial","filter_reason":"anomalie_non_corroboree"}},{"type":"Feature","geometry":{"type":"Point","coordinates":[38.22817,48.877]},"properties":{"age_h":117.4,"recency":2,"frp":3.5,"confidence":"nominal","observations":2,"passes":1,"sensor_count":1,"sensors":"Suomi-NPP","effis_confirmed":false,"burned_confirmed":false,"evidence_score":0,"evidence":"","filter_reason":"anomalie_non_corroboree"}},{"type":"Feature","geometry":{"type":"Point","coordinates":[38.01061,49.01983]},"properties":{"age_h":117.4,"recency":2,"frp":3.8,"confidence":"nominal","observations":1,"passes":1,"sensor_count":1,"sensors":"Suomi-NPP","effis_confirmed":false,"burned_confirmed":false,"evidence_score":0,"evidence":"","filter_reason":"anomalie_non_corroboree"}},{"type":"Feature","geometry":{"type":"Point","coordinates":[37.6402,49.11653]},"properties":{"age_h":117.4,"recency":2,"frp":3.1,"confidence":"nominal","observations":1,"passes":1,"sensor_count":1,"sensors":"Suomi-NPP","effis_confirmed":false,"burned_confirmed":false,"evidence_score":0,"evidence":"","filter_reason":"anomalie_non_corroboree"}},{"type":"Feature","geometry":{"type":"Point","coordinates":[38.67116,49.24492]},"properties":{"age_h":117.4,"recency":2,"frp":1.6,"confidence":"nominal","observations":1,"passes":1,"sensor_count":1,"sensors":"Suomi-NPP","effis_confirmed":false,"burned_confirmed":false,"evidence_score":0,"evidence":"","filter_reason":"anomalie_non_corroboree"}},{"type":"Feature","geometry":{"type":"Point","coordinates":[32.50647,50.31326]},"properties":{"age_h":117.4,"recency":2,"frp":1.4,"confidence":"nominal","observations":1,"passes":1,"sensor_count":1,"sensors":"Suomi-NPP","effis_confirmed":false,"burned_confirmed":false,"evidence_score":0,"evidence":"","filter_reason":"anomalie_non_corroboree"}},{"type":"Feature","geometry":{"type":"Point","coordinates":[36.68038,50.43337]},"properties":{"age_h":117.4,"recency":2,"frp":2.5,"confidence":"nominal","observations":1,"passes":1,"sensor_count":1,"sensors":"Suomi-NPP","effis_confirmed":false,"burned_confirmed":false,"evidence_score":0,"evidence":"","filter_reason":"anomalie_non_corroboree"}},{"type":"Feature","geometry":{"type":"Point","coordinates":[34.31801,51.79515]},"properties":{"age_h":117.4,"recency":2,"frp":4.8,"confidence":"nominal","observations":1,"passes":1,"sensor_count":1,"sensors":"Suomi-NPP","effis_confirmed":false,"burned_confirmed":false,"evidence_score":0,"evidence":"","filter_reason":"anomalie_non_corroboree"}},{"type":"Feature","geometry":{"type":"Point","coordinates":[35.00937,53.13743]},"properties":{"age_h":117.4,"recency":2,"frp":2.8,"confidence":"nominal","observations":1,"passes":1,"sensor_count":1,"sensors":"Suomi-NPP","effis_confirmed":false,"burned_confirmed":false,"evidence_score":0,"evidence":"","filter_reason":"anomalie_non_corroboree"}},{"type":"Feature","geometry":{"type":"Point","coordinates":[30.56537,54.06297]},"properties":{"age_h":117.4,"recency":2,"frp":2.6,"confidence":"nominal","observations":1,"passes":1,"sensor_count":1,"sensors":"Suomi-NPP","effis_confirmed":false,"burned_confirmed":false,"evidence_score":0,"evidence":"","filter_reason":"anomalie_non_corroboree"}},{"type":"Feature","geometry":{"type":"Point","coordinates":[37.5197,55.7141]},"properties":{"age_h":117.4,"recency":2,"frp":2.4,"confidence":"nominal","observations":1,"passes":1,"sensor_count":1,"sensors":"Suomi-NPP","effis_confirmed":false,"burned_confirmed":false,"evidence_score":0,"evidence":"","filter_reason":"anomalie_non_corroboree"}},{"type":"Feature","geometry":{"type":"Point","coordinates":[38.13703,48.99085]},"properties":{"age_h":117.1,"recency":2,"frp":3.5,"confidence":"nominal","observations":2,"passes":2,"sensor_count":1,"sensors":"NOAA-20","effis_confirmed":false,"burned_confirmed":false,"evidence_score":2,"evidence":"passages répétés","filter_reason":"anomalie_non_corroboree"}},{"type":"Feature","geometry":{"type":"Point","coordinates":[36.94414,35.6151]},"properties":{"age_h":117.1,"recency":2,"frp":9.5,"confidence":"nominal","observations":1,"passes":1,"sensor_count":1,"sensors":"NOAA-20","effis_confirmed":false,"burned_confirmed":false,"evidence_score":0,"evidence":"","filter_reason":"anomalie_non_corroboree"}},{"type":"Feature","geometry":{"type":"Point","coordinates":[37.68436,36.18061]},"properties":{"age_h":117.1,"recency":2,"frp":5.3,"confidence":"nominal","observations":1,"passes":1,"sensor_count":1,"sensors":"NOAA-20","effis_confirmed":false,"burned_confirmed":false,"evidence_score":0,"evidence":"","filter_reason":"anomalie_non_corroboree"}},{"type":"Feature","geometry":{"type":"Point","coordinates":[36.76339,36.20176]},"properties":{"age_h":117.1,"recency":2,"frp":2.5,"confidence":"nominal","observations":1,"passes":1,"sensor_count":1,"sensors":"NOAA-20","effis_confirmed":false,"burned_confirmed":false,"evidence_score":0,"evidence":"","filter_reason":"anomalie_non_corroboree"}},{"type":"Feature","geometry":{"type":"Point","coordinates":[37.10486,36.3071]},"properties":{"age_h":117.1,"recency":2,"frp":6.3,"confidence":"nominal","observations":2,"passes":1,"sensor_count":1,"sensors":"NOAA-20","effis_confirmed":false,"burned_confirmed":false,"evidence_score":0,"evidence":"","filter_reason":"anomalie_non_corroboree"}},{"type":"Feature","geometry":{"type":"Point","coordinates":[41.87593,36.3102]},"properties":{"age_h":117.1,"recency":2,"frp":18.8,"confidence":"nominal","observations":1,"passes":1,"sensor_count":1,"sensors":"NOAA-20","effis_confirmed":false,"burned_confirmed":false,"evidence_score":1,"evidence":"","filter_reason":"anomalie_non_corroboree"}},{"type":"Feature","geometry":{"type":"Point","coordinates":[39.05948,36.46589]},"properties":{"age_h":117.1,"recency":2,"frp":6.0,"confidence":"nominal","observations":1,"passes":1,"sensor_count":1,"sensors":"NOAA-20","effis_confirmed":false,"burned_confirmed":false,"evidence_score":0,"evidence":"","filter_reason":"anomalie_non_corroboree"}},{"type":"Feature","geometry":{"type":"Point","coordinates":[41.72292,36.80722]},"properties":{"age_h":117.1,"recency":2,"frp":10.5,"confidence":"nominal","observations":1,"passes":1,"sensor_count":1,"sensors":"NOAA-20","effis_confirmed":false,"burned_confirmed":false,"evidence_score":1,"evidence":"","filter_reason":"anomalie_non_corroboree"}},{"type":"Feature","geometry":{"type":"Point","coordinates":[34.7389,36.87205]},"properties":{"age_h":117.1,"recency":2,"frp":1.8,"confidence":"nominal","observations":1,"passes":1,"sensor_count":1,"sensors":"NOAA-20","effis_confirmed":false,"burned_confirmed":false,"evidence_score":0,"evidence":"","filter_reason":"anomalie_non_corroboree"}},{"type":"Feature","geometry":{"type":"Point","coordinates":[40.15067,37.89828]},"properties":{"age_h":117.1,"recency":2,"frp":12.9,"confidence":"nominal","observations":1,"passes":1,"sensor_count":1,"sensors":"NOAA-20","effis_confirmed":false,"burned_confirmed":false,"evidence_score":1,"evidence":"","filter_reason":"anomalie_non_corroboree"}},{"type":"Feature","geometry":{"type":"Point","coordinates":[27.32391,38.30138]},"properties":{"age_h":117.1,"recency":2,"frp":9.5,"confidence":"nominal","observations":2,"passes":1,"sensor_count":1,"sensors":"NOAA-20","effis_confirmed":false,"burned_confirmed":false,"evidence_score":0,"evidence":"","filter_reason":"anomalie_non_corroboree"}},{"type":"Feature","geometry":{"type":"Point","coordinates":[34.03081,38.85261]},"properties":{"age_h":117.1,"recency":2,"frp":3.2,"confidence":"nominal","observations":1,"passes":1,"sensor_count":1,"sensors":"NOAA-20","effis_confirmed":false,"burned_confirmed":false,"evidence_score":0,"evidence":"","filter_reason":"anomalie_non_corroboree"}},{"type":"Feature","geometry":{"type":"Point","coordinates":[33.15328,39.97484]},"properties":{"age_h":117.1,"recency":2,"frp":8.4,"confidence":"nominal","observations":2,"passes":1,"sensor_count":1,"sensors":"NOAA-20","effis_confirmed":false,"burned_confirmed":false,"evidence_score":0,"evidence":"","filter_reason":"anomalie_non_corroboree"}},{"type":"Feature","geometry":{"type":"Point","coordinates":[35.5898,40.4581]},"properties":{"age_h":117.1,"recency":2,"frp":3.1,"confidence":"nominal","observations":1,"passes":1,"sensor_count":1,"sensors":"NOAA-20","effis_confirmed":false,"burned_confirmed":false,"evidence_score":0,"evidence":"","filter_reason":"anomalie_non_corroboree"}},{"type":"Feature","geometry":{"type":"Point","coordinates":[20.04276,39.73717]},"properties":{"age_h":117.1,"recency":2,"frp":6.2,"confidence":"nominal","observations":1,"passes":1,"sensor_count":1,"sensors":"NOAA-20","effis_confirmed":false,"burned_confirmed":false,"evidence_score":0,"evidence":"","filter_reason":"anomalie_non_corroboree"}},{"type":"Feature","geometry":{"type":"Point","coordinates":[17.85311,40.49323]},"properties":{"age_h":117.1,"recency":2,"frp":4.9,"confidence":"nominal","observations":2,"passes":1,"sensor_count":1,"sensors":"NOAA-20","effis_confirmed":false,"burned_confirmed":false,"evidence_score":0,"evidence":"","filter_reason":"anomalie_non_corroboree"}},{"type":"Feature","geometry":{"type":"Point","coordinates":[17.38182,40.58913]},"properties":{"age_h":117.1,"recency":2,"frp":2.7,"confidence":"nominal","observations":1,"passes":1,"sensor_count":1,"sensors":"NOAA-20","effis_confirmed":false,"burned_confirmed":false,"evidence_score":0,"evidence":"","filter_reason":"anomalie_non_corroboree"}},{"type":"Feature","geometry":{"type":"Point","coordinates":[20.14952,40.59697]},"properties":{"age_h":117.1,"recency":2,"frp":2.3,"confidence":"nominal","observations":1,"passes":1,"sensor_count":1,"sensors":"NOAA-20","effis_confirmed":false,"burned_confirmed":false,"evidence_score":0,"evidence":"","filter_reason":"anomalie_non_corroboree"}},{"type":"Feature","geometry":{"type":"Point","coordinates":[16.95245,40.60564]},"properties":{"age_h":117.1,"recency":2,"frp":2.9,"confidence":"nominal","observations":1,"passes":1,"sensor_count":1,"sensors":"NOAA-20","effis_confirmed":false,"burned_confirmed":false,"evidence_score":0,"evidence":"","filter_reason":"anomalie_non_corroboree"}},{"type":"Feature","geometry":{"type":"Point","coordinates":[16.96578,41.0526]},"properties":{"age_h":117.1,"recency":2,"frp":2.0,"confidence":"nominal","observations":1,"passes":1,"sensor_count":1,"sensors":"NOAA-20","effis_confirmed":false,"burned_confirmed":false,"evidence_score":0,"evidence":"","filter_reason":"anomalie_non_corroboree"}},{"type":"Feature","geometry":{"type":"Point","coordinates":[23.32168,43.90654]},"properties":{"age_h":117.1,"recency":2,"frp":9.0,"confidence":"nominal","observations":1,"passes":1,"sensor_count":1,"sensors":"NOAA-20","effis_confirmed":false,"burned_confirmed":false,"evidence_score":0,"evidence":"","filter_reason":"anomalie_non_corroboree"}},{"type":"Feature","geometry":{"type":"Point","coordinates":[23.05154,44.24357]},"properties":{"age_h":117.1,"recency":2,"frp":5.3,"confidence":"nominal","observations":1,"passes":1,"sensor_count":1,"sensors":"NOAA-20","effis_confirmed":false,"burned_confirmed":false,"evidence_score":0,"evidence":"","filter_reason":"anomalie_non_corroboree"}},{"type":"Feature","geometry":{"type":"Point","coordinates":[19.28969,44.59284]},"properties":{"age_h":117.1,"recency":2,"frp":1.1,"confidence":"nominal","observations":1,"passes":1,"sensor_count":1,"sensors":"NOAA-20","effis_confirmed":false,"burned_confirmed":false,"evidence_score":0,"evidence":"","filter_reason":"anomalie_non_corroboree"}},{"type":"Feature","geometry":{"type":"Point","coordinates":[39.30985,44.94262]},"properties":{"age_h":117.1,"recency":2,"frp":5.9,"confidence":"nominal","observations":1,"passes":1,"sensor_count":1,"sensors":"NOAA-20","effis_confirmed":false,"burned_confirmed":false,"evidence_score":0,"evidence":"","filter_reason":"anomalie_non_corroboree"}},{"type":"Feature","geometry":{"type":"Point","coordinates":[32.2235,47.76765]},"properties":{"age_h":117.1,"recency":2,"frp":3.0,"confidence":"nominal","observations":1,"passes":1,"sensor_count":1,"sensors":"NOAA-20","effis_confirmed":false,"burned_confirmed":false,"evidence_score":0,"evidence":"","filter_reason":"anomalie_non_corroboree"}},{"type":"Feature","geometry":{"type":"Point","coordinates":[36.47125,48.27547]},"properties":{"age_h":117.1,"recency":2,"frp":3.8,"confidence":"nominal","observations":1,"passes":1,"sensor_count":1,"sensors":"NOAA-20","effis_confirmed":false,"burned_confirmed":false,"evidence_score":0,"evidence":"","filter_reason":"anomalie_non_corroboree"}},{"type":"Feature","geometry":{"type":"Point","coordinates":[36.49911,48.32145]},"properties":{"age_h":117.1,"recency":2,"frp":4.4,"confidence":"nominal","observations":2,"passes":1,"sensor_count":1,"sensors":"NOAA-20","effis_confirmed":false,"burned_confirmed":false,"evidence_score":0,"evidence":"","filter_reason":"anomalie_non_corroboree"}},{"type":"Feature","geometry":{"type":"Point","coordinates":[38.40431,48.70919]},"properties":{"age_h":117.1,"recency":2,"frp":3.5,"confidence":"nominal","observations":1,"passes":1,"sensor_count":1,"sensors":"NOAA-20","effis_confirmed":false,"burned_confirmed":false,"evidence_score":0,"evidence":"","filter_reason":"anomalie_non_corroboree"}},{"type":"Feature","geometry":{"type":"Point","coordinates":[18.0088,45.55454]},"properties":{"age_h":117.1,"recency":2,"frp":1.9,"confidence":"nominal","observations":1,"passes":1,"sensor_count":1,"sensors":"NOAA-20","effis_confirmed":false,"burned_confirmed":false,"evidence_score":0,"evidence":"","filter_reason":"anomalie_non_corroboree"}},{"type":"Feature","geometry":{"type":"Point","coordinates":[16.37846,46.95006]},"properties":{"age_h":117.1,"recency":2,"frp":2.2,"confidence":"nominal","observations":1,"passes":1,"sensor_count":1,"sensors":"NOAA-20","effis_confirmed":false,"burned_confirmed":false,"evidence_score":0,"evidence":"","filter_reason":"anomalie_non_corroboree"}},{"type":"Feature","geometry":{"type":"Point","coordinates":[29.57889,48.5945]},"properties":{"age_h":117.1,"recency":2,"frp":3.6,"confidence":"nominal","observations":1,"passes":1,"sensor_count":1,"sensors":"NOAA-20","effis_confirmed":false,"burned_confirmed":false,"evidence_score":0,"evidence":"","filter_reason":"anomalie_non_corroboree"}},{"type":"Feature","geometry":{"type":"Point","coordinates":[33.57632,48.86724]},"properties":{"age_h":117.1,"recency":2,"frp":3.0,"confidence":"nominal","observations":1,"passes":1,"sensor_count":1,"sensors":"NOAA-20","effis_confirmed":false,"burned_confirmed":false,"evidence_score":0,"evidence":"","filter_reason":"anomalie_non_corroboree"}},{"type":"Feature","geometry":{"type":"Point","coordinates":[35.6339,48.88156]},"properties":{"age_h":117.1,"recency":2,"frp":4.3,"confidence":"nominal","observations":1,"passes":1,"sensor_count":1,"sensors":"NOAA-20","effis_confirmed":false,"burned_confirmed":false,"evidence_score":0,"evidence":"","filter_reason":"anomalie_non_corroboree"}},{"type":"Feature","geometry":{"type":"Point","coordinates":[38.15884,49.00545]},"properties":{"age_h":117.1,"recency":2,"frp":15.7,"confidence":"nominal","observations":1,"passes":1,"sensor_count":1,"sensors":"NOAA-20","effis_confirmed":false,"burned_confirmed":false,"evidence_score":1,"evidence":"","filter_reason":"anomalie_non_corroboree"}},{"type":"Feature","geometry":{"type":"Point","coordinates":[38.05824,49.46241]},"properties":{"age_h":117.1,"recency":2,"frp":10.1,"confidence":"nominal","observations":3,"passes":1,"sensor_count":1,"sensors":"NOAA-20","effis_confirmed":false,"burned_confirmed":false,"evidence_score":3,"evidence":"groupe spatial","filter_reason":"anomalie_non_corroboree"}},{"type":"Feature","geometry":{"type":"Point","coordinates":[37.62894,49.98234]},"properties":{"age_h":117.1,"recency":2,"frp":3.8,"confidence":"nominal","observations":1,"passes":1,"sensor_count":1,"sensors":"NOAA-20","effis_confirmed":false,"burned_confirmed":false,"evidence_score":0,"evidence":"","filter_reason":"anomalie_non_corroboree"}},{"type":"Feature","geometry":{"type":"Point","coordinates":[37.11848,50.19748]},"properties":{"age_h":117.1,"recency":2,"frp":1.9,"confidence":"nominal","observations":1,"passes":1,"sensor_count":1,"sensors":"NOAA-20","effis_confirmed":false,"burned_confirmed":false,"evidence_score":0,"evidence":"","filter_reason":"anomalie_non_corroboree"}},{"type":"Feature","geometry":{"type":"Point","coordinates":[34.03405,52.19474]},"properties":{"age_h":117.1,"recency":2,"frp":3.0,"confidence":"nominal","observations":1,"passes":1,"sensor_count":1,"sensors":"NOAA-20","effis_confirmed":false,"burned_confirmed":false,"evidence_score":0,"evidence":"","filter_reason":"anomalie_non_corroboree"}},{"type":"Feature","geometry":{"type":"Point","coordinates":[30.16905,54.69399]},"properties":{"age_h":117.1,"recency":2,"frp":4.7,"confidence":"nominal","observations":1,"passes":1,"sensor_count":1,"sensors":"NOAA-20","effis_confirmed":false,"burned_confirmed":false,"evidence_score":0,"evidence":"","filter_reason":"anomalie_non_corroboree"}},{"type":"Feature","geometry":{"type":"Point","coordinates":[35.75363,54.77882]},"properties":{"age_h":117.1,"recency":2,"frp":1.9,"confidence":"nominal","observations":1,"passes":1,"sensor_count":1,"sensors":"NOAA-20","effis_confirmed":false,"burned_confirmed":false,"evidence_score":0,"evidence":"","filter_reason":"anomalie_non_corroboree"}},{"type":"Feature","geometry":{"type":"Point","coordinates":[21.60496,60.8105]},"properties":{"age_h":117.0,"recency":2,"frp":14.2,"confidence":"nominal","observations":2,"passes":1,"sensor_count":1,"sensors":"NOAA-20","effis_confirmed":false,"burned_confirmed":false,"evidence_score":1,"evidence":"","filter_reason":"anomalie_non_corroboree"}},{"type":"Feature","geometry":{"type":"Point","coordinates":[21.59158,60.82954]},"properties":{"age_h":117.0,"recency":2,"frp":3.8,"confidence":"nominal","observations":5,"passes":1,"sensor_count":1,"sensors":"NOAA-20","effis_confirmed":false,"burned_confirmed":false,"evidence_score":2,"evidence":"groupe spatial","filter_reason":"anomalie_non_corroboree"}},{"type":"Feature","geometry":{"type":"Point","coordinates":[21.64255,61.32789]},"properties":{"age_h":117.0,"recency":2,"frp":30.3,"confidence":"nominal","observations":3,"passes":1,"sensor_count":1,"sensors":"NOAA-20","effis_confirmed":false,"burned_confirmed":false,"evidence_score":3,"evidence":"groupe spatial","filter_reason":"anomalie_non_corroboree"}},{"type":"Feature","geometry":{"type":"Point","coordinates":[36.48204,35.32254]},"properties":{"age_h":116.4,"recency":2,"frp":5.0,"confidence":"nominal","observations":1,"passes":1,"sensor_count":1,"sensors":"NOAA-21","effis_confirmed":false,"burned_confirmed":false,"evidence_score":0,"evidence":"","filter_reason":"anomalie_non_corroboree"}},{"type":"Feature","geometry":{"type":"Point","coordinates":[36.73241,36.00084]},"properties":{"age_h":116.4,"recency":2,"frp":4.5,"confidence":"nominal","observations":1,"passes":1,"sensor_count":1,"sensors":"NOAA-21","effis_confirmed":false,"burned_confirmed":false,"evidence_score":0,"evidence":"","filter_reason":"anomalie_non_corroboree"}},{"type":"Feature","geometry":{"type":"Point","coordinates":[6.8636,36.12022]},"properties":{"age_h":116.4,"recency":2,"frp":8.8,"confidence":"nominal","observations":1,"passes":1,"sensor_count":1,"sensors":"NOAA-21","effis_confirmed":false,"burned_confirmed":false,"evidence_score":0,"evidence":"","filter_reason":"anomalie_non_corroboree"}},{"type":"Feature","geometry":{"type":"Point","coordinates":[37.04902,36.32813]},"properties":{"age_h":116.4,"recency":2,"frp":2.5,"confidence":"nominal","observations":1,"passes":1,"sensor_count":1,"sensors":"NOAA-21","effis_confirmed":false,"burned_confirmed":false,"evidence_score":0,"evidence":"","filter_reason":"anomalie_non_corroboree"}},{"type":"Feature","geometry":{"type":"Point","coordinates":[5.92886,36.3448]},"properties":{"age_h":116.4,"recency":2,"frp":12.0,"confidence":"high","observations":2,"passes":1,"sensor_count":1,"sensors":"NOAA-21","effis_confirmed":false,"burned_confirmed":false,"evidence_score":2,"evidence":"confiance élevée","filter_reason":"anomalie_non_corroboree"}},{"type":"Feature","geometry":{"type":"Point","coordinates":[14.18835,37.30561]},"properties":{"age_h":116.4,"recency":2,"frp":3.5,"confidence":"nominal","observations":1,"passes":1,"sensor_count":1,"sensors":"NOAA-21","effis_confirmed":false,"burned_confirmed":false,"evidence_score":0,"evidence":"","filter_reason":"anomalie_non_corroboree"}},{"type":"Feature","geometry":{"type":"Point","coordinates":[14.16992,37.39529]},"properties":{"age_h":116.4,"recency":2,"frp":4.1,"confidence":"nominal","observations":1,"passes":1,"sensor_count":1,"sensors":"NOAA-21","effis_confirmed":false,"burned_confirmed":false,"evidence_score":0,"evidence":"","filter_reason":"anomalie_non_corroboree"}},{"type":"Feature","geometry":{"type":"Point","coordinates":[13.02553,37.64563]},"properties":{"age_h":116.4,"recency":2,"frp":15.1,"confidence":"nominal","observations":1,"passes":1,"sensor_count":1,"sensors":"NOAA-21","effis_confirmed":false,"burned_confirmed":false,"evidence_score":1,"evidence":"","filter_reason":"anomalie_non_corroboree"}},{"type":"Feature","geometry":{"type":"Point","coordinates":[13.93641,37.75008]},"properties":{"age_h":116.4,"recency":2,"frp":14.5,"confidence":"nominal","observations":4,"passes":1,"sensor_count":1,"sensors":"NOAA-21","effis_confirmed":false,"burned_confirmed":false,"evidence_score":3,"evidence":"groupe spatial","filter_reason":"anomalie_non_corroboree"}},{"type":"Feature","geometry":{"type":"Point","coordinates":[15.70145,38.17889]},"properties":{"age_h":116.4,"recency":2,"frp":3.4,"confidence":"nominal","observations":1,"passes":1,"sensor_count":1,"sensors":"NOAA-21","effis_confirmed":false,"burned_confirmed":false,"evidence_score":0,"evidence":"","filter_reason":"anomalie_non_corroboree"}},{"type":"Feature","geometry":{"type":"Point","coordinates":[30.87983,39.62314]},"properties":{"age_h":116.4,"recency":2,"frp":13.8,"confidence":"high","observations":1,"passes":1,"sensor_count":1,"sensors":"NOAA-21","effis_confirmed":false,"burned_confirmed":false,"evidence_score":2,"evidence":"confiance élevée","filter_reason":"anomalie_non_corroboree"}},{"type":"Feature","geometry":{"type":"Point","coordinates":[35.42746,40.45123]},"properties":{"age_h":116.4,"recency":2,"frp":7.1,"confidence":"nominal","observations":1,"passes":1,"sensor_count":1,"sensors":"NOAA-21","effis_confirmed":false,"burned_confirmed":false,"evidence_score":0,"evidence":"","filter_reason":"anomalie_non_corroboree"}},{"type":"Feature","geometry":{"type":"Point","coordinates":[16.55134,40.27816]},"properties":{"age_h":116.3,"recency":2,"frp":11.3,"confidence":"nominal","observations":2,"passes":1,"sensor_count":1,"sensors":"NOAA-21","effis_confirmed":false,"burned_confirmed":false,"evidence_score":1,"evidence":"","filter_reason":"anomalie_non_corroboree"}},{"type":"Feature","geometry":{"type":"Point","coordinates":[18.24103,40.38992]},"properties":{"age_h":116.3,"recency":2,"frp":2.3,"confidence":"nominal","observations":1,"passes":1,"sensor_count":1,"sensors":"NOAA-21","effis_confirmed":false,"burned_confirmed":false,"evidence_score":0,"evidence":"","filter_reason":"anomalie_non_corroboree"}},{"type":"Feature","geometry":{"type":"Point","coordinates":[9.54868,40.90187]},"properties":{"age_h":116.3,"recency":2,"frp":16.6,"confidence":"nominal","observations":1,"passes":1,"sensor_count":1,"sensors":"NOAA-21","effis_confirmed":false,"burned_confirmed":false,"evidence_score":1,"evidence":"","filter_reason":"anomalie_non_corroboree"}},{"type":"Feature","geometry":{"type":"Point","coordinates":[16.7491,41.03245]},"properties":{"age_h":116.3,"recency":2,"frp":4.6,"confidence":"nominal","observations":1,"passes":1,"sensor_count":1,"sensors":"NOAA-21","effis_confirmed":false,"burned_confirmed":false,"evidence_score":0,"evidence":"","filter_reason":"anomalie_non_corroboree"}},{"type":"Feature","geometry":{"type":"Point","coordinates":[16.90302,41.09267]},"properties":{"age_h":116.3,"recency":2,"frp":5.2,"confidence":"nominal","observations":1,"passes":1,"sensor_count":1,"sensors":"NOAA-21","effis_confirmed":false,"burned_confirmed":false,"evidence_score":0,"evidence":"","filter_reason":"anomalie_non_corroboree"}},{"type":"Feature","geometry":{"type":"Point","coordinates":[21.18788,44.15144]},"properties":{"age_h":116.3,"recency":2,"frp":7.1,"confidence":"nominal","observations":2,"passes":1,"sensor_count":1,"sensors":"NOAA-21","effis_confirmed":false,"burned_confirmed":false,"evidence_score":0,"evidence":"","filter_reason":"anomalie_non_corroboree"}},{"type":"Feature","geometry":{"type":"Point","coordinates":[19.84473,44.68831]},"properties":{"age_h":116.3,"recency":2,"frp":2.7,"confidence":"nominal","observations":1,"passes":1,"sensor_count":1,"sensors":"NOAA-21","effis_confirmed":false,"burned_confirmed":false,"evidence_score":0,"evidence":"","filter_reason":"anomalie_non_corroboree"}},{"type":"Feature","geometry":{"type":"Point","coordinates":[20.081,44.81348]},"properties":{"age_h":116.3,"recency":2,"frp":2.5,"confidence":"nominal","observations":1,"passes":1,"sensor_count":1,"sensors":"NOAA-21","effis_confirmed":false,"burned_confirmed":false,"evidence_score":0,"evidence":"","filter_reason":"anomalie_non_corroboree"}},{"type":"Feature","geometry":{"type":"Point","coordinates":[0.3864,46.19353]},"properties":{"age_h":116.3,"recency":2,"frp":59.7,"confidence":"high","observations":1,"passes":1,"sensor_count":1,"sensors":"NOAA-21","effis_confirmed":false,"burned_confirmed":false,"evidence_score":2,"evidence":"confiance élevée","filter_reason":"anomalie_non_corroboree"}},{"type":"Feature","geometry":{"type":"Point","coordinates":[7.5462,47.548]},"properties":{"age_h":116.3,"recency":2,"frp":3.8,"confidence":"nominal","observations":1,"passes":1,"sensor_count":1,"sensors":"NOAA-21","effis_confirmed":false,"burned_confirmed":false,"evidence_score":0,"evidence":"","filter_reason":"anomalie_non_corroboree"}},{"type":"Feature","geometry":{"type":"Point","coordinates":[23.672,48.00726]},"properties":{"age_h":116.3,"recency":2,"frp":2.9,"confidence":"nominal","observations":1,"passes":1,"sensor_count":1,"sensors":"NOAA-21","effis_confirmed":false,"burned_confirmed":false,"evidence_score":0,"evidence":"","filter_reason":"anomalie_non_corroboree"}},{"type":"Feature","geometry":{"type":"Point","coordinates":[31.59064,48.45457]},"properties":{"age_h":116.3,"recency":2,"frp":13.6,"confidence":"nominal","observations":1,"passes":1,"sensor_count":1,"sensors":"NOAA-21","effis_confirmed":false,"burned_confirmed":false,"evidence_score":1,"evidence":"","filter_reason":"anomalie_non_corroboree"}},{"type":"Feature","geometry":{"type":"Point","coordinates":[10.53653,48.83527]},"properties":{"age_h":116.3,"recency":2,"frp":5.7,"confidence":"nominal","observations":1,"passes":1,"sensor_count":1,"sensors":"NOAA-21","effis_confirmed":false,"burned_confirmed":false,"evidence_score":0,"evidence":"","filter_reason":"anomalie_non_corroboree"}},{"type":"Feature","geometry":{"type":"Point","coordinates":[24.32188,49.62842]},"properties":{"age_h":116.3,"recency":2,"frp":4.5,"confidence":"nominal","observations":1,"passes":1,"sensor_count":1,"sensors":"NOAA-21","effis_confirmed":false,"burned_confirmed":false,"evidence_score":0,"evidence":"","filter_reason":"anomalie_non_corroboree"}},{"type":"Feature","geometry":{"type":"Point","coordinates":[29.40828,51.28224]},"properties":{"age_h":116.3,"recency":2,"frp":33.8,"confidence":"high","observations":1,"passes":1,"sensor_count":1,"sensors":"NOAA-21","effis_confirmed":false,"burned_confirmed":false,"evidence_score":2,"evidence":"confiance élevée","filter_reason":"anomalie_non_corroboree"}},{"type":"Feature","geometry":{"type":"Point","coordinates":[14.34789,52.40679]},"properties":{"age_h":116.3,"recency":2,"frp":13.8,"confidence":"nominal","observations":1,"passes":1,"sensor_count":1,"sensors":"NOAA-21","effis_confirmed":false,"burned_confirmed":false,"evidence_score":1,"evidence":"","filter_reason":"anomalie_non_corroboree"}},{"type":"Feature","geometry":{"type":"Point","coordinates":[12.84453,52.53307]},"properties":{"age_h":116.3,"recency":2,"frp":5.6,"confidence":"nominal","observations":1,"passes":1,"sensor_count":1,"sensors":"NOAA-21","effis_confirmed":false,"burned_confirmed":false,"evidence_score":0,"evidence":"","filter_reason":"anomalie_non_corroboree"}},{"type":"Feature","geometry":{"type":"Point","coordinates":[12.25581,52.9934]},"properties":{"age_h":116.3,"recency":2,"frp":8.4,"confidence":"nominal","observations":1,"passes":1,"sensor_count":1,"sensors":"NOAA-21","effis_confirmed":false,"burned_confirmed":false,"evidence_score":0,"evidence":"","filter_reason":"anomalie_non_corroboree"}},{"type":"Feature","geometry":{"type":"Point","coordinates":[14.17328,53.42405]},"properties":{"age_h":116.3,"recency":2,"frp":4.5,"confidence":"nominal","observations":3,"passes":1,"sensor_count":1,"sensors":"NOAA-21","effis_confirmed":false,"burned_confirmed":false,"evidence_score":2,"evidence":"groupe spatial","filter_reason":"anomalie_non_corroboree"}},{"type":"Feature","geometry":{"type":"Point","coordinates":[13.81099,53.75015]},"properties":{"age_h":116.3,"recency":2,"frp":3.1,"confidence":"nominal","observations":1,"passes":1,"sensor_count":1,"sensors":"NOAA-21","effis_confirmed":false,"burned_confirmed":false,"evidence_score":0,"evidence":"","filter_reason":"anomalie_non_corroboree"}},{"type":"Feature","geometry":{"type":"Point","coordinates":[13.35872,53.81801]},"properties":{"age_h":116.3,"recency":2,"frp":4.0,"confidence":"nominal","observations":3,"passes":1,"sensor_count":1,"sensors":"NOAA-21","effis_confirmed":false,"burned_confirmed":false,"evidence_score":2,"evidence":"groupe spatial","filter_reason":"anomalie_non_corroboree"}},{"type":"Feature","geometry":{"type":"Point","coordinates":[13.16444,58.50644]},"properties":{"age_h":116.3,"recency":2,"frp":3.4,"confidence":"nominal","observations":1,"passes":1,"sensor_count":1,"sensors":"NOAA-21","effis_confirmed":false,"burned_confirmed":false,"evidence_score":0,"evidence":"","filter_reason":"anomalie_non_corroboree"}},{"type":"Feature","geometry":{"type":"Point","coordinates":[7.45229,36.44752]},"properties":{"age_h":115.8,"recency":2,"frp":36.6,"confidence":"nominal","observations":2,"passes":1,"sensor_count":1,"sensors":"Suomi-NPP","effis_confirmed":false,"burned_confirmed":false,"evidence_score":1,"evidence":"","filter_reason":"anomalie_non_corroboree"}},{"type":"Feature","geometry":{"type":"Point","coordinates":[29.53392,37.30938]},"properties":{"age_h":115.8,"recency":2,"frp":8.0,"confidence":"high","observations":2,"passes":1,"sensor_count":1,"sensors":"Suomi-NPP","effis_confirmed":false,"burned_confirmed":false,"evidence_score":1,"evidence":"confiance élevée","filter_reason":"anomalie_non_corroboree"}},{"type":"Feature","geometry":{"type":"Point","coordinates":[27.44682,37.66711]},"properties":{"age_h":115.8,"recency":2,"frp":5.9,"confidence":"nominal","observations":1,"passes":1,"sensor_count":1,"sensors":"Suomi-NPP","effis_confirmed":false,"burned_confirmed":false,"evidence_score":0,"evidence":"","filter_reason":"anomalie_non_corroboree"}},{"type":"Feature","geometry":{"type":"Point","coordinates":[16.5746,38.4653]},"properties":{"age_h":115.8,"recency":2,"frp":2.3,"confidence":"nominal","observations":1,"passes":1,"sensor_count":1,"sensors":"Suomi-NPP","effis_confirmed":false,"burned_confirmed":false,"evidence_score":0,"evidence":"","filter_reason":"anomalie_non_corroboree"}},{"type":"Feature","geometry":{"type":"Point","coordinates":[16.48289,38.76723]},"properties":{"age_h":115.8,"recency":2,"frp":23.2,"confidence":"nominal","observations":2,"passes":1,"sensor_count":1,"sensors":"Suomi-NPP","effis_confirmed":false,"burned_confirmed":false,"evidence_score":1,"evidence":"","filter_reason":"anomalie_non_corroboree"}},{"type":"Feature","geometry":{"type":"Point","coordinates":[22.0745,39.48576]},"properties":{"age_h":115.8,"recency":2,"frp":1.4,"confidence":"nominal","observations":1,"passes":1,"sensor_count":1,"sensors":"Suomi-NPP","effis_confirmed":false,"burned_confirmed":false,"evidence_score":0,"evidence":"","filter_reason":"anomalie_non_corroboree"}},{"type":"Feature","geometry":{"type":"Point","coordinates":[31.03246,39.57196]},"properties":{"age_h":115.8,"recency":2,"frp":7.5,"confidence":"nominal","observations":1,"passes":1,"sensor_count":1,"sensors":"Suomi-NPP","effis_confirmed":false,"burned_confirmed":false,"evidence_score":0,"evidence":"","filter_reason":"anomalie_non_corroboree"}},{"type":"Feature","geometry":{"type":"Point","coordinates":[17.36569,40.57898]},"properties":{"age_h":115.8,"recency":2,"frp":3.0,"confidence":"nominal","observations":1,"passes":1,"sensor_count":1,"sensors":"Suomi-NPP","effis_confirmed":false,"burned_confirmed":false,"evidence_score":0,"evidence":"","filter_reason":"anomalie_non_corroboree"}},{"type":"Feature","geometry":{"type":"Point","coordinates":[13.97187,41.01078]},"properties":{"age_h":115.7,"recency":2,"frp":1.3,"confidence":"nominal","observations":1,"passes":1,"sensor_count":1,"sensors":"Suomi-NPP","effis_confirmed":false,"burned_confirmed":false,"evidence_score":0,"evidence":"","filter_reason":"anomalie_non_corroboree"}},{"type":"Feature","geometry":{"type":"Point","coordinates":[-4.80956,41.63617]},"properties":{"age_h":115.7,"recency":2,"frp":1.8,"confidence":"nominal","observations":1,"passes":1,"sensor_count":1,"sensors":"Suomi-NPP","effis_confirmed":false,"burned_confirmed":false,"evidence_score":0,"evidence":"","filter_reason":"anomalie_non_corroboree"}},{"type":"Feature","geometry":{"type":"Point","coordinates":[21.22758,41.99648]},"properties":{"age_h":115.7,"recency":2,"frp":14.9,"confidence":"nominal","observations":3,"passes":1,"sensor_count":1,"sensors":"Suomi-NPP","effis_confirmed":false,"burned_confirmed":false,"evidence_score":3,"evidence":"groupe spatial","filter_reason":"anomalie_non_corroboree"}},{"type":"Feature","geometry":{"type":"Point","coordinates":[-1.71124,42.35234]},"properties":{"age_h":115.7,"recency":2,"frp":3.3,"confidence":"nominal","observations":1,"passes":1,"sensor_count":1,"sensors":"Suomi-NPP","effis_confirmed":false,"burned_confirmed":false,"evidence_score":0,"evidence":"","filter_reason":"anomalie_non_corroboree"}},{"type":"Feature","geometry":{"type":"Point","coordinates":[-4.35501,42.63533]},"properties":{"age_h":115.7,"recency":2,"frp":6.5,"confidence":"nominal","observations":4,"passes":1,"sensor_count":1,"sensors":"Suomi-NPP","effis_confirmed":false,"burned_confirmed":false,"evidence_score":2,"evidence":"groupe spatial","filter_reason":"anomalie_non_corroboree"}},{"type":"Feature","geometry":{"type":"Point","coordinates":[17.69711,43.08264]},"properties":{"age_h":115.7,"recency":2,"frp":2.2,"confidence":"nominal","observations":1,"passes":1,"sensor_count":1,"sensors":"Suomi-NPP","effis_confirmed":false,"burned_confirmed":false,"evidence_score":0,"evidence":"","filter_reason":"anomalie_non_corroboree"}},{"type":"Feature","geometry":{"type":"Point","coordinates":[24.07871,44.12593]},"properties":{"age_h":115.7,"recency":2,"frp":3.6,"confidence":"nominal","observations":1,"passes":1,"sensor_count":1,"sensors":"Suomi-NPP","effis_confirmed":false,"burned_confirmed":false,"evidence_score":0,"evidence":"","filter_reason":"anomalie_non_corroboree"}},{"type":"Feature","geometry":{"type":"Point","coordinates":[23.0893,44.15494]},"properties":{"age_h":115.7,"recency":2,"frp":13.7,"confidence":"nominal","observations":2,"passes":1,"sensor_count":1,"sensors":"Suomi-NPP","effis_confirmed":false,"burned_confirmed":false,"evidence_score":1,"evidence":"","filter_reason":"anomalie_non_corroboree"}},{"type":"Feature","geometry":{"type":"Point","coordinates":[4.69805,44.28601]},"properties":{"age_h":115.7,"recency":2,"frp":4.8,"confidence":"nominal","observations":1,"passes":1,"sensor_count":1,"sensors":"Suomi-NPP","effis_confirmed":false,"burned_confirmed":false,"evidence_score":0,"evidence":"","filter_reason":"anomalie_non_corroboree"}},{"type":"Feature","geometry":{"type":"Point","coordinates":[20.15668,45.28989]},"properties":{"age_h":115.7,"recency":2,"frp":7.4,"confidence":"nominal","observations":2,"passes":1,"sensor_count":1,"sensors":"Suomi-NPP","effis_confirmed":false,"burned_confirmed":false,"evidence_score":0,"evidence":"","filter_reason":"anomalie_non_corroboree"}},{"type":"Feature","geometry":{"type":"Point","coordinates":[12.11536,45.53417]},"properties":{"age_h":115.7,"recency":2,"frp":14.4,"confidence":"nominal","observations":1,"passes":1,"sensor_count":1,"sensors":"Suomi-NPP","effis_confirmed":false,"burned_confirmed":false,"evidence_score":1,"evidence":"","filter_reason":"anomalie_non_corroboree"}},{"type":"Feature","geometry":{"type":"Point","coordinates":[11.66204,45.64931]},"properties":{"age_h":115.7,"recency":2,"frp":5.1,"confidence":"nominal","observations":1,"passes":1,"sensor_count":1,"sensors":"Suomi-NPP","effis_confirmed":false,"burned_confirmed":false,"evidence_score":0,"evidence":"","filter_reason":"anomalie_non_corroboree"}},{"type":"Feature","geometry":{"type":"Point","coordinates":[19.7464,45.80017]},"properties":{"age_h":115.7,"recency":2,"frp":6.4,"confidence":"nominal","observations":1,"passes":1,"sensor_count":1,"sensors":"Suomi-NPP","effis_confirmed":false,"burned_confirmed":false,"evidence_score":0,"evidence":"","filter_reason":"anomalie_non_corroboree"}},{"type":"Feature","geometry":{"type":"Point","coordinates":[-1.01921,45.33318]},"properties":{"age_h":115.7,"recency":2,"frp":6.8,"confidence":"nominal","observations":2,"passes":1,"sensor_count":1,"sensors":"Suomi-NPP","effis_confirmed":false,"burned_confirmed":false,"evidence_score":0,"evidence":"","filter_reason":"anomalie_non_corroboree"}},{"type":"Feature","geometry":{"type":"Point","coordinates":[2.78402,45.70058]},"properties":{"age_h":115.7,"recency":2,"frp":4.0,"confidence":"nominal","observations":1,"passes":1,"sensor_count":1,"sensors":"Suomi-NPP","effis_confirmed":false,"burned_confirmed":false,"evidence_score":0,"evidence":"","filter_reason":"anomalie_non_corroboree"}},{"type":"Feature","geometry":{"type":"Point","coordinates":[6.12007,46.23475]},"properties":{"age_h":115.7,"recency":2,"frp":10.2,"confidence":"nominal","observations":1,"passes":1,"sensor_count":1,"sensors":"Suomi-NPP","effis_confirmed":false,"burned_confirmed":false,"evidence_score":1,"evidence":"","filter_reason":"anomalie_non_corroboree"}},{"type":"Feature","geometry":{"type":"Point","coordinates":[9.02526,48.04533]},"properties":{"age_h":115.7,"recency":2,"frp":2.8,"confidence":"nominal","observations":1,"passes":1,"sensor_count":1,"sensors":"Suomi-NPP","effis_confirmed":false,"burned_confirmed":false,"evidence_score":0,"evidence":"","filter_reason":"anomalie_non_corroboree"}},{"type":"Feature","geometry":{"type":"Point","coordinates":[10.03896,48.39336]},"properties":{"age_h":115.7,"recency":2,"frp":2.9,"confidence":"nominal","observations":1,"passes":1,"sensor_count":1,"sensors":"Suomi-NPP","effis_confirmed":false,"burned_confirmed":false,"evidence_score":0,"evidence":"","filter_reason":"anomalie_non_corroboree"}},{"type":"Feature","geometry":{"type":"Point","coordinates":[11.29662,48.60015]},"properties":{"age_h":115.7,"recency":2,"frp":2.7,"confidence":"nominal","observations":1,"passes":1,"sensor_count":1,"sensors":"Suomi-NPP","effis_confirmed":false,"burned_confirmed":false,"evidence_score":0,"evidence":"","filter_reason":"anomalie_non_corroboree"}},{"type":"Feature","geometry":{"type":"Point","coordinates":[9.96424,48.66266]},"properties":{"age_h":115.7,"recency":2,"frp":4.5,"confidence":"nominal","observations":2,"passes":1,"sensor_count":1,"sensors":"Suomi-NPP","effis_confirmed":false,"burned_confirmed":false,"evidence_score":0,"evidence":"","filter_reason":"anomalie_non_corroboree"}},{"type":"Feature","geometry":{"type":"Point","coordinates":[11.11663,48.91784]},"properties":{"age_h":115.7,"recency":2,"frp":2.6,"confidence":"nominal","observations":1,"passes":1,"sensor_count":1,"sensors":"Suomi-NPP","effis_confirmed":false,"burned_confirmed":false,"evidence_score":0,"evidence":"","filter_reason":"anomalie_non_corroboree"}},{"type":"Feature","geometry":{"type":"Point","coordinates":[11.16444,48.93872]},"properties":{"age_h":115.7,"recency":2,"frp":3.5,"confidence":"nominal","observations":1,"passes":1,"sensor_count":1,"sensors":"Suomi-NPP","effis_confirmed":false,"burned_confirmed":false,"evidence_score":0,"evidence":"","filter_reason":"anomalie_non_corroboree"}},{"type":"Feature","geometry":{"type":"Point","coordinates":[7.62674,49.47133]},"properties":{"age_h":115.7,"recency":2,"frp":4.6,"confidence":"nominal","observations":2,"passes":1,"sensor_count":1,"sensors":"Suomi-NPP","effis_confirmed":false,"burned_confirmed":false,"evidence_score":0,"evidence":"","filter_reason":"anomalie_non_corroboree"}},{"type":"Feature","geometry":{"type":"Point","coordinates":[9.48885,49.54768]},"properties":{"age_h":115.7,"recency":2,"frp":3.4,"confidence":"nominal","observations":2,"passes":1,"sensor_count":1,"sensors":"Suomi-NPP","effis_confirmed":false,"burned_confirmed":false,"evidence_score":0,"evidence":"","filter_reason":"anomalie_non_corroboree"}},{"type":"Feature","geometry":{"type":"Point","coordinates":[7.28417,49.94833]},"properties":{"age_h":115.7,"recency":2,"frp":3.0,"confidence":"nominal","observations":1,"passes":1,"sensor_count":1,"sensors":"Suomi-NPP","effis_confirmed":false,"burned_confirmed":false,"evidence_score":0,"evidence":"","filter_reason":"anomalie_non_corroboree"}},{"type":"Feature","geometry":{"type":"Point","coordinates":[8.79878,50.02801]},"properties":{"age_h":115.7,"recency":2,"frp":2.9,"confidence":"nominal","observations":1,"passes":1,"sensor_count":1,"sensors":"Suomi-NPP","effis_confirmed":false,"burned_confirmed":false,"evidence_score":0,"evidence":"","filter_reason":"anomalie_non_corroboree"}},{"type":"Feature","geometry":{"type":"Point","coordinates":[8.87848,50.41201]},"properties":{"age_h":115.7,"recency":2,"frp":3.5,"confidence":"nominal","observations":2,"passes":1,"sensor_count":1,"sensors":"Suomi-NPP","effis_confirmed":false,"burned_confirmed":false,"evidence_score":0,"evidence":"","filter_reason":"anomalie_non_corroboree"}},{"type":"Feature","geometry":{"type":"Point","coordinates":[-1.88733,52.08303]},"properties":{"age_h":115.7,"recency":2,"frp":6.6,"confidence":"nominal","observations":1,"passes":1,"sensor_count":1,"sensors":"Suomi-NPP","effis_confirmed":false,"burned_confirmed":false,"evidence_score":0,"evidence":"","filter_reason":"anomalie_non_corroboree"}},{"type":"Feature","geometry":{"type":"Point","coordinates":[7.08155,52.21442]},"properties":{"age_h":115.7,"recency":2,"frp":4.1,"confidence":"nominal","observations":1,"passes":1,"sensor_count":1,"sensors":"Suomi-NPP","effis_confirmed":false,"burned_confirmed":false,"evidence_score":0,"evidence":"","filter_reason":"anomalie_non_corroboree"}},{"type":"Feature","geometry":{"type":"Point","coordinates":[-1.17943,52.28181]},"properties":{"age_h":115.7,"recency":2,"frp":3.8,"confidence":"nominal","observations":1,"passes":1,"sensor_count":1,"sensors":"Suomi-NPP","effis_confirmed":false,"burned_confirmed":false,"evidence_score":0,"evidence":"","filter_reason":"anomalie_non_corroboree"}},{"type":"Feature","geometry":{"type":"Point","coordinates":[6.71513,52.63589]},"properties":{"age_h":115.7,"recency":2,"frp":4.2,"confidence":"nominal","observations":1,"passes":1,"sensor_count":1,"sensors":"Suomi-NPP","effis_confirmed":false,"burned_confirmed":false,"evidence_score":0,"evidence":"","filter_reason":"anomalie_non_corroboree"}},{"type":"Feature","geometry":{"type":"Point","coordinates":[10.7354,35.61637]},"properties":{"age_h":115.5,"recency":2,"frp":6.6,"confidence":"nominal","observations":2,"passes":1,"sensor_count":1,"sensors":"NOAA-20","effis_confirmed":false,"burned_confirmed":false,"evidence_score":0,"evidence":"","filter_reason":"anomalie_non_corroboree"}},{"type":"Feature","geometry":{"type":"Point","coordinates":[1.699,35.62239]},"properties":{"age_h":115.4,"recency":2,"frp":81.0,"confidence":"high","observations":2,"passes":1,"sensor_count":1,"sensors":"NOAA-20","effis_confirmed":false,"burned_confirmed":false,"evidence_score":2,"evidence":"confiance élevée","filter_reason":"anomalie_non_corroboree"}},{"type":"Feature","geometry":{"type":"Point","coordinates":[14.58333,37.13826]},"properties":{"age_h":115.4,"recency":2,"frp":4.9,"confidence":"nominal","observations":1,"passes":1,"sensor_count":1,"sensors":"NOAA-20","effis_confirmed":false,"burned_confirmed":false,"evidence_score":0,"evidence":"","filter_reason":"anomalie_non_corroboree"}},{"type":"Feature","geometry":{"type":"Point","coordinates":[13.84656,37.19653]},"properties":{"age_h":115.4,"recency":2,"frp":7.0,"confidence":"nominal","observations":1,"passes":1,"sensor_count":1,"sensors":"NOAA-20","effis_confirmed":false,"burned_confirmed":false,"evidence_score":0,"evidence":"","filter_reason":"anomalie_non_corroboree"}},{"type":"Feature","geometry":{"type":"Point","coordinates":[14.23581,37.29295]},"properties":{"age_h":115.4,"recency":2,"frp":4.3,"confidence":"nominal","observations":1,"passes":1,"sensor_count":1,"sensors":"NOAA-20","effis_confirmed":false,"burned_confirmed":false,"evidence_score":0,"evidence":"","filter_reason":"anomalie_non_corroboree"}},{"type":"Feature","geometry":{"type":"Point","coordinates":[-6.48322,38.45251]},"properties":{"age_h":115.4,"recency":2,"frp":2.9,"confidence":"nominal","observations":1,"passes":1,"sensor_count":1,"sensors":"NOAA-20","effis_confirmed":false,"burned_confirmed":false,"evidence_score":0,"evidence":"","filter_reason":"anomalie_non_corroboree"}},{"type":"Feature","geometry":{"type":"Point","coordinates":[-6.82158,38.82654]},"properties":{"age_h":115.4,"recency":2,"frp":12.1,"confidence":"high","observations":1,"passes":1,"sensor_count":1,"sensors":"NOAA-20","effis_confirmed":false,"burned_confirmed":false,"evidence_score":2,"evidence":"confiance élevée","filter_reason":"anomalie_non_corroboree"}},{"type":"Feature","geometry":{"type":"Point","coordinates":[-0.38366,39.19785]},"properties":{"age_h":115.4,"recency":2,"frp":2.8,"confidence":"nominal","observations":1,"passes":1,"sensor_count":1,"sensors":"NOAA-20","effis_confirmed":false,"burned_confirmed":false,"evidence_score":0,"evidence":"","filter_reason":"anomalie_non_corroboree"}},{"type":"Feature","geometry":{"type":"Point","coordinates":[18.12749,40.28183]},"properties":{"age_h":115.4,"recency":2,"frp":2.6,"confidence":"nominal","observations":1,"passes":1,"sensor_count":1,"sensors":"NOAA-20","effis_confirmed":false,"burned_confirmed":false,"evidence_score":0,"evidence":"","filter_reason":"anomalie_non_corroboree"}},{"type":"Feature","geometry":{"type":"Point","coordinates":[17.98754,40.33843]},"properties":{"age_h":115.4,"recency":2,"frp":1.9,"confidence":"nominal","observations":3,"passes":1,"sensor_count":1,"sensors":"NOAA-20","effis_confirmed":false,"burned_confirmed":false,"evidence_score":2,"evidence":"groupe spatial","filter_reason":"anomalie_non_corroboree"}},{"type":"Feature","geometry":{"type":"Point","coordinates":[18.07287,40.37403]},"properties":{"age_h":115.4,"recency":2,"frp":5.4,"confidence":"high","observations":1,"passes":1,"sensor_count":1,"sensors":"NOAA-20","effis_confirmed":false,"burned_confirmed":false,"evidence_score":1,"evidence":"confiance élevée","filter_reason":"anomalie_non_corroboree"}},{"type":"Feature","geometry":{"type":"Point","coordinates":[22.96439,40.3743]},"properties":{"age_h":115.4,"recency":2,"frp":7.3,"confidence":"nominal","observations":1,"passes":1,"sensor_count":1,"sensors":"NOAA-20","effis_confirmed":false,"burned_confirmed":false,"evidence_score":0,"evidence":"","filter_reason":"anomalie_non_corroboree"}},{"type":"Feature","geometry":{"type":"Point","coordinates":[16.5067,40.47262]},"properties":{"age_h":115.4,"recency":2,"frp":6.0,"confidence":"nominal","observations":1,"passes":1,"sensor_count":1,"sensors":"NOAA-20","effis_confirmed":false,"burned_confirmed":false,"evidence_score":0,"evidence":"","filter_reason":"anomalie_non_corroboree"}},{"type":"Feature","geometry":{"type":"Point","coordinates":[16.95041,40.52305]},"properties":{"age_h":115.4,"recency":2,"frp":5.8,"confidence":"nominal","observations":1,"passes":1,"sensor_count":1,"sensors":"NOAA-20","effis_confirmed":false,"burned_confirmed":false,"evidence_score":0,"evidence":"","filter_reason":"anomalie_non_corroboree"}},{"type":"Feature","geometry":{"type":"Point","coordinates":[14.64186,41.2322]},"properties":{"age_h":115.4,"recency":2,"frp":1.6,"confidence":"nominal","observations":1,"passes":1,"sensor_count":1,"sensors":"NOAA-20","effis_confirmed":false,"burned_confirmed":false,"evidence_score":0,"evidence":"","filter_reason":"anomalie_non_corroboree"}},{"type":"Feature","geometry":{"type":"Point","coordinates":[15.4866,41.41493]},"properties":{"age_h":115.4,"recency":2,"frp":3.8,"confidence":"nominal","observations":1,"passes":1,"sensor_count":1,"sensors":"NOAA-20","effis_confirmed":false,"burned_confirmed":false,"evidence_score":0,"evidence":"","filter_reason":"anomalie_non_corroboree"}},{"type":"Feature","geometry":{"type":"Point","coordinates":[21.36647,42.03851]},"properties":{"age_h":115.4,"recency":2,"frp":2.4,"confidence":"nominal","observations":1,"passes":1,"sensor_count":1,"sensors":"NOAA-20","effis_confirmed":false,"burned_confirmed":false,"evidence_score":0,"evidence":"","filter_reason":"anomalie_non_corroboree"}},{"type":"Feature","geometry":{"type":"Point","coordinates":[17.20791,43.40497]},"properties":{"age_h":115.4,"recency":2,"frp":4.7,"confidence":"nominal","observations":1,"passes":1,"sensor_count":1,"sensors":"NOAA-20","effis_confirmed":false,"burned_confirmed":false,"evidence_score":0,"evidence":"","filter_reason":"anomalie_non_corroboree"}},{"type":"Feature","geometry":{"type":"Point","coordinates":[10.7561,43.73106]},"properties":{"age_h":115.4,"recency":2,"frp":3.3,"confidence":"nominal","observations":1,"passes":1,"sensor_count":1,"sensors":"NOAA-20","effis_confirmed":false,"burned_confirmed":false,"evidence_score":0,"evidence":"","filter_reason":"anomalie_non_corroboree"}},{"type":"Feature","geometry":{"type":"Point","coordinates":[10.98475,43.74174]},"properties":{"age_h":115.4,"recency":2,"frp":11.0,"confidence":"nominal","observations":1,"passes":1,"sensor_count":1,"sensors":"NOAA-20","effis_confirmed":false,"burned_confirmed":false,"evidence_score":1,"evidence":"","filter_reason":"anomalie_non_corroboree"}},{"type":"Feature","geometry":{"type":"Point","coordinates":[24.34832,43.88488]},"properties":{"age_h":115.4,"recency":2,"frp":4.3,"confidence":"nominal","observations":1,"passes":1,"sensor_count":1,"sensors":"NOAA-20","effis_confirmed":false,"burned_confirmed":false,"evidence_score":0,"evidence":"","filter_reason":"anomalie_non_corroboree"}},{"type":"Feature","geometry":{"type":"Point","coordinates":[23.08066,43.9456]},"properties":{"age_h":115.4,"recency":2,"frp":4.2,"confidence":"nominal","observations":1,"passes":1,"sensor_count":1,"sensors":"NOAA-20","effis_confirmed":false,"burned_confirmed":false,"evidence_score":0,"evidence":"","filter_reason":"anomalie_non_corroboree"}},{"type":"Feature","geometry":{"type":"Point","coordinates":[8.20437,44.08818]},"properties":{"age_h":115.4,"recency":2,"frp":2.4,"confidence":"nominal","observations":1,"passes":1,"sensor_count":1,"sensors":"NOAA-20","effis_confirmed":false,"burned_confirmed":false,"evidence_score":0,"evidence":"","filter_reason":"anomalie_non_corroboree"}},{"type":"Feature","geometry":{"type":"Point","coordinates":[16.08084,45.36493]},"properties":{"age_h":115.4,"recency":2,"frp":3.4,"confidence":"nominal","observations":1,"passes":1,"sensor_count":1,"sensors":"NOAA-20","effis_confirmed":false,"burned_confirmed":false,"evidence_score":0,"evidence":"","filter_reason":"anomalie_non_corroboree"}},{"type":"Feature","geometry":{"type":"Point","coordinates":[9.36111,45.64074]},"properties":{"age_h":115.4,"recency":2,"frp":1.2,"confidence":"nominal","observations":1,"passes":1,"sensor_count":1,"sensors":"NOAA-20","effis_confirmed":false,"burned_confirmed":false,"evidence_score":0,"evidence":"","filter_reason":"anomalie_non_corroboree"}},{"type":"Feature","geometry":{"type":"Point","coordinates":[9.75394,45.68724]},"properties":{"age_h":115.4,"recency":2,"frp":4.4,"confidence":"nominal","observations":1,"passes":1,"sensor_count":1,"sensors":"NOAA-20","effis_confirmed":false,"burned_confirmed":false,"evidence_score":0,"evidence":"","filter_reason":"anomalie_non_corroboree"}},{"type":"Feature","geometry":{"type":"Point","coordinates":[9.12016,45.77373]},"properties":{"age_h":115.4,"recency":2,"frp":7.8,"confidence":"nominal","observations":1,"passes":1,"sensor_count":1,"sensors":"NOAA-20","effis_confirmed":false,"burned_confirmed":false,"evidence_score":0,"evidence":"","filter_reason":"anomalie_non_corroboree"}},{"type":"Feature","geometry":{"type":"Point","coordinates":[5.08899,46.83254]},"properties":{"age_h":115.4,"recency":2,"frp":2.2,"confidence":"nominal","observations":1,"passes":1,"sensor_count":1,"sensors":"NOAA-20","effis_confirmed":false,"burned_confirmed":false,"evidence_score":0,"evidence":"","filter_reason":"anomalie_non_corroboree"}},{"type":"Feature","geometry":{"type":"Point","coordinates":[3.0372,48.42092]},"properties":{"age_h":115.4,"recency":2,"frp":2.6,"confidence":"nominal","observations":1,"passes":1,"sensor_count":1,"sensors":"NOAA-20","effis_confirmed":false,"burned_confirmed":false,"evidence_score":0,"evidence":"","filter_reason":"anomalie_non_corroboree"}},{"type":"Feature","geometry":{"type":"Point","coordinates":[3.30632,48.51296]},"properties":{"age_h":115.4,"recency":2,"frp":33.0,"confidence":"nominal","observations":1,"passes":1,"sensor_count":1,"sensors":"NOAA-20","effis_confirmed":false,"burned_confirmed":false,"evidence_score":1,"evidence":"","filter_reason":"anomalie_non_corroboree"}},{"type":"Feature","geometry":{"type":"Point","coordinates":[6.00621,51.43682]},"properties":{"age_h":115.4,"recency":2,"frp":2.5,"confidence":"nominal","observations":1,"passes":1,"sensor_count":1,"sensors":"NOAA-20","effis_confirmed":false,"burned_confirmed":false,"evidence_score":0,"evidence":"","filter_reason":"anomalie_non_corroboree"}},{"type":"Feature","geometry":{"type":"Point","coordinates":[0.18418,53.09909]},"properties":{"age_h":115.4,"recency":2,"frp":3.8,"confidence":"nominal","observations":3,"passes":1,"sensor_count":1,"sensors":"NOAA-20","effis_confirmed":false,"burned_confirmed":false,"evidence_score":2,"evidence":"groupe spatial","filter_reason":"anomalie_non_corroboree"}},{"type":"Feature","geometry":{"type":"Point","coordinates":[-3.88371,55.78068]},"properties":{"age_h":115.4,"recency":2,"frp":3.0,"confidence":"nominal","observations":1,"passes":1,"sensor_count":1,"sensors":"NOAA-20","effis_confirmed":false,"burned_confirmed":false,"evidence_score":0,"evidence":"","filter_reason":"anomalie_non_corroboree"}},{"type":"Feature","geometry":{"type":"Point","coordinates":[21.66125,67.36324]},"properties":{"age_h":115.3,"recency":2,"frp":4.3,"confidence":"nominal","observations":1,"passes":1,"sensor_count":1,"sensors":"NOAA-20","effis_confirmed":false,"burned_confirmed":false,"evidence_score":0,"evidence":"","filter_reason":"anomalie_non_corroboree"}},{"type":"Feature","geometry":{"type":"Point","coordinates":[8.01978,36.44384]},"properties":{"age_h":114.7,"recency":2,"frp":10.2,"confidence":"nominal","observations":2,"passes":2,"sensor_count":1,"sensors":"NOAA-21","effis_confirmed":false,"burned_confirmed":false,"evidence_score":3,"evidence":"passages répétés","filter_reason":"anomalie_non_corroboree"}},{"type":"Feature","geometry":{"type":"Point","coordinates":[6.80104,36.00547]},"properties":{"age_h":114.7,"recency":2,"frp":24.3,"confidence":"high","observations":1,"passes":1,"sensor_count":1,"sensors":"NOAA-21","effis_confirmed":false,"burned_confirmed":false,"evidence_score":2,"evidence":"confiance élevée","filter_reason":"anomalie_non_corroboree"}},{"type":"Feature","geometry":{"type":"Point","coordinates":[2.43619,36.3463]},"properties":{"age_h":114.7,"recency":2,"frp":36.2,"confidence":"nominal","observations":1,"passes":1,"sensor_count":1,"sensors":"NOAA-21","effis_confirmed":false,"burned_confirmed":false,"evidence_score":1,"evidence":"","filter_reason":"anomalie_non_corroboree"}},{"type":"Feature","geometry":{"type":"Point","coordinates":[9.14572,36.66317]},"properties":{"age_h":114.7,"recency":2,"frp":5.6,"confidence":"nominal","observations":1,"passes":1,"sensor_count":1,"sensors":"NOAA-21","effis_confirmed":false,"burned_confirmed":false,"evidence_score":0,"evidence":"","filter_reason":"anomalie_non_corroboree"}},{"type":"Feature","geometry":{"type":"Point","coordinates":[8.92916,36.68902]},"properties":{"age_h":114.7,"recency":2,"frp":13.7,"confidence":"high","observations":1,"passes":1,"sensor_count":1,"sensors":"NOAA-21","effis_confirmed":false,"burned_confirmed":false,"evidence_score":2,"evidence":"confiance élevée","filter_reason":"anomalie_non_corroboree"}},{"type":"Feature","geometry":{"type":"Point","coordinates":[8.86567,39.46938]},"properties":{"age_h":114.7,"recency":2,"frp":13.0,"confidence":"high","observations":2,"passes":1,"sensor_count":1,"sensors":"NOAA-21","effis_confirmed":false,"burned_confirmed":false,"evidence_score":2,"evidence":"confiance élevée","filter_reason":"anomalie_non_corroboree"}},{"type":"Feature","geometry":{"type":"Point","coordinates":[-8.02403,41.7383]},"properties":{"age_h":114.7,"recency":2,"frp":2.8,"confidence":"nominal","observations":1,"passes":1,"sensor_count":1,"sensors":"NOAA-21","effis_confirmed":false,"burned_confirmed":false,"evidence_score":0,"evidence":"","filter_reason":"anomalie_non_corroboree"}},{"type":"Feature","geometry":{"type":"Point","coordinates":[-8.64421,42.7388]},"properties":{"age_h":114.6,"recency":2,"frp":8.9,"confidence":"nominal","observations":1,"passes":1,"sensor_count":1,"sensors":"NOAA-21","effis_confirmed":false,"burned_confirmed":false,"evidence_score":0,"evidence":"","filter_reason":"anomalie_non_corroboree"}},{"type":"Feature","geometry":{"type":"Point","coordinates":[-4.68995,43.30237]},"properties":{"age_h":114.6,"recency":2,"frp":2.1,"confidence":"nominal","observations":1,"passes":1,"sensor_count":1,"sensors":"NOAA-21","effis_confirmed":false,"burned_confirmed":false,"evidence_score":0,"evidence":"","filter_reason":"anomalie_non_corroboree"}},{"type":"Feature","geometry":{"type":"Point","coordinates":[11.02933,43.59357]},"properties":{"age_h":114.6,"recency":2,"frp":13.6,"confidence":"nominal","observations":1,"passes":1,"sensor_count":1,"sensors":"NOAA-21","effis_confirmed":false,"burned_confirmed":false,"evidence_score":1,"evidence":"","filter_reason":"anomalie_non_corroboree"}},{"type":"Feature","geometry":{"type":"Point","coordinates":[4.78978,44.74368]},"properties":{"age_h":114.6,"recency":2,"frp":2.8,"confidence":"nominal","observations":1,"passes":1,"sensor_count":1,"sensors":"NOAA-21","effis_confirmed":false,"burned_confirmed":false,"evidence_score":0,"evidence":"","filter_reason":"anomalie_non_corroboree"}},{"type":"Feature","geometry":{"type":"Point","coordinates":[7.50941,44.93465]},"properties":{"age_h":114.6,"recency":2,"frp":12.3,"confidence":"nominal","observations":4,"passes":1,"sensor_count":1,"sensors":"NOAA-21","effis_confirmed":false,"burned_confirmed":false,"evidence_score":3,"evidence":"groupe spatial","filter_reason":"anomalie_non_corroboree"}},{"type":"Feature","geometry":{"type":"Point","coordinates":[-0.52337,45.0981]},"properties":{"age_h":114.6,"recency":2,"frp":13.8,"confidence":"nominal","observations":1,"passes":1,"sensor_count":1,"sensors":"NOAA-21","effis_confirmed":false,"burned_confirmed":false,"evidence_score":1,"evidence":"","filter_reason":"anomalie_non_corroboree"}},{"type":"Feature","geometry":{"type":"Point","coordinates":[0.8598,46.30223]},"properties":{"age_h":114.6,"recency":2,"frp":7.9,"confidence":"nominal","observations":2,"passes":1,"sensor_count":1,"sensors":"NOAA-21","effis_confirmed":false,"burned_confirmed":false,"evidence_score":0,"evidence":"","filter_reason":"anomalie_non_corroboree"}},{"type":"Feature","geometry":{"type":"Point","coordinates":[-1.64381,46.46966]},"properties":{"age_h":114.6,"recency":2,"frp":8.5,"confidence":"nominal","observations":1,"passes":1,"sensor_count":1,"sensors":"NOAA-21","effis_confirmed":false,"burned_confirmed":false,"evidence_score":0,"evidence":"","filter_reason":"anomalie_non_corroboree"}},{"type":"Feature","geometry":{"type":"Point","coordinates":[3.17896,47.38788]},"properties":{"age_h":114.6,"recency":2,"frp":2.5,"confidence":"nominal","observations":1,"passes":1,"sensor_count":1,"sensors":"NOAA-21","effis_confirmed":false,"burned_confirmed":false,"evidence_score":0,"evidence":"","filter_reason":"anomalie_non_corroboree"}},{"type":"Feature","geometry":{"type":"Point","coordinates":[0.59999,47.79329]},"properties":{"age_h":114.6,"recency":2,"frp":7.8,"confidence":"nominal","observations":2,"passes":1,"sensor_count":1,"sensors":"NOAA-21","effis_confirmed":false,"burned_confirmed":false,"evidence_score":0,"evidence":"","filter_reason":"anomalie_non_corroboree"}},{"type":"Feature","geometry":{"type":"Point","coordinates":[1.39991,48.24725]},"properties":{"age_h":114.6,"recency":2,"frp":6.1,"confidence":"nominal","observations":1,"passes":1,"sensor_count":1,"sensors":"NOAA-21","effis_confirmed":false,"burned_confirmed":false,"evidence_score":0,"evidence":"","filter_reason":"anomalie_non_corroboree"}},{"type":"Feature","geometry":{"type":"Point","coordinates":[-3.48314,48.29015]},"properties":{"age_h":114.6,"recency":2,"frp":7.9,"confidence":"nominal","observations":1,"passes":1,"sensor_count":1,"sensors":"NOAA-21","effis_confirmed":false,"burned_confirmed":false,"evidence_score":0,"evidence":"","filter_reason":"anomalie_non_corroboree"}},{"type":"Feature","geometry":{"type":"Point","coordinates":[0.98703,35.879]},"properties":{"age_h":114.1,"recency":2,"frp":14.1,"confidence":"nominal","observations":2,"passes":1,"sensor_count":1,"sensors":"Suomi-NPP","effis_confirmed":false,"burned_confirmed":false,"evidence_score":1,"evidence":"","filter_reason":"anomalie_non_corroboree"}},{"type":"Feature","geometry":{"type":"Point","coordinates":[4.94259,36.22393]},"properties":{"age_h":114.1,"recency":2,"frp":15.7,"confidence":"high","observations":2,"passes":1,"sensor_count":1,"sensors":"Suomi-NPP","effis_confirmed":false,"burned_confirmed":false,"evidence_score":2,"evidence":"confiance élevée","filter_reason":"anomalie_non_corroboree"}},{"type":"Feature","geometry":{"type":"Point","coordinates":[-3.27169,40.17773]},"properties":{"age_h":114.0,"recency":2,"frp":5.5,"confidence":"nominal","observations":1,"passes":1,"sensor_count":1,"sensors":"Suomi-NPP","effis_confirmed":false,"burned_confirmed":false,"evidence_score":0,"evidence":"","filter_reason":"anomalie_non_corroboree"}},{"type":"Feature","geometry":{"type":"Point","coordinates":[-8.59798,43.0046]},"properties":{"age_h":114.0,"recency":2,"frp":3.7,"confidence":"nominal","observations":1,"passes":1,"sensor_count":1,"sensors":"Suomi-NPP","effis_confirmed":false,"burned_confirmed":false,"evidence_score":0,"evidence":"","filter_reason":"anomalie_non_corroboree"}},{"type":"Feature","geometry":{"type":"Point","coordinates":[4.49081,49.24596]},"properties":{"age_h":114.0,"recency":2,"frp":13.4,"confidence":"nominal","observations":2,"passes":1,"sensor_count":1,"sensors":"Suomi-NPP","effis_confirmed":false,"burned_confirmed":false,"evidence_score":1,"evidence":"","filter_reason":"anomalie_non_corroboree"}},{"type":"Feature","geometry":{"type":"Point","coordinates":[0.95214,44.46653]},"properties":{"age_h":114.0,"recency":2,"frp":2.2,"confidence":"nominal","observations":2,"passes":1,"sensor_count":1,"sensors":"Suomi-NPP","effis_confirmed":false,"burned_confirmed":false,"evidence_score":0,"evidence":"","filter_reason":"anomalie_non_corroboree"}},{"type":"Feature","geometry":{"type":"Point","coordinates":[0.25856,46.12796]},"properties":{"age_h":114.0,"recency":2,"frp":3.0,"confidence":"nominal","observations":1,"passes":1,"sensor_count":1,"sensors":"Suomi-NPP","effis_confirmed":false,"burned_confirmed":false,"evidence_score":0,"evidence":"","filter_reason":"anomalie_non_corroboree"}},{"type":"Feature","geometry":{"type":"Point","coordinates":[-0.55349,46.6854]},"properties":{"age_h":113.7,"recency":2,"frp":8.7,"confidence":"nominal","observations":2,"passes":1,"sensor_count":1,"sensors":"NOAA-20","effis_confirmed":false,"burned_confirmed":false,"evidence_score":0,"evidence":"","filter_reason":"anomalie_non_corroboree"}},{"type":"Feature","geometry":{"type":"Point","coordinates":[41.2971,39.19933]},"properties":{"age_h":105.7,"recency":2,"frp":0.7,"confidence":"nominal","observations":1,"passes":1,"sensor_count":1,"sensors":"NOAA-21","effis_confirmed":false,"burned_confirmed":false,"evidence_score":0,"evidence":"","filter_reason":"anomalie_non_corroboree"}},{"type":"Feature","geometry":{"type":"Point","coordinates":[39.74109,54.57004]},"properties":{"age_h":105.2,"recency":2,"frp":0.7,"confidence":"nominal","observations":1,"passes":1,"sensor_count":1,"sensors":"Suomi-NPP","effis_confirmed":false,"burned_confirmed":false,"evidence_score":0,"evidence":"","filter_reason":"anomalie_non_corroboree"}},{"type":"Feature","geometry":{"type":"Point","coordinates":[33.45715,49.18356]},"properties":{"age_h":105.2,"recency":2,"frp":1.1,"confidence":"nominal","observations":1,"passes":1,"sensor_count":1,"sensors":"Suomi-NPP","effis_confirmed":false,"burned_confirmed":false,"evidence_score":0,"evidence":"","filter_reason":"anomalie_non_corroboree"}},{"type":"Feature","geometry":{"type":"Point","coordinates":[37.02789,37.39134]},"properties":{"age_h":105.1,"recency":2,"frp":1.1,"confidence":"nominal","observations":1,"passes":1,"sensor_count":1,"sensors":"Suomi-NPP","effis_confirmed":false,"burned_confirmed":false,"evidence_score":0,"evidence":"","filter_reason":"anomalie_non_corroboree"}},{"type":"Feature","geometry":{"type":"Point","coordinates":[36.29159,40.10372]},"properties":{"age_h":104.8,"recency":2,"frp":0.7,"confidence":"nominal","observations":2,"passes":2,"sensor_count":1,"sensors":"NOAA-20","effis_confirmed":false,"burned_confirmed":false,"evidence_score":2,"evidence":"passages répétés","filter_reason":"anomalie_non_corroboree"}},{"type":"Feature","geometry":{"type":"Point","coordinates":[29.60039,40.78497]},"properties":{"age_h":104.8,"recency":2,"frp":1.6,"confidence":"nominal","observations":2,"passes":2,"sensor_count":1,"sensors":"NOAA-20","effis_confirmed":false,"burned_confirmed":false,"evidence_score":2,"evidence":"passages répétés","filter_reason":"anomalie_non_corroboree"}},{"type":"Feature","geometry":{"type":"Point","coordinates":[41.96377,36.52445]},"properties":{"age_h":104.8,"recency":2,"frp":2.5,"confidence":"nominal","observations":1,"passes":1,"sensor_count":1,"sensors":"NOAA-20","effis_confirmed":false,"burned_confirmed":false,"evidence_score":0,"evidence":"","filter_reason":"anomalie_non_corroboree"}},{"type":"Feature","geometry":{"type":"Point","coordinates":[28.62346,36.82734]},"properties":{"age_h":104.8,"recency":2,"frp":3.2,"confidence":"nominal","observations":5,"passes":1,"sensor_count":1,"sensors":"NOAA-20","effis_confirmed":false,"burned_confirmed":false,"evidence_score":2,"evidence":"groupe spatial","filter_reason":"anomalie_non_corroboree"}},{"type":"Feature","geometry":{"type":"Point","coordinates":[41.68081,36.94768]},"properties":{"age_h":104.8,"recency":2,"frp":0.6,"confidence":"nominal","observations":1,"passes":1,"sensor_count":1,"sensors":"NOAA-20","effis_confirmed":false,"burned_confirmed":false,"evidence_score":0,"evidence":"","filter_reason":"anomalie_non_corroboree"}},{"type":"Feature","geometry":{"type":"Point","coordinates":[39.32475,37.7193]},"properties":{"age_h":104.8,"recency":2,"frp":0.3,"confidence":"nominal","observations":1,"passes":1,"sensor_count":1,"sensors":"NOAA-20","effis_confirmed":false,"burned_confirmed":false,"evidence_score":0,"evidence":"","filter_reason":"anomalie_non_corroboree"}},{"type":"Feature","geometry":{"type":"Point","coordinates":[39.12106,37.74576]},"properties":{"age_h":104.8,"recency":2,"frp":1.4,"confidence":"nominal","observations":2,"passes":1,"sensor_count":1,"sensors":"NOAA-20","effis_confirmed":false,"burned_confirmed":false,"evidence_score":0,"evidence":"","filter_reason":"anomalie_non_corroboree"}},{"type":"Feature","geometry":{"type":"Point","coordinates":[39.65729,40.41391]},"properties":{"age_h":104.8,"recency":2,"frp":0.3,"confidence":"nominal","observations":1,"passes":1,"sensor_count":1,"sensors":"NOAA-20","effis_confirmed":false,"burned_confirmed":false,"evidence_score":0,"evidence":"","filter_reason":"anomalie_non_corroboree"}},{"type":"Feature","geometry":{"type":"Point","coordinates":[40.41238,56.16065]},"properties":{"age_h":104.1,"recency":2,"frp":0.3,"confidence":"nominal","observations":2,"passes":2,"sensor_count":1,"sensors":"NOAA-21","effis_confirmed":false,"burned_confirmed":false,"evidence_score":2,"evidence":"passages répétés","filter_reason":"anomalie_non_corroboree"}},{"type":"Feature","geometry":{"type":"Point","coordinates":[36.00076,56.7979]},"properties":{"age_h":104.1,"recency":2,"frp":2.8,"confidence":"nominal","observations":1,"passes":1,"sensor_count":1,"sensors":"NOAA-21","effis_confirmed":false,"burned_confirmed":false,"evidence_score":0,"evidence":"","filter_reason":"anomalie_non_corroboree"}},{"type":"Feature","geometry":{"type":"Point","coordinates":[35.37062,50.75793]},"properties":{"age_h":104.1,"recency":2,"frp":1.0,"confidence":"nominal","observations":1,"passes":1,"sensor_count":1,"sensors":"NOAA-21","effis_confirmed":false,"burned_confirmed":false,"evidence_score":0,"evidence":"","filter_reason":"anomalie_non_corroboree"}},{"type":"Feature","geometry":{"type":"Point","coordinates":[35.17603,50.91773]},"properties":{"age_h":104.1,"recency":2,"frp":0.5,"confidence":"nominal","observations":1,"passes":1,"sensor_count":1,"sensors":"NOAA-21","effis_confirmed":false,"burned_confirmed":false,"evidence_score":0,"evidence":"","filter_reason":"anomalie_non_corroboree"}},{"type":"Feature","geometry":{"type":"Point","coordinates":[19.66593,52.58381]},"properties":{"age_h":104.1,"recency":2,"frp":0.6,"confidence":"nominal","observations":1,"passes":1,"sensor_count":1,"sensors":"NOAA-21","effis_confirmed":false,"burned_confirmed":false,"evidence_score":0,"evidence":"","filter_reason":"anomalie_non_corroboree"}},{"type":"Feature","geometry":{"type":"Point","coordinates":[36.80524,54.48186]},"properties":{"age_h":104.1,"recency":2,"frp":0.7,"confidence":"nominal","observations":1,"passes":1,"sensor_count":1,"sensors":"NOAA-21","effis_confirmed":false,"burned_confirmed":false,"evidence_score":0,"evidence":"","filter_reason":"anomalie_non_corroboree"}},{"type":"Feature","geometry":{"type":"Point","coordinates":[36.67994,55.23005]},"properties":{"age_h":104.1,"recency":2,"frp":0.5,"confidence":"nominal","observations":1,"passes":1,"sensor_count":1,"sensors":"NOAA-21","effis_confirmed":false,"burned_confirmed":false,"evidence_score":0,"evidence":"","filter_reason":"anomalie_non_corroboree"}},{"type":"Feature","geometry":{"type":"Point","coordinates":[28.30802,44.23896]},"properties":{"age_h":104.1,"recency":2,"frp":1.1,"confidence":"nominal","observations":1,"passes":1,"sensor_count":1,"sensors":"NOAA-21","effis_confirmed":false,"burned_confirmed":false,"evidence_score":0,"evidence":"","filter_reason":"anomalie_non_corroboree"}},{"type":"Feature","geometry":{"type":"Point","coordinates":[36.64221,45.45922]},"properties":{"age_h":104.1,"recency":2,"frp":4.4,"confidence":"nominal","observations":1,"passes":1,"sensor_count":1,"sensors":"NOAA-21","effis_confirmed":false,"burned_confirmed":false,"evidence_score":0,"evidence":"","filter_reason":"anomalie_non_corroboree"}},{"type":"Feature","geometry":{"type":"Point","coordinates":[40.92938,45.73291]},"properties":{"age_h":104.1,"recency":2,"frp":0.7,"confidence":"nominal","observations":2,"passes":1,"sensor_count":1,"sensors":"NOAA-21","effis_confirmed":false,"burned_confirmed":false,"evidence_score":0,"evidence":"","filter_reason":"anomalie_non_corroboree"}},{"type":"Feature","geometry":{"type":"Point","coordinates":[35.63697,46.729]},"properties":{"age_h":104.1,"recency":2,"frp":2.1,"confidence":"nominal","observations":2,"passes":1,"sensor_count":1,"sensors":"NOAA-21","effis_confirmed":false,"burned_confirmed":false,"evidence_score":0,"evidence":"","filter_reason":"anomalie_non_corroboree"}},{"type":"Feature","geometry":{"type":"Point","coordinates":[38.93245,47.2395]},"properties":{"age_h":104.1,"recency":2,"frp":2.4,"confidence":"nominal","observations":1,"passes":1,"sensor_count":1,"sensors":"NOAA-21","effis_confirmed":false,"burned_confirmed":false,"evidence_score":0,"evidence":"","filter_reason":"anomalie_non_corroboree"}},{"type":"Feature","geometry":{"type":"Point","coordinates":[36.74417,35.30009]},"properties":{"age_h":104.0,"recency":2,"frp":1.5,"confidence":"nominal","observations":1,"passes":1,"sensor_count":1,"sensors":"NOAA-21","effis_confirmed":false,"burned_confirmed":false,"evidence_score":0,"evidence":"","filter_reason":"anomalie_non_corroboree"}},{"type":"Feature","geometry":{"type":"Point","coordinates":[39.0603,37.41731]},"properties":{"age_h":104.0,"recency":2,"frp":1.3,"confidence":"nominal","observations":2,"passes":1,"sensor_count":1,"sensors":"NOAA-21","effis_confirmed":false,"burned_confirmed":false,"evidence_score":0,"evidence":"","filter_reason":"anomalie_non_corroboree"}},{"type":"Feature","geometry":{"type":"Point","coordinates":[40.56173,37.71104]},"properties":{"age_h":104.0,"recency":2,"frp":0.4,"confidence":"nominal","observations":1,"passes":1,"sensor_count":1,"sensors":"NOAA-21","effis_confirmed":false,"burned_confirmed":false,"evidence_score":0,"evidence":"","filter_reason":"anomalie_non_corroboree"}},{"type":"Feature","geometry":{"type":"Point","coordinates":[23.95733,37.81284]},"properties":{"age_h":104.0,"recency":2,"frp":0.9,"confidence":"nominal","observations":1,"passes":1,"sensor_count":1,"sensors":"NOAA-21","effis_confirmed":false,"burned_confirmed":false,"evidence_score":0,"evidence":"","filter_reason":"anomalie_non_corroboree"}},{"type":"Feature","geometry":{"type":"Point","coordinates":[32.53545,37.93996]},"properties":{"age_h":104.0,"recency":2,"frp":0.6,"confidence":"nominal","observations":1,"passes":1,"sensor_count":1,"sensors":"NOAA-21","effis_confirmed":false,"burned_confirmed":false,"evidence_score":0,"evidence":"","filter_reason":"anomalie_non_corroboree"}},{"type":"Feature","geometry":{"type":"Point","coordinates":[27.49777,39.18224]},"properties":{"age_h":104.0,"recency":2,"frp":1.0,"confidence":"nominal","observations":1,"passes":1,"sensor_count":1,"sensors":"NOAA-21","effis_confirmed":false,"burned_confirmed":false,"evidence_score":0,"evidence":"","filter_reason":"anomalie_non_corroboree"}},{"type":"Feature","geometry":{"type":"Point","coordinates":[20.54813,40.63096]},"properties":{"age_h":104.0,"recency":2,"frp":5.7,"confidence":"nominal","observations":1,"passes":1,"sensor_count":1,"sensors":"NOAA-21","effis_confirmed":false,"burned_confirmed":false,"evidence_score":0,"evidence":"","filter_reason":"anomalie_non_corroboree"}},{"type":"Feature","geometry":{"type":"Point","coordinates":[29.77861,40.92693]},"properties":{"age_h":104.0,"recency":2,"frp":1.0,"confidence":"nominal","observations":1,"passes":1,"sensor_count":1,"sensors":"NOAA-21","effis_confirmed":false,"burned_confirmed":false,"evidence_score":0,"evidence":"","filter_reason":"anomalie_non_corroboree"}},{"type":"Feature","geometry":{"type":"Point","coordinates":[27.96077,41.016]},"properties":{"age_h":104.0,"recency":2,"frp":1.3,"confidence":"nominal","observations":1,"passes":1,"sensor_count":1,"sensors":"NOAA-21","effis_confirmed":false,"burned_confirmed":false,"evidence_score":0,"evidence":"","filter_reason":"anomalie_non_corroboree"}},{"type":"Feature","geometry":{"type":"Point","coordinates":[31.82528,53.67278]},"properties":{"age_h":103.5,"recency":2,"frp":0.6,"confidence":"nominal","observations":1,"passes":1,"sensor_count":1,"sensors":"Suomi-NPP","effis_confirmed":false,"burned_confirmed":false,"evidence_score":0,"evidence":"","filter_reason":"anomalie_non_corroboree"}},{"type":"Feature","geometry":{"type":"Point","coordinates":[12.67198,42.56649]},"properties":{"age_h":103.5,"recency":2,"frp":0.4,"confidence":"nominal","observations":1,"passes":1,"sensor_count":1,"sensors":"Suomi-NPP","effis_confirmed":false,"burned_confirmed":false,"evidence_score":0,"evidence":"","filter_reason":"anomalie_non_corroboree"}},{"type":"Feature","geometry":{"type":"Point","coordinates":[11.83624,43.66048]},"properties":{"age_h":103.5,"recency":2,"frp":1.0,"confidence":"nominal","observations":1,"passes":1,"sensor_count":1,"sensors":"Suomi-NPP","effis_confirmed":false,"burned_confirmed":false,"evidence_score":0,"evidence":"","filter_reason":"anomalie_non_corroboree"}},{"type":"Feature","geometry":{"type":"Point","coordinates":[23.073,43.91261]},"properties":{"age_h":103.5,"recency":2,"frp":0.5,"confidence":"nominal","observations":1,"passes":1,"sensor_count":1,"sensors":"Suomi-NPP","effis_confirmed":false,"burned_confirmed":false,"evidence_score":0,"evidence":"","filter_reason":"anomalie_non_corroboree"}},{"type":"Feature","geometry":{"type":"Point","coordinates":[23.07174,44.17134]},"properties":{"age_h":103.5,"recency":2,"frp":1.2,"confidence":"nominal","observations":1,"passes":1,"sensor_count":1,"sensors":"Suomi-NPP","effis_confirmed":false,"burned_confirmed":false,"evidence_score":0,"evidence":"","filter_reason":"anomalie_non_corroboree"}},{"type":"Feature","geometry":{"type":"Point","coordinates":[33.99815,45.12898]},"properties":{"age_h":103.5,"recency":2,"frp":1.0,"confidence":"nominal","observations":1,"passes":1,"sensor_count":1,"sensors":"Suomi-NPP","effis_confirmed":false,"burned_confirmed":false,"evidence_score":0,"evidence":"","filter_reason":"anomalie_non_corroboree"}},{"type":"Feature","geometry":{"type":"Point","coordinates":[26.82577,45.13909]},"properties":{"age_h":103.5,"recency":2,"frp":0.3,"confidence":"nominal","observations":1,"passes":1,"sensor_count":1,"sensors":"Suomi-NPP","effis_confirmed":false,"burned_confirmed":false,"evidence_score":0,"evidence":"","filter_reason":"anomalie_non_corroboree"}},{"type":"Feature","geometry":{"type":"Point","coordinates":[33.31605,34.72593]},"properties":{"age_h":103.4,"recency":2,"frp":1.1,"confidence":"nominal","observations":1,"passes":1,"sensor_count":1,"sensors":"Suomi-NPP","effis_confirmed":false,"burned_confirmed":false,"evidence_score":0,"evidence":"","filter_reason":"anomalie_non_corroboree"}},{"type":"Feature","geometry":{"type":"Point","coordinates":[37.05549,35.9111]},"properties":{"age_h":103.4,"recency":2,"frp":0.6,"confidence":"nominal","observations":2,"passes":1,"sensor_count":1,"sensors":"Suomi-NPP","effis_confirmed":false,"burned_confirmed":false,"evidence_score":0,"evidence":"","filter_reason":"anomalie_non_corroboree"}},{"type":"Feature","geometry":{"type":"Point","coordinates":[28.82617,36.79527]},"properties":{"age_h":103.4,"recency":2,"frp":1.3,"confidence":"nominal","observations":1,"passes":1,"sensor_count":1,"sensors":"Suomi-NPP","effis_confirmed":false,"burned_confirmed":false,"evidence_score":0,"evidence":"","filter_reason":"anomalie_non_corroboree"}},{"type":"Feature","geometry":{"type":"Point","coordinates":[26.92305,38.79823]},"properties":{"age_h":103.4,"recency":2,"frp":0.4,"confidence":"nominal","observations":2,"passes":1,"sensor_count":1,"sensors":"Suomi-NPP","effis_confirmed":false,"burned_confirmed":false,"evidence_score":0,"evidence":"","filter_reason":"anomalie_non_corroboree"}},{"type":"Feature","geometry":{"type":"Point","coordinates":[8.779,40.56072]},"properties":{"age_h":103.4,"recency":2,"frp":0.3,"confidence":"nominal","observations":1,"passes":1,"sensor_count":1,"sensors":"Suomi-NPP","effis_confirmed":false,"burned_confirmed":false,"evidence_score":0,"evidence":"","filter_reason":"anomalie_non_corroboree"}},{"type":"Feature","geometry":{"type":"Point","coordinates":[28.17451,61.02825]},"properties":{"age_h":103.2,"recency":2,"frp":0.6,"confidence":"nominal","observations":2,"passes":1,"sensor_count":1,"sensors":"NOAA-20","effis_confirmed":false,"burned_confirmed":false,"evidence_score":0,"evidence":"","filter_reason":"anomalie_non_corroboree"}},{"type":"Feature","geometry":{"type":"Point","coordinates":[25.75226,62.59493]},"properties":{"age_h":103.2,"recency":2,"frp":0.7,"confidence":"nominal","observations":1,"passes":1,"sensor_count":1,"sensors":"NOAA-20","effis_confirmed":false,"burned_confirmed":false,"evidence_score":0,"evidence":"","filter_reason":"anomalie_non_corroboree"}},{"type":"Feature","geometry":{"type":"Point","coordinates":[16.17854,60.13275]},"properties":{"age_h":103.2,"recency":2,"frp":1.0,"confidence":"nominal","observations":1,"passes":1,"sensor_count":1,"sensors":"NOAA-20","effis_confirmed":false,"burned_confirmed":false,"evidence_score":0,"evidence":"","filter_reason":"anomalie_non_corroboree"}},{"type":"Feature","geometry":{"type":"Point","coordinates":[22.97959,48.53397]},"properties":{"age_h":103.2,"recency":2,"frp":1.1,"confidence":"nominal","observations":2,"passes":1,"sensor_count":1,"sensors":"NOAA-20","effis_confirmed":false,"burned_confirmed":false,"evidence_score":0,"evidence":"","filter_reason":"anomalie_non_corroboree"}},{"type":"Feature","geometry":{"type":"Point","coordinates":[8.41566,49.5336]},"properties":{"age_h":103.2,"recency":2,"frp":0.5,"confidence":"nominal","observations":1,"passes":1,"sensor_count":1,"sensors":"NOAA-20","effis_confirmed":false,"burned_confirmed":false,"evidence_score":0,"evidence":"","filter_reason":"anomalie_non_corroboree"}},{"type":"Feature","geometry":{"type":"Point","coordinates":[22.84035,39.17073]},"properties":{"age_h":103.1,"recency":2,"frp":2.0,"confidence":"nominal","observations":1,"passes":1,"sensor_count":1,"sensors":"NOAA-20","effis_confirmed":false,"burned_confirmed":false,"evidence_score":0,"evidence":"","filter_reason":"anomalie_non_corroboree"}},{"type":"Feature","geometry":{"type":"Point","coordinates":[31.67187,39.55369]},"properties":{"age_h":103.1,"recency":2,"frp":0.2,"confidence":"nominal","observations":1,"passes":1,"sensor_count":1,"sensors":"NOAA-20","effis_confirmed":false,"burned_confirmed":false,"evidence_score":0,"evidence":"","filter_reason":"anomalie_non_corroboree"}},{"type":"Feature","geometry":{"type":"Point","coordinates":[15.90251,40.31317]},"properties":{"age_h":103.1,"recency":2,"frp":0.8,"confidence":"nominal","observations":1,"passes":1,"sensor_count":1,"sensors":"NOAA-20","effis_confirmed":false,"burned_confirmed":false,"evidence_score":0,"evidence":"","filter_reason":"anomalie_non_corroboree"}},{"type":"Feature","geometry":{"type":"Point","coordinates":[17.19503,40.49327]},"properties":{"age_h":103.1,"recency":2,"frp":0.8,"confidence":"nominal","observations":1,"passes":1,"sensor_count":1,"sensors":"NOAA-20","effis_confirmed":false,"burned_confirmed":false,"evidence_score":0,"evidence":"","filter_reason":"anomalie_non_corroboree"}},{"type":"Feature","geometry":{"type":"Point","coordinates":[24.01022,42.06843]},"properties":{"age_h":103.1,"recency":2,"frp":12.1,"confidence":"nominal","observations":1,"passes":1,"sensor_count":1,"sensors":"NOAA-20","effis_confirmed":false,"burned_confirmed":false,"evidence_score":1,"evidence":"","filter_reason":"anomalie_non_corroboree"}},{"type":"Feature","geometry":{"type":"Point","coordinates":[23.58263,44.01617]},"properties":{"age_h":103.1,"recency":2,"frp":2.2,"confidence":"nominal","observations":1,"passes":1,"sensor_count":1,"sensors":"NOAA-20","effis_confirmed":false,"burned_confirmed":false,"evidence_score":0,"evidence":"","filter_reason":"anomalie_non_corroboree"}},{"type":"Feature","geometry":{"type":"Point","coordinates":[10.58647,34.6029]},"properties":{"age_h":103.1,"recency":2,"frp":1.4,"confidence":"nominal","observations":1,"passes":1,"sensor_count":1,"sensors":"NOAA-20","effis_confirmed":false,"burned_confirmed":false,"evidence_score":0,"evidence":"","filter_reason":"anomalie_non_corroboree"}},{"type":"Feature","geometry":{"type":"Point","coordinates":[10.28425,36.16043]},"properties":{"age_h":103.1,"recency":2,"frp":1.4,"confidence":"nominal","observations":1,"passes":1,"sensor_count":1,"sensors":"NOAA-20","effis_confirmed":false,"burned_confirmed":false,"evidence_score":0,"evidence":"","filter_reason":"anomalie_non_corroboree"}},{"type":"Feature","geometry":{"type":"Point","coordinates":[14.59028,37.12363]},"properties":{"age_h":103.1,"recency":2,"frp":1.2,"confidence":"nominal","observations":1,"passes":1,"sensor_count":1,"sensors":"NOAA-20","effis_confirmed":false,"burned_confirmed":false,"evidence_score":0,"evidence":"","filter_reason":"anomalie_non_corroboree"}},{"type":"Feature","geometry":{"type":"Point","coordinates":[15.26779,38.20532]},"properties":{"age_h":103.1,"recency":2,"frp":2.6,"confidence":"nominal","observations":1,"passes":1,"sensor_count":1,"sensors":"NOAA-20","effis_confirmed":false,"burned_confirmed":false,"evidence_score":0,"evidence":"","filter_reason":"anomalie_non_corroboree"}},{"type":"Feature","geometry":{"type":"Point","coordinates":[36.35627,54.49713]},"properties":{"age_h":102.5,"recency":2,"frp":6.2,"confidence":"nominal","observations":1,"passes":1,"sensor_count":1,"sensors":"NOAA-21","effis_confirmed":false,"burned_confirmed":false,"evidence_score":0,"evidence":"","filter_reason":"anomalie_non_corroboree"}},{"type":"Feature","geometry":{"type":"Point","coordinates":[16.12912,46.57453]},"properties":{"age_h":102.4,"recency":2,"frp":1.9,"confidence":"nominal","observations":1,"passes":1,"sensor_count":1,"sensors":"NOAA-21","effis_confirmed":false,"burned_confirmed":false,"evidence_score":0,"evidence":"","filter_reason":"anomalie_non_corroboree"}},{"type":"Feature","geometry":{"type":"Point","coordinates":[5.55421,47.13531]},"properties":{"age_h":102.4,"recency":2,"frp":0.7,"confidence":"nominal","observations":1,"passes":1,"sensor_count":1,"sensors":"NOAA-21","effis_confirmed":false,"burned_confirmed":false,"evidence_score":0,"evidence":"","filter_reason":"anomalie_non_corroboree"}},{"type":"Feature","geometry":{"type":"Point","coordinates":[8.77684,48.22732]},"properties":{"age_h":102.4,"recency":2,"frp":0.6,"confidence":"nominal","observations":1,"passes":1,"sensor_count":1,"sensors":"NOAA-21","effis_confirmed":false,"burned_confirmed":false,"evidence_score":0,"evidence":"","filter_reason":"anomalie_non_corroboree"}},{"type":"Feature","geometry":{"type":"Point","coordinates":[8.41537,49.51684]},"properties":{"age_h":102.4,"recency":2,"frp":0.7,"confidence":"nominal","observations":1,"passes":1,"sensor_count":1,"sensors":"NOAA-21","effis_confirmed":false,"burned_confirmed":false,"evidence_score":0,"evidence":"","filter_reason":"anomalie_non_corroboree"}},{"type":"Feature","geometry":{"type":"Point","coordinates":[5.71787,49.97839]},"properties":{"age_h":102.4,"recency":2,"frp":0.8,"confidence":"nominal","observations":1,"passes":1,"sensor_count":1,"sensors":"NOAA-21","effis_confirmed":false,"burned_confirmed":false,"evidence_score":0,"evidence":"","filter_reason":"anomalie_non_corroboree"}},{"type":"Feature","geometry":{"type":"Point","coordinates":[8.25837,50.03259]},"properties":{"age_h":102.4,"recency":2,"frp":0.5,"confidence":"nominal","observations":1,"passes":1,"sensor_count":1,"sensors":"NOAA-21","effis_confirmed":false,"burned_confirmed":false,"evidence_score":0,"evidence":"","filter_reason":"anomalie_non_corroboree"}},{"type":"Feature","geometry":{"type":"Point","coordinates":[18.33832,39.86396]},"properties":{"age_h":102.4,"recency":2,"frp":0.6,"confidence":"nominal","observations":1,"passes":1,"sensor_count":1,"sensors":"NOAA-21","effis_confirmed":false,"burned_confirmed":false,"evidence_score":0,"evidence":"","filter_reason":"anomalie_non_corroboree"}},{"type":"Feature","geometry":{"type":"Point","coordinates":[2.28012,41.94793]},"properties":{"age_h":102.4,"recency":2,"frp":0.8,"confidence":"nominal","observations":1,"passes":1,"sensor_count":1,"sensors":"NOAA-21","effis_confirmed":false,"burned_confirmed":false,"evidence_score":0,"evidence":"","filter_reason":"anomalie_non_corroboree"}},{"type":"Feature","geometry":{"type":"Point","coordinates":[12.91765,42.19382]},"properties":{"age_h":102.4,"recency":2,"frp":0.5,"confidence":"nominal","observations":1,"passes":1,"sensor_count":1,"sensors":"NOAA-21","effis_confirmed":false,"burned_confirmed":false,"evidence_score":0,"evidence":"","filter_reason":"anomalie_non_corroboree"}},{"type":"Feature","geometry":{"type":"Point","coordinates":[3.02753,43.02462]},"properties":{"age_h":102.4,"recency":2,"frp":1.0,"confidence":"nominal","observations":1,"passes":1,"sensor_count":1,"sensors":"NOAA-21","effis_confirmed":false,"burned_confirmed":false,"evidence_score":0,"evidence":"","filter_reason":"anomalie_non_corroboree"}},{"type":"Feature","geometry":{"type":"Point","coordinates":[5.46369,43.45221]},"properties":{"age_h":102.4,"recency":2,"frp":0.7,"confidence":"nominal","observations":1,"passes":1,"sensor_count":1,"sensors":"NOAA-21","effis_confirmed":false,"burned_confirmed":false,"evidence_score":0,"evidence":"","filter_reason":"anomalie_non_corroboree"}},{"type":"Feature","geometry":{"type":"Point","coordinates":[6.54697,46.6555]},"properties":{"age_h":102.4,"recency":2,"frp":0.5,"confidence":"nominal","observations":1,"passes":1,"sensor_count":1,"sensors":"NOAA-21","effis_confirmed":false,"burned_confirmed":false,"evidence_score":0,"evidence":"","filter_reason":"anomalie_non_corroboree"}},{"type":"Feature","geometry":{"type":"Point","coordinates":[-0.47969,47.53587]},"properties":{"age_h":102.4,"recency":2,"frp":0.6,"confidence":"nominal","observations":1,"passes":1,"sensor_count":1,"sensors":"NOAA-21","effis_confirmed":false,"burned_confirmed":false,"evidence_score":0,"evidence":"","filter_reason":"anomalie_non_corroboree"}},{"type":"Feature","geometry":{"type":"Point","coordinates":[9.49224,35.04446]},"properties":{"age_h":102.3,"recency":2,"frp":2.7,"confidence":"nominal","observations":1,"passes":1,"sensor_count":1,"sensors":"NOAA-21","effis_confirmed":false,"burned_confirmed":false,"evidence_score":0,"evidence":"","filter_reason":"anomalie_non_corroboree"}},{"type":"Feature","geometry":{"type":"Point","coordinates":[9.93108,35.69454]},"properties":{"age_h":102.3,"recency":2,"frp":1.7,"confidence":"nominal","observations":1,"passes":1,"sensor_count":1,"sensors":"NOAA-21","effis_confirmed":false,"burned_confirmed":false,"evidence_score":0,"evidence":"","filter_reason":"anomalie_non_corroboree"}},{"type":"Feature","geometry":{"type":"Point","coordinates":[7.3799,35.79248]},"properties":{"age_h":102.3,"recency":2,"frp":2.6,"confidence":"nominal","observations":1,"passes":1,"sensor_count":1,"sensors":"NOAA-21","effis_confirmed":false,"burned_confirmed":false,"evidence_score":0,"evidence":"","filter_reason":"anomalie_non_corroboree"}},{"type":"Feature","geometry":{"type":"Point","coordinates":[3.01001,36.68004]},"properties":{"age_h":102.3,"recency":2,"frp":0.5,"confidence":"nominal","observations":1,"passes":1,"sensor_count":1,"sensors":"NOAA-21","effis_confirmed":false,"burned_confirmed":false,"evidence_score":0,"evidence":"","filter_reason":"anomalie_non_corroboree"}},{"type":"Feature","geometry":{"type":"Point","coordinates":[2.92125,36.72724]},"properties":{"age_h":102.3,"recency":2,"frp":0.5,"confidence":"nominal","observations":1,"passes":1,"sensor_count":1,"sensors":"NOAA-21","effis_confirmed":false,"burned_confirmed":false,"evidence_score":0,"evidence":"","filter_reason":"anomalie_non_corroboree"}},{"type":"Feature","geometry":{"type":"Point","coordinates":[14.11956,44.96855]},"properties":{"age_h":101.8,"recency":2,"frp":0.9,"confidence":"nominal","observations":1,"passes":1,"sensor_count":1,"sensors":"Suomi-NPP","effis_confirmed":false,"burned_confirmed":false,"evidence_score":0,"evidence":"","filter_reason":"anomalie_non_corroboree"}},{"type":"Feature","geometry":{"type":"Point","coordinates":[3.73505,51.10369]},"properties":{"age_h":101.8,"recency":2,"frp":0.7,"confidence":"nominal","observations":1,"passes":1,"sensor_count":1,"sensors":"Suomi-NPP","effis_confirmed":false,"burned_confirmed":false,"evidence_score":0,"evidence":"","filter_reason":"anomalie_non_corroboree"}},{"type":"Feature","geometry":{"type":"Point","coordinates":[7.24071,34.57182]},"properties":{"age_h":101.7,"recency":2,"frp":1.0,"confidence":"nominal","observations":1,"passes":1,"sensor_count":1,"sensors":"Suomi-NPP","effis_confirmed":false,"burned_confirmed":false,"evidence_score":0,"evidence":"","filter_reason":"anomalie_non_corroboree"}},{"type":"Feature","geometry":{"type":"Point","coordinates":[5.11504,34.69076]},"properties":{"age_h":101.7,"recency":2,"frp":6.7,"confidence":"nominal","observations":1,"passes":1,"sensor_count":1,"sensors":"Suomi-NPP","effis_confirmed":false,"burned_confirmed":false,"evidence_score":0,"evidence":"","filter_reason":"anomalie_non_corroboree"}},{"type":"Feature","geometry":{"type":"Point","coordinates":[-5.42433,36.17733]},"properties":{"age_h":101.7,"recency":2,"frp":0.9,"confidence":"nominal","observations":1,"passes":1,"sensor_count":1,"sensors":"Suomi-NPP","effis_confirmed":false,"burned_confirmed":false,"evidence_score":0,"evidence":"","filter_reason":"anomalie_non_corroboree"}},{"type":"Feature","geometry":{"type":"Point","coordinates":[-0.07998,40.84362]},"properties":{"age_h":101.7,"recency":2,"frp":1.7,"confidence":"nominal","observations":1,"passes":1,"sensor_count":1,"sensors":"Suomi-NPP","effis_confirmed":false,"burned_confirmed":false,"evidence_score":0,"evidence":"","filter_reason":"anomalie_non_corroboree"}},{"type":"Feature","geometry":{"type":"Point","coordinates":[8.28994,44.37725]},"properties":{"age_h":101.7,"recency":2,"frp":0.7,"confidence":"nominal","observations":1,"passes":1,"sensor_count":1,"sensors":"Suomi-NPP","effis_confirmed":false,"burned_confirmed":false,"evidence_score":0,"evidence":"","filter_reason":"anomalie_non_corroboree"}},{"type":"Feature","geometry":{"type":"Point","coordinates":[4.03963,50.69732]},"properties":{"age_h":101.5,"recency":2,"frp":0.9,"confidence":"nominal","observations":1,"passes":1,"sensor_count":1,"sensors":"NOAA-20","effis_confirmed":false,"burned_confirmed":false,"evidence_score":0,"evidence":"","filter_reason":"anomalie_non_corroboree"}},{"type":"Feature","geometry":{"type":"Point","coordinates":[2.26861,51.02763]},"properties":{"age_h":101.5,"recency":2,"frp":1.2,"confidence":"nominal","observations":1,"passes":1,"sensor_count":1,"sensors":"NOAA-20","effis_confirmed":false,"burned_confirmed":false,"evidence_score":0,"evidence":"","filter_reason":"anomalie_non_corroboree"}},{"type":"Feature","geometry":{"type":"Point","coordinates":[-1.8549,53.2648]},"properties":{"age_h":101.5,"recency":2,"frp":0.6,"confidence":"nominal","observations":1,"passes":1,"sensor_count":1,"sensors":"NOAA-20","effis_confirmed":false,"burned_confirmed":false,"evidence_score":0,"evidence":"","filter_reason":"anomalie_non_corroboree"}},{"type":"Feature","geometry":{"type":"Point","coordinates":[-2.38298,53.88818]},"properties":{"age_h":101.5,"recency":2,"frp":0.7,"confidence":"nominal","observations":1,"passes":1,"sensor_count":1,"sensors":"NOAA-20","effis_confirmed":false,"burned_confirmed":false,"evidence_score":0,"evidence":"","filter_reason":"anomalie_non_corroboree"}},{"type":"Feature","geometry":{"type":"Point","coordinates":[1.8375,57.01205]},"properties":{"age_h":101.5,"recency":2,"frp":0.4,"confidence":"nominal","observations":1,"passes":1,"sensor_count":1,"sensors":"NOAA-20","effis_confirmed":false,"burned_confirmed":false,"evidence_score":0,"evidence":"","filter_reason":"anomalie_non_corroboree"}},{"type":"Feature","geometry":{"type":"Point","coordinates":[2.03847,36.1571]},"properties":{"age_h":101.4,"recency":2,"frp":0.9,"confidence":"nominal","observations":4,"passes":1,"sensor_count":1,"sensors":"NOAA-20","effis_confirmed":false,"burned_confirmed":false,"evidence_score":2,"evidence":"groupe spatial","filter_reason":"anomalie_non_corroboree"}},{"type":"Feature","geometry":{"type":"Point","coordinates":[3.47658,36.19556]},"properties":{"age_h":101.4,"recency":2,"frp":2.5,"confidence":"nominal","observations":1,"passes":1,"sensor_count":1,"sensors":"NOAA-20","effis_confirmed":false,"burned_confirmed":false,"evidence_score":0,"evidence":"","filter_reason":"anomalie_non_corroboree"}},{"type":"Feature","geometry":{"type":"Point","coordinates":[-8.42046,40.29045]},"properties":{"age_h":101.4,"recency":2,"frp":0.9,"confidence":"nominal","observations":1,"passes":1,"sensor_count":1,"sensors":"NOAA-20","effis_confirmed":false,"burned_confirmed":false,"evidence_score":0,"evidence":"","filter_reason":"anomalie_non_corroboree"}},{"type":"Feature","geometry":{"type":"Point","coordinates":[4.54043,50.42011]},"properties":{"age_h":100.8,"recency":2,"frp":1.8,"confidence":"nominal","observations":1,"passes":1,"sensor_count":1,"sensors":"NOAA-21","effis_confirmed":false,"burned_confirmed":false,"evidence_score":0,"evidence":"","filter_reason":"anomalie_non_corroboree"}},{"type":"Feature","geometry":{"type":"Point","coordinates":[36.04612,34.05201]},"properties":{"age_h":94.4,"recency":2,"frp":6.7,"confidence":"nominal","observations":1,"passes":1,"sensor_count":1,"sensors":"NOAA-21","effis_confirmed":false,"burned_confirmed":false,"evidence_score":0,"evidence":"","filter_reason":"anomalie_non_corroboree"}},{"type":"Feature","geometry":{"type":"Point","coordinates":[36.86246,35.8502]},"properties":{"age_h":94.4,"recency":2,"frp":3.6,"confidence":"nominal","observations":1,"passes":1,"sensor_count":1,"sensors":"NOAA-21","effis_confirmed":false,"burned_confirmed":false,"evidence_score":0,"evidence":"","filter_reason":"anomalie_non_corroboree"}},{"type":"Feature","geometry":{"type":"Point","coordinates":[38.77444,35.9207]},"properties":{"age_h":94.4,"recency":2,"frp":3.6,"confidence":"nominal","observations":1,"passes":1,"sensor_count":1,"sensors":"NOAA-21","effis_confirmed":false,"burned_confirmed":false,"evidence_score":0,"evidence":"","filter_reason":"anomalie_non_corroboree"}},{"type":"Feature","geometry":{"type":"Point","coordinates":[37.21941,36.23223]},"properties":{"age_h":94.4,"recency":2,"frp":4.6,"confidence":"nominal","observations":1,"passes":1,"sensor_count":1,"sensors":"NOAA-21","effis_confirmed":false,"burned_confirmed":false,"evidence_score":0,"evidence":"","filter_reason":"anomalie_non_corroboree"}},{"type":"Feature","geometry":{"type":"Point","coordinates":[39.09223,36.5006]},"properties":{"age_h":94.4,"recency":2,"frp":15.0,"confidence":"nominal","observations":2,"passes":1,"sensor_count":1,"sensors":"NOAA-21","effis_confirmed":false,"burned_confirmed":false,"evidence_score":1,"evidence":"","filter_reason":"anomalie_non_corroboree"}},{"type":"Feature","geometry":{"type":"Point","coordinates":[38.90986,36.6882]},"properties":{"age_h":94.4,"recency":2,"frp":23.8,"confidence":"high","observations":2,"passes":1,"sensor_count":1,"sensors":"NOAA-21","effis_confirmed":false,"burned_confirmed":false,"evidence_score":2,"evidence":"confiance élevée","filter_reason":"anomalie_non_corroboree"}},{"type":"Feature","geometry":{"type":"Point","coordinates":[38.59479,37.03481]},"properties":{"age_h":94.4,"recency":2,"frp":6.0,"confidence":"nominal","observations":1,"passes":1,"sensor_count":1,"sensors":"NOAA-21","effis_confirmed":false,"burned_confirmed":false,"evidence_score":0,"evidence":"","filter_reason":"anomalie_non_corroboree"}},{"type":"Feature","geometry":{"type":"Point","coordinates":[39.98266,37.84069]},"properties":{"age_h":94.4,"recency":2,"frp":7.6,"confidence":"high","observations":2,"passes":1,"sensor_count":1,"sensors":"NOAA-21","effis_confirmed":false,"burned_confirmed":false,"evidence_score":1,"evidence":"confiance élevée","filter_reason":"anomalie_non_corroboree"}},{"type":"Feature","geometry":{"type":"Point","coordinates":[39.19576,38.52964]},"properties":{"age_h":94.4,"recency":2,"frp":7.1,"confidence":"nominal","observations":1,"passes":1,"sensor_count":1,"sensors":"NOAA-21","effis_confirmed":false,"burned_confirmed":false,"evidence_score":0,"evidence":"","filter_reason":"anomalie_non_corroboree"}},{"type":"Feature","geometry":{"type":"Point","coordinates":[39.95442,44.94593]},"properties":{"age_h":94.4,"recency":2,"frp":12.8,"confidence":"nominal","observations":2,"passes":1,"sensor_count":1,"sensors":"NOAA-21","effis_confirmed":false,"burned_confirmed":false,"evidence_score":1,"evidence":"","filter_reason":"anomalie_non_corroboree"}},{"type":"Feature","geometry":{"type":"Point","coordinates":[33.23745,39.30575]},"properties":{"age_h":94.3,"recency":2,"frp":9.0,"confidence":"nominal","observations":1,"passes":1,"sensor_count":1,"sensors":"NOAA-21","effis_confirmed":false,"burned_confirmed":false,"evidence_score":0,"evidence":"","filter_reason":"anomalie_non_corroboree"}},{"type":"Feature","geometry":{"type":"Point","coordinates":[32.70486,48.70592]},"properties":{"age_h":94.3,"recency":2,"frp":7.4,"confidence":"nominal","observations":1,"passes":1,"sensor_count":1,"sensors":"NOAA-21","effis_confirmed":false,"burned_confirmed":false,"evidence_score":0,"evidence":"","filter_reason":"anomalie_non_corroboree"}},{"type":"Feature","geometry":{"type":"Point","coordinates":[30.519,54.30858]},"properties":{"age_h":94.3,"recency":2,"frp":7.1,"confidence":"nominal","observations":1,"passes":1,"sensor_count":1,"sensors":"NOAA-21","effis_confirmed":false,"burned_confirmed":false,"evidence_score":0,"evidence":"","filter_reason":"anomalie_non_corroboree"}},{"type":"Feature","geometry":{"type":"Point","coordinates":[35.85567,34.44722]},"properties":{"age_h":93.7,"recency":2,"frp":4.8,"confidence":"nominal","observations":1,"passes":1,"sensor_count":1,"sensors":"Suomi-NPP","effis_confirmed":false,"burned_confirmed":false,"evidence_score":0,"evidence":"","filter_reason":"anomalie_non_corroboree"}},{"type":"Feature","geometry":{"type":"Point","coordinates":[36.735,34.80902]},"properties":{"age_h":93.7,"recency":2,"frp":7.5,"confidence":"nominal","observations":1,"passes":1,"sensor_count":1,"sensors":"Suomi-NPP","effis_confirmed":false,"burned_confirmed":false,"evidence_score":0,"evidence":"","filter_reason":"anomalie_non_corroboree"}},{"type":"Feature","geometry":{"type":"Point","coordinates":[36.89013,35.67532]},"properties":{"age_h":93.7,"recency":2,"frp":6.7,"confidence":"nominal","observations":1,"passes":1,"sensor_count":1,"sensors":"Suomi-NPP","effis_confirmed":false,"burned_confirmed":false,"evidence_score":0,"evidence":"","filter_reason":"anomalie_non_corroboree"}},{"type":"Feature","geometry":{"type":"Point","coordinates":[36.80213,35.71234]},"properties":{"age_h":93.7,"recency":2,"frp":6.9,"confidence":"nominal","observations":1,"passes":1,"sensor_count":1,"sensors":"Suomi-NPP","effis_confirmed":false,"burned_confirmed":false,"evidence_score":0,"evidence":"","filter_reason":"anomalie_non_corroboree"}},{"type":"Feature","geometry":{"type":"Point","coordinates":[37.70166,36.09248]},"properties":{"age_h":93.7,"recency":2,"frp":4.8,"confidence":"nominal","observations":1,"passes":1,"sensor_count":1,"sensors":"Suomi-NPP","effis_confirmed":false,"burned_confirmed":false,"evidence_score":0,"evidence":"","filter_reason":"anomalie_non_corroboree"}},{"type":"Feature","geometry":{"type":"Point","coordinates":[36.84755,36.10801]},"properties":{"age_h":93.7,"recency":2,"frp":8.2,"confidence":"nominal","observations":1,"passes":1,"sensor_count":1,"sensors":"Suomi-NPP","effis_confirmed":false,"burned_confirmed":false,"evidence_score":0,"evidence":"","filter_reason":"anomalie_non_corroboree"}},{"type":"Feature","geometry":{"type":"Point","coordinates":[36.99908,36.75133]},"properties":{"age_h":93.7,"recency":2,"frp":3.1,"confidence":"nominal","observations":1,"passes":1,"sensor_count":1,"sensors":"Suomi-NPP","effis_confirmed":false,"burned_confirmed":false,"evidence_score":0,"evidence":"","filter_reason":"anomalie_non_corroboree"}},{"type":"Feature","geometry":{"type":"Point","coordinates":[37.89305,36.96948]},"properties":{"age_h":93.7,"recency":2,"frp":6.8,"confidence":"nominal","observations":1,"passes":1,"sensor_count":1,"sensors":"Suomi-NPP","effis_confirmed":false,"burned_confirmed":false,"evidence_score":0,"evidence":"","filter_reason":"anomalie_non_corroboree"}},{"type":"Feature","geometry":{"type":"Point","coordinates":[35.79335,37.38012]},"properties":{"age_h":93.7,"recency":2,"frp":5.6,"confidence":"nominal","observations":2,"passes":1,"sensor_count":1,"sensors":"Suomi-NPP","effis_confirmed":false,"burned_confirmed":false,"evidence_score":0,"evidence":"","filter_reason":"anomalie_non_corroboree"}},{"type":"Feature","geometry":{"type":"Point","coordinates":[34.08336,37.4679]},"properties":{"age_h":93.7,"recency":2,"frp":1.5,"confidence":"nominal","observations":1,"passes":1,"sensor_count":1,"sensors":"Suomi-NPP","effis_confirmed":false,"burned_confirmed":false,"evidence_score":0,"evidence":"","filter_reason":"anomalie_non_corroboree"}},{"type":"Feature","geometry":{"type":"Point","coordinates":[33.62501,45.01516]},"properties":{"age_h":93.7,"recency":2,"frp":4.5,"confidence":"nominal","observations":1,"passes":1,"sensor_count":1,"sensors":"Suomi-NPP","effis_confirmed":false,"burned_confirmed":false,"evidence_score":0,"evidence":"","filter_reason":"anomalie_non_corroboree"}},{"type":"Feature","geometry":{"type":"Point","coordinates":[35.50013,47.5535]},"properties":{"age_h":93.7,"recency":2,"frp":5.8,"confidence":"nominal","observations":1,"passes":1,"sensor_count":1,"sensors":"Suomi-NPP","effis_confirmed":false,"burned_confirmed":false,"evidence_score":0,"evidence":"","filter_reason":"anomalie_non_corroboree"}},{"type":"Feature","geometry":{"type":"Point","coordinates":[35.41396,47.575]},"properties":{"age_h":93.7,"recency":2,"frp":5.3,"confidence":"nominal","observations":2,"passes":1,"sensor_count":1,"sensors":"Suomi-NPP","effis_confirmed":false,"burned_confirmed":false,"evidence_score":0,"evidence":"","filter_reason":"anomalie_non_corroboree"}},{"type":"Feature","geometry":{"type":"Point","coordinates":[35.36103,47.58377]},"properties":{"age_h":93.7,"recency":2,"frp":3.4,"confidence":"nominal","observations":1,"passes":1,"sensor_count":1,"sensors":"Suomi-NPP","effis_confirmed":false,"burned_confirmed":false,"evidence_score":0,"evidence":"","filter_reason":"anomalie_non_corroboree"}},{"type":"Feature","geometry":{"type":"Point","coordinates":[41.2423,47.70182]},"properties":{"age_h":93.7,"recency":2,"frp":6.9,"confidence":"nominal","observations":1,"passes":1,"sensor_count":1,"sensors":"Suomi-NPP","effis_confirmed":false,"burned_confirmed":false,"evidence_score":0,"evidence":"","filter_reason":"anomalie_non_corroboree"}},{"type":"Feature","geometry":{"type":"Point","coordinates":[31.61738,47.54813]},"properties":{"age_h":93.7,"recency":2,"frp":29.9,"confidence":"nominal","observations":2,"passes":1,"sensor_count":1,"sensors":"Suomi-NPP","effis_confirmed":false,"burned_confirmed":false,"evidence_score":1,"evidence":"","filter_reason":"anomalie_non_corroboree"}},{"type":"Feature","geometry":{"type":"Point","coordinates":[30.78264,49.70157]},"properties":{"age_h":93.7,"recency":2,"frp":3.4,"confidence":"nominal","observations":1,"passes":1,"sensor_count":1,"sensors":"Suomi-NPP","effis_confirmed":false,"burned_confirmed":false,"evidence_score":0,"evidence":"","filter_reason":"anomalie_non_corroboree"}},{"type":"Feature","geometry":{"type":"Point","coordinates":[37.88512,54.51859]},"properties":{"age_h":93.7,"recency":2,"frp":4.4,"confidence":"nominal","observations":1,"passes":1,"sensor_count":1,"sensors":"Suomi-NPP","effis_confirmed":false,"burned_confirmed":false,"evidence_score":0,"evidence":"","filter_reason":"anomalie_non_corroboree"}},{"type":"Feature","geometry":{"type":"Point","coordinates":[40.7598,36.49833]},"properties":{"age_h":93.5,"recency":2,"frp":110.8,"confidence":"high","observations":2,"passes":1,"sensor_count":1,"sensors":"NOAA-20","effis_confirmed":false,"burned_confirmed":false,"evidence_score":2,"evidence":"confiance élevée","filter_reason":"anomalie_non_corroboree"}},{"type":"Feature","geometry":{"type":"Point","coordinates":[36.63898,36.76857]},"properties":{"age_h":93.5,"recency":2,"frp":4.4,"confidence":"nominal","observations":1,"passes":1,"sensor_count":1,"sensors":"NOAA-20","effis_confirmed":false,"burned_confirmed":false,"evidence_score":0,"evidence":"","filter_reason":"anomalie_non_corroboree"}},{"type":"Feature","geometry":{"type":"Point","coordinates":[28.26163,37.83202]},"properties":{"age_h":93.4,"recency":2,"frp":16.2,"confidence":"nominal","observations":2,"passes":1,"sensor_count":1,"sensors":"NOAA-20","effis_confirmed":false,"burned_confirmed":false,"evidence_score":1,"evidence":"","filter_reason":"anomalie_non_corroboree"}},{"type":"Feature","geometry":{"type":"Point","coordinates":[34.84789,40.47478]},"properties":{"age_h":93.4,"recency":2,"frp":5.0,"confidence":"nominal","observations":1,"passes":1,"sensor_count":1,"sensors":"NOAA-20","effis_confirmed":false,"burned_confirmed":false,"evidence_score":0,"evidence":"","filter_reason":"anomalie_non_corroboree"}},{"type":"Feature","geometry":{"type":"Point","coordinates":[20.17567,45.34275]},"properties":{"age_h":93.4,"recency":2,"frp":4.1,"confidence":"nominal","observations":1,"passes":1,"sensor_count":1,"sensors":"NOAA-20","effis_confirmed":false,"burned_confirmed":false,"evidence_score":0,"evidence":"","filter_reason":"anomalie_non_corroboree"}},{"type":"Feature","geometry":{"type":"Point","coordinates":[38.70492,45.39967]},"properties":{"age_h":93.4,"recency":2,"frp":3.0,"confidence":"nominal","observations":1,"passes":1,"sensor_count":1,"sensors":"NOAA-20","effis_confirmed":false,"burned_confirmed":false,"evidence_score":0,"evidence":"","filter_reason":"anomalie_non_corroboree"}},{"type":"Feature","geometry":{"type":"Point","coordinates":[32.71572,47.12894]},"properties":{"age_h":93.4,"recency":2,"frp":3.1,"confidence":"nominal","observations":1,"passes":1,"sensor_count":1,"sensors":"NOAA-20","effis_confirmed":false,"burned_confirmed":false,"evidence_score":0,"evidence":"","filter_reason":"anomalie_non_corroboree"}},{"type":"Feature","geometry":{"type":"Point","coordinates":[35.45544,47.5883]},"properties":{"age_h":93.4,"recency":2,"frp":8.6,"confidence":"nominal","observations":1,"passes":1,"sensor_count":1,"sensors":"NOAA-20","effis_confirmed":false,"burned_confirmed":false,"evidence_score":0,"evidence":"","filter_reason":"anomalie_non_corroboree"}},{"type":"Feature","geometry":{"type":"Point","coordinates":[35.92292,47.71124]},"properties":{"age_h":93.4,"recency":2,"frp":15.4,"confidence":"nominal","observations":1,"passes":1,"sensor_count":1,"sensors":"NOAA-20","effis_confirmed":false,"burned_confirmed":false,"evidence_score":1,"evidence":"","filter_reason":"anomalie_non_corroboree"}},{"type":"Feature","geometry":{"type":"Point","coordinates":[37.61118,48.59499]},"properties":{"age_h":93.4,"recency":2,"frp":4.0,"confidence":"nominal","observations":1,"passes":1,"sensor_count":1,"sensors":"NOAA-20","effis_confirmed":false,"burned_confirmed":false,"evidence_score":0,"evidence":"","filter_reason":"anomalie_non_corroboree"}},{"type":"Feature","geometry":{"type":"Point","coordinates":[31.83234,50.65199]},"properties":{"age_h":93.4,"recency":2,"frp":1.7,"confidence":"nominal","observations":1,"passes":1,"sensor_count":1,"sensors":"NOAA-20","effis_confirmed":false,"burned_confirmed":false,"evidence_score":0,"evidence":"","filter_reason":"anomalie_non_corroboree"}},{"type":"Feature","geometry":{"type":"Point","coordinates":[30.22441,51.40428]},"properties":{"age_h":93.4,"recency":2,"frp":5.0,"confidence":"nominal","observations":1,"passes":1,"sensor_count":1,"sensors":"NOAA-20","effis_confirmed":false,"burned_confirmed":false,"evidence_score":0,"evidence":"","filter_reason":"anomalie_non_corroboree"}},{"type":"Feature","geometry":{"type":"Point","coordinates":[36.17979,56.97466]},"properties":{"age_h":93.4,"recency":2,"frp":2.3,"confidence":"nominal","observations":1,"passes":1,"sensor_count":1,"sensors":"NOAA-20","effis_confirmed":false,"burned_confirmed":false,"evidence_score":0,"evidence":"","filter_reason":"anomalie_non_corroboree"}},{"type":"Feature","geometry":{"type":"Point","coordinates":[36.20313,34.00424]},"properties":{"age_h":92.7,"recency":2,"frp":10.2,"confidence":"nominal","observations":2,"passes":1,"sensor_count":1,"sensors":"NOAA-21","effis_confirmed":false,"burned_confirmed":false,"evidence_score":1,"evidence":"","filter_reason":"anomalie_non_corroboree"}},{"type":"Feature","geometry":{"type":"Point","coordinates":[36.15089,34.02791]},"properties":{"age_h":92.7,"recency":2,"frp":5.1,"confidence":"nominal","observations":1,"passes":1,"sensor_count":1,"sensors":"NOAA-21","effis_confirmed":false,"burned_confirmed":false,"evidence_score":0,"evidence":"","filter_reason":"anomalie_non_corroboree"}},{"type":"Feature","geometry":{"type":"Point","coordinates":[36.61507,35.2802]},"properties":{"age_h":92.7,"recency":2,"frp":2.0,"confidence":"nominal","observations":1,"passes":1,"sensor_count":1,"sensors":"NOAA-21","effis_confirmed":false,"burned_confirmed":false,"evidence_score":0,"evidence":"","filter_reason":"anomalie_non_corroboree"}},{"type":"Feature","geometry":{"type":"Point","coordinates":[38.56466,36.06385]},"properties":{"age_h":92.7,"recency":2,"frp":6.7,"confidence":"nominal","observations":3,"passes":1,"sensor_count":1,"sensors":"NOAA-21","effis_confirmed":false,"burned_confirmed":false,"evidence_score":2,"evidence":"groupe spatial","filter_reason":"anomalie_non_corroboree"}},{"type":"Feature","geometry":{"type":"Point","coordinates":[37.62655,36.1551]},"properties":{"age_h":92.7,"recency":2,"frp":3.9,"confidence":"nominal","observations":1,"passes":1,"sensor_count":1,"sensors":"NOAA-21","effis_confirmed":false,"burned_confirmed":false,"evidence_score":0,"evidence":"","filter_reason":"anomalie_non_corroboree"}},{"type":"Feature","geometry":{"type":"Point","coordinates":[39.08521,36.37087]},"properties":{"age_h":92.7,"recency":2,"frp":13.6,"confidence":"high","observations":1,"passes":1,"sensor_count":1,"sensors":"NOAA-21","effis_confirmed":false,"burned_confirmed":false,"evidence_score":2,"evidence":"confiance élevée","filter_reason":"anomalie_non_corroboree"}},{"type":"Feature","geometry":{"type":"Point","coordinates":[38.96684,36.4236]},"properties":{"age_h":92.7,"recency":2,"frp":6.1,"confidence":"nominal","observations":1,"passes":1,"sensor_count":1,"sensors":"NOAA-21","effis_confirmed":false,"burned_confirmed":false,"evidence_score":0,"evidence":"","filter_reason":"anomalie_non_corroboree"}},{"type":"Feature","geometry":{"type":"Point","coordinates":[37.17887,36.42939]},"properties":{"age_h":92.7,"recency":2,"frp":3.6,"confidence":"nominal","observations":1,"passes":1,"sensor_count":1,"sensors":"NOAA-21","effis_confirmed":false,"burned_confirmed":false,"evidence_score":0,"evidence":"","filter_reason":"anomalie_non_corroboree"}},{"type":"Feature","geometry":{"type":"Point","coordinates":[38.98797,36.68134]},"properties":{"age_h":92.7,"recency":2,"frp":4.1,"confidence":"nominal","observations":1,"passes":1,"sensor_count":1,"sensors":"NOAA-21","effis_confirmed":false,"burned_confirmed":false,"evidence_score":0,"evidence":"","filter_reason":"anomalie_non_corroboree"}},{"type":"Feature","geometry":{"type":"Point","coordinates":[40.54124,36.84829]},"properties":{"age_h":92.7,"recency":2,"frp":16.5,"confidence":"high","observations":1,"passes":1,"sensor_count":1,"sensors":"NOAA-21","effis_confirmed":false,"burned_confirmed":false,"evidence_score":2,"evidence":"confiance élevée","filter_reason":"anomalie_non_corroboree"}},{"type":"Feature","geometry":{"type":"Point","coordinates":[39.02933,36.86388]},"properties":{"age_h":92.7,"recency":2,"frp":28.9,"confidence":"nominal","observations":2,"passes":1,"sensor_count":1,"sensors":"NOAA-21","effis_confirmed":false,"burned_confirmed":false,"evidence_score":1,"evidence":"","filter_reason":"anomalie_non_corroboree"}},{"type":"Feature","geometry":{"type":"Point","coordinates":[39.13651,37.02071]},"properties":{"age_h":92.7,"recency":2,"frp":9.6,"confidence":"nominal","observations":1,"passes":1,"sensor_count":1,"sensors":"NOAA-21","effis_confirmed":false,"burned_confirmed":false,"evidence_score":0,"evidence":"","filter_reason":"anomalie_non_corroboree"}},{"type":"Feature","geometry":{"type":"Point","coordinates":[38.21296,37.13511]},"properties":{"age_h":92.7,"recency":2,"frp":22.5,"confidence":"nominal","observations":3,"passes":1,"sensor_count":1,"sensors":"NOAA-21","effis_confirmed":false,"burned_confirmed":false,"evidence_score":3,"evidence":"groupe spatial","filter_reason":"anomalie_non_corroboree"}},{"type":"Feature","geometry":{"type":"Point","coordinates":[39.31518,37.53496]},"properties":{"age_h":92.7,"recency":2,"frp":6.7,"confidence":"nominal","observations":1,"passes":1,"sensor_count":1,"sensors":"NOAA-21","effis_confirmed":false,"burned_confirmed":false,"evidence_score":0,"evidence":"","filter_reason":"anomalie_non_corroboree"}},{"type":"Feature","geometry":{"type":"Point","coordinates":[14.92716,37.22911]},"properties":{"age_h":92.6,"recency":2,"frp":3.5,"confidence":"nominal","observations":1,"passes":1,"sensor_count":1,"sensors":"NOAA-21","effis_confirmed":false,"burned_confirmed":false,"evidence_score":0,"evidence":"","filter_reason":"anomalie_non_corroboree"}},{"type":"Feature","geometry":{"type":"Point","coordinates":[14.98081,37.31687]},"properties":{"age_h":92.6,"recency":2,"frp":3.3,"confidence":"nominal","observations":1,"passes":1,"sensor_count":1,"sensors":"NOAA-21","effis_confirmed":false,"burned_confirmed":false,"evidence_score":0,"evidence":"","filter_reason":"anomalie_non_corroboree"}},{"type":"Feature","geometry":{"type":"Point","coordinates":[13.76424,37.46181]},"properties":{"age_h":92.6,"recency":2,"frp":4.3,"confidence":"nominal","observations":1,"passes":1,"sensor_count":1,"sensors":"NOAA-21","effis_confirmed":false,"burned_confirmed":false,"evidence_score":0,"evidence":"","filter_reason":"anomalie_non_corroboree"}},{"type":"Feature","geometry":{"type":"Point","coordinates":[28.36738,37.65334]},"properties":{"age_h":92.6,"recency":2,"frp":3.6,"confidence":"nominal","observations":1,"passes":1,"sensor_count":1,"sensors":"NOAA-21","effis_confirmed":false,"burned_confirmed":false,"evidence_score":0,"evidence":"","filter_reason":"anomalie_non_corroboree"}},{"type":"Feature","geometry":{"type":"Point","coordinates":[12.50626,37.79688]},"properties":{"age_h":92.6,"recency":2,"frp":1.9,"confidence":"nominal","observations":1,"passes":1,"sensor_count":1,"sensors":"NOAA-21","effis_confirmed":false,"burned_confirmed":false,"evidence_score":0,"evidence":"","filter_reason":"anomalie_non_corroboree"}},{"type":"Feature","geometry":{"type":"Point","coordinates":[15.72644,37.98623]},"properties":{"age_h":92.6,"recency":2,"frp":11.3,"confidence":"nominal","observations":1,"passes":1,"sensor_count":1,"sensors":"NOAA-21","effis_confirmed":false,"burned_confirmed":false,"evidence_score":1,"evidence":"","filter_reason":"anomalie_non_corroboree"}},{"type":"Feature","geometry":{"type":"Point","coordinates":[32.48643,38.24153]},"properties":{"age_h":92.6,"recency":2,"frp":3.2,"confidence":"nominal","observations":1,"passes":1,"sensor_count":1,"sensors":"NOAA-21","effis_confirmed":false,"burned_confirmed":false,"evidence_score":0,"evidence":"","filter_reason":"anomalie_non_corroboree"}},{"type":"Feature","geometry":{"type":"Point","coordinates":[18.30926,39.98864]},"properties":{"age_h":92.6,"recency":2,"frp":6.2,"confidence":"nominal","observations":1,"passes":1,"sensor_count":1,"sensors":"NOAA-21","effis_confirmed":false,"burned_confirmed":false,"evidence_score":0,"evidence":"","filter_reason":"anomalie_non_corroboree"}},{"type":"Feature","geometry":{"type":"Point","coordinates":[17.9903,40.22823]},"properties":{"age_h":92.6,"recency":2,"frp":4.9,"confidence":"nominal","observations":2,"passes":1,"sensor_count":1,"sensors":"NOAA-21","effis_confirmed":false,"burned_confirmed":false,"evidence_score":0,"evidence":"","filter_reason":"anomalie_non_corroboree"}},{"type":"Feature","geometry":{"type":"Point","coordinates":[28.59396,41.04988]},"properties":{"age_h":92.6,"recency":2,"frp":2.4,"confidence":"nominal","observations":1,"passes":1,"sensor_count":1,"sensors":"NOAA-21","effis_confirmed":false,"burned_confirmed":false,"evidence_score":0,"evidence":"","filter_reason":"anomalie_non_corroboree"}},{"type":"Feature","geometry":{"type":"Point","coordinates":[14.15219,41.14935]},"properties":{"age_h":92.6,"recency":2,"frp":13.4,"confidence":"nominal","observations":1,"passes":1,"sensor_count":1,"sensors":"NOAA-21","effis_confirmed":false,"burned_confirmed":false,"evidence_score":1,"evidence":"","filter_reason":"anomalie_non_corroboree"}},{"type":"Feature","geometry":{"type":"Point","coordinates":[13.82401,41.28629]},"properties":{"age_h":92.6,"recency":2,"frp":18.8,"confidence":"nominal","observations":1,"passes":1,"sensor_count":1,"sensors":"NOAA-21","effis_confirmed":false,"burned_confirmed":false,"evidence_score":1,"evidence":"","filter_reason":"anomalie_non_corroboree"}},{"type":"Feature","geometry":{"type":"Point","coordinates":[12.9869,41.77978]},"properties":{"age_h":92.6,"recency":2,"frp":5.3,"confidence":"nominal","observations":2,"passes":2,"sensor_count":1,"sensors":"NOAA-21","effis_confirmed":false,"burned_confirmed":false,"evidence_score":2,"evidence":"passages répétés","filter_reason":"anomalie_non_corroboree"}},{"type":"Feature","geometry":{"type":"Point","coordinates":[19.24429,42.28919]},"properties":{"age_h":92.6,"recency":2,"frp":3.9,"confidence":"nominal","observations":1,"passes":1,"sensor_count":1,"sensors":"NOAA-21","effis_confirmed":false,"burned_confirmed":false,"evidence_score":0,"evidence":"","filter_reason":"anomalie_non_corroboree"}},{"type":"Feature","geometry":{"type":"Point","coordinates":[18.19438,42.74217]},"properties":{"age_h":92.6,"recency":2,"frp":10.2,"confidence":"nominal","observations":1,"passes":1,"sensor_count":1,"sensors":"NOAA-21","effis_confirmed":false,"burned_confirmed":false,"evidence_score":1,"evidence":"","filter_reason":"anomalie_non_corroboree"}},{"type":"Feature","geometry":{"type":"Point","coordinates":[39.81122,44.90236]},"properties":{"age_h":92.6,"recency":2,"frp":4.5,"confidence":"nominal","observations":2,"passes":1,"sensor_count":1,"sensors":"NOAA-21","effis_confirmed":false,"burned_confirmed":false,"evidence_score":0,"evidence":"","filter_reason":"anomalie_non_corroboree"}},{"type":"Feature","geometry":{"type":"Point","coordinates":[12.12251,43.49124]},"properties":{"age_h":92.6,"recency":2,"frp":5.7,"confidence":"nominal","observations":2,"passes":1,"sensor_count":1,"sensors":"NOAA-21","effis_confirmed":false,"burned_confirmed":false,"evidence_score":0,"evidence":"","filter_reason":"anomalie_non_corroboree"}},{"type":"Feature","geometry":{"type":"Point","coordinates":[28.81119,45.56676]},"properties":{"age_h":92.6,"recency":2,"frp":16.7,"confidence":"nominal","observations":1,"passes":1,"sensor_count":1,"sensors":"NOAA-21","effis_confirmed":false,"burned_confirmed":false,"evidence_score":1,"evidence":"","filter_reason":"anomalie_non_corroboree"}},{"type":"Feature","geometry":{"type":"Point","coordinates":[29.32183,45.72867]},"properties":{"age_h":92.6,"recency":2,"frp":17.6,"confidence":"nominal","observations":4,"passes":1,"sensor_count":1,"sensors":"NOAA-21","effis_confirmed":false,"burned_confirmed":false,"evidence_score":3,"evidence":"groupe spatial","filter_reason":"anomalie_non_corroboree"}},{"type":"Feature","geometry":{"type":"Point","coordinates":[24.9857,46.17604]},"properties":{"age_h":92.6,"recency":2,"frp":2.9,"confidence":"nominal","observations":1,"passes":1,"sensor_count":1,"sensors":"NOAA-21","effis_confirmed":false,"burned_confirmed":false,"evidence_score":0,"evidence":"","filter_reason":"anomalie_non_corroboree"}},{"type":"Feature","geometry":{"type":"Point","coordinates":[32.09234,46.46591]},"properties":{"age_h":92.6,"recency":2,"frp":7.1,"confidence":"nominal","observations":3,"passes":1,"sensor_count":1,"sensors":"NOAA-21","effis_confirmed":false,"burned_confirmed":false,"evidence_score":2,"evidence":"groupe spatial","filter_reason":"anomalie_non_corroboree"}},{"type":"Feature","geometry":{"type":"Point","coordinates":[32.81953,47.16846]},"properties":{"age_h":92.6,"recency":2,"frp":3.1,"confidence":"nominal","observations":1,"passes":1,"sensor_count":1,"sensors":"NOAA-21","effis_confirmed":false,"burned_confirmed":false,"evidence_score":0,"evidence":"","filter_reason":"anomalie_non_corroboree"}},{"type":"Feature","geometry":{"type":"Point","coordinates":[12.60853,49.16533]},"properties":{"age_h":92.6,"recency":2,"frp":3.6,"confidence":"nominal","observations":1,"passes":1,"sensor_count":1,"sensors":"NOAA-21","effis_confirmed":false,"burned_confirmed":false,"evidence_score":0,"evidence":"","filter_reason":"anomalie_non_corroboree"}},{"type":"Feature","geometry":{"type":"Point","coordinates":[36.686,34.91481]},"properties":{"age_h":92.1,"recency":2,"frp":5.4,"confidence":"nominal","observations":2,"passes":1,"sensor_count":1,"sensors":"Suomi-NPP","effis_confirmed":false,"burned_confirmed":false,"evidence_score":0,"evidence":"","filter_reason":"anomalie_non_corroboree"}},{"type":"Feature","geometry":{"type":"Point","coordinates":[30.88923,37.08649]},"properties":{"age_h":92.1,"recency":2,"frp":8.3,"confidence":"nominal","observations":3,"passes":1,"sensor_count":1,"sensors":"Suomi-NPP","effis_confirmed":false,"burned_confirmed":false,"evidence_score":2,"evidence":"groupe spatial","filter_reason":"anomalie_non_corroboree"}},{"type":"Feature","geometry":{"type":"Point","coordinates":[10.17509,36.97523]},"properties":{"age_h":92.1,"recency":2,"frp":4.8,"confidence":"nominal","observations":1,"passes":1,"sensor_count":1,"sensors":"Suomi-NPP","effis_confirmed":false,"burned_confirmed":false,"evidence_score":0,"evidence":"","filter_reason":"anomalie_non_corroboree"}},{"type":"Feature","geometry":{"type":"Point","coordinates":[13.0283,37.78228]},"properties":{"age_h":92.1,"recency":2,"frp":11.0,"confidence":"nominal","observations":1,"passes":1,"sensor_count":1,"sensors":"Suomi-NPP","effis_confirmed":false,"burned_confirmed":false,"evidence_score":1,"evidence":"","filter_reason":"anomalie_non_corroboree"}},{"type":"Feature","geometry":{"type":"Point","coordinates":[21.29736,38.6419]},"properties":{"age_h":92.1,"recency":2,"frp":3.2,"confidence":"nominal","observations":1,"passes":1,"sensor_count":1,"sensors":"Suomi-NPP","effis_confirmed":false,"burned_confirmed":false,"evidence_score":0,"evidence":"","filter_reason":"anomalie_non_corroboree"}},{"type":"Feature","geometry":{"type":"Point","coordinates":[22.31958,39.77588]},"properties":{"age_h":92.1,"recency":2,"frp":3.5,"confidence":"nominal","observations":1,"passes":1,"sensor_count":1,"sensors":"Suomi-NPP","effis_confirmed":false,"burned_confirmed":false,"evidence_score":0,"evidence":"","filter_reason":"anomalie_non_corroboree"}},{"type":"Feature","geometry":{"type":"Point","coordinates":[28.13305,39.82904]},"properties":{"age_h":92.1,"recency":2,"frp":2.0,"confidence":"nominal","observations":1,"passes":1,"sensor_count":1,"sensors":"Suomi-NPP","effis_confirmed":false,"burned_confirmed":false,"evidence_score":0,"evidence":"","filter_reason":"anomalie_non_corroboree"}},{"type":"Feature","geometry":{"type":"Point","coordinates":[14.9745,40.58597]},"properties":{"age_h":92.1,"recency":2,"frp":1.8,"confidence":"nominal","observations":1,"passes":1,"sensor_count":1,"sensors":"Suomi-NPP","effis_confirmed":false,"burned_confirmed":false,"evidence_score":0,"evidence":"","filter_reason":"anomalie_non_corroboree"}},{"type":"Feature","geometry":{"type":"Point","coordinates":[14.3858,40.87543]},"properties":{"age_h":92.1,"recency":2,"frp":3.6,"confidence":"nominal","observations":1,"passes":1,"sensor_count":1,"sensors":"Suomi-NPP","effis_confirmed":false,"burned_confirmed":false,"evidence_score":0,"evidence":"","filter_reason":"anomalie_non_corroboree"}},{"type":"Feature","geometry":{"type":"Point","coordinates":[14.40597,40.89776]},"properties":{"age_h":92.1,"recency":2,"frp":3.5,"confidence":"nominal","observations":1,"passes":1,"sensor_count":1,"sensors":"Suomi-NPP","effis_confirmed":false,"burned_confirmed":false,"evidence_score":0,"evidence":"","filter_reason":"anomalie_non_corroboree"}},{"type":"Feature","geometry":{"type":"Point","coordinates":[34.53111,41.15687]},"properties":{"age_h":92.1,"recency":2,"frp":13.7,"confidence":"high","observations":2,"passes":1,"sensor_count":1,"sensors":"Suomi-NPP","effis_confirmed":false,"burned_confirmed":false,"evidence_score":2,"evidence":"confiance élevée","filter_reason":"anomalie_non_corroboree"}},{"type":"Feature","geometry":{"type":"Point","coordinates":[20.90671,43.99877]},"properties":{"age_h":92.1,"recency":2,"frp":2.3,"confidence":"nominal","observations":1,"passes":1,"sensor_count":1,"sensors":"Suomi-NPP","effis_confirmed":false,"burned_confirmed":false,"evidence_score":0,"evidence":"","filter_reason":"anomalie_non_corroboree"}},{"type":"Feature","geometry":{"type":"Point","coordinates":[10.60834,43.61765]},"properties":{"age_h":92.0,"recency":2,"frp":3.0,"confidence":"nominal","observations":1,"passes":1,"sensor_count":1,"sensors":"Suomi-NPP","effis_confirmed":false,"burned_confirmed":false,"evidence_score":0,"evidence":"","filter_reason":"anomalie_non_corroboree"}},{"type":"Feature","geometry":{"type":"Point","coordinates":[4.62607,43.78418]},"properties":{"age_h":92.0,"recency":2,"frp":1.6,"confidence":"nominal","observations":2,"passes":1,"sensor_count":1,"sensors":"Suomi-NPP","effis_confirmed":false,"burned_confirmed":false,"evidence_score":0,"evidence":"","filter_reason":"anomalie_non_corroboree"}},{"type":"Feature","geometry":{"type":"Point","coordinates":[10.82286,44.56455]},"properties":{"age_h":92.0,"recency":2,"frp":2.7,"confidence":"nominal","observations":1,"passes":1,"sensor_count":1,"sensors":"Suomi-NPP","effis_confirmed":false,"burned_confirmed":false,"evidence_score":0,"evidence":"","filter_reason":"anomalie_non_corroboree"}},{"type":"Feature","geometry":{"type":"Point","coordinates":[10.55298,44.71355]},"properties":{"age_h":92.0,"recency":2,"frp":4.6,"confidence":"nominal","observations":1,"passes":1,"sensor_count":1,"sensors":"Suomi-NPP","effis_confirmed":false,"burned_confirmed":false,"evidence_score":0,"evidence":"","filter_reason":"anomalie_non_corroboree"}},{"type":"Feature","geometry":{"type":"Point","coordinates":[9.9261,44.99031]},"properties":{"age_h":92.0,"recency":2,"frp":3.5,"confidence":"nominal","observations":1,"passes":1,"sensor_count":1,"sensors":"Suomi-NPP","effis_confirmed":false,"burned_confirmed":false,"evidence_score":0,"evidence":"","filter_reason":"anomalie_non_corroboree"}},{"type":"Feature","geometry":{"type":"Point","coordinates":[10.91953,45.32661]},"properties":{"age_h":92.0,"recency":2,"frp":3.4,"confidence":"nominal","observations":1,"passes":1,"sensor_count":1,"sensors":"Suomi-NPP","effis_confirmed":false,"burned_confirmed":false,"evidence_score":0,"evidence":"","filter_reason":"anomalie_non_corroboree"}},{"type":"Feature","geometry":{"type":"Point","coordinates":[20.15971,45.35112]},"properties":{"age_h":92.0,"recency":2,"frp":3.0,"confidence":"nominal","observations":1,"passes":1,"sensor_count":1,"sensors":"Suomi-NPP","effis_confirmed":false,"burned_confirmed":false,"evidence_score":0,"evidence":"","filter_reason":"anomalie_non_corroboree"}},{"type":"Feature","geometry":{"type":"Point","coordinates":[10.86998,45.36406]},"properties":{"age_h":92.0,"recency":2,"frp":5.0,"confidence":"nominal","observations":2,"passes":1,"sensor_count":1,"sensors":"Suomi-NPP","effis_confirmed":false,"burned_confirmed":false,"evidence_score":0,"evidence":"","filter_reason":"anomalie_non_corroboree"}},{"type":"Feature","geometry":{"type":"Point","coordinates":[9.21922,45.52888]},"properties":{"age_h":92.0,"recency":2,"frp":3.9,"confidence":"nominal","observations":1,"passes":1,"sensor_count":1,"sensors":"Suomi-NPP","effis_confirmed":false,"burned_confirmed":false,"evidence_score":0,"evidence":"","filter_reason":"anomalie_non_corroboree"}},{"type":"Feature","geometry":{"type":"Point","coordinates":[11.07985,46.37834]},"properties":{"age_h":92.0,"recency":2,"frp":2.4,"confidence":"nominal","observations":1,"passes":1,"sensor_count":1,"sensors":"Suomi-NPP","effis_confirmed":false,"burned_confirmed":false,"evidence_score":0,"evidence":"","filter_reason":"anomalie_non_corroboree"}},{"type":"Feature","geometry":{"type":"Point","coordinates":[8.43074,47.20302]},"properties":{"age_h":92.0,"recency":2,"frp":8.2,"confidence":"nominal","observations":2,"passes":1,"sensor_count":1,"sensors":"Suomi-NPP","effis_confirmed":false,"burned_confirmed":false,"evidence_score":0,"evidence":"","filter_reason":"anomalie_non_corroboree"}},{"type":"Feature","geometry":{"type":"Point","coordinates":[31.61102,47.51441]},"properties":{"age_h":92.0,"recency":2,"frp":20.4,"confidence":"high","observations":2,"passes":1,"sensor_count":1,"sensors":"Suomi-NPP","effis_confirmed":false,"burned_confirmed":false,"evidence_score":2,"evidence":"confiance élevée","filter_reason":"anomalie_non_corroboree"}},{"type":"Feature","geometry":{"type":"Point","coordinates":[32.26818,47.57755]},"properties":{"age_h":92.0,"recency":2,"frp":4.0,"confidence":"nominal","observations":1,"passes":1,"sensor_count":1,"sensors":"Suomi-NPP","effis_confirmed":false,"burned_confirmed":false,"evidence_score":0,"evidence":"","filter_reason":"anomalie_non_corroboree"}},{"type":"Feature","geometry":{"type":"Point","coordinates":[28.00097,47.77794]},"properties":{"age_h":92.0,"recency":2,"frp":2.7,"confidence":"nominal","observations":1,"passes":1,"sensor_count":1,"sensors":"Suomi-NPP","effis_confirmed":false,"burned_confirmed":false,"evidence_score":0,"evidence":"","filter_reason":"anomalie_non_corroboree"}},{"type":"Feature","geometry":{"type":"Point","coordinates":[17.04464,47.92975]},"properties":{"age_h":92.0,"recency":2,"frp":60.0,"confidence":"nominal","observations":2,"passes":1,"sensor_count":1,"sensors":"Suomi-NPP","effis_confirmed":false,"burned_confirmed":false,"evidence_score":1,"evidence":"","filter_reason":"anomalie_non_corroboree"}},{"type":"Feature","geometry":{"type":"Point","coordinates":[11.33019,48.66061]},"properties":{"age_h":92.0,"recency":2,"frp":5.3,"confidence":"nominal","observations":2,"passes":1,"sensor_count":1,"sensors":"Suomi-NPP","effis_confirmed":false,"burned_confirmed":false,"evidence_score":0,"evidence":"","filter_reason":"anomalie_non_corroboree"}},{"type":"Feature","geometry":{"type":"Point","coordinates":[12.83598,48.8897]},"properties":{"age_h":92.0,"recency":2,"frp":2.2,"confidence":"nominal","observations":1,"passes":1,"sensor_count":1,"sensors":"Suomi-NPP","effis_confirmed":false,"burned_confirmed":false,"evidence_score":0,"evidence":"","filter_reason":"anomalie_non_corroboree"}},{"type":"Feature","geometry":{"type":"Point","coordinates":[12.57317,48.92504]},"properties":{"age_h":92.0,"recency":2,"frp":10.1,"confidence":"nominal","observations":1,"passes":1,"sensor_count":1,"sensors":"Suomi-NPP","effis_confirmed":false,"burned_confirmed":false,"evidence_score":1,"evidence":"","filter_reason":"anomalie_non_corroboree"}},{"type":"Feature","geometry":{"type":"Point","coordinates":[12.67731,48.93987]},"properties":{"age_h":92.0,"recency":2,"frp":5.0,"confidence":"nominal","observations":2,"passes":1,"sensor_count":1,"sensors":"Suomi-NPP","effis_confirmed":false,"burned_confirmed":false,"evidence_score":0,"evidence":"","filter_reason":"anomalie_non_corroboree"}},{"type":"Feature","geometry":{"type":"Point","coordinates":[11.81905,49.16959]},"properties":{"age_h":92.0,"recency":2,"frp":3.1,"confidence":"nominal","observations":1,"passes":1,"sensor_count":1,"sensors":"Suomi-NPP","effis_confirmed":false,"burned_confirmed":false,"evidence_score":0,"evidence":"","filter_reason":"anomalie_non_corroboree"}},{"type":"Feature","geometry":{"type":"Point","coordinates":[15.47096,49.68803]},"properties":{"age_h":92.0,"recency":2,"frp":1.0,"confidence":"nominal","observations":1,"passes":1,"sensor_count":1,"sensors":"Suomi-NPP","effis_confirmed":false,"burned_confirmed":false,"evidence_score":0,"evidence":"","filter_reason":"anomalie_non_corroboree"}},{"type":"Feature","geometry":{"type":"Point","coordinates":[13.24808,49.7844]},"properties":{"age_h":92.0,"recency":2,"frp":2.8,"confidence":"nominal","observations":1,"passes":1,"sensor_count":1,"sensors":"Suomi-NPP","effis_confirmed":false,"burned_confirmed":false,"evidence_score":0,"evidence":"","filter_reason":"anomalie_non_corroboree"}},{"type":"Feature","geometry":{"type":"Point","coordinates":[10.23055,49.696]},"properties":{"age_h":92.0,"recency":2,"frp":3.0,"confidence":"nominal","observations":1,"passes":1,"sensor_count":1,"sensors":"Suomi-NPP","effis_confirmed":false,"burned_confirmed":false,"evidence_score":0,"evidence":"","filter_reason":"anomalie_non_corroboree"}},{"type":"Feature","geometry":{"type":"Point","coordinates":[10.07119,50.12119]},"properties":{"age_h":92.0,"recency":2,"frp":11.4,"confidence":"nominal","observations":7,"passes":1,"sensor_count":1,"sensors":"Suomi-NPP","effis_confirmed":false,"burned_confirmed":false,"evidence_score":3,"evidence":"groupe spatial","filter_reason":"anomalie_non_corroboree"}},{"type":"Feature","geometry":{"type":"Point","coordinates":[9.55282,50.26543]},"properties":{"age_h":92.0,"recency":2,"frp":2.5,"confidence":"nominal","observations":1,"passes":1,"sensor_count":1,"sensors":"Suomi-NPP","effis_confirmed":false,"burned_confirmed":false,"evidence_score":0,"evidence":"","filter_reason":"anomalie_non_corroboree"}},{"type":"Feature","geometry":{"type":"Point","coordinates":[10.43254,50.27969]},"properties":{"age_h":92.0,"recency":2,"frp":6.8,"confidence":"nominal","observations":1,"passes":1,"sensor_count":1,"sensors":"Suomi-NPP","effis_confirmed":false,"burned_confirmed":false,"evidence_score":0,"evidence":"","filter_reason":"anomalie_non_corroboree"}},{"type":"Feature","geometry":{"type":"Point","coordinates":[10.53635,50.29213]},"properties":{"age_h":92.0,"recency":2,"frp":3.9,"confidence":"nominal","observations":1,"passes":1,"sensor_count":1,"sensors":"Suomi-NPP","effis_confirmed":false,"burned_confirmed":false,"evidence_score":0,"evidence":"","filter_reason":"anomalie_non_corroboree"}},{"type":"Feature","geometry":{"type":"Point","coordinates":[12.73177,50.43517]},"properties":{"age_h":92.0,"recency":2,"frp":1.5,"confidence":"nominal","observations":1,"passes":1,"sensor_count":1,"sensors":"Suomi-NPP","effis_confirmed":false,"burned_confirmed":false,"evidence_score":0,"evidence":"","filter_reason":"anomalie_non_corroboree"}},{"type":"Feature","geometry":{"type":"Point","coordinates":[11.83451,50.49225]},"properties":{"age_h":92.0,"recency":2,"frp":5.0,"confidence":"nominal","observations":1,"passes":1,"sensor_count":1,"sensors":"Suomi-NPP","effis_confirmed":false,"burned_confirmed":false,"evidence_score":0,"evidence":"","filter_reason":"anomalie_non_corroboree"}},{"type":"Feature","geometry":{"type":"Point","coordinates":[3.38962,50.63357]},"properties":{"age_h":92.0,"recency":2,"frp":7.5,"confidence":"nominal","observations":1,"passes":1,"sensor_count":1,"sensors":"Suomi-NPP","effis_confirmed":false,"burned_confirmed":false,"evidence_score":0,"evidence":"","filter_reason":"anomalie_non_corroboree"}},{"type":"Feature","geometry":{"type":"Point","coordinates":[11.76174,50.72908]},"properties":{"age_h":92.0,"recency":2,"frp":1.7,"confidence":"nominal","observations":1,"passes":1,"sensor_count":1,"sensors":"Suomi-NPP","effis_confirmed":false,"burned_confirmed":false,"evidence_score":0,"evidence":"","filter_reason":"anomalie_non_corroboree"}},{"type":"Feature","geometry":{"type":"Point","coordinates":[11.91767,50.80698]},"properties":{"age_h":92.0,"recency":2,"frp":3.1,"confidence":"nominal","observations":1,"passes":1,"sensor_count":1,"sensors":"Suomi-NPP","effis_confirmed":false,"burned_confirmed":false,"evidence_score":0,"evidence":"","filter_reason":"anomalie_non_corroboree"}},{"type":"Feature","geometry":{"type":"Point","coordinates":[9.92818,50.83885]},"properties":{"age_h":92.0,"recency":2,"frp":9.8,"confidence":"nominal","observations":1,"passes":1,"sensor_count":1,"sensors":"Suomi-NPP","effis_confirmed":false,"burned_confirmed":false,"evidence_score":0,"evidence":"","filter_reason":"anomalie_non_corroboree"}},{"type":"Feature","geometry":{"type":"Point","coordinates":[12.94835,50.85852]},"properties":{"age_h":92.0,"recency":2,"frp":4.2,"confidence":"nominal","observations":1,"passes":1,"sensor_count":1,"sensors":"Suomi-NPP","effis_confirmed":false,"burned_confirmed":false,"evidence_score":0,"evidence":"","filter_reason":"anomalie_non_corroboree"}},{"type":"Feature","geometry":{"type":"Point","coordinates":[12.5122,50.9668]},"properties":{"age_h":92.0,"recency":2,"frp":1.4,"confidence":"nominal","observations":1,"passes":1,"sensor_count":1,"sensors":"Suomi-NPP","effis_confirmed":false,"burned_confirmed":false,"evidence_score":0,"evidence":"","filter_reason":"anomalie_non_corroboree"}},{"type":"Feature","geometry":{"type":"Point","coordinates":[12.17578,51.10498]},"properties":{"age_h":92.0,"recency":2,"frp":2.3,"confidence":"nominal","observations":1,"passes":1,"sensor_count":1,"sensors":"Suomi-NPP","effis_confirmed":false,"burned_confirmed":false,"evidence_score":0,"evidence":"","filter_reason":"anomalie_non_corroboree"}},{"type":"Feature","geometry":{"type":"Point","coordinates":[12.38047,51.20703]},"properties":{"age_h":92.0,"recency":2,"frp":13.7,"confidence":"nominal","observations":2,"passes":1,"sensor_count":1,"sensors":"Suomi-NPP","effis_confirmed":false,"burned_confirmed":false,"evidence_score":1,"evidence":"","filter_reason":"anomalie_non_corroboree"}},{"type":"Feature","geometry":{"type":"Point","coordinates":[11.88411,51.23524]},"properties":{"age_h":92.0,"recency":2,"frp":2.9,"confidence":"nominal","observations":1,"passes":1,"sensor_count":1,"sensors":"Suomi-NPP","effis_confirmed":false,"burned_confirmed":false,"evidence_score":0,"evidence":"","filter_reason":"anomalie_non_corroboree"}},{"type":"Feature","geometry":{"type":"Point","coordinates":[13.2544,51.249]},"properties":{"age_h":92.0,"recency":2,"frp":1.2,"confidence":"nominal","observations":1,"passes":1,"sensor_count":1,"sensors":"Suomi-NPP","effis_confirmed":false,"burned_confirmed":false,"evidence_score":0,"evidence":"","filter_reason":"anomalie_non_corroboree"}},{"type":"Feature","geometry":{"type":"Point","coordinates":[12.21882,51.31193]},"properties":{"age_h":92.0,"recency":2,"frp":25.4,"confidence":"nominal","observations":2,"passes":1,"sensor_count":1,"sensors":"Suomi-NPP","effis_confirmed":false,"burned_confirmed":false,"evidence_score":1,"evidence":"","filter_reason":"anomalie_non_corroboree"}},{"type":"Feature","geometry":{"type":"Point","coordinates":[12.79543,51.36207]},"properties":{"age_h":92.0,"recency":2,"frp":5.2,"confidence":"nominal","observations":1,"passes":1,"sensor_count":1,"sensors":"Suomi-NPP","effis_confirmed":false,"burned_confirmed":false,"evidence_score":0,"evidence":"","filter_reason":"anomalie_non_corroboree"}},{"type":"Feature","geometry":{"type":"Point","coordinates":[11.21804,51.37431]},"properties":{"age_h":92.0,"recency":2,"frp":3.6,"confidence":"nominal","observations":1,"passes":1,"sensor_count":1,"sensors":"Suomi-NPP","effis_confirmed":false,"burned_confirmed":false,"evidence_score":0,"evidence":"","filter_reason":"anomalie_non_corroboree"}},{"type":"Feature","geometry":{"type":"Point","coordinates":[11.9758,51.39761]},"properties":{"age_h":92.0,"recency":2,"frp":2.9,"confidence":"nominal","observations":1,"passes":1,"sensor_count":1,"sensors":"Suomi-NPP","effis_confirmed":false,"burned_confirmed":false,"evidence_score":0,"evidence":"","filter_reason":"anomalie_non_corroboree"}},{"type":"Feature","geometry":{"type":"Point","coordinates":[12.52788,51.50952]},"properties":{"age_h":92.0,"recency":2,"frp":0.8,"confidence":"nominal","observations":1,"passes":1,"sensor_count":1,"sensors":"Suomi-NPP","effis_confirmed":false,"burned_confirmed":false,"evidence_score":0,"evidence":"","filter_reason":"anomalie_non_corroboree"}},{"type":"Feature","geometry":{"type":"Point","coordinates":[11.26347,51.61834]},"properties":{"age_h":92.0,"recency":2,"frp":2.0,"confidence":"nominal","observations":1,"passes":1,"sensor_count":1,"sensors":"Suomi-NPP","effis_confirmed":false,"burned_confirmed":false,"evidence_score":0,"evidence":"","filter_reason":"anomalie_non_corroboree"}},{"type":"Feature","geometry":{"type":"Point","coordinates":[12.67271,51.61981]},"properties":{"age_h":92.0,"recency":2,"frp":1.7,"confidence":"nominal","observations":1,"passes":1,"sensor_count":1,"sensors":"Suomi-NPP","effis_confirmed":false,"burned_confirmed":false,"evidence_score":0,"evidence":"","filter_reason":"anomalie_non_corroboree"}},{"type":"Feature","geometry":{"type":"Point","coordinates":[11.58763,51.62209]},"properties":{"age_h":92.0,"recency":2,"frp":13.0,"confidence":"nominal","observations":4,"passes":1,"sensor_count":1,"sensors":"Suomi-NPP","effis_confirmed":false,"burned_confirmed":false,"evidence_score":3,"evidence":"groupe spatial","filter_reason":"anomalie_non_corroboree"}},{"type":"Feature","geometry":{"type":"Point","coordinates":[11.9317,51.65004]},"properties":{"age_h":92.0,"recency":2,"frp":4.9,"confidence":"nominal","observations":2,"passes":1,"sensor_count":1,"sensors":"Suomi-NPP","effis_confirmed":false,"burned_confirmed":false,"evidence_score":0,"evidence":"","filter_reason":"anomalie_non_corroboree"}},{"type":"Feature","geometry":{"type":"Point","coordinates":[11.68685,51.69329]},"properties":{"age_h":92.0,"recency":2,"frp":4.3,"confidence":"nominal","observations":1,"passes":1,"sensor_count":1,"sensors":"Suomi-NPP","effis_confirmed":false,"burned_confirmed":false,"evidence_score":0,"evidence":"","filter_reason":"anomalie_non_corroboree"}},{"type":"Feature","geometry":{"type":"Point","coordinates":[11.70896,51.71134]},"properties":{"age_h":92.0,"recency":2,"frp":5.9,"confidence":"nominal","observations":1,"passes":1,"sensor_count":1,"sensors":"Suomi-NPP","effis_confirmed":false,"burned_confirmed":false,"evidence_score":0,"evidence":"","filter_reason":"anomalie_non_corroboree"}},{"type":"Feature","geometry":{"type":"Point","coordinates":[11.97722,51.71898]},"properties":{"age_h":92.0,"recency":2,"frp":2.9,"confidence":"nominal","observations":1,"passes":1,"sensor_count":1,"sensors":"Suomi-NPP","effis_confirmed":false,"burned_confirmed":false,"evidence_score":0,"evidence":"","filter_reason":"anomalie_non_corroboree"}},{"type":"Feature","geometry":{"type":"Point","coordinates":[11.94637,51.72071]},"properties":{"age_h":92.0,"recency":2,"frp":3.0,"confidence":"nominal","observations":2,"passes":1,"sensor_count":1,"sensors":"Suomi-NPP","effis_confirmed":false,"burned_confirmed":false,"evidence_score":0,"evidence":"","filter_reason":"anomalie_non_corroboree"}},{"type":"Feature","geometry":{"type":"Point","coordinates":[12.02036,51.72993]},"properties":{"age_h":92.0,"recency":2,"frp":1.8,"confidence":"nominal","observations":1,"passes":1,"sensor_count":1,"sensors":"Suomi-NPP","effis_confirmed":false,"burned_confirmed":false,"evidence_score":0,"evidence":"","filter_reason":"anomalie_non_corroboree"}},{"type":"Feature","geometry":{"type":"Point","coordinates":[11.77393,51.76866]},"properties":{"age_h":92.0,"recency":2,"frp":8.7,"confidence":"nominal","observations":2,"passes":1,"sensor_count":1,"sensors":"Suomi-NPP","effis_confirmed":false,"burned_confirmed":false,"evidence_score":0,"evidence":"","filter_reason":"anomalie_non_corroboree"}},{"type":"Feature","geometry":{"type":"Point","coordinates":[12.12383,51.8075]},"properties":{"age_h":92.0,"recency":2,"frp":3.5,"confidence":"nominal","observations":2,"passes":1,"sensor_count":1,"sensors":"Suomi-NPP","effis_confirmed":false,"burned_confirmed":false,"evidence_score":0,"evidence":"","filter_reason":"anomalie_non_corroboree"}},{"type":"Feature","geometry":{"type":"Point","coordinates":[9.04398,51.81706]},"properties":{"age_h":92.0,"recency":2,"frp":2.8,"confidence":"nominal","observations":1,"passes":1,"sensor_count":1,"sensors":"Suomi-NPP","effis_confirmed":false,"burned_confirmed":false,"evidence_score":0,"evidence":"","filter_reason":"anomalie_non_corroboree"}},{"type":"Feature","geometry":{"type":"Point","coordinates":[12.18918,51.82209]},"properties":{"age_h":92.0,"recency":2,"frp":9.0,"confidence":"nominal","observations":1,"passes":1,"sensor_count":1,"sensors":"Suomi-NPP","effis_confirmed":false,"burned_confirmed":false,"evidence_score":0,"evidence":"","filter_reason":"anomalie_non_corroboree"}},{"type":"Feature","geometry":{"type":"Point","coordinates":[12.23442,51.89062]},"properties":{"age_h":92.0,"recency":2,"frp":4.6,"confidence":"nominal","observations":1,"passes":1,"sensor_count":1,"sensors":"Suomi-NPP","effis_confirmed":false,"burned_confirmed":false,"evidence_score":0,"evidence":"","filter_reason":"anomalie_non_corroboree"}},{"type":"Feature","geometry":{"type":"Point","coordinates":[11.793,51.91851]},"properties":{"age_h":92.0,"recency":2,"frp":20.3,"confidence":"nominal","observations":2,"passes":1,"sensor_count":1,"sensors":"Suomi-NPP","effis_confirmed":false,"burned_confirmed":false,"evidence_score":1,"evidence":"","filter_reason":"anomalie_non_corroboree"}},{"type":"Feature","geometry":{"type":"Point","coordinates":[11.3842,51.95721]},"properties":{"age_h":92.0,"recency":2,"frp":4.0,"confidence":"nominal","observations":2,"passes":1,"sensor_count":1,"sensors":"Suomi-NPP","effis_confirmed":false,"burned_confirmed":false,"evidence_score":0,"evidence":"","filter_reason":"anomalie_non_corroboree"}},{"type":"Feature","geometry":{"type":"Point","coordinates":[12.11763,51.97419]},"properties":{"age_h":92.0,"recency":2,"frp":114.7,"confidence":"nominal","observations":2,"passes":1,"sensor_count":1,"sensors":"Suomi-NPP","effis_confirmed":false,"burned_confirmed":false,"evidence_score":1,"evidence":"","filter_reason":"anomalie_non_corroboree"}},{"type":"Feature","geometry":{"type":"Point","coordinates":[11.03809,52.00648]},"properties":{"age_h":92.0,"recency":2,"frp":3.2,"confidence":"nominal","observations":1,"passes":1,"sensor_count":1,"sensors":"Suomi-NPP","effis_confirmed":false,"burned_confirmed":false,"evidence_score":0,"evidence":"","filter_reason":"anomalie_non_corroboree"}},{"type":"Feature","geometry":{"type":"Point","coordinates":[10.45086,52.01738]},"properties":{"age_h":92.0,"recency":2,"frp":5.3,"confidence":"nominal","observations":1,"passes":1,"sensor_count":1,"sensors":"Suomi-NPP","effis_confirmed":false,"burned_confirmed":false,"evidence_score":0,"evidence":"","filter_reason":"anomalie_non_corroboree"}},{"type":"Feature","geometry":{"type":"Point","coordinates":[11.124,52.02189]},"properties":{"age_h":92.0,"recency":2,"frp":1.6,"confidence":"nominal","observations":1,"passes":1,"sensor_count":1,"sensors":"Suomi-NPP","effis_confirmed":false,"burned_confirmed":false,"evidence_score":0,"evidence":"","filter_reason":"anomalie_non_corroboree"}},{"type":"Feature","geometry":{"type":"Point","coordinates":[11.8274,52.09457]},"properties":{"age_h":92.0,"recency":2,"frp":2.9,"confidence":"nominal","observations":1,"passes":1,"sensor_count":1,"sensors":"Suomi-NPP","effis_confirmed":false,"burned_confirmed":false,"evidence_score":0,"evidence":"","filter_reason":"anomalie_non_corroboree"}},{"type":"Feature","geometry":{"type":"Point","coordinates":[11.68012,52.13398]},"properties":{"age_h":92.0,"recency":2,"frp":4.2,"confidence":"nominal","observations":1,"passes":1,"sensor_count":1,"sensors":"Suomi-NPP","effis_confirmed":false,"burned_confirmed":false,"evidence_score":0,"evidence":"","filter_reason":"anomalie_non_corroboree"}},{"type":"Feature","geometry":{"type":"Point","coordinates":[11.59848,52.16584]},"properties":{"age_h":92.0,"recency":2,"frp":1.1,"confidence":"nominal","observations":1,"passes":1,"sensor_count":1,"sensors":"Suomi-NPP","effis_confirmed":false,"burned_confirmed":false,"evidence_score":0,"evidence":"","filter_reason":"anomalie_non_corroboree"}},{"type":"Feature","geometry":{"type":"Point","coordinates":[11.5966,52.18321]},"properties":{"age_h":92.0,"recency":2,"frp":9.1,"confidence":"nominal","observations":2,"passes":1,"sensor_count":1,"sensors":"Suomi-NPP","effis_confirmed":false,"burned_confirmed":false,"evidence_score":0,"evidence":"","filter_reason":"anomalie_non_corroboree"}},{"type":"Feature","geometry":{"type":"Point","coordinates":[11.87107,52.25602]},"properties":{"age_h":92.0,"recency":2,"frp":5.2,"confidence":"nominal","observations":1,"passes":1,"sensor_count":1,"sensors":"Suomi-NPP","effis_confirmed":false,"burned_confirmed":false,"evidence_score":0,"evidence":"","filter_reason":"anomalie_non_corroboree"}},{"type":"Feature","geometry":{"type":"Point","coordinates":[11.64456,52.25944]},"properties":{"age_h":92.0,"recency":2,"frp":8.4,"confidence":"nominal","observations":2,"passes":1,"sensor_count":1,"sensors":"Suomi-NPP","effis_confirmed":false,"burned_confirmed":false,"evidence_score":0,"evidence":"","filter_reason":"anomalie_non_corroboree"}},{"type":"Feature","geometry":{"type":"Point","coordinates":[11.81097,52.37045]},"properties":{"age_h":92.0,"recency":2,"frp":7.6,"confidence":"nominal","observations":2,"passes":1,"sensor_count":1,"sensors":"Suomi-NPP","effis_confirmed":false,"burned_confirmed":false,"evidence_score":0,"evidence":"","filter_reason":"anomalie_non_corroboree"}},{"type":"Feature","geometry":{"type":"Point","coordinates":[11.27545,52.38446]},"properties":{"age_h":92.0,"recency":2,"frp":2.4,"confidence":"nominal","observations":2,"passes":1,"sensor_count":1,"sensors":"Suomi-NPP","effis_confirmed":false,"burned_confirmed":false,"evidence_score":0,"evidence":"","filter_reason":"anomalie_non_corroboree"}},{"type":"Feature","geometry":{"type":"Point","coordinates":[11.79039,52.40216]},"properties":{"age_h":92.0,"recency":2,"frp":33.2,"confidence":"nominal","observations":1,"passes":1,"sensor_count":1,"sensors":"Suomi-NPP","effis_confirmed":false,"burned_confirmed":false,"evidence_score":1,"evidence":"","filter_reason":"anomalie_non_corroboree"}},{"type":"Feature","geometry":{"type":"Point","coordinates":[11.74756,52.416]},"properties":{"age_h":92.0,"recency":2,"frp":9.7,"confidence":"nominal","observations":2,"passes":1,"sensor_count":1,"sensors":"Suomi-NPP","effis_confirmed":false,"burned_confirmed":false,"evidence_score":0,"evidence":"","filter_reason":"anomalie_non_corroboree"}},{"type":"Feature","geometry":{"type":"Point","coordinates":[11.53413,52.59342]},"properties":{"age_h":92.0,"recency":2,"frp":1.2,"confidence":"nominal","observations":1,"passes":1,"sensor_count":1,"sensors":"Suomi-NPP","effis_confirmed":false,"burned_confirmed":false,"evidence_score":0,"evidence":"","filter_reason":"anomalie_non_corroboree"}},{"type":"Feature","geometry":{"type":"Point","coordinates":[10.2483,52.59431]},"properties":{"age_h":92.0,"recency":2,"frp":5.0,"confidence":"nominal","observations":4,"passes":1,"sensor_count":1,"sensors":"Suomi-NPP","effis_confirmed":false,"burned_confirmed":false,"evidence_score":2,"evidence":"groupe spatial","filter_reason":"anomalie_non_corroboree"}},{"type":"Feature","geometry":{"type":"Point","coordinates":[11.13466,52.60979]},"properties":{"age_h":92.0,"recency":2,"frp":13.6,"confidence":"nominal","observations":3,"passes":1,"sensor_count":1,"sensors":"Suomi-NPP","effis_confirmed":false,"burned_confirmed":false,"evidence_score":3,"evidence":"groupe spatial","filter_reason":"anomalie_non_corroboree"}},{"type":"Feature","geometry":{"type":"Point","coordinates":[11.62648,52.65272]},"properties":{"age_h":92.0,"recency":2,"frp":2.6,"confidence":"nominal","observations":1,"passes":1,"sensor_count":1,"sensors":"Suomi-NPP","effis_confirmed":false,"burned_confirmed":false,"evidence_score":0,"evidence":"","filter_reason":"anomalie_non_corroboree"}},{"type":"Feature","geometry":{"type":"Point","coordinates":[9.68912,52.67627]},"properties":{"age_h":92.0,"recency":2,"frp":4.4,"confidence":"nominal","observations":1,"passes":1,"sensor_count":1,"sensors":"Suomi-NPP","effis_confirmed":false,"burned_confirmed":false,"evidence_score":0,"evidence":"","filter_reason":"anomalie_non_corroboree"}},{"type":"Feature","geometry":{"type":"Point","coordinates":[14.20177,52.68673]},"properties":{"age_h":92.0,"recency":2,"frp":4.1,"confidence":"nominal","observations":1,"passes":1,"sensor_count":1,"sensors":"Suomi-NPP","effis_confirmed":false,"burned_confirmed":false,"evidence_score":0,"evidence":"","filter_reason":"anomalie_non_corroboree"}},{"type":"Feature","geometry":{"type":"Point","coordinates":[10.54112,52.80107]},"properties":{"age_h":92.0,"recency":2,"frp":3.1,"confidence":"nominal","observations":1,"passes":1,"sensor_count":1,"sensors":"Suomi-NPP","effis_confirmed":false,"burned_confirmed":false,"evidence_score":0,"evidence":"","filter_reason":"anomalie_non_corroboree"}},{"type":"Feature","geometry":{"type":"Point","coordinates":[11.20212,52.8504]},"properties":{"age_h":92.0,"recency":2,"frp":4.0,"confidence":"nominal","observations":1,"passes":1,"sensor_count":1,"sensors":"Suomi-NPP","effis_confirmed":false,"burned_confirmed":false,"evidence_score":0,"evidence":"","filter_reason":"anomalie_non_corroboree"}},{"type":"Feature","geometry":{"type":"Point","coordinates":[10.00349,53.01759]},"properties":{"age_h":92.0,"recency":2,"frp":3.5,"confidence":"nominal","observations":1,"passes":1,"sensor_count":1,"sensors":"Suomi-NPP","effis_confirmed":false,"burned_confirmed":false,"evidence_score":0,"evidence":"","filter_reason":"anomalie_non_corroboree"}},{"type":"Feature","geometry":{"type":"Point","coordinates":[11.79669,53.34742]},"properties":{"age_h":92.0,"recency":2,"frp":5.4,"confidence":"nominal","observations":4,"passes":1,"sensor_count":1,"sensors":"Suomi-NPP","effis_confirmed":false,"burned_confirmed":false,"evidence_score":2,"evidence":"groupe spatial","filter_reason":"anomalie_non_corroboree"}},{"type":"Feature","geometry":{"type":"Point","coordinates":[12.26772,53.38122]},"properties":{"age_h":92.0,"recency":2,"frp":3.1,"confidence":"nominal","observations":1,"passes":1,"sensor_count":1,"sensors":"Suomi-NPP","effis_confirmed":false,"burned_confirmed":false,"evidence_score":0,"evidence":"","filter_reason":"anomalie_non_corroboree"}},{"type":"Feature","geometry":{"type":"Point","coordinates":[10.89161,53.51104]},"properties":{"age_h":92.0,"recency":2,"frp":3.8,"confidence":"nominal","observations":3,"passes":1,"sensor_count":1,"sensors":"Suomi-NPP","effis_confirmed":false,"burned_confirmed":false,"evidence_score":2,"evidence":"groupe spatial","filter_reason":"anomalie_non_corroboree"}},{"type":"Feature","geometry":{"type":"Point","coordinates":[11.08872,53.51185]},"properties":{"age_h":92.0,"recency":2,"frp":3.3,"confidence":"nominal","observations":1,"passes":1,"sensor_count":1,"sensors":"Suomi-NPP","effis_confirmed":false,"burned_confirmed":false,"evidence_score":0,"evidence":"","filter_reason":"anomalie_non_corroboree"}},{"type":"Feature","geometry":{"type":"Point","coordinates":[11.41651,53.5184]},"properties":{"age_h":92.0,"recency":2,"frp":3.8,"confidence":"nominal","observations":1,"passes":1,"sensor_count":1,"sensors":"Suomi-NPP","effis_confirmed":false,"burned_confirmed":false,"evidence_score":0,"evidence":"","filter_reason":"anomalie_non_corroboree"}},{"type":"Feature","geometry":{"type":"Point","coordinates":[11.66008,53.52779]},"properties":{"age_h":92.0,"recency":2,"frp":6.6,"confidence":"nominal","observations":1,"passes":1,"sensor_count":1,"sensors":"Suomi-NPP","effis_confirmed":false,"burned_confirmed":false,"evidence_score":0,"evidence":"","filter_reason":"anomalie_non_corroboree"}},{"type":"Feature","geometry":{"type":"Point","coordinates":[3.47942,36.03748]},"properties":{"age_h":91.8,"recency":2,"frp":12.8,"confidence":"nominal","observations":1,"passes":1,"sensor_count":1,"sensors":"NOAA-20","effis_confirmed":false,"burned_confirmed":false,"evidence_score":1,"evidence":"","filter_reason":"anomalie_non_corroboree"}},{"type":"Feature","geometry":{"type":"Point","coordinates":[5.51955,36.12675]},"properties":{"age_h":91.8,"recency":2,"frp":7.8,"confidence":"nominal","observations":1,"passes":1,"sensor_count":1,"sensors":"NOAA-20","effis_confirmed":false,"burned_confirmed":false,"evidence_score":0,"evidence":"","filter_reason":"anomalie_non_corroboree"}},{"type":"Feature","geometry":{"type":"Point","coordinates":[14.37334,37.29597]},"properties":{"age_h":91.8,"recency":2,"frp":10.1,"confidence":"nominal","observations":1,"passes":1,"sensor_count":1,"sensors":"NOAA-20","effis_confirmed":false,"burned_confirmed":false,"evidence_score":1,"evidence":"","filter_reason":"anomalie_non_corroboree"}},{"type":"Feature","geometry":{"type":"Point","coordinates":[28.36126,40.05553]},"properties":{"age_h":91.8,"recency":2,"frp":38.0,"confidence":"nominal","observations":1,"passes":1,"sensor_count":1,"sensors":"NOAA-20","effis_confirmed":false,"burned_confirmed":false,"evidence_score":1,"evidence":"","filter_reason":"anomalie_non_corroboree"}},{"type":"Feature","geometry":{"type":"Point","coordinates":[-3.89151,38.88456]},"properties":{"age_h":91.7,"recency":2,"frp":25.6,"confidence":"high","observations":2,"passes":1,"sensor_count":1,"sensors":"NOAA-20","effis_confirmed":false,"burned_confirmed":false,"evidence_score":2,"evidence":"confiance élevée","filter_reason":"anomalie_non_corroboree"}},{"type":"Feature","geometry":{"type":"Point","coordinates":[-3.75323,40.21214]},"properties":{"age_h":91.7,"recency":2,"frp":8.3,"confidence":"high","observations":2,"passes":1,"sensor_count":1,"sensors":"NOAA-20","effis_confirmed":false,"burned_confirmed":false,"evidence_score":1,"evidence":"confiance élevée","filter_reason":"anomalie_non_corroboree"}},{"type":"Feature","geometry":{"type":"Point","coordinates":[16.81521,40.46068]},"properties":{"age_h":91.7,"recency":2,"frp":3.9,"confidence":"nominal","observations":1,"passes":1,"sensor_count":1,"sensors":"NOAA-20","effis_confirmed":false,"burned_confirmed":false,"evidence_score":0,"evidence":"","filter_reason":"anomalie_non_corroboree"}},{"type":"Feature","geometry":{"type":"Point","coordinates":[-3.19067,40.74064]},"properties":{"age_h":91.7,"recency":2,"frp":4.8,"confidence":"nominal","observations":1,"passes":1,"sensor_count":1,"sensors":"NOAA-20","effis_confirmed":false,"burned_confirmed":false,"evidence_score":0,"evidence":"","filter_reason":"anomalie_non_corroboree"}},{"type":"Feature","geometry":{"type":"Point","coordinates":[16.35811,41.07798]},"properties":{"age_h":91.7,"recency":2,"frp":3.5,"confidence":"nominal","observations":1,"passes":1,"sensor_count":1,"sensors":"NOAA-20","effis_confirmed":false,"burned_confirmed":false,"evidence_score":0,"evidence":"","filter_reason":"anomalie_non_corroboree"}},{"type":"Feature","geometry":{"type":"Point","coordinates":[19.64228,41.3844]},"properties":{"age_h":91.7,"recency":2,"frp":4.1,"confidence":"nominal","observations":1,"passes":1,"sensor_count":1,"sensors":"NOAA-20","effis_confirmed":false,"burned_confirmed":false,"evidence_score":0,"evidence":"","filter_reason":"anomalie_non_corroboree"}},{"type":"Feature","geometry":{"type":"Point","coordinates":[13.50034,41.54784]},"properties":{"age_h":91.7,"recency":2,"frp":3.5,"confidence":"nominal","observations":1,"passes":1,"sensor_count":1,"sensors":"NOAA-20","effis_confirmed":false,"burned_confirmed":false,"evidence_score":0,"evidence":"","filter_reason":"anomalie_non_corroboree"}},{"type":"Feature","geometry":{"type":"Point","coordinates":[13.62363,41.69724]},"properties":{"age_h":91.7,"recency":2,"frp":2.5,"confidence":"nominal","observations":1,"passes":1,"sensor_count":1,"sensors":"NOAA-20","effis_confirmed":false,"burned_confirmed":false,"evidence_score":0,"evidence":"","filter_reason":"anomalie_non_corroboree"}},{"type":"Feature","geometry":{"type":"Point","coordinates":[19.17428,42.2798]},"properties":{"age_h":91.7,"recency":2,"frp":3.5,"confidence":"nominal","observations":1,"passes":1,"sensor_count":1,"sensors":"NOAA-20","effis_confirmed":false,"burned_confirmed":false,"evidence_score":0,"evidence":"","filter_reason":"anomalie_non_corroboree"}},{"type":"Feature","geometry":{"type":"Point","coordinates":[12.71033,42.74949]},"properties":{"age_h":91.7,"recency":2,"frp":2.9,"confidence":"nominal","observations":1,"passes":1,"sensor_count":1,"sensors":"NOAA-20","effis_confirmed":false,"burned_confirmed":false,"evidence_score":0,"evidence":"","filter_reason":"anomalie_non_corroboree"}},{"type":"Feature","geometry":{"type":"Point","coordinates":[0.31144,43.3765]},"properties":{"age_h":91.7,"recency":2,"frp":4.1,"confidence":"nominal","observations":1,"passes":1,"sensor_count":1,"sensors":"NOAA-20","effis_confirmed":false,"burned_confirmed":false,"evidence_score":0,"evidence":"","filter_reason":"anomalie_non_corroboree"}},{"type":"Feature","geometry":{"type":"Point","coordinates":[11.16107,43.43958]},"properties":{"age_h":91.7,"recency":2,"frp":4.1,"confidence":"nominal","observations":1,"passes":1,"sensor_count":1,"sensors":"NOAA-20","effis_confirmed":false,"burned_confirmed":false,"evidence_score":0,"evidence":"","filter_reason":"anomalie_non_corroboree"}},{"type":"Feature","geometry":{"type":"Point","coordinates":[11.11197,43.84171]},"properties":{"age_h":91.7,"recency":2,"frp":7.7,"confidence":"nominal","observations":1,"passes":1,"sensor_count":1,"sensors":"NOAA-20","effis_confirmed":false,"burned_confirmed":false,"evidence_score":0,"evidence":"","filter_reason":"anomalie_non_corroboree"}},{"type":"Feature","geometry":{"type":"Point","coordinates":[11.13465,43.84855]},"properties":{"age_h":91.7,"recency":2,"frp":4.6,"confidence":"nominal","observations":1,"passes":1,"sensor_count":1,"sensors":"NOAA-20","effis_confirmed":false,"burned_confirmed":false,"evidence_score":0,"evidence":"","filter_reason":"anomalie_non_corroboree"}},{"type":"Feature","geometry":{"type":"Point","coordinates":[12.10747,44.21535]},"properties":{"age_h":91.7,"recency":2,"frp":3.1,"confidence":"nominal","observations":1,"passes":1,"sensor_count":1,"sensors":"NOAA-20","effis_confirmed":false,"burned_confirmed":false,"evidence_score":0,"evidence":"","filter_reason":"anomalie_non_corroboree"}},{"type":"Feature","geometry":{"type":"Point","coordinates":[10.82798,44.37206]},"properties":{"age_h":91.7,"recency":2,"frp":5.2,"confidence":"nominal","observations":1,"passes":1,"sensor_count":1,"sensors":"NOAA-20","effis_confirmed":false,"burned_confirmed":false,"evidence_score":0,"evidence":"","filter_reason":"anomalie_non_corroboree"}},{"type":"Feature","geometry":{"type":"Point","coordinates":[11.24921,44.49324]},"properties":{"age_h":91.7,"recency":2,"frp":3.6,"confidence":"nominal","observations":2,"passes":1,"sensor_count":1,"sensors":"NOAA-20","effis_confirmed":false,"burned_confirmed":false,"evidence_score":0,"evidence":"","filter_reason":"anomalie_non_corroboree"}},{"type":"Feature","geometry":{"type":"Point","coordinates":[11.5248,44.52026]},"properties":{"age_h":91.7,"recency":2,"frp":4.3,"confidence":"nominal","observations":1,"passes":1,"sensor_count":1,"sensors":"NOAA-20","effis_confirmed":false,"burned_confirmed":false,"evidence_score":0,"evidence":"","filter_reason":"anomalie_non_corroboree"}},{"type":"Feature","geometry":{"type":"Point","coordinates":[11.41472,44.52779]},"properties":{"age_h":91.7,"recency":2,"frp":2.3,"confidence":"nominal","observations":2,"passes":1,"sensor_count":1,"sensors":"NOAA-20","effis_confirmed":false,"burned_confirmed":false,"evidence_score":0,"evidence":"","filter_reason":"anomalie_non_corroboree"}},{"type":"Feature","geometry":{"type":"Point","coordinates":[10.97817,44.53143]},"properties":{"age_h":91.7,"recency":2,"frp":3.5,"confidence":"nominal","observations":1,"passes":1,"sensor_count":1,"sensors":"NOAA-20","effis_confirmed":false,"burned_confirmed":false,"evidence_score":0,"evidence":"","filter_reason":"anomalie_non_corroboree"}},{"type":"Feature","geometry":{"type":"Point","coordinates":[10.85285,44.53299]},"properties":{"age_h":91.7,"recency":2,"frp":8.6,"confidence":"nominal","observations":1,"passes":1,"sensor_count":1,"sensors":"NOAA-20","effis_confirmed":false,"burned_confirmed":false,"evidence_score":0,"evidence":"","filter_reason":"anomalie_non_corroboree"}},{"type":"Feature","geometry":{"type":"Point","coordinates":[11.36586,44.55826]},"properties":{"age_h":91.7,"recency":2,"frp":3.7,"confidence":"nominal","observations":1,"passes":1,"sensor_count":1,"sensors":"NOAA-20","effis_confirmed":false,"burned_confirmed":false,"evidence_score":0,"evidence":"","filter_reason":"anomalie_non_corroboree"}},{"type":"Feature","geometry":{"type":"Point","coordinates":[10.97721,44.62676]},"properties":{"age_h":91.7,"recency":2,"frp":5.0,"confidence":"nominal","observations":1,"passes":1,"sensor_count":1,"sensors":"NOAA-20","effis_confirmed":false,"burned_confirmed":false,"evidence_score":0,"evidence":"","filter_reason":"anomalie_non_corroboree"}},{"type":"Feature","geometry":{"type":"Point","coordinates":[10.96472,44.65221]},"properties":{"age_h":91.7,"recency":2,"frp":6.0,"confidence":"nominal","observations":1,"passes":1,"sensor_count":1,"sensors":"NOAA-20","effis_confirmed":false,"burned_confirmed":false,"evidence_score":0,"evidence":"","filter_reason":"anomalie_non_corroboree"}},{"type":"Feature","geometry":{"type":"Point","coordinates":[11.30508,44.67203]},"properties":{"age_h":91.7,"recency":2,"frp":3.5,"confidence":"nominal","observations":1,"passes":1,"sensor_count":1,"sensors":"NOAA-20","effis_confirmed":false,"burned_confirmed":false,"evidence_score":0,"evidence":"","filter_reason":"anomalie_non_corroboree"}},{"type":"Feature","geometry":{"type":"Point","coordinates":[11.01907,44.67741]},"properties":{"age_h":91.7,"recency":2,"frp":3.2,"confidence":"nominal","observations":1,"passes":1,"sensor_count":1,"sensors":"NOAA-20","effis_confirmed":false,"burned_confirmed":false,"evidence_score":0,"evidence":"","filter_reason":"anomalie_non_corroboree"}},{"type":"Feature","geometry":{"type":"Point","coordinates":[10.67248,44.75484]},"properties":{"age_h":91.7,"recency":2,"frp":2.9,"confidence":"nominal","observations":1,"passes":1,"sensor_count":1,"sensors":"NOAA-20","effis_confirmed":false,"burned_confirmed":false,"evidence_score":0,"evidence":"","filter_reason":"anomalie_non_corroboree"}},{"type":"Feature","geometry":{"type":"Point","coordinates":[10.42874,44.91231]},"properties":{"age_h":91.7,"recency":2,"frp":10.5,"confidence":"nominal","observations":1,"passes":1,"sensor_count":1,"sensors":"NOAA-20","effis_confirmed":false,"burned_confirmed":false,"evidence_score":1,"evidence":"","filter_reason":"anomalie_non_corroboree"}},{"type":"Feature","geometry":{"type":"Point","coordinates":[22.06578,44.92836]},"properties":{"age_h":91.7,"recency":2,"frp":2.0,"confidence":"nominal","observations":1,"passes":1,"sensor_count":1,"sensors":"NOAA-20","effis_confirmed":false,"burned_confirmed":false,"evidence_score":0,"evidence":"","filter_reason":"anomalie_non_corroboree"}},{"type":"Feature","geometry":{"type":"Point","coordinates":[10.70844,44.94484]},"properties":{"age_h":91.7,"recency":2,"frp":8.3,"confidence":"nominal","observations":1,"passes":1,"sensor_count":1,"sensors":"NOAA-20","effis_confirmed":false,"burned_confirmed":false,"evidence_score":0,"evidence":"","filter_reason":"anomalie_non_corroboree"}},{"type":"Feature","geometry":{"type":"Point","coordinates":[10.8561,45.14114]},"properties":{"age_h":91.7,"recency":2,"frp":8.1,"confidence":"nominal","observations":1,"passes":1,"sensor_count":1,"sensors":"NOAA-20","effis_confirmed":false,"burned_confirmed":false,"evidence_score":0,"evidence":"","filter_reason":"anomalie_non_corroboree"}},{"type":"Feature","geometry":{"type":"Point","coordinates":[10.86205,45.2785]},"properties":{"age_h":91.7,"recency":2,"frp":8.5,"confidence":"nominal","observations":1,"passes":1,"sensor_count":1,"sensors":"NOAA-20","effis_confirmed":false,"burned_confirmed":false,"evidence_score":0,"evidence":"","filter_reason":"anomalie_non_corroboree"}},{"type":"Feature","geometry":{"type":"Point","coordinates":[10.86978,45.30358]},"properties":{"age_h":91.7,"recency":2,"frp":2.7,"confidence":"nominal","observations":1,"passes":1,"sensor_count":1,"sensors":"NOAA-20","effis_confirmed":false,"burned_confirmed":false,"evidence_score":0,"evidence":"","filter_reason":"anomalie_non_corroboree"}},{"type":"Feature","geometry":{"type":"Point","coordinates":[11.29326,45.35218]},"properties":{"age_h":91.7,"recency":2,"frp":1.8,"confidence":"nominal","observations":1,"passes":1,"sensor_count":1,"sensors":"NOAA-20","effis_confirmed":false,"burned_confirmed":false,"evidence_score":0,"evidence":"","filter_reason":"anomalie_non_corroboree"}},{"type":"Feature","geometry":{"type":"Point","coordinates":[11.93527,45.39518]},"properties":{"age_h":91.7,"recency":2,"frp":5.6,"confidence":"nominal","observations":1,"passes":1,"sensor_count":1,"sensors":"NOAA-20","effis_confirmed":false,"burned_confirmed":false,"evidence_score":0,"evidence":"","filter_reason":"anomalie_non_corroboree"}},{"type":"Feature","geometry":{"type":"Point","coordinates":[10.92675,45.41107]},"properties":{"age_h":91.7,"recency":2,"frp":2.8,"confidence":"nominal","observations":1,"passes":1,"sensor_count":1,"sensors":"NOAA-20","effis_confirmed":false,"burned_confirmed":false,"evidence_score":0,"evidence":"","filter_reason":"anomalie_non_corroboree"}},{"type":"Feature","geometry":{"type":"Point","coordinates":[10.9765,45.41501]},"properties":{"age_h":91.7,"recency":2,"frp":4.2,"confidence":"nominal","observations":1,"passes":1,"sensor_count":1,"sensors":"NOAA-20","effis_confirmed":false,"burned_confirmed":false,"evidence_score":0,"evidence":"","filter_reason":"anomalie_non_corroboree"}},{"type":"Feature","geometry":{"type":"Point","coordinates":[11.09761,45.41913]},"properties":{"age_h":91.7,"recency":2,"frp":4.9,"confidence":"nominal","observations":1,"passes":1,"sensor_count":1,"sensors":"NOAA-20","effis_confirmed":false,"burned_confirmed":false,"evidence_score":0,"evidence":"","filter_reason":"anomalie_non_corroboree"}},{"type":"Feature","geometry":{"type":"Point","coordinates":[10.8714,45.45042]},"properties":{"age_h":91.7,"recency":2,"frp":3.5,"confidence":"nominal","observations":1,"passes":1,"sensor_count":1,"sensors":"NOAA-20","effis_confirmed":false,"burned_confirmed":false,"evidence_score":0,"evidence":"","filter_reason":"anomalie_non_corroboree"}},{"type":"Feature","geometry":{"type":"Point","coordinates":[9.55675,45.49076]},"properties":{"age_h":91.7,"recency":2,"frp":2.0,"confidence":"nominal","observations":1,"passes":1,"sensor_count":1,"sensors":"NOAA-20","effis_confirmed":false,"burned_confirmed":false,"evidence_score":0,"evidence":"","filter_reason":"anomalie_non_corroboree"}},{"type":"Feature","geometry":{"type":"Point","coordinates":[9.35326,45.57126]},"properties":{"age_h":91.7,"recency":2,"frp":2.5,"confidence":"nominal","observations":1,"passes":1,"sensor_count":1,"sensors":"NOAA-20","effis_confirmed":false,"burned_confirmed":false,"evidence_score":0,"evidence":"","filter_reason":"anomalie_non_corroboree"}},{"type":"Feature","geometry":{"type":"Point","coordinates":[9.64075,45.64812]},"properties":{"age_h":91.7,"recency":2,"frp":4.2,"confidence":"nominal","observations":1,"passes":1,"sensor_count":1,"sensors":"NOAA-20","effis_confirmed":false,"burned_confirmed":false,"evidence_score":0,"evidence":"","filter_reason":"anomalie_non_corroboree"}},{"type":"Feature","geometry":{"type":"Point","coordinates":[0.58246,44.38836]},"properties":{"age_h":91.7,"recency":2,"frp":2.4,"confidence":"nominal","observations":1,"passes":1,"sensor_count":1,"sensors":"NOAA-20","effis_confirmed":false,"burned_confirmed":false,"evidence_score":0,"evidence":"","filter_reason":"anomalie_non_corroboree"}},{"type":"Feature","geometry":{"type":"Point","coordinates":[9.52348,47.71518]},"properties":{"age_h":91.7,"recency":2,"frp":1.1,"confidence":"nominal","observations":1,"passes":1,"sensor_count":1,"sensors":"NOAA-20","effis_confirmed":false,"burned_confirmed":false,"evidence_score":0,"evidence":"","filter_reason":"anomalie_non_corroboree"}},{"type":"Feature","geometry":{"type":"Point","coordinates":[9.07287,47.82377]},"properties":{"age_h":91.7,"recency":2,"frp":3.6,"confidence":"nominal","observations":2,"passes":1,"sensor_count":1,"sensors":"NOAA-20","effis_confirmed":false,"burned_confirmed":false,"evidence_score":0,"evidence":"","filter_reason":"anomalie_non_corroboree"}},{"type":"Feature","geometry":{"type":"Point","coordinates":[9.34122,47.87901]},"properties":{"age_h":91.7,"recency":2,"frp":1.7,"confidence":"nominal","observations":1,"passes":1,"sensor_count":1,"sensors":"NOAA-20","effis_confirmed":false,"burned_confirmed":false,"evidence_score":0,"evidence":"","filter_reason":"anomalie_non_corroboree"}},{"type":"Feature","geometry":{"type":"Point","coordinates":[7.56361,48.04955]},"properties":{"age_h":91.7,"recency":2,"frp":3.7,"confidence":"nominal","observations":1,"passes":1,"sensor_count":1,"sensors":"NOAA-20","effis_confirmed":false,"burned_confirmed":false,"evidence_score":0,"evidence":"","filter_reason":"anomalie_non_corroboree"}},{"type":"Feature","geometry":{"type":"Point","coordinates":[8.06481,48.16362]},"properties":{"age_h":91.7,"recency":2,"frp":3.5,"confidence":"nominal","observations":1,"passes":1,"sensor_count":1,"sensors":"NOAA-20","effis_confirmed":false,"burned_confirmed":false,"evidence_score":0,"evidence":"","filter_reason":"anomalie_non_corroboree"}},{"type":"Feature","geometry":{"type":"Point","coordinates":[7.76607,48.2276]},"properties":{"age_h":91.7,"recency":2,"frp":2.8,"confidence":"nominal","observations":1,"passes":1,"sensor_count":1,"sensors":"NOAA-20","effis_confirmed":false,"burned_confirmed":false,"evidence_score":0,"evidence":"","filter_reason":"anomalie_non_corroboree"}},{"type":"Feature","geometry":{"type":"Point","coordinates":[11.68291,48.33215]},"properties":{"age_h":91.7,"recency":2,"frp":4.3,"confidence":"nominal","observations":2,"passes":1,"sensor_count":1,"sensors":"NOAA-20","effis_confirmed":false,"burned_confirmed":false,"evidence_score":0,"evidence":"","filter_reason":"anomalie_non_corroboree"}},{"type":"Feature","geometry":{"type":"Point","coordinates":[11.94332,48.47107]},"properties":{"age_h":91.7,"recency":2,"frp":3.0,"confidence":"nominal","observations":1,"passes":1,"sensor_count":1,"sensors":"NOAA-20","effis_confirmed":false,"burned_confirmed":false,"evidence_score":0,"evidence":"","filter_reason":"anomalie_non_corroboree"}},{"type":"Feature","geometry":{"type":"Point","coordinates":[9.06857,48.89227]},"properties":{"age_h":91.7,"recency":2,"frp":5.2,"confidence":"nominal","observations":1,"passes":1,"sensor_count":1,"sensors":"NOAA-20","effis_confirmed":false,"burned_confirmed":false,"evidence_score":0,"evidence":"","filter_reason":"anomalie_non_corroboree"}},{"type":"Feature","geometry":{"type":"Point","coordinates":[10.51151,49.04802]},"properties":{"age_h":91.7,"recency":2,"frp":1.6,"confidence":"nominal","observations":1,"passes":1,"sensor_count":1,"sensors":"NOAA-20","effis_confirmed":false,"burned_confirmed":false,"evidence_score":0,"evidence":"","filter_reason":"anomalie_non_corroboree"}},{"type":"Feature","geometry":{"type":"Point","coordinates":[7.88913,49.55585]},"properties":{"age_h":91.7,"recency":2,"frp":3.8,"confidence":"nominal","observations":1,"passes":1,"sensor_count":1,"sensors":"NOAA-20","effis_confirmed":false,"burned_confirmed":false,"evidence_score":0,"evidence":"","filter_reason":"anomalie_non_corroboree"}},{"type":"Feature","geometry":{"type":"Point","coordinates":[6.32147,49.88363]},"properties":{"age_h":91.7,"recency":2,"frp":5.7,"confidence":"nominal","observations":1,"passes":1,"sensor_count":1,"sensors":"NOAA-20","effis_confirmed":false,"burned_confirmed":false,"evidence_score":0,"evidence":"","filter_reason":"anomalie_non_corroboree"}},{"type":"Feature","geometry":{"type":"Point","coordinates":[6.69395,49.90679]},"properties":{"age_h":91.7,"recency":2,"frp":3.0,"confidence":"nominal","observations":2,"passes":1,"sensor_count":1,"sensors":"NOAA-20","effis_confirmed":false,"burned_confirmed":false,"evidence_score":0,"evidence":"","filter_reason":"anomalie_non_corroboree"}},{"type":"Feature","geometry":{"type":"Point","coordinates":[8.44817,50.13793]},"properties":{"age_h":91.7,"recency":2,"frp":3.0,"confidence":"nominal","observations":1,"passes":1,"sensor_count":1,"sensors":"NOAA-20","effis_confirmed":false,"burned_confirmed":false,"evidence_score":0,"evidence":"","filter_reason":"anomalie_non_corroboree"}},{"type":"Feature","geometry":{"type":"Point","coordinates":[6.93087,50.15353]},"properties":{"age_h":91.7,"recency":2,"frp":3.4,"confidence":"nominal","observations":1,"passes":1,"sensor_count":1,"sensors":"NOAA-20","effis_confirmed":false,"burned_confirmed":false,"evidence_score":0,"evidence":"","filter_reason":"anomalie_non_corroboree"}},{"type":"Feature","geometry":{"type":"Point","coordinates":[7.07322,50.16673]},"properties":{"age_h":91.7,"recency":2,"frp":1.4,"confidence":"nominal","observations":1,"passes":1,"sensor_count":1,"sensors":"NOAA-20","effis_confirmed":false,"burned_confirmed":false,"evidence_score":0,"evidence":"","filter_reason":"anomalie_non_corroboree"}},{"type":"Feature","geometry":{"type":"Point","coordinates":[9.3831,50.28378]},"properties":{"age_h":91.7,"recency":2,"frp":4.3,"confidence":"nominal","observations":1,"passes":1,"sensor_count":1,"sensors":"NOAA-20","effis_confirmed":false,"burned_confirmed":false,"evidence_score":0,"evidence":"","filter_reason":"anomalie_non_corroboree"}},{"type":"Feature","geometry":{"type":"Point","coordinates":[7.23127,50.42706]},"properties":{"age_h":91.7,"recency":2,"frp":2.5,"confidence":"nominal","observations":1,"passes":1,"sensor_count":1,"sensors":"NOAA-20","effis_confirmed":false,"burned_confirmed":false,"evidence_score":0,"evidence":"","filter_reason":"anomalie_non_corroboree"}},{"type":"Feature","geometry":{"type":"Point","coordinates":[7.92367,50.58907]},"properties":{"age_h":91.7,"recency":2,"frp":3.1,"confidence":"nominal","observations":1,"passes":1,"sensor_count":1,"sensors":"NOAA-20","effis_confirmed":false,"burned_confirmed":false,"evidence_score":0,"evidence":"","filter_reason":"anomalie_non_corroboree"}},{"type":"Feature","geometry":{"type":"Point","coordinates":[6.9681,50.86657]},"properties":{"age_h":91.7,"recency":2,"frp":4.8,"confidence":"nominal","observations":2,"passes":1,"sensor_count":1,"sensors":"NOAA-20","effis_confirmed":false,"burned_confirmed":false,"evidence_score":0,"evidence":"","filter_reason":"anomalie_non_corroboree"}},{"type":"Feature","geometry":{"type":"Point","coordinates":[6.4982,51.05489]},"properties":{"age_h":91.7,"recency":2,"frp":5.2,"confidence":"nominal","observations":1,"passes":1,"sensor_count":1,"sensors":"NOAA-20","effis_confirmed":false,"burned_confirmed":false,"evidence_score":0,"evidence":"","filter_reason":"anomalie_non_corroboree"}},{"type":"Feature","geometry":{"type":"Point","coordinates":[16.28444,51.09149]},"properties":{"age_h":91.7,"recency":2,"frp":5.7,"confidence":"nominal","observations":1,"passes":1,"sensor_count":1,"sensors":"NOAA-20","effis_confirmed":false,"burned_confirmed":false,"evidence_score":0,"evidence":"","filter_reason":"anomalie_non_corroboree"}},{"type":"Feature","geometry":{"type":"Point","coordinates":[4.15669,51.14041]},"properties":{"age_h":91.7,"recency":2,"frp":2.9,"confidence":"nominal","observations":1,"passes":1,"sensor_count":1,"sensors":"NOAA-20","effis_confirmed":false,"burned_confirmed":false,"evidence_score":0,"evidence":"","filter_reason":"anomalie_non_corroboree"}},{"type":"Feature","geometry":{"type":"Point","coordinates":[8.23466,51.35785]},"properties":{"age_h":91.7,"recency":2,"frp":7.0,"confidence":"nominal","observations":3,"passes":1,"sensor_count":1,"sensors":"NOAA-20","effis_confirmed":false,"burned_confirmed":false,"evidence_score":2,"evidence":"groupe spatial","filter_reason":"anomalie_non_corroboree"}},{"type":"Feature","geometry":{"type":"Point","coordinates":[8.08141,51.40662]},"properties":{"age_h":91.7,"recency":2,"frp":2.5,"confidence":"nominal","observations":1,"passes":1,"sensor_count":1,"sensors":"NOAA-20","effis_confirmed":false,"burned_confirmed":false,"evidence_score":0,"evidence":"","filter_reason":"anomalie_non_corroboree"}},{"type":"Feature","geometry":{"type":"Point","coordinates":[4.17079,51.529]},"properties":{"age_h":91.7,"recency":2,"frp":1.9,"confidence":"nominal","observations":1,"passes":1,"sensor_count":1,"sensors":"NOAA-20","effis_confirmed":false,"burned_confirmed":false,"evidence_score":0,"evidence":"","filter_reason":"anomalie_non_corroboree"}},{"type":"Feature","geometry":{"type":"Point","coordinates":[5.89714,51.91488]},"properties":{"age_h":91.7,"recency":2,"frp":6.5,"confidence":"nominal","observations":2,"passes":1,"sensor_count":1,"sensors":"NOAA-20","effis_confirmed":false,"burned_confirmed":false,"evidence_score":0,"evidence":"","filter_reason":"anomalie_non_corroboree"}},{"type":"Feature","geometry":{"type":"Point","coordinates":[15.14522,52.67165]},"properties":{"age_h":91.7,"recency":2,"frp":3.4,"confidence":"nominal","observations":1,"passes":1,"sensor_count":1,"sensors":"NOAA-20","effis_confirmed":false,"burned_confirmed":false,"evidence_score":0,"evidence":"","filter_reason":"anomalie_non_corroboree"}},{"type":"Feature","geometry":{"type":"Point","coordinates":[5.24305,52.68361]},"properties":{"age_h":91.7,"recency":2,"frp":1.4,"confidence":"nominal","observations":1,"passes":1,"sensor_count":1,"sensors":"NOAA-20","effis_confirmed":false,"burned_confirmed":false,"evidence_score":0,"evidence":"","filter_reason":"anomalie_non_corroboree"}},{"type":"Feature","geometry":{"type":"Point","coordinates":[5.78636,52.72058]},"properties":{"age_h":91.7,"recency":2,"frp":2.1,"confidence":"nominal","observations":2,"passes":1,"sensor_count":1,"sensors":"NOAA-20","effis_confirmed":false,"burned_confirmed":false,"evidence_score":0,"evidence":"","filter_reason":"anomalie_non_corroboree"}},{"type":"Feature","geometry":{"type":"Point","coordinates":[5.51474,53.17352]},"properties":{"age_h":91.6,"recency":2,"frp":4.7,"confidence":"nominal","observations":3,"passes":1,"sensor_count":1,"sensors":"NOAA-20","effis_confirmed":false,"burned_confirmed":false,"evidence_score":2,"evidence":"groupe spatial","filter_reason":"anomalie_non_corroboree"}},{"type":"Feature","geometry":{"type":"Point","coordinates":[14.38367,37.00146]},"properties":{"age_h":91.0,"recency":2,"frp":7.7,"confidence":"nominal","observations":2,"passes":1,"sensor_count":1,"sensors":"NOAA-21","effis_confirmed":false,"burned_confirmed":false,"evidence_score":0,"evidence":"","filter_reason":"anomalie_non_corroboree"}},{"type":"Feature","geometry":{"type":"Point","coordinates":[12.48865,37.87211]},"properties":{"age_h":91.0,"recency":2,"frp":3.9,"confidence":"nominal","observations":1,"passes":1,"sensor_count":1,"sensors":"NOAA-21","effis_confirmed":false,"burned_confirmed":false,"evidence_score":0,"evidence":"","filter_reason":"anomalie_non_corroboree"}},{"type":"Feature","geometry":{"type":"Point","coordinates":[-6.78347,38.60867]},"properties":{"age_h":91.0,"recency":2,"frp":5.6,"confidence":"nominal","observations":1,"passes":1,"sensor_count":1,"sensors":"NOAA-21","effis_confirmed":false,"burned_confirmed":false,"evidence_score":0,"evidence":"","filter_reason":"anomalie_non_corroboree"}},{"type":"Feature","geometry":{"type":"Point","coordinates":[-4.06922,40.49313]},"properties":{"age_h":91.0,"recency":2,"frp":11.9,"confidence":"nominal","observations":2,"passes":1,"sensor_count":1,"sensors":"NOAA-21","effis_confirmed":false,"burned_confirmed":false,"evidence_score":1,"evidence":"","filter_reason":"anomalie_non_corroboree"}},{"type":"Feature","geometry":{"type":"Point","coordinates":[12.37831,42.05106]},"properties":{"age_h":91.0,"recency":2,"frp":6.5,"confidence":"nominal","observations":2,"passes":1,"sensor_count":1,"sensors":"NOAA-21","effis_confirmed":false,"burned_confirmed":false,"evidence_score":0,"evidence":"","filter_reason":"anomalie_non_corroboree"}},{"type":"Feature","geometry":{"type":"Point","coordinates":[1.29356,43.59094]},"properties":{"age_h":91.0,"recency":2,"frp":9.8,"confidence":"nominal","observations":1,"passes":1,"sensor_count":1,"sensors":"NOAA-21","effis_confirmed":false,"burned_confirmed":false,"evidence_score":0,"evidence":"","filter_reason":"anomalie_non_corroboree"}},{"type":"Feature","geometry":{"type":"Point","coordinates":[-0.2219,44.58133]},"properties":{"age_h":91.0,"recency":2,"frp":5.7,"confidence":"nominal","observations":1,"passes":1,"sensor_count":1,"sensors":"NOAA-21","effis_confirmed":false,"burned_confirmed":false,"evidence_score":0,"evidence":"","filter_reason":"anomalie_non_corroboree"}},{"type":"Feature","geometry":{"type":"Point","coordinates":[5.25484,45.31096]},"properties":{"age_h":91.0,"recency":2,"frp":6.2,"confidence":"nominal","observations":1,"passes":1,"sensor_count":1,"sensors":"NOAA-21","effis_confirmed":false,"burned_confirmed":false,"evidence_score":0,"evidence":"","filter_reason":"anomalie_non_corroboree"}},{"type":"Feature","geometry":{"type":"Point","coordinates":[1.5572,45.31255]},"properties":{"age_h":91.0,"recency":2,"frp":7.3,"confidence":"nominal","observations":1,"passes":1,"sensor_count":1,"sensors":"NOAA-21","effis_confirmed":false,"burned_confirmed":false,"evidence_score":0,"evidence":"","filter_reason":"anomalie_non_corroboree"}},{"type":"Feature","geometry":{"type":"Point","coordinates":[-1.42514,46.48203]},"properties":{"age_h":90.9,"recency":2,"frp":18.4,"confidence":"nominal","observations":2,"passes":1,"sensor_count":1,"sensors":"NOAA-21","effis_confirmed":false,"burned_confirmed":false,"evidence_score":1,"evidence":"","filter_reason":"anomalie_non_corroboree"}},{"type":"Feature","geometry":{"type":"Point","coordinates":[5.15545,47.05412]},"properties":{"age_h":90.9,"recency":2,"frp":3.4,"confidence":"nominal","observations":1,"passes":1,"sensor_count":1,"sensors":"NOAA-21","effis_confirmed":false,"burned_confirmed":false,"evidence_score":0,"evidence":"","filter_reason":"anomalie_non_corroboree"}},{"type":"Feature","geometry":{"type":"Point","coordinates":[7.25496,47.70345]},"properties":{"age_h":90.9,"recency":2,"frp":11.1,"confidence":"nominal","observations":2,"passes":1,"sensor_count":1,"sensors":"NOAA-21","effis_confirmed":false,"burned_confirmed":false,"evidence_score":1,"evidence":"","filter_reason":"anomalie_non_corroboree"}},{"type":"Feature","geometry":{"type":"Point","coordinates":[-2.71336,47.7062]},"properties":{"age_h":90.9,"recency":2,"frp":13.4,"confidence":"nominal","observations":1,"passes":1,"sensor_count":1,"sensors":"NOAA-21","effis_confirmed":false,"burned_confirmed":false,"evidence_score":1,"evidence":"","filter_reason":"anomalie_non_corroboree"}},{"type":"Feature","geometry":{"type":"Point","coordinates":[3.00122,48.54239]},"properties":{"age_h":90.9,"recency":2,"frp":8.6,"confidence":"nominal","observations":1,"passes":1,"sensor_count":1,"sensors":"NOAA-21","effis_confirmed":false,"burned_confirmed":false,"evidence_score":0,"evidence":"","filter_reason":"anomalie_non_corroboree"}},{"type":"Feature","geometry":{"type":"Point","coordinates":[-4.94684,50.36442]},"properties":{"age_h":90.9,"recency":2,"frp":8.5,"confidence":"nominal","observations":1,"passes":1,"sensor_count":1,"sensors":"NOAA-21","effis_confirmed":false,"burned_confirmed":false,"evidence_score":0,"evidence":"","filter_reason":"anomalie_non_corroboree"}},{"type":"Feature","geometry":{"type":"Point","coordinates":[-4.95169,51.64228]},"properties":{"age_h":90.9,"recency":2,"frp":4.4,"confidence":"nominal","observations":2,"passes":1,"sensor_count":1,"sensors":"NOAA-21","effis_confirmed":false,"burned_confirmed":false,"evidence_score":0,"evidence":"","filter_reason":"anomalie_non_corroboree"}},{"type":"Feature","geometry":{"type":"Point","coordinates":[-6.74786,52.29924]},"properties":{"age_h":90.9,"recency":2,"frp":9.8,"confidence":"nominal","observations":6,"passes":1,"sensor_count":1,"sensors":"NOAA-21","effis_confirmed":false,"burned_confirmed":false,"evidence_score":2,"evidence":"groupe spatial","filter_reason":"anomalie_non_corroboree"}},{"type":"Feature","geometry":{"type":"Point","coordinates":[-6.40381,52.60612]},"properties":{"age_h":90.9,"recency":2,"frp":6.9,"confidence":"nominal","observations":2,"passes":1,"sensor_count":1,"sensors":"NOAA-21","effis_confirmed":false,"burned_confirmed":false,"evidence_score":0,"evidence":"","filter_reason":"anomalie_non_corroboree"}},{"type":"Feature","geometry":{"type":"Point","coordinates":[-6.93146,53.18819]},"properties":{"age_h":90.9,"recency":2,"frp":4.0,"confidence":"nominal","observations":3,"passes":1,"sensor_count":1,"sensors":"NOAA-21","effis_confirmed":false,"burned_confirmed":false,"evidence_score":2,"evidence":"groupe spatial","filter_reason":"anomalie_non_corroboree"}},{"type":"Feature","geometry":{"type":"Point","coordinates":[-6.4273,53.57545]},"properties":{"age_h":90.9,"recency":2,"frp":6.5,"confidence":"nominal","observations":2,"passes":1,"sensor_count":1,"sensors":"NOAA-21","effis_confirmed":false,"burned_confirmed":false,"evidence_score":0,"evidence":"","filter_reason":"anomalie_non_corroboree"}},{"type":"Feature","geometry":{"type":"Point","coordinates":[6.70336,36.21969]},"properties":{"age_h":90.4,"recency":2,"frp":4.8,"confidence":"nominal","observations":1,"passes":1,"sensor_count":1,"sensors":"Suomi-NPP","effis_confirmed":false,"burned_confirmed":false,"evidence_score":0,"evidence":"","filter_reason":"anomalie_non_corroboree"}},{"type":"Feature","geometry":{"type":"Point","coordinates":[-6.85895,40.40599]},"properties":{"age_h":90.4,"recency":2,"frp":6.3,"confidence":"nominal","observations":1,"passes":1,"sensor_count":1,"sensors":"Suomi-NPP","effis_confirmed":false,"burned_confirmed":false,"evidence_score":0,"evidence":"","filter_reason":"anomalie_non_corroboree"}},{"type":"Feature","geometry":{"type":"Point","coordinates":[-7.82923,43.65178]},"properties":{"age_h":90.4,"recency":2,"frp":3.7,"confidence":"nominal","observations":1,"passes":1,"sensor_count":1,"sensors":"Suomi-NPP","effis_confirmed":false,"burned_confirmed":false,"evidence_score":0,"evidence":"","filter_reason":"anomalie_non_corroboree"}},{"type":"Feature","geometry":{"type":"Point","coordinates":[9.54163,45.53571]},"properties":{"age_h":90.4,"recency":2,"frp":2.4,"confidence":"nominal","observations":1,"passes":1,"sensor_count":1,"sensors":"Suomi-NPP","effis_confirmed":false,"burned_confirmed":false,"evidence_score":0,"evidence":"","filter_reason":"anomalie_non_corroboree"}},{"type":"Feature","geometry":{"type":"Point","coordinates":[9.42144,45.5517]},"properties":{"age_h":90.4,"recency":2,"frp":3.4,"confidence":"nominal","observations":1,"passes":1,"sensor_count":1,"sensors":"Suomi-NPP","effis_confirmed":false,"burned_confirmed":false,"evidence_score":0,"evidence":"","filter_reason":"anomalie_non_corroboree"}},{"type":"Feature","geometry":{"type":"Point","coordinates":[9.46878,45.58476]},"properties":{"age_h":90.4,"recency":2,"frp":5.5,"confidence":"nominal","observations":1,"passes":1,"sensor_count":1,"sensors":"Suomi-NPP","effis_confirmed":false,"burned_confirmed":false,"evidence_score":0,"evidence":"","filter_reason":"anomalie_non_corroboree"}},{"type":"Feature","geometry":{"type":"Point","coordinates":[3.18457,45.72389]},"properties":{"age_h":90.4,"recency":2,"frp":3.8,"confidence":"nominal","observations":1,"passes":1,"sensor_count":1,"sensors":"Suomi-NPP","effis_confirmed":false,"burned_confirmed":false,"evidence_score":0,"evidence":"","filter_reason":"anomalie_non_corroboree"}},{"type":"Feature","geometry":{"type":"Point","coordinates":[-0.82737,46.11468]},"properties":{"age_h":90.4,"recency":2,"frp":3.3,"confidence":"nominal","observations":1,"passes":1,"sensor_count":1,"sensors":"Suomi-NPP","effis_confirmed":false,"burned_confirmed":false,"evidence_score":0,"evidence":"","filter_reason":"anomalie_non_corroboree"}},{"type":"Feature","geometry":{"type":"Point","coordinates":[-5.8659,54.22779]},"properties":{"age_h":90.3,"recency":2,"frp":3.2,"confidence":"nominal","observations":1,"passes":1,"sensor_count":1,"sensors":"Suomi-NPP","effis_confirmed":false,"burned_confirmed":false,"evidence_score":0,"evidence":"","filter_reason":"anomalie_non_corroboree"}},{"type":"Feature","geometry":{"type":"Point","coordinates":[0.07265,34.85845]},"properties":{"age_h":90.1,"recency":2,"frp":8.3,"confidence":"nominal","observations":1,"passes":1,"sensor_count":1,"sensors":"NOAA-20","effis_confirmed":false,"burned_confirmed":false,"evidence_score":0,"evidence":"","filter_reason":"anomalie_non_corroboree"}},{"type":"Feature","geometry":{"type":"Point","coordinates":[-0.24309,35.22784]},"properties":{"age_h":90.1,"recency":2,"frp":8.5,"confidence":"nominal","observations":1,"passes":1,"sensor_count":1,"sensors":"NOAA-20","effis_confirmed":false,"burned_confirmed":false,"evidence_score":0,"evidence":"","filter_reason":"anomalie_non_corroboree"}},{"type":"Feature","geometry":{"type":"Point","coordinates":[-5.89428,37.17936]},"properties":{"age_h":90.0,"recency":2,"frp":5.1,"confidence":"nominal","observations":1,"passes":1,"sensor_count":1,"sensors":"NOAA-20","effis_confirmed":false,"burned_confirmed":false,"evidence_score":0,"evidence":"","filter_reason":"anomalie_non_corroboree"}},{"type":"Feature","geometry":{"type":"Point","coordinates":[-6.23211,38.55845]},"properties":{"age_h":90.0,"recency":2,"frp":3.7,"confidence":"nominal","observations":1,"passes":1,"sensor_count":1,"sensors":"NOAA-20","effis_confirmed":false,"burned_confirmed":false,"evidence_score":0,"evidence":"","filter_reason":"anomalie_non_corroboree"}},{"type":"Feature","geometry":{"type":"Point","coordinates":[-8.6178,39.82959]},"properties":{"age_h":90.0,"recency":2,"frp":3.2,"confidence":"nominal","observations":1,"passes":1,"sensor_count":1,"sensors":"NOAA-20","effis_confirmed":false,"burned_confirmed":false,"evidence_score":0,"evidence":"","filter_reason":"anomalie_non_corroboree"}},{"type":"Feature","geometry":{"type":"Point","coordinates":[-1.69496,42.13252]},"properties":{"age_h":90.0,"recency":2,"frp":39.1,"confidence":"nominal","observations":1,"passes":1,"sensor_count":1,"sensors":"NOAA-20","effis_confirmed":false,"burned_confirmed":false,"evidence_score":1,"evidence":"","filter_reason":"anomalie_non_corroboree"}},{"type":"Feature","geometry":{"type":"Point","coordinates":[0.31394,46.43348]},"properties":{"age_h":90.0,"recency":2,"frp":3.5,"confidence":"nominal","observations":2,"passes":1,"sensor_count":1,"sensors":"NOAA-20","effis_confirmed":false,"burned_confirmed":false,"evidence_score":0,"evidence":"","filter_reason":"anomalie_non_corroboree"}},{"type":"Feature","geometry":{"type":"Point","coordinates":[0.05438,43.15429]},"properties":{"age_h":90.0,"recency":2,"frp":6.1,"confidence":"nominal","observations":1,"passes":1,"sensor_count":1,"sensors":"NOAA-20","effis_confirmed":false,"burned_confirmed":false,"evidence_score":0,"evidence":"","filter_reason":"anomalie_non_corroboree"}},{"type":"Feature","geometry":{"type":"Point","coordinates":[-0.31334,44.70952]},"properties":{"age_h":90.0,"recency":2,"frp":4.0,"confidence":"nominal","observations":1,"passes":1,"sensor_count":1,"sensors":"NOAA-20","effis_confirmed":false,"burned_confirmed":false,"evidence_score":0,"evidence":"","filter_reason":"anomalie_non_corroboree"}},{"type":"Feature","geometry":{"type":"Point","coordinates":[41.07483,66.94393]},"properties":{"age_h":81.6,"recency":2,"frp":0.2,"confidence":"nominal","observations":1,"passes":1,"sensor_count":1,"sensors":"Suomi-NPP","effis_confirmed":false,"burned_confirmed":false,"evidence_score":0,"evidence":"","filter_reason":"anomalie_non_corroboree"}},{"type":"Feature","geometry":{"type":"Point","coordinates":[40.86299,46.30554]},"properties":{"age_h":81.5,"recency":2,"frp":3.2,"confidence":"nominal","observations":3,"passes":1,"sensor_count":1,"sensors":"Suomi-NPP","effis_confirmed":false,"burned_confirmed":false,"evidence_score":2,"evidence":"groupe spatial","filter_reason":"anomalie_non_corroboree"}},{"type":"Feature","geometry":{"type":"Point","coordinates":[37.92408,48.10036]},"properties":{"age_h":81.2,"recency":2,"frp":0.4,"confidence":"nominal","observations":1,"passes":1,"sensor_count":1,"sensors":"NOAA-20","effis_confirmed":false,"burned_confirmed":false,"evidence_score":0,"evidence":"","filter_reason":"anomalie_non_corroboree"}},{"type":"Feature","geometry":{"type":"Point","coordinates":[37.55318,48.63152]},"properties":{"age_h":81.2,"recency":2,"frp":1.5,"confidence":"nominal","observations":1,"passes":1,"sensor_count":1,"sensors":"NOAA-20","effis_confirmed":false,"burned_confirmed":false,"evidence_score":0,"evidence":"","filter_reason":"anomalie_non_corroboree"}},{"type":"Feature","geometry":{"type":"Point","coordinates":[39.3616,50.98415]},"properties":{"age_h":81.2,"recency":2,"frp":1.3,"confidence":"nominal","observations":1,"passes":1,"sensor_count":1,"sensors":"NOAA-20","effis_confirmed":false,"burned_confirmed":false,"evidence_score":0,"evidence":"","filter_reason":"anomalie_non_corroboree"}},{"type":"Feature","geometry":{"type":"Point","coordinates":[35.8932,34.8599]},"properties":{"age_h":81.1,"recency":2,"frp":4.6,"confidence":"nominal","observations":1,"passes":1,"sensor_count":1,"sensors":"NOAA-20","effis_confirmed":false,"burned_confirmed":false,"evidence_score":0,"evidence":"","filter_reason":"anomalie_non_corroboree"}},{"type":"Feature","geometry":{"type":"Point","coordinates":[40.17884,36.71047]},"properties":{"age_h":81.1,"recency":2,"frp":1.9,"confidence":"nominal","observations":1,"passes":1,"sensor_count":1,"sensors":"NOAA-20","effis_confirmed":false,"burned_confirmed":false,"evidence_score":0,"evidence":"","filter_reason":"anomalie_non_corroboree"}},{"type":"Feature","geometry":{"type":"Point","coordinates":[39.09708,37.62726]},"properties":{"age_h":81.1,"recency":2,"frp":1.5,"confidence":"nominal","observations":1,"passes":1,"sensor_count":1,"sensors":"NOAA-20","effis_confirmed":false,"burned_confirmed":false,"evidence_score":0,"evidence":"","filter_reason":"anomalie_non_corroboree"}},{"type":"Feature","geometry":{"type":"Point","coordinates":[37.695,44.79283]},"properties":{"age_h":80.4,"recency":2,"frp":0.5,"confidence":"nominal","observations":1,"passes":1,"sensor_count":1,"sensors":"NOAA-21","effis_confirmed":false,"burned_confirmed":false,"evidence_score":0,"evidence":"","filter_reason":"anomalie_non_corroboree"}},{"type":"Feature","geometry":{"type":"Point","coordinates":[35.44199,46.43426]},"properties":{"age_h":80.4,"recency":2,"frp":1.4,"confidence":"nominal","observations":1,"passes":1,"sensor_count":1,"sensors":"NOAA-21","effis_confirmed":false,"burned_confirmed":false,"evidence_score":0,"evidence":"","filter_reason":"anomalie_non_corroboree"}},{"type":"Feature","geometry":{"type":"Point","coordinates":[41.52637,46.48459]},"properties":{"age_h":80.4,"recency":2,"frp":0.4,"confidence":"nominal","observations":1,"passes":1,"sensor_count":1,"sensors":"NOAA-21","effis_confirmed":false,"burned_confirmed":false,"evidence_score":0,"evidence":"","filter_reason":"anomalie_non_corroboree"}},{"type":"Feature","geometry":{"type":"Point","coordinates":[34.38317,47.48701]},"properties":{"age_h":80.4,"recency":2,"frp":1.1,"confidence":"nominal","observations":1,"passes":1,"sensor_count":1,"sensors":"NOAA-21","effis_confirmed":false,"burned_confirmed":false,"evidence_score":0,"evidence":"","filter_reason":"anomalie_non_corroboree"}},{"type":"Feature","geometry":{"type":"Point","coordinates":[30.38332,47.97731]},"properties":{"age_h":80.4,"recency":2,"frp":0.5,"confidence":"nominal","observations":1,"passes":1,"sensor_count":1,"sensors":"NOAA-21","effis_confirmed":false,"burned_confirmed":false,"evidence_score":0,"evidence":"","filter_reason":"anomalie_non_corroboree"}},{"type":"Feature","geometry":{"type":"Point","coordinates":[37.96645,47.99337]},"properties":{"age_h":80.4,"recency":2,"frp":0.6,"confidence":"nominal","observations":1,"passes":1,"sensor_count":1,"sensors":"NOAA-21","effis_confirmed":false,"burned_confirmed":false,"evidence_score":0,"evidence":"","filter_reason":"anomalie_non_corroboree"}},{"type":"Feature","geometry":{"type":"Point","coordinates":[37.32646,48.33737]},"properties":{"age_h":80.4,"recency":2,"frp":0.7,"confidence":"nominal","observations":1,"passes":1,"sensor_count":1,"sensors":"NOAA-21","effis_confirmed":false,"burned_confirmed":false,"evidence_score":0,"evidence":"","filter_reason":"anomalie_non_corroboree"}},{"type":"Feature","geometry":{"type":"Point","coordinates":[36.95242,48.33751]},"properties":{"age_h":80.4,"recency":2,"frp":1.0,"confidence":"nominal","observations":1,"passes":1,"sensor_count":1,"sensors":"NOAA-21","effis_confirmed":false,"burned_confirmed":false,"evidence_score":0,"evidence":"","filter_reason":"anomalie_non_corroboree"}},{"type":"Feature","geometry":{"type":"Point","coordinates":[39.63709,50.37906]},"properties":{"age_h":80.4,"recency":2,"frp":0.6,"confidence":"nominal","observations":1,"passes":1,"sensor_count":1,"sensors":"NOAA-21","effis_confirmed":false,"burned_confirmed":false,"evidence_score":0,"evidence":"","filter_reason":"anomalie_non_corroboree"}},{"type":"Feature","geometry":{"type":"Point","coordinates":[37.99659,51.12105]},"properties":{"age_h":80.4,"recency":2,"frp":0.5,"confidence":"nominal","observations":1,"passes":1,"sensor_count":1,"sensors":"NOAA-21","effis_confirmed":false,"burned_confirmed":false,"evidence_score":0,"evidence":"","filter_reason":"anomalie_non_corroboree"}},{"type":"Feature","geometry":{"type":"Point","coordinates":[41.47379,37.00409]},"properties":{"age_h":80.4,"recency":2,"frp":0.5,"confidence":"nominal","observations":1,"passes":1,"sensor_count":1,"sensors":"NOAA-21","effis_confirmed":false,"burned_confirmed":false,"evidence_score":0,"evidence":"","filter_reason":"anomalie_non_corroboree"}},{"type":"Feature","geometry":{"type":"Point","coordinates":[26.92786,38.6544]},"properties":{"age_h":80.4,"recency":2,"frp":1.0,"confidence":"nominal","observations":1,"passes":1,"sensor_count":1,"sensors":"NOAA-21","effis_confirmed":false,"burned_confirmed":false,"evidence_score":0,"evidence":"","filter_reason":"anomalie_non_corroboree"}},{"type":"Feature","geometry":{"type":"Point","coordinates":[41.56659,38.89053]},"properties":{"age_h":80.4,"recency":2,"frp":0.7,"confidence":"nominal","observations":2,"passes":1,"sensor_count":1,"sensors":"NOAA-21","effis_confirmed":false,"burned_confirmed":false,"evidence_score":0,"evidence":"","filter_reason":"anomalie_non_corroboree"}},{"type":"Feature","geometry":{"type":"Point","coordinates":[40.96131,34.22637]},"properties":{"age_h":80.3,"recency":2,"frp":4.3,"confidence":"nominal","observations":1,"passes":1,"sensor_count":1,"sensors":"NOAA-21","effis_confirmed":false,"burned_confirmed":false,"evidence_score":0,"evidence":"","filter_reason":"anomalie_non_corroboree"}},{"type":"Feature","geometry":{"type":"Point","coordinates":[36.36141,35.23422]},"properties":{"age_h":80.3,"recency":2,"frp":2.1,"confidence":"nominal","observations":1,"passes":1,"sensor_count":1,"sensors":"NOAA-21","effis_confirmed":false,"burned_confirmed":false,"evidence_score":0,"evidence":"","filter_reason":"anomalie_non_corroboree"}},{"type":"Feature","geometry":{"type":"Point","coordinates":[35.45389,36.96267]},"properties":{"age_h":80.3,"recency":2,"frp":0.9,"confidence":"nominal","observations":1,"passes":1,"sensor_count":1,"sensors":"NOAA-21","effis_confirmed":false,"burned_confirmed":false,"evidence_score":0,"evidence":"","filter_reason":"anomalie_non_corroboree"}},{"type":"Feature","geometry":{"type":"Point","coordinates":[33.58699,37.25867]},"properties":{"age_h":80.3,"recency":2,"frp":0.5,"confidence":"nominal","observations":1,"passes":1,"sensor_count":1,"sensors":"NOAA-21","effis_confirmed":false,"burned_confirmed":false,"evidence_score":0,"evidence":"","filter_reason":"anomalie_non_corroboree"}},{"type":"Feature","geometry":{"type":"Point","coordinates":[23.51049,38.03924]},"properties":{"age_h":80.3,"recency":2,"frp":1.6,"confidence":"nominal","observations":1,"passes":1,"sensor_count":1,"sensors":"NOAA-21","effis_confirmed":false,"burned_confirmed":false,"evidence_score":0,"evidence":"","filter_reason":"anomalie_non_corroboree"}},{"type":"Feature","geometry":{"type":"Point","coordinates":[33.43373,46.84984]},"properties":{"age_h":79.8,"recency":2,"frp":0.5,"confidence":"nominal","observations":1,"passes":1,"sensor_count":1,"sensors":"Suomi-NPP","effis_confirmed":false,"burned_confirmed":false,"evidence_score":0,"evidence":"","filter_reason":"anomalie_non_corroboree"}},{"type":"Feature","geometry":{"type":"Point","coordinates":[30.10957,46.95888]},"properties":{"age_h":79.8,"recency":2,"frp":0.7,"confidence":"nominal","observations":1,"passes":1,"sensor_count":1,"sensors":"Suomi-NPP","effis_confirmed":false,"burned_confirmed":false,"evidence_score":0,"evidence":"","filter_reason":"anomalie_non_corroboree"}},{"type":"Feature","geometry":{"type":"Point","coordinates":[33.38612,47.84203]},"properties":{"age_h":79.8,"recency":2,"frp":0.9,"confidence":"nominal","observations":1,"passes":1,"sensor_count":1,"sensors":"Suomi-NPP","effis_confirmed":false,"burned_confirmed":false,"evidence_score":0,"evidence":"","filter_reason":"anomalie_non_corroboree"}},{"type":"Feature","geometry":{"type":"Point","coordinates":[34.62872,48.51927]},"properties":{"age_h":79.8,"recency":2,"frp":0.7,"confidence":"nominal","observations":1,"passes":1,"sensor_count":1,"sensors":"Suomi-NPP","effis_confirmed":false,"burned_confirmed":false,"evidence_score":0,"evidence":"","filter_reason":"anomalie_non_corroboree"}},{"type":"Feature","geometry":{"type":"Point","coordinates":[34.40943,49.41821]},"properties":{"age_h":79.8,"recency":2,"frp":0.2,"confidence":"nominal","observations":1,"passes":1,"sensor_count":1,"sensors":"Suomi-NPP","effis_confirmed":false,"burned_confirmed":false,"evidence_score":0,"evidence":"","filter_reason":"anomalie_non_corroboree"}},{"type":"Feature","geometry":{"type":"Point","coordinates":[34.88067,51.23531]},"properties":{"age_h":79.8,"recency":2,"frp":0.4,"confidence":"nominal","observations":1,"passes":1,"sensor_count":1,"sensors":"Suomi-NPP","effis_confirmed":false,"burned_confirmed":false,"evidence_score":0,"evidence":"","filter_reason":"anomalie_non_corroboree"}},{"type":"Feature","geometry":{"type":"Point","coordinates":[36.20857,36.69479]},"properties":{"age_h":79.8,"recency":2,"frp":5.0,"confidence":"nominal","observations":1,"passes":1,"sensor_count":1,"sensors":"Suomi-NPP","effis_confirmed":false,"burned_confirmed":false,"evidence_score":0,"evidence":"","filter_reason":"anomalie_non_corroboree"}},{"type":"Feature","geometry":{"type":"Point","coordinates":[39.59461,37.40048]},"properties":{"age_h":79.8,"recency":2,"frp":1.2,"confidence":"nominal","observations":1,"passes":1,"sensor_count":1,"sensors":"Suomi-NPP","effis_confirmed":false,"burned_confirmed":false,"evidence_score":0,"evidence":"","filter_reason":"anomalie_non_corroboree"}},{"type":"Feature","geometry":{"type":"Point","coordinates":[39.22032,38.68711]},"properties":{"age_h":79.8,"recency":2,"frp":2.0,"confidence":"nominal","observations":3,"passes":1,"sensor_count":1,"sensors":"Suomi-NPP","effis_confirmed":false,"burned_confirmed":false,"evidence_score":2,"evidence":"groupe spatial","filter_reason":"anomalie_non_corroboree"}},{"type":"Feature","geometry":{"type":"Point","coordinates":[16.16349,38.72809]},"properties":{"age_h":79.8,"recency":2,"frp":1.1,"confidence":"nominal","observations":1,"passes":1,"sensor_count":1,"sensors":"Suomi-NPP","effis_confirmed":false,"burned_confirmed":false,"evidence_score":0,"evidence":"","filter_reason":"anomalie_non_corroboree"}},{"type":"Feature","geometry":{"type":"Point","coordinates":[35.33702,38.97965]},"properties":{"age_h":79.8,"recency":2,"frp":0.4,"confidence":"nominal","observations":1,"passes":1,"sensor_count":1,"sensors":"Suomi-NPP","effis_confirmed":false,"burned_confirmed":false,"evidence_score":0,"evidence":"","filter_reason":"anomalie_non_corroboree"}},{"type":"Feature","geometry":{"type":"Point","coordinates":[27.0053,40.0168]},"properties":{"age_h":79.8,"recency":2,"frp":0.7,"confidence":"nominal","observations":1,"passes":1,"sensor_count":1,"sensors":"Suomi-NPP","effis_confirmed":false,"burned_confirmed":false,"evidence_score":0,"evidence":"","filter_reason":"anomalie_non_corroboree"}},{"type":"Feature","geometry":{"type":"Point","coordinates":[13.95955,41.02717]},"properties":{"age_h":79.8,"recency":2,"frp":2.4,"confidence":"nominal","observations":3,"passes":1,"sensor_count":1,"sensors":"Suomi-NPP","effis_confirmed":false,"burned_confirmed":false,"evidence_score":2,"evidence":"groupe spatial","filter_reason":"anomalie_non_corroboree"}},{"type":"Feature","geometry":{"type":"Point","coordinates":[35.80558,34.40153]},"properties":{"age_h":79.7,"recency":2,"frp":6.1,"confidence":"nominal","observations":1,"passes":1,"sensor_count":1,"sensors":"Suomi-NPP","effis_confirmed":false,"burned_confirmed":false,"evidence_score":0,"evidence":"","filter_reason":"anomalie_non_corroboree"}},{"type":"Feature","geometry":{"type":"Point","coordinates":[15.20755,37.01807]},"properties":{"age_h":79.7,"recency":2,"frp":0.4,"confidence":"nominal","observations":2,"passes":1,"sensor_count":1,"sensors":"Suomi-NPP","effis_confirmed":false,"burned_confirmed":false,"evidence_score":0,"evidence":"","filter_reason":"anomalie_non_corroboree"}},{"type":"Feature","geometry":{"type":"Point","coordinates":[28.19264,59.11227]},"properties":{"age_h":79.5,"recency":2,"frp":0.5,"confidence":"nominal","observations":1,"passes":1,"sensor_count":1,"sensors":"NOAA-20","effis_confirmed":false,"burned_confirmed":false,"evidence_score":0,"evidence":"","filter_reason":"anomalie_non_corroboree"}},{"type":"Feature","geometry":{"type":"Point","coordinates":[36.62682,48.34599]},"properties":{"age_h":79.5,"recency":2,"frp":0.4,"confidence":"nominal","observations":1,"passes":1,"sensor_count":1,"sensors":"NOAA-20","effis_confirmed":false,"burned_confirmed":false,"evidence_score":0,"evidence":"","filter_reason":"anomalie_non_corroboree"}},{"type":"Feature","geometry":{"type":"Point","coordinates":[39.36102,48.57769]},"properties":{"age_h":79.5,"recency":2,"frp":3.0,"confidence":"nominal","observations":4,"passes":1,"sensor_count":1,"sensors":"NOAA-20","effis_confirmed":false,"burned_confirmed":false,"evidence_score":2,"evidence":"groupe spatial","filter_reason":"anomalie_non_corroboree"}},{"type":"Feature","geometry":{"type":"Point","coordinates":[34.76581,50.92009]},"properties":{"age_h":79.5,"recency":2,"frp":0.7,"confidence":"nominal","observations":1,"passes":1,"sensor_count":1,"sensors":"NOAA-20","effis_confirmed":false,"burned_confirmed":false,"evidence_score":0,"evidence":"","filter_reason":"anomalie_non_corroboree"}},{"type":"Feature","geometry":{"type":"Point","coordinates":[34.19691,53.18675]},"properties":{"age_h":79.5,"recency":2,"frp":1.1,"confidence":"nominal","observations":1,"passes":1,"sensor_count":1,"sensors":"NOAA-20","effis_confirmed":false,"burned_confirmed":false,"evidence_score":0,"evidence":"","filter_reason":"anomalie_non_corroboree"}},{"type":"Feature","geometry":{"type":"Point","coordinates":[28.50157,54.18312]},"properties":{"age_h":79.5,"recency":2,"frp":0.2,"confidence":"nominal","observations":1,"passes":1,"sensor_count":1,"sensors":"NOAA-20","effis_confirmed":false,"burned_confirmed":false,"evidence_score":0,"evidence":"","filter_reason":"anomalie_non_corroboree"}},{"type":"Feature","geometry":{"type":"Point","coordinates":[28.55277,54.32706]},"properties":{"age_h":79.5,"recency":2,"frp":0.5,"confidence":"nominal","observations":1,"passes":1,"sensor_count":1,"sensors":"NOAA-20","effis_confirmed":false,"burned_confirmed":false,"evidence_score":0,"evidence":"","filter_reason":"anomalie_non_corroboree"}},{"type":"Feature","geometry":{"type":"Point","coordinates":[31.78154,40.75854]},"properties":{"age_h":79.5,"recency":2,"frp":1.1,"confidence":"nominal","observations":1,"passes":1,"sensor_count":1,"sensors":"NOAA-20","effis_confirmed":false,"burned_confirmed":false,"evidence_score":0,"evidence":"","filter_reason":"anomalie_non_corroboree"}},{"type":"Feature","geometry":{"type":"Point","coordinates":[21.30183,42.1473]},"properties":{"age_h":79.5,"recency":2,"frp":0.3,"confidence":"nominal","observations":1,"passes":1,"sensor_count":1,"sensors":"NOAA-20","effis_confirmed":false,"burned_confirmed":false,"evidence_score":0,"evidence":"","filter_reason":"anomalie_non_corroboree"}},{"type":"Feature","geometry":{"type":"Point","coordinates":[9.56331,45.38433]},"properties":{"age_h":79.5,"recency":2,"frp":0.7,"confidence":"nominal","observations":1,"passes":1,"sensor_count":1,"sensors":"NOAA-20","effis_confirmed":false,"burned_confirmed":false,"evidence_score":0,"evidence":"","filter_reason":"anomalie_non_corroboree"}},{"type":"Feature","geometry":{"type":"Point","coordinates":[14.99668,37.75417]},"properties":{"age_h":79.4,"recency":2,"frp":0.6,"confidence":"nominal","observations":2,"passes":2,"sensor_count":1,"sensors":"NOAA-20","effis_confirmed":false,"burned_confirmed":false,"evidence_score":2,"evidence":"passages répétés","filter_reason":"anomalie_non_corroboree"}},{"type":"Feature","geometry":{"type":"Point","coordinates":[12.75021,37.8227]},"properties":{"age_h":79.4,"recency":2,"frp":0.5,"confidence":"nominal","observations":1,"passes":1,"sensor_count":1,"sensors":"NOAA-20","effis_confirmed":false,"burned_confirmed":false,"evidence_score":0,"evidence":"","filter_reason":"anomalie_non_corroboree"}},{"type":"Feature","geometry":{"type":"Point","coordinates":[15.82919,40.64087]},"properties":{"age_h":79.4,"recency":2,"frp":0.8,"confidence":"nominal","observations":1,"passes":1,"sensor_count":1,"sensors":"NOAA-20","effis_confirmed":false,"burned_confirmed":false,"evidence_score":0,"evidence":"","filter_reason":"anomalie_non_corroboree"}},{"type":"Feature","geometry":{"type":"Point","coordinates":[12.24944,42.41973]},"properties":{"age_h":79.4,"recency":2,"frp":1.2,"confidence":"nominal","observations":2,"passes":1,"sensor_count":1,"sensors":"NOAA-20","effis_confirmed":false,"burned_confirmed":false,"evidence_score":0,"evidence":"","filter_reason":"anomalie_non_corroboree"}},{"type":"Feature","geometry":{"type":"Point","coordinates":[9.89011,35.77773]},"properties":{"age_h":79.4,"recency":2,"frp":1.4,"confidence":"nominal","observations":1,"passes":1,"sensor_count":1,"sensors":"NOAA-20","effis_confirmed":false,"burned_confirmed":false,"evidence_score":0,"evidence":"","filter_reason":"anomalie_non_corroboree"}},{"type":"Feature","geometry":{"type":"Point","coordinates":[15.14947,41.90033]},"properties":{"age_h":78.7,"recency":2,"frp":3.2,"confidence":"nominal","observations":2,"passes":2,"sensor_count":1,"sensors":"NOAA-21","effis_confirmed":false,"burned_confirmed":false,"evidence_score":2,"evidence":"passages répétés","filter_reason":"anomalie_non_corroboree"}},{"type":"Feature","geometry":{"type":"Point","coordinates":[12.059,43.0926]},"properties":{"age_h":78.7,"recency":2,"frp":1.0,"confidence":"nominal","observations":1,"passes":1,"sensor_count":1,"sensors":"NOAA-21","effis_confirmed":false,"burned_confirmed":false,"evidence_score":0,"evidence":"","filter_reason":"anomalie_non_corroboree"}},{"type":"Feature","geometry":{"type":"Point","coordinates":[27.75309,45.78246]},"properties":{"age_h":78.7,"recency":2,"frp":1.3,"confidence":"nominal","observations":1,"passes":1,"sensor_count":1,"sensors":"NOAA-21","effis_confirmed":false,"burned_confirmed":false,"evidence_score":0,"evidence":"","filter_reason":"anomalie_non_corroboree"}},{"type":"Feature","geometry":{"type":"Point","coordinates":[-2.05625,47.31667]},"properties":{"age_h":78.7,"recency":2,"frp":1.1,"confidence":"nominal","observations":1,"passes":1,"sensor_count":1,"sensors":"NOAA-21","effis_confirmed":false,"burned_confirmed":false,"evidence_score":0,"evidence":"","filter_reason":"anomalie_non_corroboree"}},{"type":"Feature","geometry":{"type":"Point","coordinates":[6.35802,47.37823]},"properties":{"age_h":78.7,"recency":2,"frp":0.9,"confidence":"nominal","observations":1,"passes":1,"sensor_count":1,"sensors":"NOAA-21","effis_confirmed":false,"burned_confirmed":false,"evidence_score":0,"evidence":"","filter_reason":"anomalie_non_corroboree"}},{"type":"Feature","geometry":{"type":"Point","coordinates":[15.06634,47.38078]},"properties":{"age_h":78.7,"recency":2,"frp":0.6,"confidence":"nominal","observations":1,"passes":1,"sensor_count":1,"sensors":"NOAA-21","effis_confirmed":false,"burned_confirmed":false,"evidence_score":0,"evidence":"","filter_reason":"anomalie_non_corroboree"}},{"type":"Feature","geometry":{"type":"Point","coordinates":[10.16151,48.65443]},"properties":{"age_h":78.7,"recency":2,"frp":0.7,"confidence":"nominal","observations":1,"passes":1,"sensor_count":1,"sensors":"NOAA-21","effis_confirmed":false,"burned_confirmed":false,"evidence_score":0,"evidence":"","filter_reason":"anomalie_non_corroboree"}},{"type":"Feature","geometry":{"type":"Point","coordinates":[3.67807,50.29721]},"properties":{"age_h":78.7,"recency":2,"frp":1.6,"confidence":"nominal","observations":1,"passes":1,"sensor_count":1,"sensors":"NOAA-21","effis_confirmed":false,"burned_confirmed":false,"evidence_score":0,"evidence":"","filter_reason":"anomalie_non_corroboree"}},{"type":"Feature","geometry":{"type":"Point","coordinates":[-3.22134,51.45782]},"properties":{"age_h":78.7,"recency":2,"frp":0.6,"confidence":"nominal","observations":1,"passes":1,"sensor_count":1,"sensors":"NOAA-21","effis_confirmed":false,"burned_confirmed":false,"evidence_score":0,"evidence":"","filter_reason":"anomalie_non_corroboree"}},{"type":"Feature","geometry":{"type":"Point","coordinates":[-3.70066,51.5341]},"properties":{"age_h":78.7,"recency":2,"frp":0.7,"confidence":"nominal","observations":2,"passes":1,"sensor_count":1,"sensors":"NOAA-21","effis_confirmed":false,"burned_confirmed":false,"evidence_score":0,"evidence":"","filter_reason":"anomalie_non_corroboree"}},{"type":"Feature","geometry":{"type":"Point","coordinates":[7.06264,36.28982]},"properties":{"age_h":78.7,"recency":2,"frp":1.6,"confidence":"nominal","observations":1,"passes":1,"sensor_count":1,"sensors":"NOAA-21","effis_confirmed":false,"burned_confirmed":false,"evidence_score":0,"evidence":"","filter_reason":"anomalie_non_corroboree"}},{"type":"Feature","geometry":{"type":"Point","coordinates":[8.70279,36.78054]},"properties":{"age_h":78.7,"recency":2,"frp":3.0,"confidence":"nominal","observations":1,"passes":1,"sensor_count":1,"sensors":"NOAA-21","effis_confirmed":false,"burned_confirmed":false,"evidence_score":0,"evidence":"","filter_reason":"anomalie_non_corroboree"}},{"type":"Feature","geometry":{"type":"Point","coordinates":[19.99618,41.08023]},"properties":{"age_h":78.7,"recency":2,"frp":0.7,"confidence":"nominal","observations":1,"passes":1,"sensor_count":1,"sensors":"NOAA-21","effis_confirmed":false,"burned_confirmed":false,"evidence_score":0,"evidence":"","filter_reason":"anomalie_non_corroboree"}},{"type":"Feature","geometry":{"type":"Point","coordinates":[14.10908,41.08367]},"properties":{"age_h":78.7,"recency":2,"frp":1.1,"confidence":"nominal","observations":1,"passes":1,"sensor_count":1,"sensors":"NOAA-21","effis_confirmed":false,"burned_confirmed":false,"evidence_score":0,"evidence":"","filter_reason":"anomalie_non_corroboree"}},{"type":"Feature","geometry":{"type":"Point","coordinates":[11.82774,42.61919]},"properties":{"age_h":78.7,"recency":2,"frp":0.5,"confidence":"nominal","observations":1,"passes":1,"sensor_count":1,"sensors":"NOAA-21","effis_confirmed":false,"burned_confirmed":false,"evidence_score":0,"evidence":"","filter_reason":"anomalie_non_corroboree"}},{"type":"Feature","geometry":{"type":"Point","coordinates":[8.54176,34.9036]},"properties":{"age_h":78.6,"recency":2,"frp":0.8,"confidence":"nominal","observations":1,"passes":1,"sensor_count":1,"sensors":"NOAA-21","effis_confirmed":false,"burned_confirmed":false,"evidence_score":0,"evidence":"","filter_reason":"anomalie_non_corroboree"}},{"type":"Feature","geometry":{"type":"Point","coordinates":[16.24662,50.75603]},"properties":{"age_h":78.1,"recency":2,"frp":2.1,"confidence":"nominal","observations":1,"passes":1,"sensor_count":1,"sensors":"Suomi-NPP","effis_confirmed":false,"burned_confirmed":false,"evidence_score":0,"evidence":"","filter_reason":"anomalie_non_corroboree"}},{"type":"Feature","geometry":{"type":"Point","coordinates":[4.25234,51.25793]},"properties":{"age_h":78.1,"recency":2,"frp":0.9,"confidence":"nominal","observations":1,"passes":1,"sensor_count":1,"sensors":"Suomi-NPP","effis_confirmed":false,"burned_confirmed":false,"evidence_score":0,"evidence":"","filter_reason":"anomalie_non_corroboree"}},{"type":"Feature","geometry":{"type":"Point","coordinates":[6.54428,51.30325]},"properties":{"age_h":78.1,"recency":2,"frp":0.4,"confidence":"nominal","observations":1,"passes":1,"sensor_count":1,"sensors":"Suomi-NPP","effis_confirmed":false,"burned_confirmed":false,"evidence_score":0,"evidence":"","filter_reason":"anomalie_non_corroboree"}},{"type":"Feature","geometry":{"type":"Point","coordinates":[4.36517,51.88245]},"properties":{"age_h":78.1,"recency":2,"frp":0.7,"confidence":"nominal","observations":1,"passes":1,"sensor_count":1,"sensors":"Suomi-NPP","effis_confirmed":false,"burned_confirmed":false,"evidence_score":0,"evidence":"","filter_reason":"anomalie_non_corroboree"}},{"type":"Feature","geometry":{"type":"Point","coordinates":[-2.03927,52.55825]},"properties":{"age_h":78.1,"recency":2,"frp":0.3,"confidence":"nominal","observations":1,"passes":1,"sensor_count":1,"sensors":"Suomi-NPP","effis_confirmed":false,"burned_confirmed":false,"evidence_score":0,"evidence":"","filter_reason":"anomalie_non_corroboree"}},{"type":"Feature","geometry":{"type":"Point","coordinates":[14.23113,53.10699]},"properties":{"age_h":78.1,"recency":2,"frp":0.7,"confidence":"nominal","observations":1,"passes":1,"sensor_count":1,"sensors":"Suomi-NPP","effis_confirmed":false,"burned_confirmed":false,"evidence_score":0,"evidence":"","filter_reason":"anomalie_non_corroboree"}},{"type":"Feature","geometry":{"type":"Point","coordinates":[2.23163,49.06298]},"properties":{"age_h":78.1,"recency":2,"frp":0.6,"confidence":"nominal","observations":1,"passes":1,"sensor_count":1,"sensors":"Suomi-NPP","effis_confirmed":false,"burned_confirmed":false,"evidence_score":0,"evidence":"","filter_reason":"anomalie_non_corroboree"}},{"type":"Feature","geometry":{"type":"Point","coordinates":[15.17189,37.21036]},"properties":{"age_h":78.1,"recency":2,"frp":1.4,"confidence":"nominal","observations":1,"passes":1,"sensor_count":1,"sensors":"Suomi-NPP","effis_confirmed":false,"burned_confirmed":false,"evidence_score":0,"evidence":"","filter_reason":"anomalie_non_corroboree"}},{"type":"Feature","geometry":{"type":"Point","coordinates":[11.53056,63.71762]},"properties":{"age_h":77.9,"recency":2,"frp":1.3,"confidence":"nominal","observations":1,"passes":1,"sensor_count":1,"sensors":"NOAA-20","effis_confirmed":false,"burned_confirmed":false,"evidence_score":0,"evidence":"","filter_reason":"anomalie_non_corroboree"}},{"type":"Feature","geometry":{"type":"Point","coordinates":[0.80767,57.25742]},"properties":{"age_h":77.8,"recency":2,"frp":1.8,"confidence":"nominal","observations":1,"passes":1,"sensor_count":1,"sensors":"NOAA-20","effis_confirmed":false,"burned_confirmed":false,"evidence_score":0,"evidence":"","filter_reason":"anomalie_non_corroboree"}},{"type":"Feature","geometry":{"type":"Point","coordinates":[2.16776,51.01387]},"properties":{"age_h":77.8,"recency":2,"frp":0.8,"confidence":"nominal","observations":1,"passes":1,"sensor_count":1,"sensors":"NOAA-20","effis_confirmed":false,"burned_confirmed":false,"evidence_score":0,"evidence":"","filter_reason":"anomalie_non_corroboree"}},{"type":"Feature","geometry":{"type":"Point","coordinates":[4.28187,51.35408]},"properties":{"age_h":77.8,"recency":2,"frp":0.4,"confidence":"nominal","observations":1,"passes":1,"sensor_count":1,"sensors":"NOAA-20","effis_confirmed":false,"burned_confirmed":false,"evidence_score":0,"evidence":"","filter_reason":"anomalie_non_corroboree"}},{"type":"Feature","geometry":{"type":"Point","coordinates":[-1.01456,35.46395]},"properties":{"age_h":77.7,"recency":2,"frp":0.5,"confidence":"nominal","observations":1,"passes":1,"sensor_count":1,"sensors":"NOAA-20","effis_confirmed":false,"burned_confirmed":false,"evidence_score":0,"evidence":"","filter_reason":"anomalie_non_corroboree"}},{"type":"Feature","geometry":{"type":"Point","coordinates":[1.23958,36.126]},"properties":{"age_h":77.7,"recency":2,"frp":1.1,"confidence":"nominal","observations":1,"passes":1,"sensor_count":1,"sensors":"NOAA-20","effis_confirmed":false,"burned_confirmed":false,"evidence_score":0,"evidence":"","filter_reason":"anomalie_non_corroboree"}},{"type":"Feature","geometry":{"type":"Point","coordinates":[-5.44509,37.12751]},"properties":{"age_h":77.7,"recency":2,"frp":1.1,"confidence":"nominal","observations":1,"passes":1,"sensor_count":1,"sensors":"NOAA-20","effis_confirmed":false,"burned_confirmed":false,"evidence_score":0,"evidence":"","filter_reason":"anomalie_non_corroboree"}},{"type":"Feature","geometry":{"type":"Point","coordinates":[-3.90045,40.009]},"properties":{"age_h":77.7,"recency":2,"frp":0.8,"confidence":"nominal","observations":1,"passes":1,"sensor_count":1,"sensors":"NOAA-20","effis_confirmed":false,"burned_confirmed":false,"evidence_score":0,"evidence":"","filter_reason":"anomalie_non_corroboree"}},{"type":"Feature","geometry":{"type":"Point","coordinates":[-1.74293,42.81481]},"properties":{"age_h":77.7,"recency":2,"frp":0.9,"confidence":"nominal","observations":1,"passes":1,"sensor_count":1,"sensors":"NOAA-20","effis_confirmed":false,"burned_confirmed":false,"evidence_score":0,"evidence":"","filter_reason":"anomalie_non_corroboree"}},{"type":"Feature","geometry":{"type":"Point","coordinates":[-3.83716,43.41269]},"properties":{"age_h":77.7,"recency":2,"frp":0.9,"confidence":"nominal","observations":1,"passes":1,"sensor_count":1,"sensors":"NOAA-20","effis_confirmed":false,"burned_confirmed":false,"evidence_score":0,"evidence":"","filter_reason":"anomalie_non_corroboree"}},{"type":"Feature","geometry":{"type":"Point","coordinates":[-0.43414,47.22775]},"properties":{"age_h":77.7,"recency":2,"frp":1.6,"confidence":"nominal","observations":1,"passes":1,"sensor_count":1,"sensors":"NOAA-20","effis_confirmed":false,"burned_confirmed":false,"evidence_score":0,"evidence":"","filter_reason":"anomalie_non_corroboree"}},{"type":"Feature","geometry":{"type":"Point","coordinates":[3.13535,36.59739]},"properties":{"age_h":77.7,"recency":2,"frp":5.1,"confidence":"nominal","observations":1,"passes":1,"sensor_count":1,"sensors":"NOAA-20","effis_confirmed":false,"burned_confirmed":false,"evidence_score":0,"evidence":"","filter_reason":"anomalie_non_corroboree"}},{"type":"Feature","geometry":{"type":"Point","coordinates":[-4.07534,38.02166]},"properties":{"age_h":77.7,"recency":2,"frp":0.8,"confidence":"nominal","observations":1,"passes":1,"sensor_count":1,"sensors":"NOAA-20","effis_confirmed":false,"burned_confirmed":false,"evidence_score":0,"evidence":"","filter_reason":"anomalie_non_corroboree"}},{"type":"Feature","geometry":{"type":"Point","coordinates":[-4.2471,38.67488]},"properties":{"age_h":77.7,"recency":2,"frp":0.5,"confidence":"nominal","observations":1,"passes":1,"sensor_count":1,"sensors":"NOAA-20","effis_confirmed":false,"burned_confirmed":false,"evidence_score":0,"evidence":"","filter_reason":"anomalie_non_corroboree"}},{"type":"Feature","geometry":{"type":"Point","coordinates":[-4.81272,51.77155]},"properties":{"age_h":77.0,"recency":2,"frp":2.4,"confidence":"nominal","observations":1,"passes":1,"sensor_count":1,"sensors":"NOAA-21","effis_confirmed":false,"burned_confirmed":false,"evidence_score":0,"evidence":"","filter_reason":"anomalie_non_corroboree"}},{"type":"Feature","geometry":{"type":"Point","coordinates":[-8.68889,52.64063]},"properties":{"age_h":77.0,"recency":2,"frp":1.4,"confidence":"nominal","observations":1,"passes":1,"sensor_count":1,"sensors":"NOAA-21","effis_confirmed":false,"burned_confirmed":false,"evidence_score":0,"evidence":"","filter_reason":"anomalie_non_corroboree"}},{"type":"Feature","geometry":{"type":"Point","coordinates":[-0.8506,44.8644]},"properties":{"age_h":77.0,"recency":2,"frp":4.6,"confidence":"nominal","observations":1,"passes":1,"sensor_count":1,"sensors":"NOAA-21","effis_confirmed":false,"burned_confirmed":false,"evidence_score":0,"evidence":"","filter_reason":"anomalie_non_corroboree"}},{"type":"Feature","geometry":{"type":"Point","coordinates":[-0.93194,44.92807]},"properties":{"age_h":77.0,"recency":2,"frp":4.2,"confidence":"nominal","observations":1,"passes":1,"sensor_count":1,"sensors":"NOAA-21","effis_confirmed":false,"burned_confirmed":false,"evidence_score":0,"evidence":"","filter_reason":"anomalie_non_corroboree"}},{"type":"Feature","geometry":{"type":"Point","coordinates":[-0.9138,44.95133]},"properties":{"age_h":77.0,"recency":2,"frp":5.8,"confidence":"nominal","observations":7,"passes":1,"sensor_count":1,"sensors":"NOAA-21","effis_confirmed":false,"burned_confirmed":false,"evidence_score":2,"evidence":"groupe spatial","filter_reason":"anomalie_non_corroboree"}},{"type":"Feature","geometry":{"type":"Point","coordinates":[-5.07364,35.4197]},"properties":{"age_h":77.0,"recency":2,"frp":0.6,"confidence":"nominal","observations":1,"passes":1,"sensor_count":1,"sensors":"NOAA-21","effis_confirmed":false,"burned_confirmed":false,"evidence_score":0,"evidence":"","filter_reason":"anomalie_non_corroboree"}},{"type":"Feature","geometry":{"type":"Point","coordinates":[-4.28656,37.28906]},"properties":{"age_h":77.0,"recency":2,"frp":0.9,"confidence":"nominal","observations":2,"passes":1,"sensor_count":1,"sensors":"NOAA-21","effis_confirmed":false,"burned_confirmed":false,"evidence_score":0,"evidence":"","filter_reason":"anomalie_non_corroboree"}},{"type":"Feature","geometry":{"type":"Point","coordinates":[-0.95208,44.92426]},"properties":{"age_h":76.4,"recency":2,"frp":13.9,"confidence":"nominal","observations":1,"passes":1,"sensor_count":1,"sensors":"Suomi-NPP","effis_confirmed":false,"burned_confirmed":false,"evidence_score":1,"evidence":"","filter_reason":"anomalie_non_corroboree"}},{"type":"Feature","geometry":{"type":"Point","coordinates":[-4.9099,37.70407]},"properties":{"age_h":76.4,"recency":2,"frp":1.3,"confidence":"nominal","observations":1,"passes":1,"sensor_count":1,"sensors":"Suomi-NPP","effis_confirmed":false,"burned_confirmed":false,"evidence_score":0,"evidence":"","filter_reason":"anomalie_non_corroboree"}},{"type":"Feature","geometry":{"type":"Point","coordinates":[-9.02928,52.0754]},"properties":{"age_h":76.1,"recency":2,"frp":1.9,"confidence":"nominal","observations":1,"passes":1,"sensor_count":1,"sensors":"NOAA-20","effis_confirmed":false,"burned_confirmed":false,"evidence_score":0,"evidence":"","filter_reason":"anomalie_non_corroboree"}},{"type":"Feature","geometry":{"type":"Point","coordinates":[38.95943,36.0898]},"properties":{"age_h":70.7,"recency":1,"frp":5.2,"confidence":"nominal","observations":1,"passes":1,"sensor_count":1,"sensors":"NOAA-21","effis_confirmed":false,"burned_confirmed":false,"evidence_score":0,"evidence":"","filter_reason":"anomalie_non_corroboree"}},{"type":"Feature","geometry":{"type":"Point","coordinates":[40.26897,37.06456]},"properties":{"age_h":70.7,"recency":1,"frp":5.3,"confidence":"nominal","observations":1,"passes":1,"sensor_count":1,"sensors":"NOAA-21","effis_confirmed":false,"burned_confirmed":false,"evidence_score":0,"evidence":"","filter_reason":"anomalie_non_corroboree"}},{"type":"Feature","geometry":{"type":"Point","coordinates":[38.44209,37.65799]},"properties":{"age_h":70.7,"recency":1,"frp":14.5,"confidence":"high","observations":2,"passes":1,"sensor_count":1,"sensors":"NOAA-21","effis_confirmed":false,"burned_confirmed":false,"evidence_score":2,"evidence":"confiance élevée","filter_reason":"anomalie_non_corroboree"}},{"type":"Feature","geometry":{"type":"Point","coordinates":[40.78015,37.72054]},"properties":{"age_h":70.7,"recency":1,"frp":7.6,"confidence":"nominal","observations":1,"passes":1,"sensor_count":1,"sensors":"NOAA-21","effis_confirmed":false,"burned_confirmed":false,"evidence_score":0,"evidence":"","filter_reason":"anomalie_non_corroboree"}},{"type":"Feature","geometry":{"type":"Point","coordinates":[41.04188,47.64731]},"properties":{"age_h":70.6,"recency":1,"frp":4.8,"confidence":"nominal","observations":1,"passes":1,"sensor_count":1,"sensors":"NOAA-21","effis_confirmed":false,"burned_confirmed":false,"evidence_score":0,"evidence":"","filter_reason":"anomalie_non_corroboree"}},{"type":"Feature","geometry":{"type":"Point","coordinates":[32.36971,47.33117]},"properties":{"age_h":70.6,"recency":1,"frp":10.3,"confidence":"nominal","observations":1,"passes":1,"sensor_count":1,"sensors":"NOAA-21","effis_confirmed":false,"burned_confirmed":false,"evidence_score":1,"evidence":"","filter_reason":"anomalie_non_corroboree"}},{"type":"Feature","geometry":{"type":"Point","coordinates":[35.89897,53.3878]},"properties":{"age_h":70.6,"recency":1,"frp":3.9,"confidence":"nominal","observations":1,"passes":1,"sensor_count":1,"sensors":"NOAA-21","effis_confirmed":false,"burned_confirmed":false,"evidence_score":0,"evidence":"","filter_reason":"anomalie_non_corroboree"}},{"type":"Feature","geometry":{"type":"Point","coordinates":[36.9016,36.02323]},"properties":{"age_h":70.1,"recency":1,"frp":2.3,"confidence":"nominal","observations":1,"passes":1,"sensor_count":1,"sensors":"Suomi-NPP","effis_confirmed":false,"burned_confirmed":false,"evidence_score":0,"evidence":"","filter_reason":"anomalie_non_corroboree"}},{"type":"Feature","geometry":{"type":"Point","coordinates":[39.1151,36.45986]},"properties":{"age_h":70.1,"recency":1,"frp":3.5,"confidence":"nominal","observations":1,"passes":1,"sensor_count":1,"sensors":"Suomi-NPP","effis_confirmed":false,"burned_confirmed":false,"evidence_score":0,"evidence":"","filter_reason":"anomalie_non_corroboree"}},{"type":"Feature","geometry":{"type":"Point","coordinates":[38.94068,36.59716]},"properties":{"age_h":70.1,"recency":1,"frp":4.6,"confidence":"nominal","observations":1,"passes":1,"sensor_count":1,"sensors":"Suomi-NPP","effis_confirmed":false,"burned_confirmed":false,"evidence_score":0,"evidence":"","filter_reason":"anomalie_non_corroboree"}},{"type":"Feature","geometry":{"type":"Point","coordinates":[40.07795,36.77966]},"properties":{"age_h":70.1,"recency":1,"frp":17.1,"confidence":"nominal","observations":5,"passes":1,"sensor_count":1,"sensors":"Suomi-NPP","effis_confirmed":false,"burned_confirmed":false,"evidence_score":3,"evidence":"groupe spatial","filter_reason":"anomalie_non_corroboree"}},{"type":"Feature","geometry":{"type":"Point","coordinates":[41.26774,37.01824]},"properties":{"age_h":70.1,"recency":1,"frp":8.9,"confidence":"nominal","observations":1,"passes":1,"sensor_count":1,"sensors":"Suomi-NPP","effis_confirmed":false,"burned_confirmed":false,"evidence_score":0,"evidence":"","filter_reason":"anomalie_non_corroboree"}},{"type":"Feature","geometry":{"type":"Point","coordinates":[38.53534,36.68983]},"properties":{"age_h":70.1,"recency":1,"frp":3.1,"confidence":"nominal","observations":1,"passes":1,"sensor_count":1,"sensors":"Suomi-NPP","effis_confirmed":false,"burned_confirmed":false,"evidence_score":0,"evidence":"","filter_reason":"anomalie_non_corroboree"}},{"type":"Feature","geometry":{"type":"Point","coordinates":[38.12333,36.80078]},"properties":{"age_h":70.1,"recency":1,"frp":2.8,"confidence":"nominal","observations":1,"passes":1,"sensor_count":1,"sensors":"Suomi-NPP","effis_confirmed":false,"burned_confirmed":false,"evidence_score":0,"evidence":"","filter_reason":"anomalie_non_corroboree"}},{"type":"Feature","geometry":{"type":"Point","coordinates":[38.69115,36.84658]},"properties":{"age_h":70.1,"recency":1,"frp":3.0,"confidence":"nominal","observations":1,"passes":1,"sensor_count":1,"sensors":"Suomi-NPP","effis_confirmed":false,"burned_confirmed":false,"evidence_score":0,"evidence":"","filter_reason":"anomalie_non_corroboree"}},{"type":"Feature","geometry":{"type":"Point","coordinates":[39.47158,37.36391]},"properties":{"age_h":70.1,"recency":1,"frp":4.4,"confidence":"nominal","observations":1,"passes":1,"sensor_count":1,"sensors":"Suomi-NPP","effis_confirmed":false,"burned_confirmed":false,"evidence_score":0,"evidence":"","filter_reason":"anomalie_non_corroboree"}},{"type":"Feature","geometry":{"type":"Point","coordinates":[37.76945,37.44005]},"properties":{"age_h":70.1,"recency":1,"frp":2.1,"confidence":"nominal","observations":1,"passes":1,"sensor_count":1,"sensors":"Suomi-NPP","effis_confirmed":false,"burned_confirmed":false,"evidence_score":0,"evidence":"","filter_reason":"anomalie_non_corroboree"}},{"type":"Feature","geometry":{"type":"Point","coordinates":[40.46065,37.74683]},"properties":{"age_h":70.1,"recency":1,"frp":8.3,"confidence":"nominal","observations":1,"passes":1,"sensor_count":1,"sensors":"Suomi-NPP","effis_confirmed":false,"burned_confirmed":false,"evidence_score":0,"evidence":"","filter_reason":"anomalie_non_corroboree"}},{"type":"Feature","geometry":{"type":"Point","coordinates":[41.2543,38.15913]},"properties":{"age_h":70.1,"recency":1,"frp":9.5,"confidence":"nominal","observations":1,"passes":1,"sensor_count":1,"sensors":"Suomi-NPP","effis_confirmed":false,"burned_confirmed":false,"evidence_score":0,"evidence":"","filter_reason":"anomalie_non_corroboree"}},{"type":"Feature","geometry":{"type":"Point","coordinates":[40.86739,38.19976]},"properties":{"age_h":70.1,"recency":1,"frp":2.4,"confidence":"nominal","observations":1,"passes":1,"sensor_count":1,"sensors":"Suomi-NPP","effis_confirmed":false,"burned_confirmed":false,"evidence_score":0,"evidence":"","filter_reason":"anomalie_non_corroboree"}},{"type":"Feature","geometry":{"type":"Point","coordinates":[38.72036,38.3764]},"properties":{"age_h":70.1,"recency":1,"frp":4.3,"confidence":"nominal","observations":1,"passes":1,"sensor_count":1,"sensors":"Suomi-NPP","effis_confirmed":false,"burned_confirmed":false,"evidence_score":0,"evidence":"","filter_reason":"anomalie_non_corroboree"}},{"type":"Feature","geometry":{"type":"Point","coordinates":[41.75499,38.52643]},"properties":{"age_h":70.1,"recency":1,"frp":7.5,"confidence":"nominal","observations":1,"passes":1,"sensor_count":1,"sensors":"Suomi-NPP","effis_confirmed":false,"burned_confirmed":false,"evidence_score":0,"evidence":"","filter_reason":"anomalie_non_corroboree"}},{"type":"Feature","geometry":{"type":"Point","coordinates":[41.17508,39.92673]},"properties":{"age_h":70.1,"recency":1,"frp":3.6,"confidence":"nominal","observations":1,"passes":1,"sensor_count":1,"sensors":"Suomi-NPP","effis_confirmed":false,"burned_confirmed":false,"evidence_score":0,"evidence":"","filter_reason":"anomalie_non_corroboree"}},{"type":"Feature","geometry":{"type":"Point","coordinates":[41.35868,40.06857]},"properties":{"age_h":70.1,"recency":1,"frp":2.2,"confidence":"nominal","observations":1,"passes":1,"sensor_count":1,"sensors":"Suomi-NPP","effis_confirmed":false,"burned_confirmed":false,"evidence_score":0,"evidence":"","filter_reason":"anomalie_non_corroboree"}},{"type":"Feature","geometry":{"type":"Point","coordinates":[29.46453,45.55926]},"properties":{"age_h":70.0,"recency":1,"frp":7.7,"confidence":"nominal","observations":2,"passes":1,"sensor_count":1,"sensors":"Suomi-NPP","effis_confirmed":false,"burned_confirmed":false,"evidence_score":0,"evidence":"","filter_reason":"anomalie_non_corroboree"}},{"type":"Feature","geometry":{"type":"Point","coordinates":[29.57566,45.7266]},"properties":{"age_h":70.0,"recency":1,"frp":5.3,"confidence":"nominal","observations":3,"passes":1,"sensor_count":1,"sensors":"Suomi-NPP","effis_confirmed":false,"burned_confirmed":false,"evidence_score":2,"evidence":"groupe spatial","filter_reason":"anomalie_non_corroboree"}},{"type":"Feature","geometry":{"type":"Point","coordinates":[31.89245,47.36343]},"properties":{"age_h":70.0,"recency":1,"frp":2.2,"confidence":"nominal","observations":1,"passes":1,"sensor_count":1,"sensors":"Suomi-NPP","effis_confirmed":false,"burned_confirmed":false,"evidence_score":0,"evidence":"","filter_reason":"anomalie_non_corroboree"}},{"type":"Feature","geometry":{"type":"Point","coordinates":[32.77456,47.93834]},"properties":{"age_h":70.0,"recency":1,"frp":5.8,"confidence":"nominal","observations":2,"passes":1,"sensor_count":1,"sensors":"Suomi-NPP","effis_confirmed":false,"burned_confirmed":false,"evidence_score":0,"evidence":"","filter_reason":"anomalie_non_corroboree"}},{"type":"Feature","geometry":{"type":"Point","coordinates":[24.95986,48.82787]},"properties":{"age_h":70.0,"recency":1,"frp":4.3,"confidence":"nominal","observations":2,"passes":1,"sensor_count":1,"sensors":"Suomi-NPP","effis_confirmed":false,"burned_confirmed":false,"evidence_score":0,"evidence":"","filter_reason":"anomalie_non_corroboree"}},{"type":"Feature","geometry":{"type":"Point","coordinates":[31.78643,52.07878]},"properties":{"age_h":70.0,"recency":1,"frp":2.2,"confidence":"nominal","observations":1,"passes":1,"sensor_count":1,"sensors":"Suomi-NPP","effis_confirmed":false,"burned_confirmed":false,"evidence_score":0,"evidence":"","filter_reason":"anomalie_non_corroboree"}},{"type":"Feature","geometry":{"type":"Point","coordinates":[28.16417,52.12278]},"properties":{"age_h":70.0,"recency":1,"frp":2.4,"confidence":"nominal","observations":1,"passes":1,"sensor_count":1,"sensors":"Suomi-NPP","effis_confirmed":false,"burned_confirmed":false,"evidence_score":0,"evidence":"","filter_reason":"anomalie_non_corroboree"}},{"type":"Feature","geometry":{"type":"Point","coordinates":[37.56824,57.47132]},"properties":{"age_h":70.0,"recency":1,"frp":2.5,"confidence":"nominal","observations":1,"passes":1,"sensor_count":1,"sensors":"Suomi-NPP","effis_confirmed":false,"burned_confirmed":false,"evidence_score":0,"evidence":"","filter_reason":"anomalie_non_corroboree"}},{"type":"Feature","geometry":{"type":"Point","coordinates":[36.50341,34.53008]},"properties":{"age_h":69.7,"recency":1,"frp":4.1,"confidence":"nominal","observations":1,"passes":1,"sensor_count":1,"sensors":"NOAA-20","effis_confirmed":false,"burned_confirmed":false,"evidence_score":0,"evidence":"","filter_reason":"anomalie_non_corroboree"}},{"type":"Feature","geometry":{"type":"Point","coordinates":[36.86574,35.96802]},"properties":{"age_h":69.7,"recency":1,"frp":3.0,"confidence":"nominal","observations":1,"passes":1,"sensor_count":1,"sensors":"NOAA-20","effis_confirmed":false,"burned_confirmed":false,"evidence_score":0,"evidence":"","filter_reason":"anomalie_non_corroboree"}},{"type":"Feature","geometry":{"type":"Point","coordinates":[24.17367,44.01604]},"properties":{"age_h":69.7,"recency":1,"frp":3.3,"confidence":"nominal","observations":1,"passes":1,"sensor_count":1,"sensors":"NOAA-20","effis_confirmed":false,"burned_confirmed":false,"evidence_score":0,"evidence":"","filter_reason":"anomalie_non_corroboree"}},{"type":"Feature","geometry":{"type":"Point","coordinates":[24.619,44.10192]},"properties":{"age_h":69.7,"recency":1,"frp":8.1,"confidence":"high","observations":2,"passes":1,"sensor_count":1,"sensors":"NOAA-20","effis_confirmed":false,"burned_confirmed":false,"evidence_score":1,"evidence":"confiance élevée","filter_reason":"anomalie_non_corroboree"}},{"type":"Feature","geometry":{"type":"Point","coordinates":[40.29176,45.12384]},"properties":{"age_h":69.7,"recency":1,"frp":3.2,"confidence":"nominal","observations":2,"passes":1,"sensor_count":1,"sensors":"NOAA-20","effis_confirmed":false,"burned_confirmed":false,"evidence_score":0,"evidence":"","filter_reason":"anomalie_non_corroboree"}},{"type":"Feature","geometry":{"type":"Point","coordinates":[40.63838,45.80578]},"properties":{"age_h":69.7,"recency":1,"frp":5.8,"confidence":"nominal","observations":1,"passes":1,"sensor_count":1,"sensors":"NOAA-20","effis_confirmed":false,"burned_confirmed":false,"evidence_score":0,"evidence":"","filter_reason":"anomalie_non_corroboree"}},{"type":"Feature","geometry":{"type":"Point","coordinates":[40.79576,46.24564]},"properties":{"age_h":69.7,"recency":1,"frp":3.8,"confidence":"nominal","observations":1,"passes":1,"sensor_count":1,"sensors":"NOAA-20","effis_confirmed":false,"burned_confirmed":false,"evidence_score":0,"evidence":"","filter_reason":"anomalie_non_corroboree"}},{"type":"Feature","geometry":{"type":"Point","coordinates":[41.98148,46.38917]},"properties":{"age_h":69.7,"recency":1,"frp":6.3,"confidence":"nominal","observations":1,"passes":1,"sensor_count":1,"sensors":"NOAA-20","effis_confirmed":false,"burned_confirmed":false,"evidence_score":0,"evidence":"","filter_reason":"anomalie_non_corroboree"}},{"type":"Feature","geometry":{"type":"Point","coordinates":[41.19953,47.57766]},"properties":{"age_h":69.7,"recency":1,"frp":13.2,"confidence":"nominal","observations":3,"passes":1,"sensor_count":1,"sensors":"NOAA-20","effis_confirmed":false,"burned_confirmed":false,"evidence_score":3,"evidence":"groupe spatial","filter_reason":"anomalie_non_corroboree"}},{"type":"Feature","geometry":{"type":"Point","coordinates":[23.04532,44.20744]},"properties":{"age_h":69.7,"recency":1,"frp":8.4,"confidence":"nominal","observations":1,"passes":1,"sensor_count":1,"sensors":"NOAA-20","effis_confirmed":false,"burned_confirmed":false,"evidence_score":0,"evidence":"","filter_reason":"anomalie_non_corroboree"}},{"type":"Feature","geometry":{"type":"Point","coordinates":[29.11142,45.62194]},"properties":{"age_h":69.7,"recency":1,"frp":6.0,"confidence":"nominal","observations":1,"passes":1,"sensor_count":1,"sensors":"NOAA-20","effis_confirmed":false,"burned_confirmed":false,"evidence_score":0,"evidence":"","filter_reason":"anomalie_non_corroboree"}},{"type":"Feature","geometry":{"type":"Point","coordinates":[29.0271,45.97318]},"properties":{"age_h":69.7,"recency":1,"frp":4.6,"confidence":"nominal","observations":1,"passes":1,"sensor_count":1,"sensors":"NOAA-20","effis_confirmed":false,"burned_confirmed":false,"evidence_score":0,"evidence":"","filter_reason":"anomalie_non_corroboree"}},{"type":"Feature","geometry":{"type":"Point","coordinates":[32.29644,47.28806]},"properties":{"age_h":69.7,"recency":1,"frp":51.4,"confidence":"nominal","observations":5,"passes":1,"sensor_count":1,"sensors":"NOAA-20","effis_confirmed":false,"burned_confirmed":false,"evidence_score":3,"evidence":"groupe spatial","filter_reason":"anomalie_non_corroboree"}},{"type":"Feature","geometry":{"type":"Point","coordinates":[34.17983,47.31747]},"properties":{"age_h":69.7,"recency":1,"frp":3.1,"confidence":"nominal","observations":1,"passes":1,"sensor_count":1,"sensors":"NOAA-20","effis_confirmed":false,"burned_confirmed":false,"evidence_score":0,"evidence":"","filter_reason":"anomalie_non_corroboree"}},{"type":"Feature","geometry":{"type":"Point","coordinates":[32.73509,47.37719]},"properties":{"age_h":69.7,"recency":1,"frp":2.8,"confidence":"nominal","observations":1,"passes":1,"sensor_count":1,"sensors":"NOAA-20","effis_confirmed":false,"burned_confirmed":false,"evidence_score":0,"evidence":"","filter_reason":"anomalie_non_corroboree"}},{"type":"Feature","geometry":{"type":"Point","coordinates":[33.81279,47.42607]},"properties":{"age_h":69.7,"recency":1,"frp":2.6,"confidence":"nominal","observations":1,"passes":1,"sensor_count":1,"sensors":"NOAA-20","effis_confirmed":false,"burned_confirmed":false,"evidence_score":0,"evidence":"","filter_reason":"anomalie_non_corroboree"}},{"type":"Feature","geometry":{"type":"Point","coordinates":[33.74977,47.48799]},"properties":{"age_h":69.7,"recency":1,"frp":20.5,"confidence":"nominal","observations":5,"passes":1,"sensor_count":1,"sensors":"NOAA-20","effis_confirmed":false,"burned_confirmed":false,"evidence_score":3,"evidence":"groupe spatial","filter_reason":"anomalie_non_corroboree"}},{"type":"Feature","geometry":{"type":"Point","coordinates":[29.17252,47.53797]},"properties":{"age_h":69.7,"recency":1,"frp":18.1,"confidence":"nominal","observations":1,"passes":1,"sensor_count":1,"sensors":"NOAA-20","effis_confirmed":false,"burned_confirmed":false,"evidence_score":1,"evidence":"","filter_reason":"anomalie_non_corroboree"}},{"type":"Feature","geometry":{"type":"Point","coordinates":[26.08979,48.11298]},"properties":{"age_h":69.7,"recency":1,"frp":3.1,"confidence":"nominal","observations":1,"passes":1,"sensor_count":1,"sensors":"NOAA-20","effis_confirmed":false,"burned_confirmed":false,"evidence_score":0,"evidence":"","filter_reason":"anomalie_non_corroboree"}},{"type":"Feature","geometry":{"type":"Point","coordinates":[33.47903,48.16799]},"properties":{"age_h":69.7,"recency":1,"frp":5.2,"confidence":"nominal","observations":1,"passes":1,"sensor_count":1,"sensors":"NOAA-20","effis_confirmed":false,"burned_confirmed":false,"evidence_score":0,"evidence":"","filter_reason":"anomalie_non_corroboree"}},{"type":"Feature","geometry":{"type":"Point","coordinates":[30.98468,48.24183]},"properties":{"age_h":69.7,"recency":1,"frp":5.4,"confidence":"nominal","observations":1,"passes":1,"sensor_count":1,"sensors":"NOAA-20","effis_confirmed":false,"burned_confirmed":false,"evidence_score":0,"evidence":"","filter_reason":"anomalie_non_corroboree"}},{"type":"Feature","geometry":{"type":"Point","coordinates":[30.5868,48.97775]},"properties":{"age_h":69.7,"recency":1,"frp":3.3,"confidence":"nominal","observations":1,"passes":1,"sensor_count":1,"sensors":"NOAA-20","effis_confirmed":false,"burned_confirmed":false,"evidence_score":0,"evidence":"","filter_reason":"anomalie_non_corroboree"}},{"type":"Feature","geometry":{"type":"Point","coordinates":[27.14935,49.79148]},"properties":{"age_h":69.7,"recency":1,"frp":1.1,"confidence":"nominal","observations":1,"passes":1,"sensor_count":1,"sensors":"NOAA-20","effis_confirmed":false,"burned_confirmed":false,"evidence_score":0,"evidence":"","filter_reason":"anomalie_non_corroboree"}},{"type":"Feature","geometry":{"type":"Point","coordinates":[17.87031,49.91514]},"properties":{"age_h":69.7,"recency":1,"frp":1.7,"confidence":"nominal","observations":1,"passes":1,"sensor_count":1,"sensors":"NOAA-20","effis_confirmed":false,"burned_confirmed":false,"evidence_score":0,"evidence":"","filter_reason":"anomalie_non_corroboree"}},{"type":"Feature","geometry":{"type":"Point","coordinates":[33.20216,50.99605]},"properties":{"age_h":69.7,"recency":1,"frp":4.0,"confidence":"nominal","observations":1,"passes":1,"sensor_count":1,"sensors":"NOAA-20","effis_confirmed":false,"burned_confirmed":false,"evidence_score":0,"evidence":"","filter_reason":"anomalie_non_corroboree"}},{"type":"Feature","geometry":{"type":"Point","coordinates":[33.10159,52.27741]},"properties":{"age_h":69.7,"recency":1,"frp":10.9,"confidence":"nominal","observations":1,"passes":1,"sensor_count":1,"sensors":"NOAA-20","effis_confirmed":false,"burned_confirmed":false,"evidence_score":1,"evidence":"","filter_reason":"anomalie_non_corroboree"}},{"type":"Feature","geometry":{"type":"Point","coordinates":[38.92316,52.89382]},"properties":{"age_h":69.7,"recency":1,"frp":1.9,"confidence":"nominal","observations":1,"passes":1,"sensor_count":1,"sensors":"NOAA-20","effis_confirmed":false,"burned_confirmed":false,"evidence_score":0,"evidence":"","filter_reason":"anomalie_non_corroboree"}},{"type":"Feature","geometry":{"type":"Point","coordinates":[36.33368,34.69673]},"properties":{"age_h":69.0,"recency":1,"frp":12.4,"confidence":"nominal","observations":1,"passes":1,"sensor_count":1,"sensors":"NOAA-21","effis_confirmed":false,"burned_confirmed":false,"evidence_score":1,"evidence":"","filter_reason":"anomalie_non_corroboree"}},{"type":"Feature","geometry":{"type":"Point","coordinates":[37.00673,36.04663]},"properties":{"age_h":69.0,"recency":1,"frp":3.6,"confidence":"nominal","observations":1,"passes":1,"sensor_count":1,"sensors":"NOAA-21","effis_confirmed":false,"burned_confirmed":false,"evidence_score":0,"evidence":"","filter_reason":"anomalie_non_corroboree"}},{"type":"Feature","geometry":{"type":"Point","coordinates":[39.05402,36.11072]},"properties":{"age_h":69.0,"recency":1,"frp":5.3,"confidence":"nominal","observations":1,"passes":1,"sensor_count":1,"sensors":"NOAA-21","effis_confirmed":false,"burned_confirmed":false,"evidence_score":0,"evidence":"","filter_reason":"anomalie_non_corroboree"}},{"type":"Feature","geometry":{"type":"Point","coordinates":[37.47235,36.17942]},"properties":{"age_h":69.0,"recency":1,"frp":1.7,"confidence":"nominal","observations":1,"passes":1,"sensor_count":1,"sensors":"NOAA-21","effis_confirmed":false,"burned_confirmed":false,"evidence_score":0,"evidence":"","filter_reason":"anomalie_non_corroboree"}},{"type":"Feature","geometry":{"type":"Point","coordinates":[38.04987,36.24942]},"properties":{"age_h":69.0,"recency":1,"frp":6.8,"confidence":"nominal","observations":2,"passes":1,"sensor_count":1,"sensors":"NOAA-21","effis_confirmed":false,"burned_confirmed":false,"evidence_score":0,"evidence":"","filter_reason":"anomalie_non_corroboree"}},{"type":"Feature","geometry":{"type":"Point","coordinates":[37.24658,36.40875]},"properties":{"age_h":69.0,"recency":1,"frp":8.0,"confidence":"nominal","observations":2,"passes":1,"sensor_count":1,"sensors":"NOAA-21","effis_confirmed":false,"burned_confirmed":false,"evidence_score":0,"evidence":"","filter_reason":"anomalie_non_corroboree"}},{"type":"Feature","geometry":{"type":"Point","coordinates":[38.4924,36.79534]},"properties":{"age_h":69.0,"recency":1,"frp":4.7,"confidence":"nominal","observations":1,"passes":1,"sensor_count":1,"sensors":"NOAA-21","effis_confirmed":false,"burned_confirmed":false,"evidence_score":0,"evidence":"","filter_reason":"anomalie_non_corroboree"}},{"type":"Feature","geometry":{"type":"Point","coordinates":[37.98358,36.82976]},"properties":{"age_h":69.0,"recency":1,"frp":10.2,"confidence":"nominal","observations":1,"passes":1,"sensor_count":1,"sensors":"NOAA-21","effis_confirmed":false,"burned_confirmed":false,"evidence_score":1,"evidence":"","filter_reason":"anomalie_non_corroboree"}},{"type":"Feature","geometry":{"type":"Point","coordinates":[41.24449,37.0755]},"properties":{"age_h":69.0,"recency":1,"frp":6.2,"confidence":"nominal","observations":1,"passes":1,"sensor_count":1,"sensors":"NOAA-21","effis_confirmed":false,"burned_confirmed":false,"evidence_score":0,"evidence":"","filter_reason":"anomalie_non_corroboree"}},{"type":"Feature","geometry":{"type":"Point","coordinates":[40.38297,37.12339]},"properties":{"age_h":69.0,"recency":1,"frp":8.9,"confidence":"nominal","observations":1,"passes":1,"sensor_count":1,"sensors":"NOAA-21","effis_confirmed":false,"burned_confirmed":false,"evidence_score":0,"evidence":"","filter_reason":"anomalie_non_corroboree"}},{"type":"Feature","geometry":{"type":"Point","coordinates":[40.34393,37.73002]},"properties":{"age_h":69.0,"recency":1,"frp":8.8,"confidence":"nominal","observations":2,"passes":1,"sensor_count":1,"sensors":"NOAA-21","effis_confirmed":false,"burned_confirmed":false,"evidence_score":0,"evidence":"","filter_reason":"anomalie_non_corroboree"}},{"type":"Feature","geometry":{"type":"Point","coordinates":[39.32751,38.48858]},"properties":{"age_h":69.0,"recency":1,"frp":6.5,"confidence":"nominal","observations":1,"passes":1,"sensor_count":1,"sensors":"NOAA-21","effis_confirmed":false,"burned_confirmed":false,"evidence_score":0,"evidence":"","filter_reason":"anomalie_non_corroboree"}},{"type":"Feature","geometry":{"type":"Point","coordinates":[39.30991,38.60779]},"properties":{"age_h":69.0,"recency":1,"frp":7.0,"confidence":"nominal","observations":2,"passes":1,"sensor_count":1,"sensors":"NOAA-21","effis_confirmed":false,"burned_confirmed":false,"evidence_score":0,"evidence":"","filter_reason":"anomalie_non_corroboree"}},{"type":"Feature","geometry":{"type":"Point","coordinates":[40.53531,38.87562]},"properties":{"age_h":69.0,"recency":1,"frp":4.7,"confidence":"nominal","observations":2,"passes":1,"sensor_count":1,"sensors":"NOAA-21","effis_confirmed":false,"burned_confirmed":false,"evidence_score":0,"evidence":"","filter_reason":"anomalie_non_corroboree"}},{"type":"Feature","geometry":{"type":"Point","coordinates":[18.14091,39.97144]},"properties":{"age_h":69.0,"recency":1,"frp":2.9,"confidence":"high","observations":2,"passes":1,"sensor_count":1,"sensors":"NOAA-21","effis_confirmed":false,"burned_confirmed":false,"evidence_score":1,"evidence":"confiance élevée","filter_reason":"anomalie_non_corroboree"}},{"type":"Feature","geometry":{"type":"Point","coordinates":[18.30117,40.14303]},"properties":{"age_h":69.0,"recency":1,"frp":7.2,"confidence":"nominal","observations":2,"passes":1,"sensor_count":1,"sensors":"NOAA-21","effis_confirmed":false,"burned_confirmed":false,"evidence_score":0,"evidence":"","filter_reason":"anomalie_non_corroboree"}},{"type":"Feature","geometry":{"type":"Point","coordinates":[14.14489,40.91023]},"properties":{"age_h":69.0,"recency":1,"frp":4.5,"confidence":"nominal","observations":1,"passes":1,"sensor_count":1,"sensors":"NOAA-21","effis_confirmed":false,"burned_confirmed":false,"evidence_score":0,"evidence":"","filter_reason":"anomalie_non_corroboree"}},{"type":"Feature","geometry":{"type":"Point","coordinates":[20.67211,41.19032]},"properties":{"age_h":69.0,"recency":1,"frp":10.4,"confidence":"nominal","observations":1,"passes":1,"sensor_count":1,"sensors":"NOAA-21","effis_confirmed":false,"burned_confirmed":false,"evidence_score":1,"evidence":"","filter_reason":"anomalie_non_corroboree"}},{"type":"Feature","geometry":{"type":"Point","coordinates":[16.35466,41.28741]},"properties":{"age_h":69.0,"recency":1,"frp":5.8,"confidence":"nominal","observations":1,"passes":1,"sensor_count":1,"sensors":"NOAA-21","effis_confirmed":false,"burned_confirmed":false,"evidence_score":0,"evidence":"","filter_reason":"anomalie_non_corroboree"}},{"type":"Feature","geometry":{"type":"Point","coordinates":[15.99471,41.29998]},"properties":{"age_h":69.0,"recency":1,"frp":5.1,"confidence":"nominal","observations":1,"passes":1,"sensor_count":1,"sensors":"NOAA-21","effis_confirmed":false,"burned_confirmed":false,"evidence_score":0,"evidence":"","filter_reason":"anomalie_non_corroboree"}},{"type":"Feature","geometry":{"type":"Point","coordinates":[15.63959,41.34295]},"properties":{"age_h":69.0,"recency":1,"frp":1.9,"confidence":"nominal","observations":1,"passes":1,"sensor_count":1,"sensors":"NOAA-21","effis_confirmed":false,"burned_confirmed":false,"evidence_score":0,"evidence":"","filter_reason":"anomalie_non_corroboree"}},{"type":"Feature","geometry":{"type":"Point","coordinates":[14.68618,41.58011]},"properties":{"age_h":69.0,"recency":1,"frp":3.1,"confidence":"nominal","observations":1,"passes":1,"sensor_count":1,"sensors":"NOAA-21","effis_confirmed":false,"burned_confirmed":false,"evidence_score":0,"evidence":"","filter_reason":"anomalie_non_corroboree"}},{"type":"Feature","geometry":{"type":"Point","coordinates":[11.80266,42.11679]},"properties":{"age_h":69.0,"recency":1,"frp":11.4,"confidence":"nominal","observations":1,"passes":1,"sensor_count":1,"sensors":"NOAA-21","effis_confirmed":false,"burned_confirmed":false,"evidence_score":1,"evidence":"","filter_reason":"anomalie_non_corroboree"}},{"type":"Feature","geometry":{"type":"Point","coordinates":[26.98267,43.80053]},"properties":{"age_h":69.0,"recency":1,"frp":299.5,"confidence":"high","observations":1,"passes":1,"sensor_count":1,"sensors":"NOAA-21","effis_confirmed":false,"burned_confirmed":false,"evidence_score":2,"evidence":"confiance élevée","filter_reason":"anomalie_non_corroboree"}},{"type":"Feature","geometry":{"type":"Point","coordinates":[24.08212,44.08279]},"properties":{"age_h":69.0,"recency":1,"frp":4.0,"confidence":"nominal","observations":1,"passes":1,"sensor_count":1,"sensors":"NOAA-21","effis_confirmed":false,"burned_confirmed":false,"evidence_score":0,"evidence":"","filter_reason":"anomalie_non_corroboree"}},{"type":"Feature","geometry":{"type":"Point","coordinates":[26.7561,44.79436]},"properties":{"age_h":69.0,"recency":1,"frp":2.3,"confidence":"nominal","observations":1,"passes":1,"sensor_count":1,"sensors":"NOAA-21","effis_confirmed":false,"burned_confirmed":false,"evidence_score":0,"evidence":"","filter_reason":"anomalie_non_corroboree"}},{"type":"Feature","geometry":{"type":"Point","coordinates":[28.58984,45.55062]},"properties":{"age_h":69.0,"recency":1,"frp":5.3,"confidence":"nominal","observations":1,"passes":1,"sensor_count":1,"sensors":"NOAA-21","effis_confirmed":false,"burned_confirmed":false,"evidence_score":0,"evidence":"","filter_reason":"anomalie_non_corroboree"}},{"type":"Feature","geometry":{"type":"Point","coordinates":[28.57421,45.56879]},"properties":{"age_h":69.0,"recency":1,"frp":4.9,"confidence":"nominal","observations":1,"passes":1,"sensor_count":1,"sensors":"NOAA-21","effis_confirmed":false,"burned_confirmed":false,"evidence_score":0,"evidence":"","filter_reason":"anomalie_non_corroboree"}},{"type":"Feature","geometry":{"type":"Point","coordinates":[27.57996,46.91629]},"properties":{"age_h":69.0,"recency":1,"frp":3.2,"confidence":"nominal","observations":1,"passes":1,"sensor_count":1,"sensors":"NOAA-21","effis_confirmed":false,"burned_confirmed":false,"evidence_score":0,"evidence":"","filter_reason":"anomalie_non_corroboree"}},{"type":"Feature","geometry":{"type":"Point","coordinates":[34.02448,47.1223]},"properties":{"age_h":69.0,"recency":1,"frp":5.2,"confidence":"nominal","observations":1,"passes":1,"sensor_count":1,"sensors":"NOAA-21","effis_confirmed":false,"burned_confirmed":false,"evidence_score":0,"evidence":"","filter_reason":"anomalie_non_corroboree"}},{"type":"Feature","geometry":{"type":"Point","coordinates":[41.42865,47.64584]},"properties":{"age_h":69.0,"recency":1,"frp":9.8,"confidence":"nominal","observations":1,"passes":1,"sensor_count":1,"sensors":"NOAA-21","effis_confirmed":false,"burned_confirmed":false,"evidence_score":0,"evidence":"","filter_reason":"anomalie_non_corroboree"}},{"type":"Feature","geometry":{"type":"Point","coordinates":[28.97369,47.74184]},"properties":{"age_h":69.0,"recency":1,"frp":13.5,"confidence":"nominal","observations":1,"passes":1,"sensor_count":1,"sensors":"NOAA-21","effis_confirmed":false,"burned_confirmed":false,"evidence_score":1,"evidence":"","filter_reason":"anomalie_non_corroboree"}},{"type":"Feature","geometry":{"type":"Point","coordinates":[29.8068,47.89115]},"properties":{"age_h":69.0,"recency":1,"frp":31.9,"confidence":"nominal","observations":4,"passes":1,"sensor_count":1,"sensors":"NOAA-21","effis_confirmed":false,"burned_confirmed":false,"evidence_score":3,"evidence":"groupe spatial","filter_reason":"anomalie_non_corroboree"}},{"type":"Feature","geometry":{"type":"Point","coordinates":[41.82414,48.33021]},"properties":{"age_h":69.0,"recency":1,"frp":2.2,"confidence":"nominal","observations":1,"passes":1,"sensor_count":1,"sensors":"NOAA-21","effis_confirmed":false,"burned_confirmed":false,"evidence_score":0,"evidence":"","filter_reason":"anomalie_non_corroboree"}},{"type":"Feature","geometry":{"type":"Point","coordinates":[21.27188,47.32894]},"properties":{"age_h":68.9,"recency":1,"frp":6.8,"confidence":"nominal","observations":1,"passes":1,"sensor_count":1,"sensors":"NOAA-21","effis_confirmed":false,"burned_confirmed":false,"evidence_score":0,"evidence":"","filter_reason":"anomalie_non_corroboree"}},{"type":"Feature","geometry":{"type":"Point","coordinates":[19.15229,47.43375]},"properties":{"age_h":68.9,"recency":1,"frp":2.0,"confidence":"nominal","observations":1,"passes":1,"sensor_count":1,"sensors":"NOAA-21","effis_confirmed":false,"burned_confirmed":false,"evidence_score":0,"evidence":"","filter_reason":"anomalie_non_corroboree"}},{"type":"Feature","geometry":{"type":"Point","coordinates":[19.19834,47.44435]},"properties":{"age_h":68.9,"recency":1,"frp":3.6,"confidence":"nominal","observations":1,"passes":1,"sensor_count":1,"sensors":"NOAA-21","effis_confirmed":false,"burned_confirmed":false,"evidence_score":0,"evidence":"","filter_reason":"anomalie_non_corroboree"}},{"type":"Feature","geometry":{"type":"Point","coordinates":[29.16762,48.0965]},"properties":{"age_h":68.9,"recency":1,"frp":17.4,"confidence":"nominal","observations":5,"passes":1,"sensor_count":1,"sensors":"NOAA-21","effis_confirmed":false,"burned_confirmed":false,"evidence_score":3,"evidence":"groupe spatial","filter_reason":"anomalie_non_corroboree"}},{"type":"Feature","geometry":{"type":"Point","coordinates":[31.56778,48.49532]},"properties":{"age_h":68.9,"recency":1,"frp":8.4,"confidence":"nominal","observations":2,"passes":1,"sensor_count":1,"sensors":"NOAA-21","effis_confirmed":false,"burned_confirmed":false,"evidence_score":0,"evidence":"","filter_reason":"anomalie_non_corroboree"}},{"type":"Feature","geometry":{"type":"Point","coordinates":[17.37518,48.59879]},"properties":{"age_h":68.9,"recency":1,"frp":6.9,"confidence":"nominal","observations":1,"passes":1,"sensor_count":1,"sensors":"NOAA-21","effis_confirmed":false,"burned_confirmed":false,"evidence_score":0,"evidence":"","filter_reason":"anomalie_non_corroboree"}},{"type":"Feature","geometry":{"type":"Point","coordinates":[26.43275,48.80977]},"properties":{"age_h":68.9,"recency":1,"frp":2.2,"confidence":"nominal","observations":1,"passes":1,"sensor_count":1,"sensors":"NOAA-21","effis_confirmed":false,"burned_confirmed":false,"evidence_score":0,"evidence":"","filter_reason":"anomalie_non_corroboree"}},{"type":"Feature","geometry":{"type":"Point","coordinates":[26.3176,48.91223]},"properties":{"age_h":68.9,"recency":1,"frp":1.7,"confidence":"nominal","observations":1,"passes":1,"sensor_count":1,"sensors":"NOAA-21","effis_confirmed":false,"burned_confirmed":false,"evidence_score":0,"evidence":"","filter_reason":"anomalie_non_corroboree"}},{"type":"Feature","geometry":{"type":"Point","coordinates":[26.82363,49.22276]},"properties":{"age_h":68.9,"recency":1,"frp":5.2,"confidence":"nominal","observations":1,"passes":1,"sensor_count":1,"sensors":"NOAA-21","effis_confirmed":false,"burned_confirmed":false,"evidence_score":0,"evidence":"","filter_reason":"anomalie_non_corroboree"}},{"type":"Feature","geometry":{"type":"Point","coordinates":[17.38363,49.30804]},"properties":{"age_h":68.9,"recency":1,"frp":2.9,"confidence":"nominal","observations":1,"passes":1,"sensor_count":1,"sensors":"NOAA-21","effis_confirmed":false,"burned_confirmed":false,"evidence_score":0,"evidence":"","filter_reason":"anomalie_non_corroboree"}},{"type":"Feature","geometry":{"type":"Point","coordinates":[25.36761,49.44656]},"properties":{"age_h":68.9,"recency":1,"frp":5.9,"confidence":"nominal","observations":1,"passes":1,"sensor_count":1,"sensors":"NOAA-21","effis_confirmed":false,"burned_confirmed":false,"evidence_score":0,"evidence":"","filter_reason":"anomalie_non_corroboree"}},{"type":"Feature","geometry":{"type":"Point","coordinates":[23.81415,49.80122]},"properties":{"age_h":68.9,"recency":1,"frp":3.9,"confidence":"nominal","observations":1,"passes":1,"sensor_count":1,"sensors":"NOAA-21","effis_confirmed":false,"burned_confirmed":false,"evidence_score":0,"evidence":"","filter_reason":"anomalie_non_corroboree"}},{"type":"Feature","geometry":{"type":"Point","coordinates":[31.40949,50.41513]},"properties":{"age_h":68.9,"recency":1,"frp":5.2,"confidence":"nominal","observations":1,"passes":1,"sensor_count":1,"sensors":"NOAA-21","effis_confirmed":false,"burned_confirmed":false,"evidence_score":0,"evidence":"","filter_reason":"anomalie_non_corroboree"}},{"type":"Feature","geometry":{"type":"Point","coordinates":[24.75128,50.49199]},"properties":{"age_h":68.9,"recency":1,"frp":4.3,"confidence":"nominal","observations":1,"passes":1,"sensor_count":1,"sensors":"NOAA-21","effis_confirmed":false,"burned_confirmed":false,"evidence_score":0,"evidence":"","filter_reason":"anomalie_non_corroboree"}},{"type":"Feature","geometry":{"type":"Point","coordinates":[32.58387,52.3567]},"properties":{"age_h":68.9,"recency":1,"frp":12.7,"confidence":"nominal","observations":2,"passes":1,"sensor_count":1,"sensors":"NOAA-21","effis_confirmed":false,"burned_confirmed":false,"evidence_score":1,"evidence":"","filter_reason":"anomalie_non_corroboree"}},{"type":"Feature","geometry":{"type":"Point","coordinates":[11.92436,51.75159]},"properties":{"age_h":68.9,"recency":1,"frp":22.9,"confidence":"nominal","observations":5,"passes":1,"sensor_count":1,"sensors":"NOAA-21","effis_confirmed":false,"burned_confirmed":false,"evidence_score":3,"evidence":"groupe spatial","filter_reason":"anomalie_non_corroboree"}},{"type":"Feature","geometry":{"type":"Point","coordinates":[14.48754,53.01242]},"properties":{"age_h":68.9,"recency":1,"frp":27.2,"confidence":"nominal","observations":2,"passes":1,"sensor_count":1,"sensors":"NOAA-21","effis_confirmed":false,"burned_confirmed":false,"evidence_score":1,"evidence":"","filter_reason":"anomalie_non_corroboree"}},{"type":"Feature","geometry":{"type":"Point","coordinates":[37.03325,35.96524]},"properties":{"age_h":68.4,"recency":1,"frp":2.7,"confidence":"nominal","observations":1,"passes":1,"sensor_count":1,"sensors":"Suomi-NPP","effis_confirmed":false,"burned_confirmed":false,"evidence_score":0,"evidence":"","filter_reason":"anomalie_non_corroboree"}},{"type":"Feature","geometry":{"type":"Point","coordinates":[39.05666,36.0029]},"properties":{"age_h":68.4,"recency":1,"frp":7.2,"confidence":"nominal","observations":1,"passes":1,"sensor_count":1,"sensors":"Suomi-NPP","effis_confirmed":false,"burned_confirmed":false,"evidence_score":0,"evidence":"","filter_reason":"anomalie_non_corroboree"}},{"type":"Feature","geometry":{"type":"Point","coordinates":[37.02167,36.03967]},"properties":{"age_h":68.4,"recency":1,"frp":3.7,"confidence":"nominal","observations":1,"passes":1,"sensor_count":1,"sensors":"Suomi-NPP","effis_confirmed":false,"burned_confirmed":false,"evidence_score":0,"evidence":"","filter_reason":"anomalie_non_corroboree"}},{"type":"Feature","geometry":{"type":"Point","coordinates":[36.7869,36.1554]},"properties":{"age_h":68.4,"recency":1,"frp":5.4,"confidence":"high","observations":2,"passes":1,"sensor_count":1,"sensors":"Suomi-NPP","effis_confirmed":false,"burned_confirmed":false,"evidence_score":1,"evidence":"confiance élevée","filter_reason":"anomalie_non_corroboree"}},{"type":"Feature","geometry":{"type":"Point","coordinates":[14.43084,36.9319]},"properties":{"age_h":68.4,"recency":1,"frp":5.4,"confidence":"nominal","observations":1,"passes":1,"sensor_count":1,"sensors":"Suomi-NPP","effis_confirmed":false,"burned_confirmed":false,"evidence_score":0,"evidence":"","filter_reason":"anomalie_non_corroboree"}},{"type":"Feature","geometry":{"type":"Point","coordinates":[40.08226,37.24271]},"properties":{"age_h":68.4,"recency":1,"frp":8.2,"confidence":"nominal","observations":2,"passes":1,"sensor_count":1,"sensors":"Suomi-NPP","effis_confirmed":false,"burned_confirmed":false,"evidence_score":0,"evidence":"","filter_reason":"anomalie_non_corroboree"}},{"type":"Feature","geometry":{"type":"Point","coordinates":[13.49155,37.34089]},"properties":{"age_h":68.4,"recency":1,"frp":3.7,"confidence":"nominal","observations":2,"passes":1,"sensor_count":1,"sensors":"Suomi-NPP","effis_confirmed":false,"burned_confirmed":false,"evidence_score":0,"evidence":"","filter_reason":"anomalie_non_corroboree"}},{"type":"Feature","geometry":{"type":"Point","coordinates":[14.67938,37.42083]},"properties":{"age_h":68.4,"recency":1,"frp":4.7,"confidence":"nominal","observations":1,"passes":1,"sensor_count":1,"sensors":"Suomi-NPP","effis_confirmed":false,"burned_confirmed":false,"evidence_score":0,"evidence":"","filter_reason":"anomalie_non_corroboree"}},{"type":"Feature","geometry":{"type":"Point","coordinates":[27.5321,37.73835]},"properties":{"age_h":68.4,"recency":1,"frp":3.7,"confidence":"nominal","observations":1,"passes":1,"sensor_count":1,"sensors":"Suomi-NPP","effis_confirmed":false,"burned_confirmed":false,"evidence_score":0,"evidence":"","filter_reason":"anomalie_non_corroboree"}},{"type":"Feature","geometry":{"type":"Point","coordinates":[27.70936,38.19318]},"properties":{"age_h":68.4,"recency":1,"frp":4.8,"confidence":"nominal","observations":1,"passes":1,"sensor_count":1,"sensors":"Suomi-NPP","effis_confirmed":false,"burned_confirmed":false,"evidence_score":0,"evidence":"","filter_reason":"anomalie_non_corroboree"}},{"type":"Feature","geometry":{"type":"Point","coordinates":[18.10514,39.95416]},"properties":{"age_h":68.4,"recency":1,"frp":8.4,"confidence":"nominal","observations":1,"passes":1,"sensor_count":1,"sensors":"Suomi-NPP","effis_confirmed":false,"burned_confirmed":false,"evidence_score":0,"evidence":"","filter_reason":"anomalie_non_corroboree"}},{"type":"Feature","geometry":{"type":"Point","coordinates":[14.9891,40.58239]},"properties":{"age_h":68.4,"recency":1,"frp":4.4,"confidence":"nominal","observations":1,"passes":1,"sensor_count":1,"sensors":"Suomi-NPP","effis_confirmed":false,"burned_confirmed":false,"evidence_score":0,"evidence":"","filter_reason":"anomalie_non_corroboree"}},{"type":"Feature","geometry":{"type":"Point","coordinates":[16.07758,40.908]},"properties":{"age_h":68.4,"recency":1,"frp":1.6,"confidence":"nominal","observations":1,"passes":1,"sensor_count":1,"sensors":"Suomi-NPP","effis_confirmed":false,"burned_confirmed":false,"evidence_score":0,"evidence":"","filter_reason":"anomalie_non_corroboree"}},{"type":"Feature","geometry":{"type":"Point","coordinates":[19.60052,41.10594]},"properties":{"age_h":68.4,"recency":1,"frp":1.2,"confidence":"nominal","observations":1,"passes":1,"sensor_count":1,"sensors":"Suomi-NPP","effis_confirmed":false,"burned_confirmed":false,"evidence_score":0,"evidence":"","filter_reason":"anomalie_non_corroboree"}},{"type":"Feature","geometry":{"type":"Point","coordinates":[22.6051,41.31573]},"properties":{"age_h":68.4,"recency":1,"frp":9.9,"confidence":"nominal","observations":1,"passes":1,"sensor_count":1,"sensors":"Suomi-NPP","effis_confirmed":false,"burned_confirmed":false,"evidence_score":0,"evidence":"","filter_reason":"anomalie_non_corroboree"}},{"type":"Feature","geometry":{"type":"Point","coordinates":[16.01124,41.38411]},"properties":{"age_h":68.4,"recency":1,"frp":14.7,"confidence":"nominal","observations":1,"passes":1,"sensor_count":1,"sensors":"Suomi-NPP","effis_confirmed":false,"burned_confirmed":false,"evidence_score":1,"evidence":"","filter_reason":"anomalie_non_corroboree"}},{"type":"Feature","geometry":{"type":"Point","coordinates":[15.38793,41.39264]},"properties":{"age_h":68.4,"recency":1,"frp":2.2,"confidence":"nominal","observations":2,"passes":1,"sensor_count":1,"sensors":"Suomi-NPP","effis_confirmed":false,"burned_confirmed":false,"evidence_score":0,"evidence":"","filter_reason":"anomalie_non_corroboree"}},{"type":"Feature","geometry":{"type":"Point","coordinates":[15.33167,41.84608]},"properties":{"age_h":68.4,"recency":1,"frp":7.8,"confidence":"nominal","observations":1,"passes":1,"sensor_count":1,"sensors":"Suomi-NPP","effis_confirmed":false,"burned_confirmed":false,"evidence_score":0,"evidence":"","filter_reason":"anomalie_non_corroboree"}},{"type":"Feature","geometry":{"type":"Point","coordinates":[19.40972,41.86884]},"properties":{"age_h":68.4,"recency":1,"frp":3.2,"confidence":"nominal","observations":1,"passes":1,"sensor_count":1,"sensors":"Suomi-NPP","effis_confirmed":false,"burned_confirmed":false,"evidence_score":0,"evidence":"","filter_reason":"anomalie_non_corroboree"}},{"type":"Feature","geometry":{"type":"Point","coordinates":[19.45434,42.019]},"properties":{"age_h":68.4,"recency":1,"frp":1.5,"confidence":"nominal","observations":2,"passes":1,"sensor_count":1,"sensors":"Suomi-NPP","effis_confirmed":false,"burned_confirmed":false,"evidence_score":0,"evidence":"","filter_reason":"anomalie_non_corroboree"}},{"type":"Feature","geometry":{"type":"Point","coordinates":[22.44545,43.01721]},"properties":{"age_h":68.4,"recency":1,"frp":4.8,"confidence":"nominal","observations":1,"passes":1,"sensor_count":1,"sensors":"Suomi-NPP","effis_confirmed":false,"burned_confirmed":false,"evidence_score":0,"evidence":"","filter_reason":"anomalie_non_corroboree"}},{"type":"Feature","geometry":{"type":"Point","coordinates":[23.54298,43.53085]},"properties":{"age_h":68.4,"recency":1,"frp":4.4,"confidence":"nominal","observations":1,"passes":1,"sensor_count":1,"sensors":"Suomi-NPP","effis_confirmed":false,"burned_confirmed":false,"evidence_score":0,"evidence":"","filter_reason":"anomalie_non_corroboree"}},{"type":"Feature","geometry":{"type":"Point","coordinates":[12.05675,44.10152]},"properties":{"age_h":68.4,"recency":1,"frp":3.8,"confidence":"nominal","observations":1,"passes":1,"sensor_count":1,"sensors":"Suomi-NPP","effis_confirmed":false,"burned_confirmed":false,"evidence_score":0,"evidence":"","filter_reason":"anomalie_non_corroboree"}},{"type":"Feature","geometry":{"type":"Point","coordinates":[23.03037,44.16167]},"properties":{"age_h":68.4,"recency":1,"frp":5.2,"confidence":"nominal","observations":1,"passes":1,"sensor_count":1,"sensors":"Suomi-NPP","effis_confirmed":false,"burned_confirmed":false,"evidence_score":0,"evidence":"","filter_reason":"anomalie_non_corroboree"}},{"type":"Feature","geometry":{"type":"Point","coordinates":[18.57172,45.03347]},"properties":{"age_h":68.4,"recency":1,"frp":6.5,"confidence":"nominal","observations":1,"passes":1,"sensor_count":1,"sensors":"Suomi-NPP","effis_confirmed":false,"burned_confirmed":false,"evidence_score":0,"evidence":"","filter_reason":"anomalie_non_corroboree"}},{"type":"Feature","geometry":{"type":"Point","coordinates":[29.43544,45.56241]},"properties":{"age_h":68.4,"recency":1,"frp":14.2,"confidence":"nominal","observations":2,"passes":1,"sensor_count":1,"sensors":"Suomi-NPP","effis_confirmed":false,"burned_confirmed":false,"evidence_score":1,"evidence":"","filter_reason":"anomalie_non_corroboree"}},{"type":"Feature","geometry":{"type":"Point","coordinates":[29.55445,45.70425]},"properties":{"age_h":68.4,"recency":1,"frp":10.0,"confidence":"nominal","observations":1,"passes":1,"sensor_count":1,"sensors":"Suomi-NPP","effis_confirmed":false,"burned_confirmed":false,"evidence_score":1,"evidence":"","filter_reason":"anomalie_non_corroboree"}},{"type":"Feature","geometry":{"type":"Point","coordinates":[12.65183,45.93076]},"properties":{"age_h":68.4,"recency":1,"frp":5.0,"confidence":"nominal","observations":1,"passes":1,"sensor_count":1,"sensors":"Suomi-NPP","effis_confirmed":false,"burned_confirmed":false,"evidence_score":0,"evidence":"","filter_reason":"anomalie_non_corroboree"}},{"type":"Feature","geometry":{"type":"Point","coordinates":[18.68719,46.54258]},"properties":{"age_h":68.4,"recency":1,"frp":1.8,"confidence":"nominal","observations":1,"passes":1,"sensor_count":1,"sensors":"Suomi-NPP","effis_confirmed":false,"burned_confirmed":false,"evidence_score":0,"evidence":"","filter_reason":"anomalie_non_corroboree"}},{"type":"Feature","geometry":{"type":"Point","coordinates":[35.34177,47.2468]},"properties":{"age_h":68.4,"recency":1,"frp":22.9,"confidence":"high","observations":2,"passes":1,"sensor_count":1,"sensors":"Suomi-NPP","effis_confirmed":false,"burned_confirmed":false,"evidence_score":2,"evidence":"confiance élevée","filter_reason":"anomalie_non_corroboree"}},{"type":"Feature","geometry":{"type":"Point","coordinates":[34.78197,47.44993]},"properties":{"age_h":68.4,"recency":1,"frp":4.1,"confidence":"nominal","observations":1,"passes":1,"sensor_count":1,"sensors":"Suomi-NPP","effis_confirmed":false,"burned_confirmed":false,"evidence_score":0,"evidence":"","filter_reason":"anomalie_non_corroboree"}},{"type":"Feature","geometry":{"type":"Point","coordinates":[1.94622,47.05478]},"properties":{"age_h":68.3,"recency":1,"frp":5.3,"confidence":"nominal","observations":1,"passes":1,"sensor_count":1,"sensors":"Suomi-NPP","effis_confirmed":false,"burned_confirmed":false,"evidence_score":0,"evidence":"","filter_reason":"anomalie_non_corroboree"}},{"type":"Feature","geometry":{"type":"Point","coordinates":[8.2099,47.50843]},"properties":{"age_h":68.3,"recency":1,"frp":11.5,"confidence":"nominal","observations":1,"passes":1,"sensor_count":1,"sensors":"Suomi-NPP","effis_confirmed":false,"burned_confirmed":false,"evidence_score":1,"evidence":"","filter_reason":"anomalie_non_corroboree"}},{"type":"Feature","geometry":{"type":"Point","coordinates":[19.61185,49.07238]},"properties":{"age_h":68.3,"recency":1,"frp":1.6,"confidence":"nominal","observations":1,"passes":1,"sensor_count":1,"sensors":"Suomi-NPP","effis_confirmed":false,"burned_confirmed":false,"evidence_score":0,"evidence":"","filter_reason":"anomalie_non_corroboree"}},{"type":"Feature","geometry":{"type":"Point","coordinates":[15.98209,49.24257]},"properties":{"age_h":68.3,"recency":1,"frp":1.9,"confidence":"nominal","observations":1,"passes":1,"sensor_count":1,"sensors":"Suomi-NPP","effis_confirmed":false,"burned_confirmed":false,"evidence_score":0,"evidence":"","filter_reason":"anomalie_non_corroboree"}},{"type":"Feature","geometry":{"type":"Point","coordinates":[12.23469,49.32055]},"properties":{"age_h":68.3,"recency":1,"frp":4.5,"confidence":"nominal","observations":1,"passes":1,"sensor_count":1,"sensors":"Suomi-NPP","effis_confirmed":false,"burned_confirmed":false,"evidence_score":0,"evidence":"","filter_reason":"anomalie_non_corroboree"}},{"type":"Feature","geometry":{"type":"Point","coordinates":[29.07891,49.35924]},"properties":{"age_h":68.3,"recency":1,"frp":7.9,"confidence":"nominal","observations":1,"passes":1,"sensor_count":1,"sensors":"Suomi-NPP","effis_confirmed":false,"burned_confirmed":false,"evidence_score":0,"evidence":"","filter_reason":"anomalie_non_corroboree"}},{"type":"Feature","geometry":{"type":"Point","coordinates":[19.61973,49.37176]},"properties":{"age_h":68.3,"recency":1,"frp":1.7,"confidence":"nominal","observations":1,"passes":1,"sensor_count":1,"sensors":"Suomi-NPP","effis_confirmed":false,"burned_confirmed":false,"evidence_score":0,"evidence":"","filter_reason":"anomalie_non_corroboree"}},{"type":"Feature","geometry":{"type":"Point","coordinates":[33.97687,49.38774]},"properties":{"age_h":68.3,"recency":1,"frp":2.5,"confidence":"nominal","observations":1,"passes":1,"sensor_count":1,"sensors":"Suomi-NPP","effis_confirmed":false,"burned_confirmed":false,"evidence_score":0,"evidence":"","filter_reason":"anomalie_non_corroboree"}},{"type":"Feature","geometry":{"type":"Point","coordinates":[14.98555,50.1032]},"properties":{"age_h":68.3,"recency":1,"frp":3.2,"confidence":"nominal","observations":1,"passes":1,"sensor_count":1,"sensors":"Suomi-NPP","effis_confirmed":false,"burned_confirmed":false,"evidence_score":0,"evidence":"","filter_reason":"anomalie_non_corroboree"}},{"type":"Feature","geometry":{"type":"Point","coordinates":[25.04514,51.24022]},"properties":{"age_h":68.3,"recency":1,"frp":2.1,"confidence":"nominal","observations":1,"passes":1,"sensor_count":1,"sensors":"Suomi-NPP","effis_confirmed":false,"burned_confirmed":false,"evidence_score":0,"evidence":"","filter_reason":"anomalie_non_corroboree"}},{"type":"Feature","geometry":{"type":"Point","coordinates":[34.52569,51.24081]},"properties":{"age_h":68.3,"recency":1,"frp":1.5,"confidence":"nominal","observations":1,"passes":1,"sensor_count":1,"sensors":"Suomi-NPP","effis_confirmed":false,"burned_confirmed":false,"evidence_score":0,"evidence":"","filter_reason":"anomalie_non_corroboree"}},{"type":"Feature","geometry":{"type":"Point","coordinates":[13.98555,51.73791]},"properties":{"age_h":68.3,"recency":1,"frp":3.7,"confidence":"nominal","observations":1,"passes":1,"sensor_count":1,"sensors":"Suomi-NPP","effis_confirmed":false,"burned_confirmed":false,"evidence_score":0,"evidence":"","filter_reason":"anomalie_non_corroboree"}},{"type":"Feature","geometry":{"type":"Point","coordinates":[32.90897,52.19053]},"properties":{"age_h":68.3,"recency":1,"frp":2.7,"confidence":"nominal","observations":1,"passes":1,"sensor_count":1,"sensors":"Suomi-NPP","effis_confirmed":false,"burned_confirmed":false,"evidence_score":0,"evidence":"","filter_reason":"anomalie_non_corroboree"}},{"type":"Feature","geometry":{"type":"Point","coordinates":[15.50752,52.25327]},"properties":{"age_h":68.3,"recency":1,"frp":3.1,"confidence":"nominal","observations":1,"passes":1,"sensor_count":1,"sensors":"Suomi-NPP","effis_confirmed":false,"burned_confirmed":false,"evidence_score":0,"evidence":"","filter_reason":"anomalie_non_corroboree"}},{"type":"Feature","geometry":{"type":"Point","coordinates":[13.67235,52.30315]},"properties":{"age_h":68.3,"recency":1,"frp":7.0,"confidence":"nominal","observations":3,"passes":1,"sensor_count":1,"sensors":"Suomi-NPP","effis_confirmed":false,"burned_confirmed":false,"evidence_score":2,"evidence":"groupe spatial","filter_reason":"anomalie_non_corroboree"}},{"type":"Feature","geometry":{"type":"Point","coordinates":[14.31588,52.55364]},"properties":{"age_h":68.3,"recency":1,"frp":1.8,"confidence":"nominal","observations":1,"passes":1,"sensor_count":1,"sensors":"Suomi-NPP","effis_confirmed":false,"burned_confirmed":false,"evidence_score":0,"evidence":"","filter_reason":"anomalie_non_corroboree"}},{"type":"Feature","geometry":{"type":"Point","coordinates":[15.43706,53.21115]},"properties":{"age_h":68.3,"recency":1,"frp":3.8,"confidence":"nominal","observations":1,"passes":1,"sensor_count":1,"sensors":"Suomi-NPP","effis_confirmed":false,"burned_confirmed":false,"evidence_score":0,"evidence":"","filter_reason":"anomalie_non_corroboree"}},{"type":"Feature","geometry":{"type":"Point","coordinates":[13.99577,53.26676]},"properties":{"age_h":68.3,"recency":1,"frp":5.1,"confidence":"nominal","observations":1,"passes":1,"sensor_count":1,"sensors":"Suomi-NPP","effis_confirmed":false,"burned_confirmed":false,"evidence_score":0,"evidence":"","filter_reason":"anomalie_non_corroboree"}},{"type":"Feature","geometry":{"type":"Point","coordinates":[15.60921,53.62368]},"properties":{"age_h":68.3,"recency":1,"frp":1.8,"confidence":"nominal","observations":1,"passes":1,"sensor_count":1,"sensors":"Suomi-NPP","effis_confirmed":false,"burned_confirmed":false,"evidence_score":0,"evidence":"","filter_reason":"anomalie_non_corroboree"}},{"type":"Feature","geometry":{"type":"Point","coordinates":[13.81292,53.74942]},"properties":{"age_h":68.3,"recency":1,"frp":4.0,"confidence":"nominal","observations":2,"passes":1,"sensor_count":1,"sensors":"Suomi-NPP","effis_confirmed":false,"burned_confirmed":false,"evidence_score":0,"evidence":"","filter_reason":"anomalie_non_corroboree"}},{"type":"Feature","geometry":{"type":"Point","coordinates":[10.60974,34.75658]},"properties":{"age_h":68.1,"recency":1,"frp":4.3,"confidence":"nominal","observations":2,"passes":1,"sensor_count":1,"sensors":"NOAA-20","effis_confirmed":false,"burned_confirmed":false,"evidence_score":0,"evidence":"","filter_reason":"anomalie_non_corroboree"}},{"type":"Feature","geometry":{"type":"Point","coordinates":[7.76505,36.55367]},"properties":{"age_h":68.1,"recency":1,"frp":7.7,"confidence":"nominal","observations":2,"passes":1,"sensor_count":1,"sensors":"NOAA-20","effis_confirmed":false,"burned_confirmed":false,"evidence_score":0,"evidence":"","filter_reason":"anomalie_non_corroboree"}},{"type":"Feature","geometry":{"type":"Point","coordinates":[13.91189,37.2879]},"properties":{"age_h":68.1,"recency":1,"frp":5.3,"confidence":"nominal","observations":1,"passes":1,"sensor_count":1,"sensors":"NOAA-20","effis_confirmed":false,"burned_confirmed":false,"evidence_score":0,"evidence":"","filter_reason":"anomalie_non_corroboree"}},{"type":"Feature","geometry":{"type":"Point","coordinates":[14.81351,38.07888]},"properties":{"age_h":68.1,"recency":1,"frp":4.7,"confidence":"nominal","observations":1,"passes":1,"sensor_count":1,"sensors":"NOAA-20","effis_confirmed":false,"burned_confirmed":false,"evidence_score":0,"evidence":"","filter_reason":"anomalie_non_corroboree"}},{"type":"Feature","geometry":{"type":"Point","coordinates":[15.74404,38.22627]},"properties":{"age_h":68.1,"recency":1,"frp":1.5,"confidence":"nominal","observations":1,"passes":1,"sensor_count":1,"sensors":"NOAA-20","effis_confirmed":false,"burned_confirmed":false,"evidence_score":0,"evidence":"","filter_reason":"anomalie_non_corroboree"}},{"type":"Feature","geometry":{"type":"Point","coordinates":[8.46729,39.1316]},"properties":{"age_h":68.1,"recency":1,"frp":9.2,"confidence":"nominal","observations":1,"passes":1,"sensor_count":1,"sensors":"NOAA-20","effis_confirmed":false,"burned_confirmed":false,"evidence_score":0,"evidence":"","filter_reason":"anomalie_non_corroboree"}},{"type":"Feature","geometry":{"type":"Point","coordinates":[18.00468,40.12867]},"properties":{"age_h":68.1,"recency":1,"frp":23.8,"confidence":"nominal","observations":1,"passes":1,"sensor_count":1,"sensors":"NOAA-20","effis_confirmed":false,"burned_confirmed":false,"evidence_score":1,"evidence":"","filter_reason":"anomalie_non_corroboree"}},{"type":"Feature","geometry":{"type":"Point","coordinates":[15.30828,40.34793]},"properties":{"age_h":68.1,"recency":1,"frp":7.1,"confidence":"nominal","observations":1,"passes":1,"sensor_count":1,"sensors":"NOAA-20","effis_confirmed":false,"burned_confirmed":false,"evidence_score":0,"evidence":"","filter_reason":"anomalie_non_corroboree"}},{"type":"Feature","geometry":{"type":"Point","coordinates":[13.98236,41.0084]},"properties":{"age_h":68.1,"recency":1,"frp":8.9,"confidence":"nominal","observations":1,"passes":1,"sensor_count":1,"sensors":"NOAA-20","effis_confirmed":false,"burned_confirmed":false,"evidence_score":0,"evidence":"","filter_reason":"anomalie_non_corroboree"}},{"type":"Feature","geometry":{"type":"Point","coordinates":[14.63436,41.22826]},"properties":{"age_h":68.1,"recency":1,"frp":2.1,"confidence":"nominal","observations":1,"passes":1,"sensor_count":1,"sensors":"NOAA-20","effis_confirmed":false,"burned_confirmed":false,"evidence_score":0,"evidence":"","filter_reason":"anomalie_non_corroboree"}},{"type":"Feature","geometry":{"type":"Point","coordinates":[25.86445,42.02484]},"properties":{"age_h":68.1,"recency":1,"frp":13.4,"confidence":"nominal","observations":1,"passes":1,"sensor_count":1,"sensors":"NOAA-20","effis_confirmed":false,"burned_confirmed":false,"evidence_score":1,"evidence":"","filter_reason":"anomalie_non_corroboree"}},{"type":"Feature","geometry":{"type":"Point","coordinates":[21.57722,42.51232]},"properties":{"age_h":68.1,"recency":1,"frp":2.4,"confidence":"nominal","observations":1,"passes":1,"sensor_count":1,"sensors":"NOAA-20","effis_confirmed":false,"burned_confirmed":false,"evidence_score":0,"evidence":"","filter_reason":"anomalie_non_corroboree"}},{"type":"Feature","geometry":{"type":"Point","coordinates":[-0.44856,39.48938]},"properties":{"age_h":68.0,"recency":1,"frp":10.9,"confidence":"nominal","observations":2,"passes":1,"sensor_count":1,"sensors":"NOAA-20","effis_confirmed":false,"burned_confirmed":false,"evidence_score":1,"evidence":"","filter_reason":"anomalie_non_corroboree"}},{"type":"Feature","geometry":{"type":"Point","coordinates":[23.37991,44.20753]},"properties":{"age_h":68.0,"recency":1,"frp":8.2,"confidence":"nominal","observations":1,"passes":1,"sensor_count":1,"sensors":"NOAA-20","effis_confirmed":false,"burned_confirmed":false,"evidence_score":0,"evidence":"","filter_reason":"anomalie_non_corroboree"}},{"type":"Feature","geometry":{"type":"Point","coordinates":[23.04177,44.23847]},"properties":{"age_h":68.0,"recency":1,"frp":2.7,"confidence":"nominal","observations":1,"passes":1,"sensor_count":1,"sensors":"NOAA-20","effis_confirmed":false,"burned_confirmed":false,"evidence_score":0,"evidence":"","filter_reason":"anomalie_non_corroboree"}},{"type":"Feature","geometry":{"type":"Point","coordinates":[16.04749,44.93687]},"properties":{"age_h":68.0,"recency":1,"frp":1.6,"confidence":"nominal","observations":1,"passes":1,"sensor_count":1,"sensors":"NOAA-20","effis_confirmed":false,"burned_confirmed":false,"evidence_score":0,"evidence":"","filter_reason":"anomalie_non_corroboree"}},{"type":"Feature","geometry":{"type":"Point","coordinates":[15.81063,44.95331]},"properties":{"age_h":68.0,"recency":1,"frp":2.5,"confidence":"nominal","observations":3,"passes":1,"sensor_count":1,"sensors":"NOAA-20","effis_confirmed":false,"burned_confirmed":false,"evidence_score":2,"evidence":"groupe spatial","filter_reason":"anomalie_non_corroboree"}},{"type":"Feature","geometry":{"type":"Point","coordinates":[17.42448,44.99556]},"properties":{"age_h":68.0,"recency":1,"frp":16.2,"confidence":"nominal","observations":1,"passes":1,"sensor_count":1,"sensors":"NOAA-20","effis_confirmed":false,"burned_confirmed":false,"evidence_score":1,"evidence":"","filter_reason":"anomalie_non_corroboree"}},{"type":"Feature","geometry":{"type":"Point","coordinates":[9.41409,45.48981]},"properties":{"age_h":68.0,"recency":1,"frp":4.7,"confidence":"nominal","observations":1,"passes":1,"sensor_count":1,"sensors":"NOAA-20","effis_confirmed":false,"burned_confirmed":false,"evidence_score":0,"evidence":"","filter_reason":"anomalie_non_corroboree"}},{"type":"Feature","geometry":{"type":"Point","coordinates":[29.5004,45.57793]},"properties":{"age_h":68.0,"recency":1,"frp":7.7,"confidence":"nominal","observations":1,"passes":1,"sensor_count":1,"sensors":"NOAA-20","effis_confirmed":false,"burned_confirmed":false,"evidence_score":0,"evidence":"","filter_reason":"anomalie_non_corroboree"}},{"type":"Feature","geometry":{"type":"Point","coordinates":[28.78174,45.85888]},"properties":{"age_h":68.0,"recency":1,"frp":2.7,"confidence":"nominal","observations":2,"passes":1,"sensor_count":1,"sensors":"NOAA-20","effis_confirmed":false,"burned_confirmed":false,"evidence_score":0,"evidence":"","filter_reason":"anomalie_non_corroboree"}},{"type":"Feature","geometry":{"type":"Point","coordinates":[27.86687,46.31625]},"properties":{"age_h":68.0,"recency":1,"frp":11.3,"confidence":"high","observations":2,"passes":1,"sensor_count":1,"sensors":"NOAA-20","effis_confirmed":false,"burned_confirmed":false,"evidence_score":2,"evidence":"confiance élevée","filter_reason":"anomalie_non_corroboree"}},{"type":"Feature","geometry":{"type":"Point","coordinates":[24.31057,46.65259]},"properties":{"age_h":68.0,"recency":1,"frp":5.3,"confidence":"nominal","observations":2,"passes":1,"sensor_count":1,"sensors":"NOAA-20","effis_confirmed":false,"burned_confirmed":false,"evidence_score":0,"evidence":"","filter_reason":"anomalie_non_corroboree"}},{"type":"Feature","geometry":{"type":"Point","coordinates":[9.64713,48.25747]},"properties":{"age_h":68.0,"recency":1,"frp":9.2,"confidence":"nominal","observations":1,"passes":1,"sensor_count":1,"sensors":"NOAA-20","effis_confirmed":false,"burned_confirmed":false,"evidence_score":0,"evidence":"","filter_reason":"anomalie_non_corroboree"}},{"type":"Feature","geometry":{"type":"Point","coordinates":[10.04041,48.39157]},"properties":{"age_h":68.0,"recency":1,"frp":3.6,"confidence":"nominal","observations":1,"passes":1,"sensor_count":1,"sensors":"NOAA-20","effis_confirmed":false,"burned_confirmed":false,"evidence_score":0,"evidence":"","filter_reason":"anomalie_non_corroboree"}},{"type":"Feature","geometry":{"type":"Point","coordinates":[12.10146,48.54115]},"properties":{"age_h":68.0,"recency":1,"frp":1.5,"confidence":"nominal","observations":1,"passes":1,"sensor_count":1,"sensors":"NOAA-20","effis_confirmed":false,"burned_confirmed":false,"evidence_score":0,"evidence":"","filter_reason":"anomalie_non_corroboree"}},{"type":"Feature","geometry":{"type":"Point","coordinates":[11.2776,48.64247]},"properties":{"age_h":68.0,"recency":1,"frp":6.9,"confidence":"nominal","observations":2,"passes":1,"sensor_count":1,"sensors":"NOAA-20","effis_confirmed":false,"burned_confirmed":false,"evidence_score":0,"evidence":"","filter_reason":"anomalie_non_corroboree"}},{"type":"Feature","geometry":{"type":"Point","coordinates":[11.72267,48.6555]},"properties":{"age_h":68.0,"recency":1,"frp":2.1,"confidence":"nominal","observations":1,"passes":1,"sensor_count":1,"sensors":"NOAA-20","effis_confirmed":false,"burned_confirmed":false,"evidence_score":0,"evidence":"","filter_reason":"anomalie_non_corroboree"}},{"type":"Feature","geometry":{"type":"Point","coordinates":[9.96242,48.66288]},"properties":{"age_h":68.0,"recency":1,"frp":0.8,"confidence":"nominal","observations":1,"passes":1,"sensor_count":1,"sensors":"NOAA-20","effis_confirmed":false,"burned_confirmed":false,"evidence_score":0,"evidence":"","filter_reason":"anomalie_non_corroboree"}},{"type":"Feature","geometry":{"type":"Point","coordinates":[12.94505,48.74186]},"properties":{"age_h":68.0,"recency":1,"frp":4.5,"confidence":"nominal","observations":1,"passes":1,"sensor_count":1,"sensors":"NOAA-20","effis_confirmed":false,"burned_confirmed":false,"evidence_score":0,"evidence":"","filter_reason":"anomalie_non_corroboree"}},{"type":"Feature","geometry":{"type":"Point","coordinates":[13.58137,48.74971]},"properties":{"age_h":68.0,"recency":1,"frp":3.0,"confidence":"nominal","observations":1,"passes":1,"sensor_count":1,"sensors":"NOAA-20","effis_confirmed":false,"burned_confirmed":false,"evidence_score":0,"evidence":"","filter_reason":"anomalie_non_corroboree"}},{"type":"Feature","geometry":{"type":"Point","coordinates":[11.5038,48.75967]},"properties":{"age_h":68.0,"recency":1,"frp":1.2,"confidence":"nominal","observations":1,"passes":1,"sensor_count":1,"sensors":"NOAA-20","effis_confirmed":false,"burned_confirmed":false,"evidence_score":0,"evidence":"","filter_reason":"anomalie_non_corroboree"}},{"type":"Feature","geometry":{"type":"Point","coordinates":[12.43153,48.87149]},"properties":{"age_h":68.0,"recency":1,"frp":1.9,"confidence":"nominal","observations":1,"passes":1,"sensor_count":1,"sensors":"NOAA-20","effis_confirmed":false,"burned_confirmed":false,"evidence_score":0,"evidence":"","filter_reason":"anomalie_non_corroboree"}},{"type":"Feature","geometry":{"type":"Point","coordinates":[13.37241,48.87844]},"properties":{"age_h":68.0,"recency":1,"frp":5.2,"confidence":"nominal","observations":1,"passes":1,"sensor_count":1,"sensors":"NOAA-20","effis_confirmed":false,"burned_confirmed":false,"evidence_score":0,"evidence":"","filter_reason":"anomalie_non_corroboree"}},{"type":"Feature","geometry":{"type":"Point","coordinates":[13.17659,48.92317]},"properties":{"age_h":68.0,"recency":1,"frp":4.6,"confidence":"nominal","observations":1,"passes":1,"sensor_count":1,"sensors":"NOAA-20","effis_confirmed":false,"burned_confirmed":false,"evidence_score":0,"evidence":"","filter_reason":"anomalie_non_corroboree"}},{"type":"Feature","geometry":{"type":"Point","coordinates":[16.43699,48.96468]},"properties":{"age_h":68.0,"recency":1,"frp":3.0,"confidence":"nominal","observations":1,"passes":1,"sensor_count":1,"sensors":"NOAA-20","effis_confirmed":false,"burned_confirmed":false,"evidence_score":0,"evidence":"","filter_reason":"anomalie_non_corroboree"}},{"type":"Feature","geometry":{"type":"Point","coordinates":[12.50786,48.97015]},"properties":{"age_h":68.0,"recency":1,"frp":5.0,"confidence":"nominal","observations":1,"passes":1,"sensor_count":1,"sensors":"NOAA-20","effis_confirmed":false,"burned_confirmed":false,"evidence_score":0,"evidence":"","filter_reason":"anomalie_non_corroboree"}},{"type":"Feature","geometry":{"type":"Point","coordinates":[23.65172,49.46228]},"properties":{"age_h":68.0,"recency":1,"frp":6.5,"confidence":"nominal","observations":2,"passes":1,"sensor_count":1,"sensors":"NOAA-20","effis_confirmed":false,"burned_confirmed":false,"evidence_score":0,"evidence":"","filter_reason":"anomalie_non_corroboree"}},{"type":"Feature","geometry":{"type":"Point","coordinates":[28.41424,50.59062]},"properties":{"age_h":68.0,"recency":1,"frp":2.5,"confidence":"nominal","observations":1,"passes":1,"sensor_count":1,"sensors":"NOAA-20","effis_confirmed":false,"burned_confirmed":false,"evidence_score":0,"evidence":"","filter_reason":"anomalie_non_corroboree"}},{"type":"Feature","geometry":{"type":"Point","coordinates":[7.10883,49.17414]},"properties":{"age_h":68.0,"recency":1,"frp":4.2,"confidence":"nominal","observations":2,"passes":1,"sensor_count":1,"sensors":"NOAA-20","effis_confirmed":false,"burned_confirmed":false,"evidence_score":0,"evidence":"","filter_reason":"anomalie_non_corroboree"}},{"type":"Feature","geometry":{"type":"Point","coordinates":[12.33842,49.25599]},"properties":{"age_h":68.0,"recency":1,"frp":5.0,"confidence":"nominal","observations":2,"passes":1,"sensor_count":1,"sensors":"NOAA-20","effis_confirmed":false,"burned_confirmed":false,"evidence_score":0,"evidence":"","filter_reason":"anomalie_non_corroboree"}},{"type":"Feature","geometry":{"type":"Point","coordinates":[12.1962,49.30117]},"properties":{"age_h":68.0,"recency":1,"frp":4.8,"confidence":"nominal","observations":1,"passes":1,"sensor_count":1,"sensors":"NOAA-20","effis_confirmed":false,"burned_confirmed":false,"evidence_score":0,"evidence":"","filter_reason":"anomalie_non_corroboree"}},{"type":"Feature","geometry":{"type":"Point","coordinates":[11.92434,49.42794]},"properties":{"age_h":68.0,"recency":1,"frp":2.3,"confidence":"nominal","observations":1,"passes":1,"sensor_count":1,"sensors":"NOAA-20","effis_confirmed":false,"burned_confirmed":false,"evidence_score":0,"evidence":"","filter_reason":"anomalie_non_corroboree"}},{"type":"Feature","geometry":{"type":"Point","coordinates":[11.81659,49.44458]},"properties":{"age_h":68.0,"recency":1,"frp":2.7,"confidence":"nominal","observations":1,"passes":1,"sensor_count":1,"sensors":"NOAA-20","effis_confirmed":false,"burned_confirmed":false,"evidence_score":0,"evidence":"","filter_reason":"anomalie_non_corroboree"}},{"type":"Feature","geometry":{"type":"Point","coordinates":[10.94582,49.48037]},"properties":{"age_h":68.0,"recency":1,"frp":1.9,"confidence":"nominal","observations":1,"passes":1,"sensor_count":1,"sensors":"NOAA-20","effis_confirmed":false,"burned_confirmed":false,"evidence_score":0,"evidence":"","filter_reason":"anomalie_non_corroboree"}},{"type":"Feature","geometry":{"type":"Point","coordinates":[12.20286,49.56078]},"properties":{"age_h":68.0,"recency":1,"frp":8.2,"confidence":"nominal","observations":2,"passes":1,"sensor_count":1,"sensors":"NOAA-20","effis_confirmed":false,"burned_confirmed":false,"evidence_score":0,"evidence":"","filter_reason":"anomalie_non_corroboree"}},{"type":"Feature","geometry":{"type":"Point","coordinates":[8.80637,49.85298]},"properties":{"age_h":68.0,"recency":1,"frp":1.1,"confidence":"nominal","observations":1,"passes":1,"sensor_count":1,"sensors":"NOAA-20","effis_confirmed":false,"burned_confirmed":false,"evidence_score":0,"evidence":"","filter_reason":"anomalie_non_corroboree"}},{"type":"Feature","geometry":{"type":"Point","coordinates":[11.79243,49.86475]},"properties":{"age_h":68.0,"recency":1,"frp":1.9,"confidence":"nominal","observations":1,"passes":1,"sensor_count":1,"sensors":"NOAA-20","effis_confirmed":false,"burned_confirmed":false,"evidence_score":0,"evidence":"","filter_reason":"anomalie_non_corroboree"}},{"type":"Feature","geometry":{"type":"Point","coordinates":[7.23212,49.98241]},"properties":{"age_h":68.0,"recency":1,"frp":3.6,"confidence":"nominal","observations":1,"passes":1,"sensor_count":1,"sensors":"NOAA-20","effis_confirmed":false,"burned_confirmed":false,"evidence_score":0,"evidence":"","filter_reason":"anomalie_non_corroboree"}},{"type":"Feature","geometry":{"type":"Point","coordinates":[11.61918,50.05656]},"properties":{"age_h":68.0,"recency":1,"frp":7.3,"confidence":"nominal","observations":1,"passes":1,"sensor_count":1,"sensors":"NOAA-20","effis_confirmed":false,"burned_confirmed":false,"evidence_score":0,"evidence":"","filter_reason":"anomalie_non_corroboree"}},{"type":"Feature","geometry":{"type":"Point","coordinates":[10.89851,50.11059]},"properties":{"age_h":68.0,"recency":1,"frp":2.7,"confidence":"nominal","observations":1,"passes":1,"sensor_count":1,"sensors":"NOAA-20","effis_confirmed":false,"burned_confirmed":false,"evidence_score":0,"evidence":"","filter_reason":"anomalie_non_corroboree"}},{"type":"Feature","geometry":{"type":"Point","coordinates":[10.51396,50.12563]},"properties":{"age_h":68.0,"recency":1,"frp":1.7,"confidence":"nominal","observations":1,"passes":1,"sensor_count":1,"sensors":"NOAA-20","effis_confirmed":false,"burned_confirmed":false,"evidence_score":0,"evidence":"","filter_reason":"anomalie_non_corroboree"}},{"type":"Feature","geometry":{"type":"Point","coordinates":[11.74374,50.14333]},"properties":{"age_h":68.0,"recency":1,"frp":3.8,"confidence":"nominal","observations":1,"passes":1,"sensor_count":1,"sensors":"NOAA-20","effis_confirmed":false,"burned_confirmed":false,"evidence_score":0,"evidence":"","filter_reason":"anomalie_non_corroboree"}},{"type":"Feature","geometry":{"type":"Point","coordinates":[11.81681,50.18272]},"properties":{"age_h":68.0,"recency":1,"frp":4.0,"confidence":"nominal","observations":1,"passes":1,"sensor_count":1,"sensors":"NOAA-20","effis_confirmed":false,"burned_confirmed":false,"evidence_score":0,"evidence":"","filter_reason":"anomalie_non_corroboree"}},{"type":"Feature","geometry":{"type":"Point","coordinates":[11.33607,50.18557]},"properties":{"age_h":68.0,"recency":1,"frp":4.1,"confidence":"nominal","observations":3,"passes":1,"sensor_count":1,"sensors":"NOAA-20","effis_confirmed":false,"burned_confirmed":false,"evidence_score":2,"evidence":"groupe spatial","filter_reason":"anomalie_non_corroboree"}},{"type":"Feature","geometry":{"type":"Point","coordinates":[10.89389,50.19933]},"properties":{"age_h":68.0,"recency":1,"frp":2.5,"confidence":"nominal","observations":1,"passes":1,"sensor_count":1,"sensors":"NOAA-20","effis_confirmed":false,"burned_confirmed":false,"evidence_score":0,"evidence":"","filter_reason":"anomalie_non_corroboree"}},{"type":"Feature","geometry":{"type":"Point","coordinates":[10.38518,50.24218]},"properties":{"age_h":68.0,"recency":1,"frp":4.3,"confidence":"nominal","observations":1,"passes":1,"sensor_count":1,"sensors":"NOAA-20","effis_confirmed":false,"burned_confirmed":false,"evidence_score":0,"evidence":"","filter_reason":"anomalie_non_corroboree"}},{"type":"Feature","geometry":{"type":"Point","coordinates":[11.99147,50.2703]},"properties":{"age_h":68.0,"recency":1,"frp":9.0,"confidence":"nominal","observations":2,"passes":1,"sensor_count":1,"sensors":"NOAA-20","effis_confirmed":false,"burned_confirmed":false,"evidence_score":0,"evidence":"","filter_reason":"anomalie_non_corroboree"}},{"type":"Feature","geometry":{"type":"Point","coordinates":[10.48633,50.34611]},"properties":{"age_h":68.0,"recency":1,"frp":3.5,"confidence":"nominal","observations":1,"passes":1,"sensor_count":1,"sensors":"NOAA-20","effis_confirmed":false,"burned_confirmed":false,"evidence_score":0,"evidence":"","filter_reason":"anomalie_non_corroboree"}},{"type":"Feature","geometry":{"type":"Point","coordinates":[7.04519,50.60932]},"properties":{"age_h":68.0,"recency":1,"frp":2.6,"confidence":"nominal","observations":1,"passes":1,"sensor_count":1,"sensors":"NOAA-20","effis_confirmed":false,"burned_confirmed":false,"evidence_score":0,"evidence":"","filter_reason":"anomalie_non_corroboree"}},{"type":"Feature","geometry":{"type":"Point","coordinates":[9.96089,50.71788]},"properties":{"age_h":68.0,"recency":1,"frp":2.0,"confidence":"nominal","observations":1,"passes":1,"sensor_count":1,"sensors":"NOAA-20","effis_confirmed":false,"burned_confirmed":false,"evidence_score":0,"evidence":"","filter_reason":"anomalie_non_corroboree"}},{"type":"Feature","geometry":{"type":"Point","coordinates":[12.25324,50.86683]},"properties":{"age_h":68.0,"recency":1,"frp":4.5,"confidence":"nominal","observations":1,"passes":1,"sensor_count":1,"sensors":"NOAA-20","effis_confirmed":false,"burned_confirmed":false,"evidence_score":0,"evidence":"","filter_reason":"anomalie_non_corroboree"}},{"type":"Feature","geometry":{"type":"Point","coordinates":[27.84667,50.86809]},"properties":{"age_h":68.0,"recency":1,"frp":3.0,"confidence":"nominal","observations":1,"passes":1,"sensor_count":1,"sensors":"NOAA-20","effis_confirmed":false,"burned_confirmed":false,"evidence_score":0,"evidence":"","filter_reason":"anomalie_non_corroboree"}},{"type":"Feature","geometry":{"type":"Point","coordinates":[10.90455,50.90983]},"properties":{"age_h":68.0,"recency":1,"frp":2.5,"confidence":"nominal","observations":1,"passes":1,"sensor_count":1,"sensors":"NOAA-20","effis_confirmed":false,"burned_confirmed":false,"evidence_score":0,"evidence":"","filter_reason":"anomalie_non_corroboree"}},{"type":"Feature","geometry":{"type":"Point","coordinates":[10.66463,50.93514]},"properties":{"age_h":68.0,"recency":1,"frp":6.6,"confidence":"nominal","observations":4,"passes":1,"sensor_count":1,"sensors":"NOAA-20","effis_confirmed":false,"burned_confirmed":false,"evidence_score":2,"evidence":"groupe spatial","filter_reason":"anomalie_non_corroboree"}},{"type":"Feature","geometry":{"type":"Point","coordinates":[10.88091,50.96524]},"properties":{"age_h":68.0,"recency":1,"frp":2.1,"confidence":"nominal","observations":1,"passes":1,"sensor_count":1,"sensors":"NOAA-20","effis_confirmed":false,"burned_confirmed":false,"evidence_score":0,"evidence":"","filter_reason":"anomalie_non_corroboree"}},{"type":"Feature","geometry":{"type":"Point","coordinates":[12.43657,50.97493]},"properties":{"age_h":68.0,"recency":1,"frp":2.5,"confidence":"nominal","observations":1,"passes":1,"sensor_count":1,"sensors":"NOAA-20","effis_confirmed":false,"burned_confirmed":false,"evidence_score":0,"evidence":"","filter_reason":"anomalie_non_corroboree"}},{"type":"Feature","geometry":{"type":"Point","coordinates":[11.04412,51.02088]},"properties":{"age_h":68.0,"recency":1,"frp":1.2,"confidence":"nominal","observations":1,"passes":1,"sensor_count":1,"sensors":"NOAA-20","effis_confirmed":false,"burned_confirmed":false,"evidence_score":0,"evidence":"","filter_reason":"anomalie_non_corroboree"}},{"type":"Feature","geometry":{"type":"Point","coordinates":[11.05837,51.16784]},"properties":{"age_h":68.0,"recency":1,"frp":5.2,"confidence":"nominal","observations":1,"passes":1,"sensor_count":1,"sensors":"NOAA-20","effis_confirmed":false,"burned_confirmed":false,"evidence_score":0,"evidence":"","filter_reason":"anomalie_non_corroboree"}},{"type":"Feature","geometry":{"type":"Point","coordinates":[11.97322,51.24222]},"properties":{"age_h":68.0,"recency":1,"frp":2.5,"confidence":"nominal","observations":3,"passes":1,"sensor_count":1,"sensors":"NOAA-20","effis_confirmed":false,"burned_confirmed":false,"evidence_score":2,"evidence":"groupe spatial","filter_reason":"anomalie_non_corroboree"}},{"type":"Feature","geometry":{"type":"Point","coordinates":[10.50527,51.24351]},"properties":{"age_h":68.0,"recency":1,"frp":10.5,"confidence":"nominal","observations":2,"passes":1,"sensor_count":1,"sensors":"NOAA-20","effis_confirmed":false,"burned_confirmed":false,"evidence_score":1,"evidence":"","filter_reason":"anomalie_non_corroboree"}},{"type":"Feature","geometry":{"type":"Point","coordinates":[3.85745,51.25473]},"properties":{"age_h":68.0,"recency":1,"frp":6.6,"confidence":"nominal","observations":1,"passes":1,"sensor_count":1,"sensors":"NOAA-20","effis_confirmed":false,"burned_confirmed":false,"evidence_score":0,"evidence":"","filter_reason":"anomalie_non_corroboree"}},{"type":"Feature","geometry":{"type":"Point","coordinates":[9.5107,51.26443]},"properties":{"age_h":68.0,"recency":1,"frp":5.2,"confidence":"nominal","observations":1,"passes":1,"sensor_count":1,"sensors":"NOAA-20","effis_confirmed":false,"burned_confirmed":false,"evidence_score":0,"evidence":"","filter_reason":"anomalie_non_corroboree"}},{"type":"Feature","geometry":{"type":"Point","coordinates":[11.46478,51.29451]},"properties":{"age_h":68.0,"recency":1,"frp":2.7,"confidence":"nominal","observations":1,"passes":1,"sensor_count":1,"sensors":"NOAA-20","effis_confirmed":false,"burned_confirmed":false,"evidence_score":0,"evidence":"","filter_reason":"anomalie_non_corroboree"}},{"type":"Feature","geometry":{"type":"Point","coordinates":[10.42316,51.3808]},"properties":{"age_h":68.0,"recency":1,"frp":7.5,"confidence":"nominal","observations":1,"passes":1,"sensor_count":1,"sensors":"NOAA-20","effis_confirmed":false,"burned_confirmed":false,"evidence_score":0,"evidence":"","filter_reason":"anomalie_non_corroboree"}},{"type":"Feature","geometry":{"type":"Point","coordinates":[7.55712,51.43554]},"properties":{"age_h":68.0,"recency":1,"frp":5.5,"confidence":"nominal","observations":1,"passes":1,"sensor_count":1,"sensors":"NOAA-20","effis_confirmed":false,"burned_confirmed":false,"evidence_score":0,"evidence":"","filter_reason":"anomalie_non_corroboree"}},{"type":"Feature","geometry":{"type":"Point","coordinates":[10.46344,51.46505]},"properties":{"age_h":68.0,"recency":1,"frp":1.3,"confidence":"nominal","observations":1,"passes":1,"sensor_count":1,"sensors":"NOAA-20","effis_confirmed":false,"burned_confirmed":false,"evidence_score":0,"evidence":"","filter_reason":"anomalie_non_corroboree"}},{"type":"Feature","geometry":{"type":"Point","coordinates":[10.71895,51.49124]},"properties":{"age_h":68.0,"recency":1,"frp":3.7,"confidence":"nominal","observations":1,"passes":1,"sensor_count":1,"sensors":"NOAA-20","effis_confirmed":false,"burned_confirmed":false,"evidence_score":0,"evidence":"","filter_reason":"anomalie_non_corroboree"}},{"type":"Feature","geometry":{"type":"Point","coordinates":[10.76016,51.50522]},"properties":{"age_h":68.0,"recency":1,"frp":4.8,"confidence":"nominal","observations":1,"passes":1,"sensor_count":1,"sensors":"NOAA-20","effis_confirmed":false,"burned_confirmed":false,"evidence_score":0,"evidence":"","filter_reason":"anomalie_non_corroboree"}},{"type":"Feature","geometry":{"type":"Point","coordinates":[12.45252,51.54458]},"properties":{"age_h":68.0,"recency":1,"frp":2.0,"confidence":"nominal","observations":1,"passes":1,"sensor_count":1,"sensors":"NOAA-20","effis_confirmed":false,"burned_confirmed":false,"evidence_score":0,"evidence":"","filter_reason":"anomalie_non_corroboree"}},{"type":"Feature","geometry":{"type":"Point","coordinates":[11.8726,51.58799]},"properties":{"age_h":68.0,"recency":1,"frp":3.1,"confidence":"nominal","observations":2,"passes":1,"sensor_count":1,"sensors":"NOAA-20","effis_confirmed":false,"burned_confirmed":false,"evidence_score":0,"evidence":"","filter_reason":"anomalie_non_corroboree"}},{"type":"Feature","geometry":{"type":"Point","coordinates":[10.32752,51.6388]},"properties":{"age_h":68.0,"recency":1,"frp":3.7,"confidence":"nominal","observations":1,"passes":1,"sensor_count":1,"sensors":"NOAA-20","effis_confirmed":false,"burned_confirmed":false,"evidence_score":0,"evidence":"","filter_reason":"anomalie_non_corroboree"}},{"type":"Feature","geometry":{"type":"Point","coordinates":[10.0986,51.6889]},"properties":{"age_h":68.0,"recency":1,"frp":1.4,"confidence":"nominal","observations":1,"passes":1,"sensor_count":1,"sensors":"NOAA-20","effis_confirmed":false,"burned_confirmed":false,"evidence_score":0,"evidence":"","filter_reason":"anomalie_non_corroboree"}},{"type":"Feature","geometry":{"type":"Point","coordinates":[4.616,51.77474]},"properties":{"age_h":68.0,"recency":1,"frp":3.1,"confidence":"nominal","observations":2,"passes":1,"sensor_count":1,"sensors":"NOAA-20","effis_confirmed":false,"burned_confirmed":false,"evidence_score":0,"evidence":"","filter_reason":"anomalie_non_corroboree"}},{"type":"Feature","geometry":{"type":"Point","coordinates":[11.59959,51.78563]},"properties":{"age_h":68.0,"recency":1,"frp":2.6,"confidence":"nominal","observations":2,"passes":1,"sensor_count":1,"sensors":"NOAA-20","effis_confirmed":false,"burned_confirmed":false,"evidence_score":0,"evidence":"","filter_reason":"anomalie_non_corroboree"}},{"type":"Feature","geometry":{"type":"Point","coordinates":[11.10568,51.84984]},"properties":{"age_h":68.0,"recency":1,"frp":3.4,"confidence":"nominal","observations":1,"passes":1,"sensor_count":1,"sensors":"NOAA-20","effis_confirmed":false,"burned_confirmed":false,"evidence_score":0,"evidence":"","filter_reason":"anomalie_non_corroboree"}},{"type":"Feature","geometry":{"type":"Point","coordinates":[11.05469,51.85877]},"properties":{"age_h":68.0,"recency":1,"frp":5.2,"confidence":"nominal","observations":3,"passes":1,"sensor_count":1,"sensors":"NOAA-20","effis_confirmed":false,"burned_confirmed":false,"evidence_score":2,"evidence":"groupe spatial","filter_reason":"anomalie_non_corroboree"}},{"type":"Feature","geometry":{"type":"Point","coordinates":[10.5514,51.91988]},"properties":{"age_h":68.0,"recency":1,"frp":5.8,"confidence":"nominal","observations":1,"passes":1,"sensor_count":1,"sensors":"NOAA-20","effis_confirmed":false,"burned_confirmed":false,"evidence_score":0,"evidence":"","filter_reason":"anomalie_non_corroboree"}},{"type":"Feature","geometry":{"type":"Point","coordinates":[11.24053,52.02404]},"properties":{"age_h":68.0,"recency":1,"frp":2.7,"confidence":"nominal","observations":2,"passes":1,"sensor_count":1,"sensors":"NOAA-20","effis_confirmed":false,"burned_confirmed":false,"evidence_score":0,"evidence":"","filter_reason":"anomalie_non_corroboree"}},{"type":"Feature","geometry":{"type":"Point","coordinates":[11.42623,52.02994]},"properties":{"age_h":68.0,"recency":1,"frp":1.0,"confidence":"nominal","observations":1,"passes":1,"sensor_count":1,"sensors":"NOAA-20","effis_confirmed":false,"burned_confirmed":false,"evidence_score":0,"evidence":"","filter_reason":"anomalie_non_corroboree"}},{"type":"Feature","geometry":{"type":"Point","coordinates":[11.45921,52.04909]},"properties":{"age_h":68.0,"recency":1,"frp":1.9,"confidence":"nominal","observations":2,"passes":1,"sensor_count":1,"sensors":"NOAA-20","effis_confirmed":false,"burned_confirmed":false,"evidence_score":0,"evidence":"","filter_reason":"anomalie_non_corroboree"}},{"type":"Feature","geometry":{"type":"Point","coordinates":[10.18635,52.0933]},"properties":{"age_h":68.0,"recency":1,"frp":2.0,"confidence":"nominal","observations":1,"passes":1,"sensor_count":1,"sensors":"NOAA-20","effis_confirmed":false,"burned_confirmed":false,"evidence_score":0,"evidence":"","filter_reason":"anomalie_non_corroboree"}},{"type":"Feature","geometry":{"type":"Point","coordinates":[10.31093,52.13453]},"properties":{"age_h":68.0,"recency":1,"frp":4.6,"confidence":"nominal","observations":2,"passes":1,"sensor_count":1,"sensors":"NOAA-20","effis_confirmed":false,"burned_confirmed":false,"evidence_score":0,"evidence":"","filter_reason":"anomalie_non_corroboree"}},{"type":"Feature","geometry":{"type":"Point","coordinates":[11.22905,52.14313]},"properties":{"age_h":68.0,"recency":1,"frp":2.1,"confidence":"nominal","observations":1,"passes":1,"sensor_count":1,"sensors":"NOAA-20","effis_confirmed":false,"burned_confirmed":false,"evidence_score":0,"evidence":"","filter_reason":"anomalie_non_corroboree"}},{"type":"Feature","geometry":{"type":"Point","coordinates":[11.03838,52.15301]},"properties":{"age_h":68.0,"recency":1,"frp":2.5,"confidence":"nominal","observations":1,"passes":1,"sensor_count":1,"sensors":"NOAA-20","effis_confirmed":false,"burned_confirmed":false,"evidence_score":0,"evidence":"","filter_reason":"anomalie_non_corroboree"}},{"type":"Feature","geometry":{"type":"Point","coordinates":[9.99773,52.15775]},"properties":{"age_h":68.0,"recency":1,"frp":6.2,"confidence":"nominal","observations":1,"passes":1,"sensor_count":1,"sensors":"NOAA-20","effis_confirmed":false,"burned_confirmed":false,"evidence_score":0,"evidence":"","filter_reason":"anomalie_non_corroboree"}},{"type":"Feature","geometry":{"type":"Point","coordinates":[9.84161,52.1745]},"properties":{"age_h":68.0,"recency":1,"frp":1.9,"confidence":"nominal","observations":1,"passes":1,"sensor_count":1,"sensors":"NOAA-20","effis_confirmed":false,"burned_confirmed":false,"evidence_score":0,"evidence":"","filter_reason":"anomalie_non_corroboree"}},{"type":"Feature","geometry":{"type":"Point","coordinates":[9.82837,52.18983]},"properties":{"age_h":68.0,"recency":1,"frp":1.9,"confidence":"nominal","observations":1,"passes":1,"sensor_count":1,"sensors":"NOAA-20","effis_confirmed":false,"burned_confirmed":false,"evidence_score":0,"evidence":"","filter_reason":"anomalie_non_corroboree"}},{"type":"Feature","geometry":{"type":"Point","coordinates":[12.09503,52.31461]},"properties":{"age_h":68.0,"recency":1,"frp":2.2,"confidence":"nominal","observations":1,"passes":1,"sensor_count":1,"sensors":"NOAA-20","effis_confirmed":false,"burned_confirmed":false,"evidence_score":0,"evidence":"","filter_reason":"anomalie_non_corroboree"}},{"type":"Feature","geometry":{"type":"Point","coordinates":[10.68737,52.34741]},"properties":{"age_h":68.0,"recency":1,"frp":4.0,"confidence":"nominal","observations":1,"passes":1,"sensor_count":1,"sensors":"NOAA-20","effis_confirmed":false,"burned_confirmed":false,"evidence_score":0,"evidence":"","filter_reason":"anomalie_non_corroboree"}},{"type":"Feature","geometry":{"type":"Point","coordinates":[12.01512,52.43314]},"properties":{"age_h":68.0,"recency":1,"frp":8.8,"confidence":"nominal","observations":1,"passes":1,"sensor_count":1,"sensors":"NOAA-20","effis_confirmed":false,"burned_confirmed":false,"evidence_score":0,"evidence":"","filter_reason":"anomalie_non_corroboree"}},{"type":"Feature","geometry":{"type":"Point","coordinates":[10.59116,52.43869]},"properties":{"age_h":68.0,"recency":1,"frp":5.7,"confidence":"nominal","observations":2,"passes":1,"sensor_count":1,"sensors":"NOAA-20","effis_confirmed":false,"burned_confirmed":false,"evidence_score":0,"evidence":"","filter_reason":"anomalie_non_corroboree"}},{"type":"Feature","geometry":{"type":"Point","coordinates":[10.59704,52.50586]},"properties":{"age_h":68.0,"recency":1,"frp":5.0,"confidence":"nominal","observations":1,"passes":1,"sensor_count":1,"sensors":"NOAA-20","effis_confirmed":false,"burned_confirmed":false,"evidence_score":0,"evidence":"","filter_reason":"anomalie_non_corroboree"}},{"type":"Feature","geometry":{"type":"Point","coordinates":[9.78399,52.56144]},"properties":{"age_h":68.0,"recency":1,"frp":2.5,"confidence":"nominal","observations":2,"passes":1,"sensor_count":1,"sensors":"NOAA-20","effis_confirmed":false,"burned_confirmed":false,"evidence_score":0,"evidence":"","filter_reason":"anomalie_non_corroboree"}},{"type":"Feature","geometry":{"type":"Point","coordinates":[10.25353,52.62793]},"properties":{"age_h":68.0,"recency":1,"frp":6.1,"confidence":"nominal","observations":1,"passes":1,"sensor_count":1,"sensors":"NOAA-20","effis_confirmed":false,"burned_confirmed":false,"evidence_score":0,"evidence":"","filter_reason":"anomalie_non_corroboree"}},{"type":"Feature","geometry":{"type":"Point","coordinates":[8.57904,52.9504]},"properties":{"age_h":68.0,"recency":1,"frp":1.5,"confidence":"nominal","observations":1,"passes":1,"sensor_count":1,"sensors":"NOAA-20","effis_confirmed":false,"burned_confirmed":false,"evidence_score":0,"evidence":"","filter_reason":"anomalie_non_corroboree"}},{"type":"Feature","geometry":{"type":"Point","coordinates":[6.55988,52.96059]},"properties":{"age_h":68.0,"recency":1,"frp":4.7,"confidence":"nominal","observations":2,"passes":1,"sensor_count":1,"sensors":"NOAA-20","effis_confirmed":false,"burned_confirmed":false,"evidence_score":0,"evidence":"","filter_reason":"anomalie_non_corroboree"}},{"type":"Feature","geometry":{"type":"Point","coordinates":[12.2037,53.33507]},"properties":{"age_h":68.0,"recency":1,"frp":3.5,"confidence":"nominal","observations":2,"passes":1,"sensor_count":1,"sensors":"NOAA-20","effis_confirmed":false,"burned_confirmed":false,"evidence_score":0,"evidence":"","filter_reason":"anomalie_non_corroboree"}},{"type":"Feature","geometry":{"type":"Point","coordinates":[8.09361,53.41238]},"properties":{"age_h":68.0,"recency":1,"frp":7.0,"confidence":"nominal","observations":4,"passes":1,"sensor_count":1,"sensors":"NOAA-20","effis_confirmed":false,"burned_confirmed":false,"evidence_score":2,"evidence":"groupe spatial","filter_reason":"anomalie_non_corroboree"}},{"type":"Feature","geometry":{"type":"Point","coordinates":[13.20288,53.5711]},"properties":{"age_h":68.0,"recency":1,"frp":3.4,"confidence":"nominal","observations":1,"passes":1,"sensor_count":1,"sensors":"NOAA-20","effis_confirmed":false,"burned_confirmed":false,"evidence_score":0,"evidence":"","filter_reason":"anomalie_non_corroboree"}},{"type":"Feature","geometry":{"type":"Point","coordinates":[10.29882,53.71613]},"properties":{"age_h":68.0,"recency":1,"frp":2.8,"confidence":"nominal","observations":1,"passes":1,"sensor_count":1,"sensors":"NOAA-20","effis_confirmed":false,"burned_confirmed":false,"evidence_score":0,"evidence":"","filter_reason":"anomalie_non_corroboree"}},{"type":"Feature","geometry":{"type":"Point","coordinates":[9.76168,54.2375]},"properties":{"age_h":68.0,"recency":1,"frp":10.2,"confidence":"nominal","observations":6,"passes":1,"sensor_count":1,"sensors":"NOAA-20","effis_confirmed":false,"burned_confirmed":false,"evidence_score":3,"evidence":"groupe spatial","filter_reason":"anomalie_non_corroboree"}},{"type":"Feature","geometry":{"type":"Point","coordinates":[9.79036,54.26615]},"properties":{"age_h":68.0,"recency":1,"frp":3.3,"confidence":"nominal","observations":1,"passes":1,"sensor_count":1,"sensors":"NOAA-20","effis_confirmed":false,"burned_confirmed":false,"evidence_score":0,"evidence":"","filter_reason":"anomalie_non_corroboree"}},{"type":"Feature","geometry":{"type":"Point","coordinates":[11.96153,54.90437]},"properties":{"age_h":68.0,"recency":1,"frp":2.6,"confidence":"nominal","observations":1,"passes":1,"sensor_count":1,"sensors":"NOAA-20","effis_confirmed":false,"burned_confirmed":false,"evidence_score":0,"evidence":"","filter_reason":"anomalie_non_corroboree"}},{"type":"Feature","geometry":{"type":"Point","coordinates":[16.09982,38.57204]},"properties":{"age_h":67.3,"recency":1,"frp":4.6,"confidence":"nominal","observations":3,"passes":2,"sensor_count":1,"sensors":"NOAA-21","effis_confirmed":false,"burned_confirmed":false,"evidence_score":4,"evidence":"passages répétés, groupe spatial","filter_reason":"anomalie_non_corroboree"}},{"type":"Feature","geometry":{"type":"Point","coordinates":[21.15366,44.52569]},"properties":{"age_h":67.3,"recency":1,"frp":11.0,"confidence":"nominal","observations":3,"passes":2,"sensor_count":1,"sensors":"NOAA-21","effis_confirmed":false,"burned_confirmed":false,"evidence_score":5,"evidence":"passages répétés, groupe spatial","filter_reason":"anomalie_non_corroboree"}},{"type":"Feature","geometry":{"type":"Point","coordinates":[-6.55509,34.27536]},"properties":{"age_h":67.3,"recency":1,"frp":10.1,"confidence":"nominal","observations":2,"passes":1,"sensor_count":1,"sensors":"NOAA-21","effis_confirmed":false,"burned_confirmed":false,"evidence_score":1,"evidence":"","filter_reason":"anomalie_non_corroboree"}},{"type":"Feature","geometry":{"type":"Point","coordinates":[-6.17089,34.96315]},"properties":{"age_h":67.3,"recency":1,"frp":2.8,"confidence":"nominal","observations":1,"passes":1,"sensor_count":1,"sensors":"NOAA-21","effis_confirmed":false,"burned_confirmed":false,"evidence_score":0,"evidence":"","filter_reason":"anomalie_non_corroboree"}},{"type":"Feature","geometry":{"type":"Point","coordinates":[6.38446,35.406]},"properties":{"age_h":67.3,"recency":1,"frp":52.8,"confidence":"high","observations":1,"passes":1,"sensor_count":1,"sensors":"NOAA-21","effis_confirmed":false,"burned_confirmed":false,"evidence_score":2,"evidence":"confiance élevée","filter_reason":"anomalie_non_corroboree"}},{"type":"Feature","geometry":{"type":"Point","coordinates":[8.64621,36.68645]},"properties":{"age_h":67.3,"recency":1,"frp":2.7,"confidence":"nominal","observations":1,"passes":1,"sensor_count":1,"sensors":"NOAA-21","effis_confirmed":false,"burned_confirmed":false,"evidence_score":0,"evidence":"","filter_reason":"anomalie_non_corroboree"}},{"type":"Feature","geometry":{"type":"Point","coordinates":[13.40211,38.07642]},"properties":{"age_h":67.3,"recency":1,"frp":4.7,"confidence":"nominal","observations":1,"passes":1,"sensor_count":1,"sensors":"NOAA-21","effis_confirmed":false,"burned_confirmed":false,"evidence_score":0,"evidence":"","filter_reason":"anomalie_non_corroboree"}},{"type":"Feature","geometry":{"type":"Point","coordinates":[1.4116,38.69503]},"properties":{"age_h":67.3,"recency":1,"frp":2.3,"confidence":"nominal","observations":1,"passes":1,"sensor_count":1,"sensors":"NOAA-21","effis_confirmed":false,"burned_confirmed":false,"evidence_score":0,"evidence":"","filter_reason":"anomalie_non_corroboree"}},{"type":"Feature","geometry":{"type":"Point","coordinates":[-6.94062,38.91109]},"properties":{"age_h":67.3,"recency":1,"frp":3.0,"confidence":"nominal","observations":1,"passes":1,"sensor_count":1,"sensors":"NOAA-21","effis_confirmed":false,"burned_confirmed":false,"evidence_score":0,"evidence":"","filter_reason":"anomalie_non_corroboree"}},{"type":"Feature","geometry":{"type":"Point","coordinates":[17.10782,38.95099]},"properties":{"age_h":67.3,"recency":1,"frp":2.2,"confidence":"nominal","observations":1,"passes":1,"sensor_count":1,"sensors":"NOAA-21","effis_confirmed":false,"burned_confirmed":false,"evidence_score":0,"evidence":"","filter_reason":"anomalie_non_corroboree"}},{"type":"Feature","geometry":{"type":"Point","coordinates":[16.27223,39.29488]},"properties":{"age_h":67.3,"recency":1,"frp":11.4,"confidence":"high","observations":2,"passes":1,"sensor_count":1,"sensors":"NOAA-21","effis_confirmed":false,"burned_confirmed":false,"evidence_score":2,"evidence":"confiance élevée","filter_reason":"anomalie_non_corroboree"}},{"type":"Feature","geometry":{"type":"Point","coordinates":[16.03291,39.36562]},"properties":{"age_h":67.3,"recency":1,"frp":6.8,"confidence":"nominal","observations":1,"passes":1,"sensor_count":1,"sensors":"NOAA-21","effis_confirmed":false,"burned_confirmed":false,"evidence_score":0,"evidence":"","filter_reason":"anomalie_non_corroboree"}},{"type":"Feature","geometry":{"type":"Point","coordinates":[16.30046,40.69424]},"properties":{"age_h":67.3,"recency":1,"frp":3.4,"confidence":"nominal","observations":1,"passes":1,"sensor_count":1,"sensors":"NOAA-21","effis_confirmed":false,"burned_confirmed":false,"evidence_score":0,"evidence":"","filter_reason":"anomalie_non_corroboree"}},{"type":"Feature","geometry":{"type":"Point","coordinates":[16.51062,40.83861]},"properties":{"age_h":67.3,"recency":1,"frp":2.0,"confidence":"nominal","observations":1,"passes":1,"sensor_count":1,"sensors":"NOAA-21","effis_confirmed":false,"burned_confirmed":false,"evidence_score":0,"evidence":"","filter_reason":"anomalie_non_corroboree"}},{"type":"Feature","geometry":{"type":"Point","coordinates":[19.57438,41.10553]},"properties":{"age_h":67.3,"recency":1,"frp":9.0,"confidence":"nominal","observations":2,"passes":1,"sensor_count":1,"sensors":"NOAA-21","effis_confirmed":false,"burned_confirmed":false,"evidence_score":0,"evidence":"","filter_reason":"anomalie_non_corroboree"}},{"type":"Feature","geometry":{"type":"Point","coordinates":[10.88982,43.5138]},"properties":{"age_h":67.3,"recency":1,"frp":3.0,"confidence":"nominal","observations":1,"passes":1,"sensor_count":1,"sensors":"NOAA-21","effis_confirmed":false,"burned_confirmed":false,"evidence_score":0,"evidence":"","filter_reason":"anomalie_non_corroboree"}},{"type":"Feature","geometry":{"type":"Point","coordinates":[20.07043,44.71431]},"properties":{"age_h":67.3,"recency":1,"frp":17.8,"confidence":"high","observations":2,"passes":1,"sensor_count":1,"sensors":"NOAA-21","effis_confirmed":false,"burned_confirmed":false,"evidence_score":2,"evidence":"confiance élevée","filter_reason":"anomalie_non_corroboree"}},{"type":"Feature","geometry":{"type":"Point","coordinates":[20.14269,44.77446]},"properties":{"age_h":67.3,"recency":1,"frp":24.8,"confidence":"nominal","observations":4,"passes":1,"sensor_count":1,"sensors":"NOAA-21","effis_confirmed":false,"burned_confirmed":false,"evidence_score":3,"evidence":"groupe spatial","filter_reason":"anomalie_non_corroboree"}},{"type":"Feature","geometry":{"type":"Point","coordinates":[10.77168,45.56404]},"properties":{"age_h":67.3,"recency":1,"frp":2.6,"confidence":"nominal","observations":1,"passes":1,"sensor_count":1,"sensors":"NOAA-21","effis_confirmed":false,"burned_confirmed":false,"evidence_score":0,"evidence":"","filter_reason":"anomalie_non_corroboree"}},{"type":"Feature","geometry":{"type":"Point","coordinates":[9.30512,45.69712]},"properties":{"age_h":67.3,"recency":1,"frp":4.1,"confidence":"nominal","observations":1,"passes":1,"sensor_count":1,"sensors":"NOAA-21","effis_confirmed":false,"burned_confirmed":false,"evidence_score":0,"evidence":"","filter_reason":"anomalie_non_corroboree"}},{"type":"Feature","geometry":{"type":"Point","coordinates":[0.20962,47.61408]},"properties":{"age_h":67.3,"recency":1,"frp":7.0,"confidence":"nominal","observations":1,"passes":1,"sensor_count":1,"sensors":"NOAA-21","effis_confirmed":false,"burned_confirmed":false,"evidence_score":0,"evidence":"","filter_reason":"anomalie_non_corroboree"}},{"type":"Feature","geometry":{"type":"Point","coordinates":[9.93957,47.98335]},"properties":{"age_h":67.3,"recency":1,"frp":4.8,"confidence":"nominal","observations":1,"passes":1,"sensor_count":1,"sensors":"NOAA-21","effis_confirmed":false,"burned_confirmed":false,"evidence_score":0,"evidence":"","filter_reason":"anomalie_non_corroboree"}},{"type":"Feature","geometry":{"type":"Point","coordinates":[4.03697,48.31768]},"properties":{"age_h":67.3,"recency":1,"frp":3.6,"confidence":"nominal","observations":1,"passes":1,"sensor_count":1,"sensors":"NOAA-21","effis_confirmed":false,"burned_confirmed":false,"evidence_score":0,"evidence":"","filter_reason":"anomalie_non_corroboree"}},{"type":"Feature","geometry":{"type":"Point","coordinates":[2.27508,48.83785]},"properties":{"age_h":67.3,"recency":1,"frp":2.3,"confidence":"nominal","observations":1,"passes":1,"sensor_count":1,"sensors":"NOAA-21","effis_confirmed":false,"burned_confirmed":false,"evidence_score":0,"evidence":"","filter_reason":"anomalie_non_corroboree"}},{"type":"Feature","geometry":{"type":"Point","coordinates":[15.45504,49.12444]},"properties":{"age_h":67.3,"recency":1,"frp":12.3,"confidence":"high","observations":2,"passes":1,"sensor_count":1,"sensors":"NOAA-21","effis_confirmed":false,"burned_confirmed":false,"evidence_score":2,"evidence":"confiance élevée","filter_reason":"anomalie_non_corroboree"}},{"type":"Feature","geometry":{"type":"Point","coordinates":[4.95389,50.21404]},"properties":{"age_h":67.2,"recency":1,"frp":6.0,"confidence":"nominal","observations":1,"passes":1,"sensor_count":1,"sensors":"NOAA-21","effis_confirmed":false,"burned_confirmed":false,"evidence_score":0,"evidence":"","filter_reason":"anomalie_non_corroboree"}},{"type":"Feature","geometry":{"type":"Point","coordinates":[-1.07898,50.87771]},"properties":{"age_h":67.2,"recency":1,"frp":8.0,"confidence":"nominal","observations":4,"passes":1,"sensor_count":1,"sensors":"NOAA-21","effis_confirmed":false,"burned_confirmed":false,"evidence_score":2,"evidence":"groupe spatial","filter_reason":"anomalie_non_corroboree"}},{"type":"Feature","geometry":{"type":"Point","coordinates":[-1.20688,50.94298]},"properties":{"age_h":67.2,"recency":1,"frp":2.7,"confidence":"nominal","observations":2,"passes":1,"sensor_count":1,"sensors":"NOAA-21","effis_confirmed":false,"burned_confirmed":false,"evidence_score":0,"evidence":"","filter_reason":"anomalie_non_corroboree"}},{"type":"Feature","geometry":{"type":"Point","coordinates":[4.49058,51.01649]},"properties":{"age_h":67.2,"recency":1,"frp":3.4,"confidence":"nominal","observations":1,"passes":1,"sensor_count":1,"sensors":"NOAA-21","effis_confirmed":false,"burned_confirmed":false,"evidence_score":0,"evidence":"","filter_reason":"anomalie_non_corroboree"}},{"type":"Feature","geometry":{"type":"Point","coordinates":[4.5996,51.04372]},"properties":{"age_h":67.2,"recency":1,"frp":3.7,"confidence":"nominal","observations":1,"passes":1,"sensor_count":1,"sensors":"NOAA-21","effis_confirmed":false,"burned_confirmed":false,"evidence_score":0,"evidence":"","filter_reason":"anomalie_non_corroboree"}},{"type":"Feature","geometry":{"type":"Point","coordinates":[2.99789,51.04647]},"properties":{"age_h":67.2,"recency":1,"frp":4.4,"confidence":"nominal","observations":1,"passes":1,"sensor_count":1,"sensors":"NOAA-21","effis_confirmed":false,"burned_confirmed":false,"evidence_score":0,"evidence":"","filter_reason":"anomalie_non_corroboree"}},{"type":"Feature","geometry":{"type":"Point","coordinates":[3.17028,51.05459]},"properties":{"age_h":67.2,"recency":1,"frp":7.4,"confidence":"nominal","observations":1,"passes":1,"sensor_count":1,"sensors":"NOAA-21","effis_confirmed":false,"burned_confirmed":false,"evidence_score":0,"evidence":"","filter_reason":"anomalie_non_corroboree"}},{"type":"Feature","geometry":{"type":"Point","coordinates":[-2.00562,51.1818]},"properties":{"age_h":67.2,"recency":1,"frp":12.5,"confidence":"nominal","observations":1,"passes":1,"sensor_count":1,"sensors":"NOAA-21","effis_confirmed":false,"burned_confirmed":false,"evidence_score":1,"evidence":"","filter_reason":"anomalie_non_corroboree"}},{"type":"Feature","geometry":{"type":"Point","coordinates":[-1.11237,51.32536]},"properties":{"age_h":67.2,"recency":1,"frp":6.0,"confidence":"nominal","observations":1,"passes":1,"sensor_count":1,"sensors":"NOAA-21","effis_confirmed":false,"burned_confirmed":false,"evidence_score":0,"evidence":"","filter_reason":"anomalie_non_corroboree"}},{"type":"Feature","geometry":{"type":"Point","coordinates":[11.68989,51.36262]},"properties":{"age_h":67.2,"recency":1,"frp":9.8,"confidence":"nominal","observations":2,"passes":1,"sensor_count":1,"sensors":"NOAA-21","effis_confirmed":false,"burned_confirmed":false,"evidence_score":0,"evidence":"","filter_reason":"anomalie_non_corroboree"}},{"type":"Feature","geometry":{"type":"Point","coordinates":[4.19477,51.99762]},"properties":{"age_h":67.2,"recency":1,"frp":2.6,"confidence":"nominal","observations":1,"passes":1,"sensor_count":1,"sensors":"NOAA-21","effis_confirmed":false,"burned_confirmed":false,"evidence_score":0,"evidence":"","filter_reason":"anomalie_non_corroboree"}},{"type":"Feature","geometry":{"type":"Point","coordinates":[4.56429,52.27377]},"properties":{"age_h":67.2,"recency":1,"frp":4.6,"confidence":"nominal","observations":1,"passes":1,"sensor_count":1,"sensors":"NOAA-21","effis_confirmed":false,"burned_confirmed":false,"evidence_score":0,"evidence":"","filter_reason":"anomalie_non_corroboree"}},{"type":"Feature","geometry":{"type":"Point","coordinates":[-2.67223,52.36902]},"properties":{"age_h":67.2,"recency":1,"frp":4.3,"confidence":"nominal","observations":1,"passes":1,"sensor_count":1,"sensors":"NOAA-21","effis_confirmed":false,"burned_confirmed":false,"evidence_score":0,"evidence":"","filter_reason":"anomalie_non_corroboree"}},{"type":"Feature","geometry":{"type":"Point","coordinates":[-1.56065,52.61217]},"properties":{"age_h":67.2,"recency":1,"frp":5.0,"confidence":"nominal","observations":2,"passes":1,"sensor_count":1,"sensors":"NOAA-21","effis_confirmed":false,"burned_confirmed":false,"evidence_score":0,"evidence":"","filter_reason":"anomalie_non_corroboree"}},{"type":"Feature","geometry":{"type":"Point","coordinates":[0.20078,58.28807]},"properties":{"age_h":67.2,"recency":1,"frp":3.2,"confidence":"nominal","observations":1,"passes":1,"sensor_count":1,"sensors":"NOAA-21","effis_confirmed":false,"burned_confirmed":false,"evidence_score":0,"evidence":"","filter_reason":"anomalie_non_corroboree"}},{"type":"Feature","geometry":{"type":"Point","coordinates":[8.31553,36.28187]},"properties":{"age_h":66.7,"recency":1,"frp":7.7,"confidence":"nominal","observations":1,"passes":1,"sensor_count":1,"sensors":"Suomi-NPP","effis_confirmed":false,"burned_confirmed":false,"evidence_score":0,"evidence":"","filter_reason":"anomalie_non_corroboree"}},{"type":"Feature","geometry":{"type":"Point","coordinates":[15.9583,38.41583]},"properties":{"age_h":66.7,"recency":1,"frp":7.6,"confidence":"nominal","observations":2,"passes":1,"sensor_count":1,"sensors":"Suomi-NPP","effis_confirmed":false,"burned_confirmed":false,"evidence_score":0,"evidence":"","filter_reason":"anomalie_non_corroboree"}},{"type":"Feature","geometry":{"type":"Point","coordinates":[9.54339,39.36581]},"properties":{"age_h":66.7,"recency":1,"frp":3.6,"confidence":"nominal","observations":2,"passes":1,"sensor_count":1,"sensors":"Suomi-NPP","effis_confirmed":false,"burned_confirmed":false,"evidence_score":0,"evidence":"","filter_reason":"anomalie_non_corroboree"}},{"type":"Feature","geometry":{"type":"Point","coordinates":[-4.85023,40.42018]},"properties":{"age_h":66.7,"recency":1,"frp":5.9,"confidence":"nominal","observations":1,"passes":1,"sensor_count":1,"sensors":"Suomi-NPP","effis_confirmed":false,"burned_confirmed":false,"evidence_score":0,"evidence":"","filter_reason":"anomalie_non_corroboree"}},{"type":"Feature","geometry":{"type":"Point","coordinates":[14.00439,40.96404]},"properties":{"age_h":66.7,"recency":1,"frp":4.4,"confidence":"nominal","observations":1,"passes":1,"sensor_count":1,"sensors":"Suomi-NPP","effis_confirmed":false,"burned_confirmed":false,"evidence_score":0,"evidence":"","filter_reason":"anomalie_non_corroboree"}},{"type":"Feature","geometry":{"type":"Point","coordinates":[13.18997,41.38901]},"properties":{"age_h":66.7,"recency":1,"frp":3.5,"confidence":"nominal","observations":1,"passes":1,"sensor_count":1,"sensors":"Suomi-NPP","effis_confirmed":false,"burned_confirmed":false,"evidence_score":0,"evidence":"","filter_reason":"anomalie_non_corroboree"}},{"type":"Feature","geometry":{"type":"Point","coordinates":[-0.9267,41.64851]},"properties":{"age_h":66.7,"recency":1,"frp":3.9,"confidence":"nominal","observations":1,"passes":1,"sensor_count":1,"sensors":"Suomi-NPP","effis_confirmed":false,"burned_confirmed":false,"evidence_score":0,"evidence":"","filter_reason":"anomalie_non_corroboree"}},{"type":"Feature","geometry":{"type":"Point","coordinates":[-1.68747,42.84548]},"properties":{"age_h":66.7,"recency":1,"frp":3.0,"confidence":"nominal","observations":1,"passes":1,"sensor_count":1,"sensors":"Suomi-NPP","effis_confirmed":false,"burned_confirmed":false,"evidence_score":0,"evidence":"","filter_reason":"anomalie_non_corroboree"}},{"type":"Feature","geometry":{"type":"Point","coordinates":[10.94646,45.30941]},"properties":{"age_h":66.7,"recency":1,"frp":3.1,"confidence":"nominal","observations":1,"passes":1,"sensor_count":1,"sensors":"Suomi-NPP","effis_confirmed":false,"burned_confirmed":false,"evidence_score":0,"evidence":"","filter_reason":"anomalie_non_corroboree"}},{"type":"Feature","geometry":{"type":"Point","coordinates":[9.35859,45.50277]},"properties":{"age_h":66.7,"recency":1,"frp":1.7,"confidence":"nominal","observations":1,"passes":1,"sensor_count":1,"sensors":"Suomi-NPP","effis_confirmed":false,"burned_confirmed":false,"evidence_score":0,"evidence":"","filter_reason":"anomalie_non_corroboree"}},{"type":"Feature","geometry":{"type":"Point","coordinates":[-1.60829,47.29746]},"properties":{"age_h":66.7,"recency":1,"frp":14.0,"confidence":"nominal","observations":1,"passes":1,"sensor_count":1,"sensors":"Suomi-NPP","effis_confirmed":false,"burned_confirmed":false,"evidence_score":1,"evidence":"","filter_reason":"anomalie_non_corroboree"}},{"type":"Feature","geometry":{"type":"Point","coordinates":[1.18822,48.87497]},"properties":{"age_h":66.7,"recency":1,"frp":6.0,"confidence":"nominal","observations":3,"passes":1,"sensor_count":1,"sensors":"Suomi-NPP","effis_confirmed":false,"burned_confirmed":false,"evidence_score":2,"evidence":"groupe spatial","filter_reason":"anomalie_non_corroboree"}},{"type":"Feature","geometry":{"type":"Point","coordinates":[11.00305,51.06887]},"properties":{"age_h":66.6,"recency":1,"frp":8.8,"confidence":"nominal","observations":2,"passes":1,"sensor_count":1,"sensors":"Suomi-NPP","effis_confirmed":false,"burned_confirmed":false,"evidence_score":0,"evidence":"","filter_reason":"anomalie_non_corroboree"}},{"type":"Feature","geometry":{"type":"Point","coordinates":[-8.75371,51.77421]},"properties":{"age_h":66.6,"recency":1,"frp":2.9,"confidence":"nominal","observations":1,"passes":1,"sensor_count":1,"sensors":"Suomi-NPP","effis_confirmed":false,"burned_confirmed":false,"evidence_score":0,"evidence":"","filter_reason":"anomalie_non_corroboree"}},{"type":"Feature","geometry":{"type":"Point","coordinates":[-3.09678,52.20535]},"properties":{"age_h":66.6,"recency":1,"frp":7.8,"confidence":"nominal","observations":1,"passes":1,"sensor_count":1,"sensors":"Suomi-NPP","effis_confirmed":false,"burned_confirmed":false,"evidence_score":0,"evidence":"","filter_reason":"anomalie_non_corroboree"}},{"type":"Feature","geometry":{"type":"Point","coordinates":[12.03003,53.60236]},"properties":{"age_h":66.6,"recency":1,"frp":5.2,"confidence":"nominal","observations":1,"passes":1,"sensor_count":1,"sensors":"Suomi-NPP","effis_confirmed":false,"burned_confirmed":false,"evidence_score":0,"evidence":"","filter_reason":"anomalie_non_corroboree"}},{"type":"Feature","geometry":{"type":"Point","coordinates":[9.36278,39.2941]},"properties":{"age_h":66.4,"recency":1,"frp":13.8,"confidence":"nominal","observations":2,"passes":1,"sensor_count":1,"sensors":"NOAA-20","effis_confirmed":false,"burned_confirmed":false,"evidence_score":1,"evidence":"","filter_reason":"anomalie_non_corroboree"}},{"type":"Feature","geometry":{"type":"Point","coordinates":[-0.13615,39.81359]},"properties":{"age_h":66.4,"recency":1,"frp":4.3,"confidence":"nominal","observations":1,"passes":1,"sensor_count":1,"sensors":"NOAA-20","effis_confirmed":false,"burned_confirmed":false,"evidence_score":0,"evidence":"","filter_reason":"anomalie_non_corroboree"}},{"type":"Feature","geometry":{"type":"Point","coordinates":[-0.13424,39.95179]},"properties":{"age_h":66.4,"recency":1,"frp":9.5,"confidence":"nominal","observations":3,"passes":1,"sensor_count":1,"sensors":"NOAA-20","effis_confirmed":false,"burned_confirmed":false,"evidence_score":2,"evidence":"groupe spatial","filter_reason":"anomalie_non_corroboree"}},{"type":"Feature","geometry":{"type":"Point","coordinates":[4.39603,47.27805]},"properties":{"age_h":66.3,"recency":1,"frp":9.7,"confidence":"nominal","observations":3,"passes":2,"sensor_count":1,"sensors":"NOAA-20","effis_confirmed":false,"burned_confirmed":false,"evidence_score":4,"evidence":"passages répétés, groupe spatial","filter_reason":"anomalie_non_corroboree"}},{"type":"Feature","geometry":{"type":"Point","coordinates":[-1.34387,49.31132]},"properties":{"age_h":66.3,"recency":1,"frp":5.0,"confidence":"nominal","observations":2,"passes":1,"sensor_count":1,"sensors":"NOAA-20","effis_confirmed":false,"burned_confirmed":false,"evidence_score":0,"evidence":"","filter_reason":"anomalie_non_corroboree"}},{"type":"Feature","geometry":{"type":"Point","coordinates":[7.77229,52.40806]},"properties":{"age_h":66.3,"recency":1,"frp":5.0,"confidence":"nominal","observations":1,"passes":1,"sensor_count":1,"sensors":"NOAA-20","effis_confirmed":false,"burned_confirmed":false,"evidence_score":0,"evidence":"","filter_reason":"anomalie_non_corroboree"}},{"type":"Feature","geometry":{"type":"Point","coordinates":[41.30169,36.86988]},"properties":{"age_h":57.4,"recency":1,"frp":0.9,"confidence":"nominal","observations":1,"passes":1,"sensor_count":1,"sensors":"NOAA-20","effis_confirmed":false,"burned_confirmed":false,"evidence_score":0,"evidence":"","filter_reason":"anomalie_non_corroboree"}},{"type":"Feature","geometry":{"type":"Point","coordinates":[39.72736,37.33606]},"properties":{"age_h":57.4,"recency":1,"frp":1.6,"confidence":"nominal","observations":2,"passes":1,"sensor_count":1,"sensors":"NOAA-20","effis_confirmed":false,"burned_confirmed":false,"evidence_score":0,"evidence":"","filter_reason":"anomalie_non_corroboree"}},{"type":"Feature","geometry":{"type":"Point","coordinates":[40.15026,37.87238]},"properties":{"age_h":57.4,"recency":1,"frp":2.3,"confidence":"nominal","observations":1,"passes":1,"sensor_count":1,"sensors":"NOAA-20","effis_confirmed":false,"burned_confirmed":false,"evidence_score":0,"evidence":"","filter_reason":"anomalie_non_corroboree"}},{"type":"Feature","geometry":{"type":"Point","coordinates":[41.86427,39.02837]},"properties":{"age_h":57.4,"recency":1,"frp":0.8,"confidence":"nominal","observations":2,"passes":1,"sensor_count":1,"sensors":"NOAA-20","effis_confirmed":false,"burned_confirmed":false,"evidence_score":0,"evidence":"","filter_reason":"anomalie_non_corroboree"}},{"type":"Feature","geometry":{"type":"Point","coordinates":[35.70615,50.38372]},"properties":{"age_h":56.7,"recency":1,"frp":1.6,"confidence":"nominal","observations":1,"passes":1,"sensor_count":1,"sensors":"NOAA-21","effis_confirmed":false,"burned_confirmed":false,"evidence_score":0,"evidence":"","filter_reason":"anomalie_non_corroboree"}},{"type":"Feature","geometry":{"type":"Point","coordinates":[29.30227,45.526]},"properties":{"age_h":56.7,"recency":1,"frp":0.9,"confidence":"nominal","observations":1,"passes":1,"sensor_count":1,"sensors":"NOAA-21","effis_confirmed":false,"burned_confirmed":false,"evidence_score":0,"evidence":"","filter_reason":"anomalie_non_corroboree"}},{"type":"Feature","geometry":{"type":"Point","coordinates":[35.72948,34.3359]},"properties":{"age_h":56.7,"recency":1,"frp":1.6,"confidence":"nominal","observations":1,"passes":1,"sensor_count":1,"sensors":"NOAA-21","effis_confirmed":false,"burned_confirmed":false,"evidence_score":0,"evidence":"","filter_reason":"anomalie_non_corroboree"}},{"type":"Feature","geometry":{"type":"Point","coordinates":[36.55111,35.58936]},"properties":{"age_h":56.7,"recency":1,"frp":0.6,"confidence":"nominal","observations":1,"passes":1,"sensor_count":1,"sensors":"NOAA-21","effis_confirmed":false,"burned_confirmed":false,"evidence_score":0,"evidence":"","filter_reason":"anomalie_non_corroboree"}},{"type":"Feature","geometry":{"type":"Point","coordinates":[38.65486,36.01714]},"properties":{"age_h":56.7,"recency":1,"frp":1.8,"confidence":"nominal","observations":1,"passes":1,"sensor_count":1,"sensors":"NOAA-21","effis_confirmed":false,"burned_confirmed":false,"evidence_score":0,"evidence":"","filter_reason":"anomalie_non_corroboree"}},{"type":"Feature","geometry":{"type":"Point","coordinates":[38.94896,36.19964]},"properties":{"age_h":56.7,"recency":1,"frp":1.1,"confidence":"nominal","observations":1,"passes":1,"sensor_count":1,"sensors":"NOAA-21","effis_confirmed":false,"burned_confirmed":false,"evidence_score":0,"evidence":"","filter_reason":"anomalie_non_corroboree"}},{"type":"Feature","geometry":{"type":"Point","coordinates":[37.02727,36.5687]},"properties":{"age_h":56.7,"recency":1,"frp":0.5,"confidence":"nominal","observations":1,"passes":1,"sensor_count":1,"sensors":"NOAA-21","effis_confirmed":false,"burned_confirmed":false,"evidence_score":0,"evidence":"","filter_reason":"anomalie_non_corroboree"}},{"type":"Feature","geometry":{"type":"Point","coordinates":[39.17425,36.7862]},"properties":{"age_h":56.7,"recency":1,"frp":0.5,"confidence":"nominal","observations":1,"passes":1,"sensor_count":1,"sensors":"NOAA-21","effis_confirmed":false,"burned_confirmed":false,"evidence_score":0,"evidence":"","filter_reason":"anomalie_non_corroboree"}},{"type":"Feature","geometry":{"type":"Point","coordinates":[39.65649,40.41124]},"properties":{"age_h":56.7,"recency":1,"frp":0.3,"confidence":"nominal","observations":1,"passes":1,"sensor_count":1,"sensors":"NOAA-21","effis_confirmed":false,"burned_confirmed":false,"evidence_score":0,"evidence":"","filter_reason":"anomalie_non_corroboree"}},{"type":"Feature","geometry":{"type":"Point","coordinates":[30.96556,59.78119]},"properties":{"age_h":56.2,"recency":1,"frp":0.5,"confidence":"nominal","observations":1,"passes":1,"sensor_count":1,"sensors":"Suomi-NPP","effis_confirmed":false,"burned_confirmed":false,"evidence_score":0,"evidence":"","filter_reason":"anomalie_non_corroboree"}},{"type":"Feature","geometry":{"type":"Point","coordinates":[34.11842,36.46563]},"properties":{"age_h":56.1,"recency":1,"frp":1.1,"confidence":"nominal","observations":1,"passes":1,"sensor_count":1,"sensors":"Suomi-NPP","effis_confirmed":false,"burned_confirmed":false,"evidence_score":0,"evidence":"","filter_reason":"anomalie_non_corroboree"}},{"type":"Feature","geometry":{"type":"Point","coordinates":[30.64912,36.93393]},"properties":{"age_h":56.1,"recency":1,"frp":0.5,"confidence":"nominal","observations":1,"passes":1,"sensor_count":1,"sensors":"Suomi-NPP","effis_confirmed":false,"burned_confirmed":false,"evidence_score":0,"evidence":"","filter_reason":"anomalie_non_corroboree"}},{"type":"Feature","geometry":{"type":"Point","coordinates":[27.5508,38.72729]},"properties":{"age_h":56.1,"recency":1,"frp":0.9,"confidence":"nominal","observations":1,"passes":1,"sensor_count":1,"sensors":"Suomi-NPP","effis_confirmed":false,"burned_confirmed":false,"evidence_score":0,"evidence":"","filter_reason":"anomalie_non_corroboree"}},{"type":"Feature","geometry":{"type":"Point","coordinates":[29.76129,46.59569]},"properties":{"age_h":55.8,"recency":1,"frp":0.5,"confidence":"nominal","observations":1,"passes":1,"sensor_count":1,"sensors":"NOAA-20","effis_confirmed":false,"burned_confirmed":false,"evidence_score":0,"evidence":"","filter_reason":"anomalie_non_corroboree"}},{"type":"Feature","geometry":{"type":"Point","coordinates":[30.95484,49.62649]},"properties":{"age_h":55.8,"recency":1,"frp":0.4,"confidence":"nominal","observations":1,"passes":1,"sensor_count":1,"sensors":"NOAA-20","effis_confirmed":false,"burned_confirmed":false,"evidence_score":0,"evidence":"","filter_reason":"anomalie_non_corroboree"}},{"type":"Feature","geometry":{"type":"Point","coordinates":[14.14287,50.50816]},"properties":{"age_h":55.8,"recency":1,"frp":1.3,"confidence":"nominal","observations":2,"passes":1,"sensor_count":1,"sensors":"NOAA-20","effis_confirmed":false,"burned_confirmed":false,"evidence_score":0,"evidence":"","filter_reason":"anomalie_non_corroboree"}},{"type":"Feature","geometry":{"type":"Point","coordinates":[31.83551,52.06826]},"properties":{"age_h":55.8,"recency":1,"frp":0.5,"confidence":"nominal","observations":1,"passes":1,"sensor_count":1,"sensors":"NOAA-20","effis_confirmed":false,"burned_confirmed":false,"evidence_score":0,"evidence":"","filter_reason":"anomalie_non_corroboree"}},{"type":"Feature","geometry":{"type":"Point","coordinates":[33.50075,52.288]},"properties":{"age_h":55.8,"recency":1,"frp":0.3,"confidence":"nominal","observations":1,"passes":1,"sensor_count":1,"sensors":"NOAA-20","effis_confirmed":false,"burned_confirmed":false,"evidence_score":0,"evidence":"","filter_reason":"anomalie_non_corroboree"}},{"type":"Feature","geometry":{"type":"Point","coordinates":[32.672,52.29904]},"properties":{"age_h":55.8,"recency":1,"frp":0.3,"confidence":"nominal","observations":2,"passes":1,"sensor_count":1,"sensors":"NOAA-20","effis_confirmed":false,"burned_confirmed":false,"evidence_score":0,"evidence":"","filter_reason":"anomalie_non_corroboree"}},{"type":"Feature","geometry":{"type":"Point","coordinates":[22.80686,39.38875]},"properties":{"age_h":55.8,"recency":1,"frp":1.5,"confidence":"nominal","observations":1,"passes":1,"sensor_count":1,"sensors":"NOAA-20","effis_confirmed":false,"burned_confirmed":false,"evidence_score":0,"evidence":"","filter_reason":"anomalie_non_corroboree"}},{"type":"Feature","geometry":{"type":"Point","coordinates":[16.79094,40.37505]},"properties":{"age_h":55.8,"recency":1,"frp":0.9,"confidence":"nominal","observations":1,"passes":1,"sensor_count":1,"sensors":"NOAA-20","effis_confirmed":false,"burned_confirmed":false,"evidence_score":0,"evidence":"","filter_reason":"anomalie_non_corroboree"}},{"type":"Feature","geometry":{"type":"Point","coordinates":[28.21337,41.10309]},"properties":{"age_h":55.8,"recency":1,"frp":0.3,"confidence":"nominal","observations":1,"passes":1,"sensor_count":1,"sensors":"NOAA-20","effis_confirmed":false,"burned_confirmed":false,"evidence_score":0,"evidence":"","filter_reason":"anomalie_non_corroboree"}},{"type":"Feature","geometry":{"type":"Point","coordinates":[24.22369,43.98332]},"properties":{"age_h":55.8,"recency":1,"frp":0.4,"confidence":"nominal","observations":1,"passes":1,"sensor_count":1,"sensors":"NOAA-20","effis_confirmed":false,"burned_confirmed":false,"evidence_score":0,"evidence":"","filter_reason":"anomalie_non_corroboree"}},{"type":"Feature","geometry":{"type":"Point","coordinates":[20.12099,44.72655]},"properties":{"age_h":55.8,"recency":1,"frp":0.5,"confidence":"nominal","observations":1,"passes":1,"sensor_count":1,"sensors":"NOAA-20","effis_confirmed":false,"burned_confirmed":false,"evidence_score":0,"evidence":"","filter_reason":"anomalie_non_corroboree"}},{"type":"Feature","geometry":{"type":"Point","coordinates":[21.0916,45.26684]},"properties":{"age_h":55.8,"recency":1,"frp":0.9,"confidence":"nominal","observations":1,"passes":1,"sensor_count":1,"sensors":"NOAA-20","effis_confirmed":false,"burned_confirmed":false,"evidence_score":0,"evidence":"","filter_reason":"anomalie_non_corroboree"}},{"type":"Feature","geometry":{"type":"Point","coordinates":[27.75105,54.81405]},"properties":{"age_h":55.1,"recency":1,"frp":0.4,"confidence":"nominal","observations":1,"passes":1,"sensor_count":1,"sensors":"NOAA-21","effis_confirmed":false,"burned_confirmed":false,"evidence_score":0,"evidence":"","filter_reason":"anomalie_non_corroboree"}},{"type":"Feature","geometry":{"type":"Point","coordinates":[12.18325,47.79025]},"properties":{"age_h":55.0,"recency":1,"frp":2.1,"confidence":"nominal","observations":3,"passes":3,"sensor_count":1,"sensors":"NOAA-21","effis_confirmed":false,"burned_confirmed":false,"evidence_score":4,"evidence":"passages répétés, groupe spatial","filter_reason":"anomalie_non_corroboree"}},{"type":"Feature","geometry":{"type":"Point","coordinates":[8.32656,49.05908]},"properties":{"age_h":55.0,"recency":1,"frp":1.4,"confidence":"nominal","observations":1,"passes":1,"sensor_count":1,"sensors":"NOAA-21","effis_confirmed":false,"burned_confirmed":false,"evidence_score":0,"evidence":"","filter_reason":"anomalie_non_corroboree"}},{"type":"Feature","geometry":{"type":"Point","coordinates":[19.14953,49.27611]},"properties":{"age_h":55.0,"recency":1,"frp":0.7,"confidence":"nominal","observations":1,"passes":1,"sensor_count":1,"sensors":"NOAA-21","effis_confirmed":false,"burned_confirmed":false,"evidence_score":0,"evidence":"","filter_reason":"anomalie_non_corroboree"}},{"type":"Feature","geometry":{"type":"Point","coordinates":[9.99462,51.18674]},"properties":{"age_h":55.0,"recency":1,"frp":2.6,"confidence":"nominal","observations":1,"passes":1,"sensor_count":1,"sensors":"NOAA-21","effis_confirmed":false,"burned_confirmed":false,"evidence_score":0,"evidence":"","filter_reason":"anomalie_non_corroboree"}},{"type":"Feature","geometry":{"type":"Point","coordinates":[15.9005,40.31264]},"properties":{"age_h":55.0,"recency":1,"frp":1.3,"confidence":"nominal","observations":1,"passes":1,"sensor_count":1,"sensors":"NOAA-21","effis_confirmed":false,"burned_confirmed":false,"evidence_score":0,"evidence":"","filter_reason":"anomalie_non_corroboree"}},{"type":"Feature","geometry":{"type":"Point","coordinates":[27.54023,41.39445]},"properties":{"age_h":55.0,"recency":1,"frp":0.5,"confidence":"nominal","observations":1,"passes":1,"sensor_count":1,"sensors":"NOAA-21","effis_confirmed":false,"burned_confirmed":false,"evidence_score":0,"evidence":"","filter_reason":"anomalie_non_corroboree"}},{"type":"Feature","geometry":{"type":"Point","coordinates":[15.46077,41.7045]},"properties":{"age_h":55.0,"recency":1,"frp":0.5,"confidence":"nominal","observations":1,"passes":1,"sensor_count":1,"sensors":"NOAA-21","effis_confirmed":false,"burned_confirmed":false,"evidence_score":0,"evidence":"","filter_reason":"anomalie_non_corroboree"}},{"type":"Feature","geometry":{"type":"Point","coordinates":[21.04566,43.6152]},"properties":{"age_h":55.0,"recency":1,"frp":0.9,"confidence":"nominal","observations":1,"passes":1,"sensor_count":1,"sensors":"NOAA-21","effis_confirmed":false,"burned_confirmed":false,"evidence_score":0,"evidence":"","filter_reason":"anomalie_non_corroboree"}},{"type":"Feature","geometry":{"type":"Point","coordinates":[4.69211,44.08902]},"properties":{"age_h":55.0,"recency":1,"frp":0.8,"confidence":"nominal","observations":1,"passes":1,"sensor_count":1,"sensors":"NOAA-21","effis_confirmed":false,"burned_confirmed":false,"evidence_score":0,"evidence":"","filter_reason":"anomalie_non_corroboree"}},{"type":"Feature","geometry":{"type":"Point","coordinates":[15.35912,45.22412]},"properties":{"age_h":55.0,"recency":1,"frp":0.7,"confidence":"nominal","observations":1,"passes":1,"sensor_count":1,"sensors":"NOAA-21","effis_confirmed":false,"burned_confirmed":false,"evidence_score":0,"evidence":"","filter_reason":"anomalie_non_corroboree"}},{"type":"Feature","geometry":{"type":"Point","coordinates":[0.26505,47.16951]},"properties":{"age_h":55.0,"recency":1,"frp":1.5,"confidence":"nominal","observations":1,"passes":1,"sensor_count":1,"sensors":"NOAA-21","effis_confirmed":false,"burned_confirmed":false,"evidence_score":0,"evidence":"","filter_reason":"anomalie_non_corroboree"}},{"type":"Feature","geometry":{"type":"Point","coordinates":[6.46292,36.82519]},"properties":{"age_h":55.0,"recency":1,"frp":2.5,"confidence":"nominal","observations":1,"passes":1,"sensor_count":1,"sensors":"NOAA-21","effis_confirmed":false,"burned_confirmed":false,"evidence_score":0,"evidence":"","filter_reason":"anomalie_non_corroboree"}},{"type":"Feature","geometry":{"type":"Point","coordinates":[12.87066,37.75747]},"properties":{"age_h":55.0,"recency":1,"frp":1.2,"confidence":"nominal","observations":1,"passes":1,"sensor_count":1,"sensors":"NOAA-21","effis_confirmed":false,"burned_confirmed":false,"evidence_score":0,"evidence":"","filter_reason":"anomalie_non_corroboree"}},{"type":"Feature","geometry":{"type":"Point","coordinates":[31.42895,59.2844]},"properties":{"age_h":54.5,"recency":1,"frp":0.7,"confidence":"nominal","observations":1,"passes":1,"sensor_count":1,"sensors":"Suomi-NPP","effis_confirmed":false,"burned_confirmed":false,"evidence_score":0,"evidence":"","filter_reason":"anomalie_non_corroboree"}},{"type":"Feature","geometry":{"type":"Point","coordinates":[18.83264,50.33194]},"properties":{"age_h":54.4,"recency":1,"frp":1.7,"confidence":"nominal","observations":3,"passes":2,"sensor_count":1,"sensors":"Suomi-NPP","effis_confirmed":false,"burned_confirmed":false,"evidence_score":4,"evidence":"passages répétés, groupe spatial","filter_reason":"anomalie_non_corroboree"}},{"type":"Feature","geometry":{"type":"Point","coordinates":[2.48927,48.94993]},"properties":{"age_h":54.4,"recency":1,"frp":0.5,"confidence":"nominal","observations":1,"passes":1,"sensor_count":1,"sensors":"Suomi-NPP","effis_confirmed":false,"burned_confirmed":false,"evidence_score":0,"evidence":"","filter_reason":"anomalie_non_corroboree"}},{"type":"Feature","geometry":{"type":"Point","coordinates":[14.83253,41.98332]},"properties":{"age_h":54.4,"recency":1,"frp":1.1,"confidence":"nominal","observations":1,"passes":1,"sensor_count":1,"sensors":"Suomi-NPP","effis_confirmed":false,"burned_confirmed":false,"evidence_score":0,"evidence":"","filter_reason":"anomalie_non_corroboree"}},{"type":"Feature","geometry":{"type":"Point","coordinates":[4.83811,43.42235]},"properties":{"age_h":54.4,"recency":1,"frp":0.7,"confidence":"nominal","observations":1,"passes":1,"sensor_count":1,"sensors":"Suomi-NPP","effis_confirmed":false,"burned_confirmed":false,"evidence_score":0,"evidence":"","filter_reason":"anomalie_non_corroboree"}},{"type":"Feature","geometry":{"type":"Point","coordinates":[8.2928,44.37915]},"properties":{"age_h":54.4,"recency":1,"frp":1.2,"confidence":"nominal","observations":1,"passes":1,"sensor_count":1,"sensors":"Suomi-NPP","effis_confirmed":false,"burned_confirmed":false,"evidence_score":0,"evidence":"","filter_reason":"anomalie_non_corroboree"}},{"type":"Feature","geometry":{"type":"Point","coordinates":[7.49253,44.51797]},"properties":{"age_h":54.4,"recency":1,"frp":0.3,"confidence":"nominal","observations":1,"passes":1,"sensor_count":1,"sensors":"Suomi-NPP","effis_confirmed":false,"burned_confirmed":false,"evidence_score":0,"evidence":"","filter_reason":"anomalie_non_corroboree"}},{"type":"Feature","geometry":{"type":"Point","coordinates":[14.12298,44.96597]},"properties":{"age_h":54.4,"recency":1,"frp":1.2,"confidence":"nominal","observations":1,"passes":1,"sensor_count":1,"sensors":"Suomi-NPP","effis_confirmed":false,"burned_confirmed":false,"evidence_score":0,"evidence":"","filter_reason":"anomalie_non_corroboree"}},{"type":"Feature","geometry":{"type":"Point","coordinates":[7.1531,34.45712]},"properties":{"age_h":54.4,"recency":1,"frp":2.7,"confidence":"nominal","observations":1,"passes":1,"sensor_count":1,"sensors":"Suomi-NPP","effis_confirmed":false,"burned_confirmed":false,"evidence_score":0,"evidence":"","filter_reason":"anomalie_non_corroboree"}},{"type":"Feature","geometry":{"type":"Point","coordinates":[-1.92859,34.99593]},"properties":{"age_h":54.4,"recency":1,"frp":1.7,"confidence":"nominal","observations":2,"passes":1,"sensor_count":1,"sensors":"Suomi-NPP","effis_confirmed":false,"burned_confirmed":false,"evidence_score":0,"evidence":"","filter_reason":"anomalie_non_corroboree"}},{"type":"Feature","geometry":{"type":"Point","coordinates":[6.86814,35.5503]},"properties":{"age_h":54.4,"recency":1,"frp":1.9,"confidence":"nominal","observations":1,"passes":1,"sensor_count":1,"sensors":"Suomi-NPP","effis_confirmed":false,"burned_confirmed":false,"evidence_score":0,"evidence":"","filter_reason":"anomalie_non_corroboree"}},{"type":"Feature","geometry":{"type":"Point","coordinates":[1.15518,36.06279]},"properties":{"age_h":54.4,"recency":1,"frp":6.2,"confidence":"nominal","observations":2,"passes":1,"sensor_count":1,"sensors":"Suomi-NPP","effis_confirmed":false,"burned_confirmed":false,"evidence_score":0,"evidence":"","filter_reason":"anomalie_non_corroboree"}},{"type":"Feature","geometry":{"type":"Point","coordinates":[6.60763,36.42326]},"properties":{"age_h":54.4,"recency":1,"frp":1.6,"confidence":"nominal","observations":1,"passes":1,"sensor_count":1,"sensors":"Suomi-NPP","effis_confirmed":false,"burned_confirmed":false,"evidence_score":0,"evidence":"","filter_reason":"anomalie_non_corroboree"}},{"type":"Feature","geometry":{"type":"Point","coordinates":[6.83281,51.0698]},"properties":{"age_h":54.1,"recency":1,"frp":0.6,"confidence":"nominal","observations":1,"passes":1,"sensor_count":1,"sensors":"NOAA-20","effis_confirmed":false,"burned_confirmed":false,"evidence_score":0,"evidence":"","filter_reason":"anomalie_non_corroboree"}},{"type":"Feature","geometry":{"type":"Point","coordinates":[18.83542,47.11649]},"properties":{"age_h":54.1,"recency":1,"frp":0.5,"confidence":"nominal","observations":1,"passes":1,"sensor_count":1,"sensors":"NOAA-20","effis_confirmed":false,"burned_confirmed":false,"evidence_score":0,"evidence":"","filter_reason":"anomalie_non_corroboree"}},{"type":"Feature","geometry":{"type":"Point","coordinates":[18.785,47.16138]},"properties":{"age_h":54.1,"recency":1,"frp":0.4,"confidence":"nominal","observations":1,"passes":1,"sensor_count":1,"sensors":"NOAA-20","effis_confirmed":false,"burned_confirmed":false,"evidence_score":0,"evidence":"","filter_reason":"anomalie_non_corroboree"}},{"type":"Feature","geometry":{"type":"Point","coordinates":[4.6564,51.15819]},"properties":{"age_h":54.1,"recency":1,"frp":1.9,"confidence":"nominal","observations":2,"passes":1,"sensor_count":1,"sensors":"NOAA-20","effis_confirmed":false,"burned_confirmed":false,"evidence_score":0,"evidence":"","filter_reason":"anomalie_non_corroboree"}},{"type":"Feature","geometry":{"type":"Point","coordinates":[5.57286,36.17718]},"properties":{"age_h":54.1,"recency":1,"frp":1.3,"confidence":"nominal","observations":1,"passes":1,"sensor_count":1,"sensors":"NOAA-20","effis_confirmed":false,"burned_confirmed":false,"evidence_score":0,"evidence":"","filter_reason":"anomalie_non_corroboree"}},{"type":"Feature","geometry":{"type":"Point","coordinates":[3.85068,36.49359]},"properties":{"age_h":54.1,"recency":1,"frp":0.8,"confidence":"nominal","observations":1,"passes":1,"sensor_count":1,"sensors":"NOAA-20","effis_confirmed":false,"burned_confirmed":false,"evidence_score":0,"evidence":"","filter_reason":"anomalie_non_corroboree"}},{"type":"Feature","geometry":{"type":"Point","coordinates":[-3.79919,37.21086]},"properties":{"age_h":54.1,"recency":1,"frp":0.2,"confidence":"nominal","observations":1,"passes":1,"sensor_count":1,"sensors":"NOAA-20","effis_confirmed":false,"burned_confirmed":false,"evidence_score":0,"evidence":"","filter_reason":"anomalie_non_corroboree"}},{"type":"Feature","geometry":{"type":"Point","coordinates":[-0.69218,39.48476]},"properties":{"age_h":54.1,"recency":1,"frp":0.8,"confidence":"nominal","observations":2,"passes":1,"sensor_count":1,"sensors":"NOAA-20","effis_confirmed":false,"burned_confirmed":false,"evidence_score":0,"evidence":"","filter_reason":"anomalie_non_corroboree"}},{"type":"Feature","geometry":{"type":"Point","coordinates":[8.62646,39.83867]},"properties":{"age_h":54.1,"recency":1,"frp":1.3,"confidence":"nominal","observations":1,"passes":1,"sensor_count":1,"sensors":"NOAA-20","effis_confirmed":false,"burned_confirmed":false,"evidence_score":0,"evidence":"","filter_reason":"anomalie_non_corroboree"}},{"type":"Feature","geometry":{"type":"Point","coordinates":[12.38068,41.82097]},"properties":{"age_h":54.1,"recency":1,"frp":1.4,"confidence":"nominal","observations":2,"passes":1,"sensor_count":1,"sensors":"NOAA-20","effis_confirmed":false,"burned_confirmed":false,"evidence_score":0,"evidence":"","filter_reason":"anomalie_non_corroboree"}},{"type":"Feature","geometry":{"type":"Point","coordinates":[-7.35361,42.89535]},"properties":{"age_h":54.1,"recency":1,"frp":0.7,"confidence":"nominal","observations":1,"passes":1,"sensor_count":1,"sensors":"NOAA-20","effis_confirmed":false,"burned_confirmed":false,"evidence_score":0,"evidence":"","filter_reason":"anomalie_non_corroboree"}},{"type":"Feature","geometry":{"type":"Point","coordinates":[-19.90593,63.65023]},"properties":{"age_h":53.4,"recency":1,"frp":1.0,"confidence":"nominal","observations":2,"passes":1,"sensor_count":1,"sensors":"NOAA-21","effis_confirmed":false,"burned_confirmed":false,"evidence_score":0,"evidence":"","filter_reason":"anomalie_non_corroboree"}},{"type":"Feature","geometry":{"type":"Point","coordinates":[4.90196,43.4084]},"properties":{"age_h":53.3,"recency":1,"frp":2.2,"confidence":"nominal","observations":1,"passes":1,"sensor_count":1,"sensors":"NOAA-21","effis_confirmed":false,"burned_confirmed":false,"evidence_score":0,"evidence":"","filter_reason":"anomalie_non_corroboree"}},{"type":"Feature","geometry":{"type":"Point","coordinates":[-1.37599,43.84389]},"properties":{"age_h":53.3,"recency":1,"frp":1.2,"confidence":"nominal","observations":1,"passes":1,"sensor_count":1,"sensors":"NOAA-21","effis_confirmed":false,"burned_confirmed":false,"evidence_score":0,"evidence":"","filter_reason":"anomalie_non_corroboree"}},{"type":"Feature","geometry":{"type":"Point","coordinates":[0.2217,48.5051]},"properties":{"age_h":53.3,"recency":1,"frp":1.8,"confidence":"nominal","observations":1,"passes":1,"sensor_count":1,"sensors":"NOAA-21","effis_confirmed":false,"burned_confirmed":false,"evidence_score":0,"evidence":"","filter_reason":"anomalie_non_corroboree"}},{"type":"Feature","geometry":{"type":"Point","coordinates":[-9.01191,38.92143]},"properties":{"age_h":53.3,"recency":1,"frp":1.6,"confidence":"nominal","observations":1,"passes":1,"sensor_count":1,"sensors":"NOAA-21","effis_confirmed":false,"burned_confirmed":false,"evidence_score":0,"evidence":"","filter_reason":"anomalie_non_corroboree"}},{"type":"Feature","geometry":{"type":"Point","coordinates":[-5.8603,43.55204]},"properties":{"age_h":53.3,"recency":1,"frp":1.3,"confidence":"nominal","observations":1,"passes":1,"sensor_count":1,"sensors":"NOAA-21","effis_confirmed":false,"burned_confirmed":false,"evidence_score":0,"evidence":"","filter_reason":"anomalie_non_corroboree"}},{"type":"Feature","geometry":{"type":"Point","coordinates":[-6.67489,34.21813]},"properties":{"age_h":53.2,"recency":1,"frp":0.3,"confidence":"nominal","observations":1,"passes":1,"sensor_count":1,"sensors":"NOAA-21","effis_confirmed":false,"burned_confirmed":false,"evidence_score":0,"evidence":"","filter_reason":"anomalie_non_corroboree"}},{"type":"Feature","geometry":{"type":"Point","coordinates":[-5.61688,35.50347]},"properties":{"age_h":53.2,"recency":1,"frp":0.8,"confidence":"nominal","observations":1,"passes":1,"sensor_count":1,"sensors":"NOAA-21","effis_confirmed":false,"burned_confirmed":false,"evidence_score":0,"evidence":"","filter_reason":"anomalie_non_corroboree"}},{"type":"Feature","geometry":{"type":"Point","coordinates":[-4.0934,38.68252]},"properties":{"age_h":52.7,"recency":1,"frp":1.1,"confidence":"nominal","observations":1,"passes":1,"sensor_count":1,"sensors":"Suomi-NPP","effis_confirmed":false,"burned_confirmed":false,"evidence_score":0,"evidence":"","filter_reason":"anomalie_non_corroboree"}},{"type":"Feature","geometry":{"type":"Point","coordinates":[-8.59599,52.16994]},"properties":{"age_h":52.4,"recency":1,"frp":0.8,"confidence":"nominal","observations":2,"passes":1,"sensor_count":1,"sensors":"NOAA-20","effis_confirmed":false,"burned_confirmed":false,"evidence_score":0,"evidence":"","filter_reason":"anomalie_non_corroboree"}},{"type":"Feature","geometry":{"type":"Point","coordinates":[37.10791,35.86076]},"properties":{"age_h":46.4,"recency":1,"frp":7.5,"confidence":"nominal","observations":1,"passes":1,"sensor_count":1,"sensors":"Suomi-NPP","effis_confirmed":false,"burned_confirmed":false,"evidence_score":0,"evidence":"","filter_reason":"anomalie_non_corroboree"}},{"type":"Feature","geometry":{"type":"Point","coordinates":[38.70438,36.71036]},"properties":{"age_h":46.4,"recency":1,"frp":4.2,"confidence":"nominal","observations":1,"passes":1,"sensor_count":1,"sensors":"Suomi-NPP","effis_confirmed":false,"burned_confirmed":false,"evidence_score":0,"evidence":"","filter_reason":"anomalie_non_corroboree"}},{"type":"Feature","geometry":{"type":"Point","coordinates":[41.39454,36.84373]},"properties":{"age_h":46.4,"recency":1,"frp":7.5,"confidence":"nominal","observations":2,"passes":1,"sensor_count":1,"sensors":"Suomi-NPP","effis_confirmed":false,"burned_confirmed":false,"evidence_score":0,"evidence":"","filter_reason":"anomalie_non_corroboree"}},{"type":"Feature","geometry":{"type":"Point","coordinates":[39.69553,37.04454]},"properties":{"age_h":46.4,"recency":1,"frp":5.8,"confidence":"nominal","observations":1,"passes":1,"sensor_count":1,"sensors":"Suomi-NPP","effis_confirmed":false,"burned_confirmed":false,"evidence_score":0,"evidence":"","filter_reason":"anomalie_non_corroboree"}},{"type":"Feature","geometry":{"type":"Point","coordinates":[36.86488,37.51399]},"properties":{"age_h":46.4,"recency":1,"frp":3.0,"confidence":"nominal","observations":1,"passes":1,"sensor_count":1,"sensors":"Suomi-NPP","effis_confirmed":false,"burned_confirmed":false,"evidence_score":0,"evidence":"","filter_reason":"anomalie_non_corroboree"}},{"type":"Feature","geometry":{"type":"Point","coordinates":[33.78524,48.63561]},"properties":{"age_h":46.4,"recency":1,"frp":5.6,"confidence":"nominal","observations":1,"passes":1,"sensor_count":1,"sensors":"Suomi-NPP","effis_confirmed":false,"burned_confirmed":false,"evidence_score":0,"evidence":"","filter_reason":"anomalie_non_corroboree"}},{"type":"Feature","geometry":{"type":"Point","coordinates":[34.91734,47.29893]},"properties":{"age_h":46.3,"recency":1,"frp":4.3,"confidence":"nominal","observations":1,"passes":1,"sensor_count":1,"sensors":"Suomi-NPP","effis_confirmed":false,"burned_confirmed":false,"evidence_score":0,"evidence":"","filter_reason":"anomalie_non_corroboree"}},{"type":"Feature","geometry":{"type":"Point","coordinates":[34.90517,47.68213]},"properties":{"age_h":46.3,"recency":1,"frp":5.3,"confidence":"nominal","observations":1,"passes":1,"sensor_count":1,"sensors":"Suomi-NPP","effis_confirmed":false,"burned_confirmed":false,"evidence_score":0,"evidence":"","filter_reason":"anomalie_non_corroboree"}},{"type":"Feature","geometry":{"type":"Point","coordinates":[36.38648,35.38217]},"properties":{"age_h":46.1,"recency":1,"frp":6.1,"confidence":"high","observations":2,"passes":1,"sensor_count":1,"sensors":"NOAA-20","effis_confirmed":false,"burned_confirmed":false,"evidence_score":1,"evidence":"confiance élevée","filter_reason":"anomalie_non_corroboree"}},{"type":"Feature","geometry":{"type":"Point","coordinates":[36.82269,35.89136]},"properties":{"age_h":46.1,"recency":1,"frp":4.8,"confidence":"nominal","observations":1,"passes":1,"sensor_count":1,"sensors":"NOAA-20","effis_confirmed":false,"burned_confirmed":false,"evidence_score":0,"evidence":"","filter_reason":"anomalie_non_corroboree"}},{"type":"Feature","geometry":{"type":"Point","coordinates":[37.04881,35.99464]},"properties":{"age_h":46.1,"recency":1,"frp":2.5,"confidence":"nominal","observations":1,"passes":1,"sensor_count":1,"sensors":"NOAA-20","effis_confirmed":false,"burned_confirmed":false,"evidence_score":0,"evidence":"","filter_reason":"anomalie_non_corroboree"}},{"type":"Feature","geometry":{"type":"Point","coordinates":[38.99506,36.13393]},"properties":{"age_h":46.1,"recency":1,"frp":2.9,"confidence":"nominal","observations":1,"passes":1,"sensor_count":1,"sensors":"NOAA-20","effis_confirmed":false,"burned_confirmed":false,"evidence_score":0,"evidence":"","filter_reason":"anomalie_non_corroboree"}},{"type":"Feature","geometry":{"type":"Point","coordinates":[36.58421,36.30508]},"properties":{"age_h":46.1,"recency":1,"frp":7.1,"confidence":"nominal","observations":1,"passes":1,"sensor_count":1,"sensors":"NOAA-20","effis_confirmed":false,"burned_confirmed":false,"evidence_score":0,"evidence":"","filter_reason":"anomalie_non_corroboree"}},{"type":"Feature","geometry":{"type":"Point","coordinates":[36.39688,36.37396]},"properties":{"age_h":46.1,"recency":1,"frp":2.3,"confidence":"nominal","observations":1,"passes":1,"sensor_count":1,"sensors":"NOAA-20","effis_confirmed":false,"burned_confirmed":false,"evidence_score":0,"evidence":"","filter_reason":"anomalie_non_corroboree"}},{"type":"Feature","geometry":{"type":"Point","coordinates":[37.28378,36.58029]},"properties":{"age_h":46.1,"recency":1,"frp":15.0,"confidence":"high","observations":1,"passes":1,"sensor_count":1,"sensors":"NOAA-20","effis_confirmed":false,"burned_confirmed":false,"evidence_score":2,"evidence":"confiance élevée","filter_reason":"anomalie_non_corroboree"}},{"type":"Feature","geometry":{"type":"Point","coordinates":[37.12112,37.37551]},"properties":{"age_h":46.1,"recency":1,"frp":7.8,"confidence":"high","observations":1,"passes":1,"sensor_count":1,"sensors":"NOAA-20","effis_confirmed":false,"burned_confirmed":false,"evidence_score":1,"evidence":"confiance élevée","filter_reason":"anomalie_non_corroboree"}},{"type":"Feature","geometry":{"type":"Point","coordinates":[28.2144,45.82714]},"properties":{"age_h":46.0,"recency":1,"frp":8.7,"confidence":"nominal","observations":1,"passes":1,"sensor_count":1,"sensors":"NOAA-20","effis_confirmed":false,"burned_confirmed":false,"evidence_score":0,"evidence":"","filter_reason":"anomalie_non_corroboree"}},{"type":"Feature","geometry":{"type":"Point","coordinates":[34.7439,47.26019]},"properties":{"age_h":46.0,"recency":1,"frp":10.3,"confidence":"nominal","observations":1,"passes":1,"sensor_count":1,"sensors":"NOAA-20","effis_confirmed":false,"burned_confirmed":false,"evidence_score":1,"evidence":"","filter_reason":"anomalie_non_corroboree"}},{"type":"Feature","geometry":{"type":"Point","coordinates":[30.15132,47.30354]},"properties":{"age_h":46.0,"recency":1,"frp":6.5,"confidence":"nominal","observations":3,"passes":1,"sensor_count":1,"sensors":"NOAA-20","effis_confirmed":false,"burned_confirmed":false,"evidence_score":2,"evidence":"groupe spatial","filter_reason":"anomalie_non_corroboree"}},{"type":"Feature","geometry":{"type":"Point","coordinates":[31.86081,47.43145]},"properties":{"age_h":46.0,"recency":1,"frp":19.0,"confidence":"nominal","observations":3,"passes":1,"sensor_count":1,"sensors":"NOAA-20","effis_confirmed":false,"burned_confirmed":false,"evidence_score":3,"evidence":"groupe spatial","filter_reason":"anomalie_non_corroboree"}},{"type":"Feature","geometry":{"type":"Point","coordinates":[32.26573,47.5873]},"properties":{"age_h":46.0,"recency":1,"frp":7.6,"confidence":"nominal","observations":1,"passes":1,"sensor_count":1,"sensors":"NOAA-20","effis_confirmed":false,"burned_confirmed":false,"evidence_score":0,"evidence":"","filter_reason":"anomalie_non_corroboree"}},{"type":"Feature","geometry":{"type":"Point","coordinates":[34.54475,48.73884]},"properties":{"age_h":46.0,"recency":1,"frp":5.9,"confidence":"nominal","observations":1,"passes":1,"sensor_count":1,"sensors":"NOAA-20","effis_confirmed":false,"burned_confirmed":false,"evidence_score":0,"evidence":"","filter_reason":"anomalie_non_corroboree"}},{"type":"Feature","geometry":{"type":"Point","coordinates":[34.33001,51.14757]},"properties":{"age_h":46.0,"recency":1,"frp":3.5,"confidence":"nominal","observations":1,"passes":1,"sensor_count":1,"sensors":"NOAA-20","effis_confirmed":false,"burned_confirmed":false,"evidence_score":0,"evidence":"","filter_reason":"anomalie_non_corroboree"}},{"type":"Feature","geometry":{"type":"Point","coordinates":[36.1139,34.61468]},"properties":{"age_h":45.3,"recency":1,"frp":2.2,"confidence":"nominal","observations":1,"passes":1,"sensor_count":1,"sensors":"NOAA-21","effis_confirmed":false,"burned_confirmed":false,"evidence_score":0,"evidence":"","filter_reason":"anomalie_non_corroboree"}},{"type":"Feature","geometry":{"type":"Point","coordinates":[36.7882,35.88044]},"properties":{"age_h":45.3,"recency":1,"frp":6.5,"confidence":"nominal","observations":1,"passes":1,"sensor_count":1,"sensors":"NOAA-21","effis_confirmed":false,"burned_confirmed":false,"evidence_score":0,"evidence":"","filter_reason":"anomalie_non_corroboree"}},{"type":"Feature","geometry":{"type":"Point","coordinates":[36.83912,36.08184]},"properties":{"age_h":45.3,"recency":1,"frp":1.7,"confidence":"nominal","observations":1,"passes":1,"sensor_count":1,"sensors":"NOAA-21","effis_confirmed":false,"burned_confirmed":false,"evidence_score":0,"evidence":"","filter_reason":"anomalie_non_corroboree"}},{"type":"Feature","geometry":{"type":"Point","coordinates":[37.53595,36.29916]},"properties":{"age_h":45.3,"recency":1,"frp":14.7,"confidence":"nominal","observations":2,"passes":1,"sensor_count":1,"sensors":"NOAA-21","effis_confirmed":false,"burned_confirmed":false,"evidence_score":1,"evidence":"","filter_reason":"anomalie_non_corroboree"}},{"type":"Feature","geometry":{"type":"Point","coordinates":[41.84834,36.30494]},"properties":{"age_h":45.3,"recency":1,"frp":18.9,"confidence":"nominal","observations":3,"passes":1,"sensor_count":1,"sensors":"NOAA-21","effis_confirmed":false,"burned_confirmed":false,"evidence_score":3,"evidence":"groupe spatial","filter_reason":"anomalie_non_corroboree"}},{"type":"Feature","geometry":{"type":"Point","coordinates":[36.84839,36.42001]},"properties":{"age_h":45.3,"recency":1,"frp":4.7,"confidence":"nominal","observations":1,"passes":1,"sensor_count":1,"sensors":"NOAA-21","effis_confirmed":false,"burned_confirmed":false,"evidence_score":0,"evidence":"","filter_reason":"anomalie_non_corroboree"}},{"type":"Feature","geometry":{"type":"Point","coordinates":[37.23881,36.47532]},"properties":{"age_h":45.3,"recency":1,"frp":11.7,"confidence":"nominal","observations":1,"passes":1,"sensor_count":1,"sensors":"NOAA-21","effis_confirmed":false,"burned_confirmed":false,"evidence_score":1,"evidence":"","filter_reason":"anomalie_non_corroboree"}},{"type":"Feature","geometry":{"type":"Point","coordinates":[38.47852,36.84141]},"properties":{"age_h":45.3,"recency":1,"frp":11.2,"confidence":"nominal","observations":1,"passes":1,"sensor_count":1,"sensors":"NOAA-21","effis_confirmed":false,"burned_confirmed":false,"evidence_score":1,"evidence":"","filter_reason":"anomalie_non_corroboree"}},{"type":"Feature","geometry":{"type":"Point","coordinates":[37.1568,36.91946]},"properties":{"age_h":45.3,"recency":1,"frp":5.1,"confidence":"nominal","observations":1,"passes":1,"sensor_count":1,"sensors":"NOAA-21","effis_confirmed":false,"burned_confirmed":false,"evidence_score":0,"evidence":"","filter_reason":"anomalie_non_corroboree"}},{"type":"Feature","geometry":{"type":"Point","coordinates":[40.56081,37.08208]},"properties":{"age_h":45.3,"recency":1,"frp":13.9,"confidence":"nominal","observations":1,"passes":1,"sensor_count":1,"sensors":"NOAA-21","effis_confirmed":false,"burned_confirmed":false,"evidence_score":1,"evidence":"","filter_reason":"anomalie_non_corroboree"}},{"type":"Feature","geometry":{"type":"Point","coordinates":[26.82096,38.2408]},"properties":{"age_h":45.3,"recency":1,"frp":3.6,"confidence":"nominal","observations":2,"passes":1,"sensor_count":1,"sensors":"NOAA-21","effis_confirmed":false,"burned_confirmed":false,"evidence_score":0,"evidence":"","filter_reason":"anomalie_non_corroboree"}},{"type":"Feature","geometry":{"type":"Point","coordinates":[23.11778,38.38018]},"properties":{"age_h":45.3,"recency":1,"frp":2.1,"confidence":"nominal","observations":1,"passes":1,"sensor_count":1,"sensors":"NOAA-21","effis_confirmed":false,"burned_confirmed":false,"evidence_score":0,"evidence":"","filter_reason":"anomalie_non_corroboree"}},{"type":"Feature","geometry":{"type":"Point","coordinates":[22.76252,38.67863]},"properties":{"age_h":45.3,"recency":1,"frp":6.6,"confidence":"nominal","observations":2,"passes":1,"sensor_count":1,"sensors":"NOAA-21","effis_confirmed":false,"burned_confirmed":false,"evidence_score":0,"evidence":"","filter_reason":"anomalie_non_corroboree"}},{"type":"Feature","geometry":{"type":"Point","coordinates":[32.58414,39.00048]},"properties":{"age_h":45.3,"recency":1,"frp":3.0,"confidence":"nominal","observations":1,"passes":1,"sensor_count":1,"sensors":"NOAA-21","effis_confirmed":false,"burned_confirmed":false,"evidence_score":0,"evidence":"","filter_reason":"anomalie_non_corroboree"}},{"type":"Feature","geometry":{"type":"Point","coordinates":[39.4652,39.77783]},"properties":{"age_h":45.3,"recency":1,"frp":8.1,"confidence":"nominal","observations":1,"passes":1,"sensor_count":1,"sensors":"NOAA-21","effis_confirmed":false,"burned_confirmed":false,"evidence_score":0,"evidence":"","filter_reason":"anomalie_non_corroboree"}},{"type":"Feature","geometry":{"type":"Point","coordinates":[26.39883,42.35322]},"properties":{"age_h":45.3,"recency":1,"frp":5.9,"confidence":"nominal","observations":2,"passes":1,"sensor_count":1,"sensors":"NOAA-21","effis_confirmed":false,"burned_confirmed":false,"evidence_score":0,"evidence":"","filter_reason":"anomalie_non_corroboree"}},{"type":"Feature","geometry":{"type":"Point","coordinates":[22.30546,42.20126]},"properties":{"age_h":45.2,"recency":1,"frp":3.0,"confidence":"nominal","observations":1,"passes":1,"sensor_count":1,"sensors":"NOAA-21","effis_confirmed":false,"burned_confirmed":false,"evidence_score":0,"evidence":"","filter_reason":"anomalie_non_corroboree"}},{"type":"Feature","geometry":{"type":"Point","coordinates":[21.04757,42.55896]},"properties":{"age_h":45.2,"recency":1,"frp":2.9,"confidence":"nominal","observations":1,"passes":1,"sensor_count":1,"sensors":"NOAA-21","effis_confirmed":false,"burned_confirmed":false,"evidence_score":0,"evidence":"","filter_reason":"anomalie_non_corroboree"}},{"type":"Feature","geometry":{"type":"Point","coordinates":[20.88174,42.65549]},"properties":{"age_h":45.2,"recency":1,"frp":4.5,"confidence":"nominal","observations":1,"passes":1,"sensor_count":1,"sensors":"NOAA-21","effis_confirmed":false,"burned_confirmed":false,"evidence_score":0,"evidence":"","filter_reason":"anomalie_non_corroboree"}},{"type":"Feature","geometry":{"type":"Point","coordinates":[20.62921,42.69368]},"properties":{"age_h":45.2,"recency":1,"frp":2.6,"confidence":"nominal","observations":1,"passes":1,"sensor_count":1,"sensors":"NOAA-21","effis_confirmed":false,"burned_confirmed":false,"evidence_score":0,"evidence":"","filter_reason":"anomalie_non_corroboree"}},{"type":"Feature","geometry":{"type":"Point","coordinates":[26.61369,44.72436]},"properties":{"age_h":45.2,"recency":1,"frp":3.5,"confidence":"nominal","observations":1,"passes":1,"sensor_count":1,"sensors":"NOAA-21","effis_confirmed":false,"burned_confirmed":false,"evidence_score":0,"evidence":"","filter_reason":"anomalie_non_corroboree"}},{"type":"Feature","geometry":{"type":"Point","coordinates":[20.2627,44.84489]},"properties":{"age_h":45.2,"recency":1,"frp":7.6,"confidence":"nominal","observations":1,"passes":1,"sensor_count":1,"sensors":"NOAA-21","effis_confirmed":false,"burned_confirmed":false,"evidence_score":0,"evidence":"","filter_reason":"anomalie_non_corroboree"}},{"type":"Feature","geometry":{"type":"Point","coordinates":[21.36808,45.33201]},"properties":{"age_h":45.2,"recency":1,"frp":10.7,"confidence":"nominal","observations":2,"passes":1,"sensor_count":1,"sensors":"NOAA-21","effis_confirmed":false,"burned_confirmed":false,"evidence_score":1,"evidence":"","filter_reason":"anomalie_non_corroboree"}},{"type":"Feature","geometry":{"type":"Point","coordinates":[20.89303,45.44367]},"properties":{"age_h":45.2,"recency":1,"frp":6.8,"confidence":"nominal","observations":2,"passes":1,"sensor_count":1,"sensors":"NOAA-21","effis_confirmed":false,"burned_confirmed":false,"evidence_score":0,"evidence":"","filter_reason":"anomalie_non_corroboree"}},{"type":"Feature","geometry":{"type":"Point","coordinates":[32.14691,46.71529]},"properties":{"age_h":45.2,"recency":1,"frp":6.7,"confidence":"nominal","observations":1,"passes":1,"sensor_count":1,"sensors":"NOAA-21","effis_confirmed":false,"burned_confirmed":false,"evidence_score":0,"evidence":"","filter_reason":"anomalie_non_corroboree"}},{"type":"Feature","geometry":{"type":"Point","coordinates":[34.83698,47.07188]},"properties":{"age_h":45.2,"recency":1,"frp":21.9,"confidence":"nominal","observations":1,"passes":1,"sensor_count":1,"sensors":"NOAA-21","effis_confirmed":false,"burned_confirmed":false,"evidence_score":1,"evidence":"","filter_reason":"anomalie_non_corroboree"}},{"type":"Feature","geometry":{"type":"Point","coordinates":[31.90948,47.34417]},"properties":{"age_h":45.2,"recency":1,"frp":10.3,"confidence":"nominal","observations":2,"passes":1,"sensor_count":1,"sensors":"NOAA-21","effis_confirmed":false,"burned_confirmed":false,"evidence_score":1,"evidence":"","filter_reason":"anomalie_non_corroboree"}},{"type":"Feature","geometry":{"type":"Point","coordinates":[35.34579,47.36645]},"properties":{"age_h":45.2,"recency":1,"frp":3.9,"confidence":"nominal","observations":1,"passes":1,"sensor_count":1,"sensors":"NOAA-21","effis_confirmed":false,"burned_confirmed":false,"evidence_score":0,"evidence":"","filter_reason":"anomalie_non_corroboree"}},{"type":"Feature","geometry":{"type":"Point","coordinates":[22.79499,47.37183]},"properties":{"age_h":45.2,"recency":1,"frp":2.5,"confidence":"nominal","observations":1,"passes":1,"sensor_count":1,"sensors":"NOAA-21","effis_confirmed":false,"burned_confirmed":false,"evidence_score":0,"evidence":"","filter_reason":"anomalie_non_corroboree"}},{"type":"Feature","geometry":{"type":"Point","coordinates":[32.74208,47.39654]},"properties":{"age_h":45.2,"recency":1,"frp":1.3,"confidence":"nominal","observations":1,"passes":1,"sensor_count":1,"sensors":"NOAA-21","effis_confirmed":false,"burned_confirmed":false,"evidence_score":0,"evidence":"","filter_reason":"anomalie_non_corroboree"}},{"type":"Feature","geometry":{"type":"Point","coordinates":[32.5067,47.44769]},"properties":{"age_h":45.2,"recency":1,"frp":10.0,"confidence":"nominal","observations":4,"passes":1,"sensor_count":1,"sensors":"NOAA-21","effis_confirmed":false,"burned_confirmed":false,"evidence_score":3,"evidence":"groupe spatial","filter_reason":"anomalie_non_corroboree"}},{"type":"Feature","geometry":{"type":"Point","coordinates":[35.3461,47.51049]},"properties":{"age_h":45.2,"recency":1,"frp":4.2,"confidence":"nominal","observations":3,"passes":1,"sensor_count":1,"sensors":"NOAA-21","effis_confirmed":false,"burned_confirmed":false,"evidence_score":2,"evidence":"groupe spatial","filter_reason":"anomalie_non_corroboree"}},{"type":"Feature","geometry":{"type":"Point","coordinates":[34.16344,47.53551]},"properties":{"age_h":45.2,"recency":1,"frp":6.6,"confidence":"nominal","observations":1,"passes":1,"sensor_count":1,"sensors":"NOAA-21","effis_confirmed":false,"burned_confirmed":false,"evidence_score":0,"evidence":"","filter_reason":"anomalie_non_corroboree"}},{"type":"Feature","geometry":{"type":"Point","coordinates":[32.15079,47.77126]},"properties":{"age_h":45.2,"recency":1,"frp":3.2,"confidence":"nominal","observations":1,"passes":1,"sensor_count":1,"sensors":"NOAA-21","effis_confirmed":false,"burned_confirmed":false,"evidence_score":0,"evidence":"","filter_reason":"anomalie_non_corroboree"}},{"type":"Feature","geometry":{"type":"Point","coordinates":[34.01008,47.81643]},"properties":{"age_h":45.2,"recency":1,"frp":3.7,"confidence":"nominal","observations":1,"passes":1,"sensor_count":1,"sensors":"NOAA-21","effis_confirmed":false,"burned_confirmed":false,"evidence_score":0,"evidence":"","filter_reason":"anomalie_non_corroboree"}},{"type":"Feature","geometry":{"type":"Point","coordinates":[33.59722,48.78878]},"properties":{"age_h":45.2,"recency":1,"frp":2.4,"confidence":"nominal","observations":1,"passes":1,"sensor_count":1,"sensors":"NOAA-21","effis_confirmed":false,"burned_confirmed":false,"evidence_score":0,"evidence":"","filter_reason":"anomalie_non_corroboree"}},{"type":"Feature","geometry":{"type":"Point","coordinates":[33.51426,48.90763]},"properties":{"age_h":45.2,"recency":1,"frp":8.1,"confidence":"nominal","observations":1,"passes":1,"sensor_count":1,"sensors":"NOAA-21","effis_confirmed":false,"burned_confirmed":false,"evidence_score":0,"evidence":"","filter_reason":"anomalie_non_corroboree"}},{"type":"Feature","geometry":{"type":"Point","coordinates":[35.37689,50.9139]},"properties":{"age_h":45.2,"recency":1,"frp":9.6,"confidence":"nominal","observations":2,"passes":1,"sensor_count":1,"sensors":"NOAA-21","effis_confirmed":false,"burned_confirmed":false,"evidence_score":0,"evidence":"","filter_reason":"anomalie_non_corroboree"}},{"type":"Feature","geometry":{"type":"Point","coordinates":[34.71953,51.20223]},"properties":{"age_h":45.2,"recency":1,"frp":6.7,"confidence":"nominal","observations":1,"passes":1,"sensor_count":1,"sensors":"NOAA-21","effis_confirmed":false,"burned_confirmed":false,"evidence_score":0,"evidence":"","filter_reason":"anomalie_non_corroboree"}},{"type":"Feature","geometry":{"type":"Point","coordinates":[20.78344,51.78529]},"properties":{"age_h":45.2,"recency":1,"frp":4.1,"confidence":"nominal","observations":1,"passes":1,"sensor_count":1,"sensors":"NOAA-21","effis_confirmed":false,"burned_confirmed":false,"evidence_score":0,"evidence":"","filter_reason":"anomalie_non_corroboree"}},{"type":"Feature","geometry":{"type":"Point","coordinates":[34.46754,51.79091]},"properties":{"age_h":45.2,"recency":1,"frp":4.5,"confidence":"nominal","observations":2,"passes":1,"sensor_count":1,"sensors":"NOAA-21","effis_confirmed":false,"burned_confirmed":false,"evidence_score":0,"evidence":"","filter_reason":"anomalie_non_corroboree"}},{"type":"Feature","geometry":{"type":"Point","coordinates":[34.09982,52.07767]},"properties":{"age_h":45.2,"recency":1,"frp":3.3,"confidence":"nominal","observations":1,"passes":1,"sensor_count":1,"sensors":"NOAA-21","effis_confirmed":false,"burned_confirmed":false,"evidence_score":0,"evidence":"","filter_reason":"anomalie_non_corroboree"}},{"type":"Feature","geometry":{"type":"Point","coordinates":[36.7777,35.96188]},"properties":{"age_h":44.7,"recency":1,"frp":17.4,"confidence":"nominal","observations":1,"passes":1,"sensor_count":1,"sensors":"Suomi-NPP","effis_confirmed":false,"burned_confirmed":false,"evidence_score":1,"evidence":"","filter_reason":"anomalie_non_corroboree"}},{"type":"Feature","geometry":{"type":"Point","coordinates":[39.0876,36.00895]},"properties":{"age_h":44.7,"recency":1,"frp":11.5,"confidence":"nominal","observations":3,"passes":1,"sensor_count":1,"sensors":"Suomi-NPP","effis_confirmed":false,"burned_confirmed":false,"evidence_score":3,"evidence":"groupe spatial","filter_reason":"anomalie_non_corroboree"}},{"type":"Feature","geometry":{"type":"Point","coordinates":[37.48495,36.01961]},"properties":{"age_h":44.7,"recency":1,"frp":16.4,"confidence":"nominal","observations":1,"passes":1,"sensor_count":1,"sensors":"Suomi-NPP","effis_confirmed":false,"burned_confirmed":false,"evidence_score":1,"evidence":"","filter_reason":"anomalie_non_corroboree"}},{"type":"Feature","geometry":{"type":"Point","coordinates":[37.40307,36.03556]},"properties":{"age_h":44.7,"recency":1,"frp":3.1,"confidence":"nominal","observations":1,"passes":1,"sensor_count":1,"sensors":"Suomi-NPP","effis_confirmed":false,"burned_confirmed":false,"evidence_score":0,"evidence":"","filter_reason":"anomalie_non_corroboree"}},{"type":"Feature","geometry":{"type":"Point","coordinates":[36.95442,36.51749]},"properties":{"age_h":44.7,"recency":1,"frp":2.2,"confidence":"nominal","observations":1,"passes":1,"sensor_count":1,"sensors":"Suomi-NPP","effis_confirmed":false,"burned_confirmed":false,"evidence_score":0,"evidence":"","filter_reason":"anomalie_non_corroboree"}},{"type":"Feature","geometry":{"type":"Point","coordinates":[37.23521,36.54199]},"properties":{"age_h":44.7,"recency":1,"frp":3.6,"confidence":"nominal","observations":1,"passes":1,"sensor_count":1,"sensors":"Suomi-NPP","effis_confirmed":false,"burned_confirmed":false,"evidence_score":0,"evidence":"","filter_reason":"anomalie_non_corroboree"}},{"type":"Feature","geometry":{"type":"Point","coordinates":[40.62795,36.56456]},"properties":{"age_h":44.7,"recency":1,"frp":8.8,"confidence":"high","observations":1,"passes":1,"sensor_count":1,"sensors":"Suomi-NPP","effis_confirmed":false,"burned_confirmed":false,"evidence_score":1,"evidence":"confiance élevée","filter_reason":"anomalie_non_corroboree"}},{"type":"Feature","geometry":{"type":"Point","coordinates":[38.93186,36.57056]},"properties":{"age_h":44.7,"recency":1,"frp":4.1,"confidence":"nominal","observations":1,"passes":1,"sensor_count":1,"sensors":"Suomi-NPP","effis_confirmed":false,"burned_confirmed":false,"evidence_score":0,"evidence":"","filter_reason":"anomalie_non_corroboree"}},{"type":"Feature","geometry":{"type":"Point","coordinates":[37.32302,36.60925]},"properties":{"age_h":44.7,"recency":1,"frp":6.8,"confidence":"nominal","observations":2,"passes":1,"sensor_count":1,"sensors":"Suomi-NPP","effis_confirmed":false,"burned_confirmed":false,"evidence_score":0,"evidence":"","filter_reason":"anomalie_non_corroboree"}},{"type":"Feature","geometry":{"type":"Point","coordinates":[38.52721,36.65593]},"properties":{"age_h":44.7,"recency":1,"frp":4.8,"confidence":"nominal","observations":1,"passes":1,"sensor_count":1,"sensors":"Suomi-NPP","effis_confirmed":false,"burned_confirmed":false,"evidence_score":0,"evidence":"","filter_reason":"anomalie_non_corroboree"}},{"type":"Feature","geometry":{"type":"Point","coordinates":[35.58991,36.66696]},"properties":{"age_h":44.7,"recency":1,"frp":1.6,"confidence":"nominal","observations":1,"passes":1,"sensor_count":1,"sensors":"Suomi-NPP","effis_confirmed":false,"burned_confirmed":false,"evidence_score":0,"evidence":"","filter_reason":"anomalie_non_corroboree"}},{"type":"Feature","geometry":{"type":"Point","coordinates":[40.35914,36.82949]},"properties":{"age_h":44.7,"recency":1,"frp":3.3,"confidence":"nominal","observations":1,"passes":1,"sensor_count":1,"sensors":"Suomi-NPP","effis_confirmed":false,"burned_confirmed":false,"evidence_score":0,"evidence":"","filter_reason":"anomalie_non_corroboree"}},{"type":"Feature","geometry":{"type":"Point","coordinates":[39.66542,37.0365]},"properties":{"age_h":44.7,"recency":1,"frp":2.5,"confidence":"nominal","observations":1,"passes":1,"sensor_count":1,"sensors":"Suomi-NPP","effis_confirmed":false,"burned_confirmed":false,"evidence_score":0,"evidence":"","filter_reason":"anomalie_non_corroboree"}},{"type":"Feature","geometry":{"type":"Point","coordinates":[40.73551,37.22703]},"properties":{"age_h":44.7,"recency":1,"frp":3.0,"confidence":"nominal","observations":2,"passes":1,"sensor_count":1,"sensors":"Suomi-NPP","effis_confirmed":false,"burned_confirmed":false,"evidence_score":0,"evidence":"","filter_reason":"anomalie_non_corroboree"}},{"type":"Feature","geometry":{"type":"Point","coordinates":[39.34446,37.68836]},"properties":{"age_h":44.7,"recency":1,"frp":6.4,"confidence":"high","observations":1,"passes":1,"sensor_count":1,"sensors":"Suomi-NPP","effis_confirmed":false,"burned_confirmed":false,"evidence_score":1,"evidence":"confiance élevée","filter_reason":"anomalie_non_corroboree"}},{"type":"Feature","geometry":{"type":"Point","coordinates":[40.18186,38.02327]},"properties":{"age_h":44.7,"recency":1,"frp":3.4,"confidence":"nominal","observations":1,"passes":1,"sensor_count":1,"sensors":"Suomi-NPP","effis_confirmed":false,"burned_confirmed":false,"evidence_score":0,"evidence":"","filter_reason":"anomalie_non_corroboree"}},{"type":"Feature","geometry":{"type":"Point","coordinates":[32.97123,38.4103]},"properties":{"age_h":44.7,"recency":1,"frp":5.3,"confidence":"nominal","observations":1,"passes":1,"sensor_count":1,"sensors":"Suomi-NPP","effis_confirmed":false,"burned_confirmed":false,"evidence_score":0,"evidence":"","filter_reason":"anomalie_non_corroboree"}},{"type":"Feature","geometry":{"type":"Point","coordinates":[32.99846,38.44736]},"properties":{"age_h":44.7,"recency":1,"frp":3.5,"confidence":"nominal","observations":1,"passes":1,"sensor_count":1,"sensors":"Suomi-NPP","effis_confirmed":false,"burned_confirmed":false,"evidence_score":0,"evidence":"","filter_reason":"anomalie_non_corroboree"}},{"type":"Feature","geometry":{"type":"Point","coordinates":[33.45653,38.91539]},"properties":{"age_h":44.7,"recency":1,"frp":3.3,"confidence":"nominal","observations":1,"passes":1,"sensor_count":1,"sensors":"Suomi-NPP","effis_confirmed":false,"burned_confirmed":false,"evidence_score":0,"evidence":"","filter_reason":"anomalie_non_corroboree"}},{"type":"Feature","geometry":{"type":"Point","coordinates":[31.7782,40.04721]},"properties":{"age_h":44.7,"recency":1,"frp":6.9,"confidence":"nominal","observations":1,"passes":1,"sensor_count":1,"sensors":"Suomi-NPP","effis_confirmed":false,"burned_confirmed":false,"evidence_score":0,"evidence":"","filter_reason":"anomalie_non_corroboree"}},{"type":"Feature","geometry":{"type":"Point","coordinates":[32.80138,40.08242]},"properties":{"age_h":44.7,"recency":1,"frp":2.9,"confidence":"nominal","observations":1,"passes":1,"sensor_count":1,"sensors":"Suomi-NPP","effis_confirmed":false,"burned_confirmed":false,"evidence_score":0,"evidence":"","filter_reason":"anomalie_non_corroboree"}},{"type":"Feature","geometry":{"type":"Point","coordinates":[17.80362,40.6786]},"properties":{"age_h":44.7,"recency":1,"frp":7.0,"confidence":"nominal","observations":1,"passes":1,"sensor_count":1,"sensors":"Suomi-NPP","effis_confirmed":false,"burned_confirmed":false,"evidence_score":0,"evidence":"","filter_reason":"anomalie_non_corroboree"}},{"type":"Feature","geometry":{"type":"Point","coordinates":[17.12054,41.04618]},"properties":{"age_h":44.7,"recency":1,"frp":3.4,"confidence":"nominal","observations":1,"passes":1,"sensor_count":1,"sensors":"Suomi-NPP","effis_confirmed":false,"burned_confirmed":false,"evidence_score":0,"evidence":"","filter_reason":"anomalie_non_corroboree"}},{"type":"Feature","geometry":{"type":"Point","coordinates":[15.81181,41.12625]},"properties":{"age_h":44.7,"recency":1,"frp":3.2,"confidence":"nominal","observations":1,"passes":1,"sensor_count":1,"sensors":"Suomi-NPP","effis_confirmed":false,"burned_confirmed":false,"evidence_score":0,"evidence":"","filter_reason":"anomalie_non_corroboree"}},{"type":"Feature","geometry":{"type":"Point","coordinates":[22.33981,41.66579]},"properties":{"age_h":44.7,"recency":1,"frp":3.3,"confidence":"nominal","observations":1,"passes":1,"sensor_count":1,"sensors":"Suomi-NPP","effis_confirmed":false,"burned_confirmed":false,"evidence_score":0,"evidence":"","filter_reason":"anomalie_non_corroboree"}},{"type":"Feature","geometry":{"type":"Point","coordinates":[22.09909,41.71141]},"properties":{"age_h":44.7,"recency":1,"frp":7.3,"confidence":"nominal","observations":1,"passes":1,"sensor_count":1,"sensors":"Suomi-NPP","effis_confirmed":false,"burned_confirmed":false,"evidence_score":0,"evidence":"","filter_reason":"anomalie_non_corroboree"}},{"type":"Feature","geometry":{"type":"Point","coordinates":[21.49609,42.44145]},"properties":{"age_h":44.7,"recency":1,"frp":5.1,"confidence":"nominal","observations":1,"passes":1,"sensor_count":1,"sensors":"Suomi-NPP","effis_confirmed":false,"burned_confirmed":false,"evidence_score":0,"evidence":"","filter_reason":"anomalie_non_corroboree"}},{"type":"Feature","geometry":{"type":"Point","coordinates":[26.68989,42.60836]},"properties":{"age_h":44.7,"recency":1,"frp":10.2,"confidence":"nominal","observations":1,"passes":1,"sensor_count":1,"sensors":"Suomi-NPP","effis_confirmed":false,"burned_confirmed":false,"evidence_score":1,"evidence":"","filter_reason":"anomalie_non_corroboree"}},{"type":"Feature","geometry":{"type":"Point","coordinates":[21.12041,42.78243]},"properties":{"age_h":44.7,"recency":1,"frp":7.4,"confidence":"nominal","observations":1,"passes":1,"sensor_count":1,"sensors":"Suomi-NPP","effis_confirmed":false,"burned_confirmed":false,"evidence_score":0,"evidence":"","filter_reason":"anomalie_non_corroboree"}},{"type":"Feature","geometry":{"type":"Point","coordinates":[24.21769,43.39367]},"properties":{"age_h":44.7,"recency":1,"frp":7.6,"confidence":"nominal","observations":1,"passes":1,"sensor_count":1,"sensors":"Suomi-NPP","effis_confirmed":false,"burned_confirmed":false,"evidence_score":0,"evidence":"","filter_reason":"anomalie_non_corroboree"}},{"type":"Feature","geometry":{"type":"Point","coordinates":[12.57764,41.90586]},"properties":{"age_h":44.6,"recency":1,"frp":5.0,"confidence":"nominal","observations":4,"passes":1,"sensor_count":1,"sensors":"Suomi-NPP","effis_confirmed":false,"burned_confirmed":false,"evidence_score":2,"evidence":"groupe spatial","filter_reason":"anomalie_non_corroboree"}},{"type":"Feature","geometry":{"type":"Point","coordinates":[20.18083,42.85613]},"properties":{"age_h":44.6,"recency":1,"frp":1.7,"confidence":"nominal","observations":1,"passes":1,"sensor_count":1,"sensors":"Suomi-NPP","effis_confirmed":false,"burned_confirmed":false,"evidence_score":0,"evidence":"","filter_reason":"anomalie_non_corroboree"}},{"type":"Feature","geometry":{"type":"Point","coordinates":[24.44395,43.76559]},"properties":{"age_h":44.6,"recency":1,"frp":3.4,"confidence":"nominal","observations":1,"passes":1,"sensor_count":1,"sensors":"Suomi-NPP","effis_confirmed":false,"burned_confirmed":false,"evidence_score":0,"evidence":"","filter_reason":"anomalie_non_corroboree"}},{"type":"Feature","geometry":{"type":"Point","coordinates":[24.4482,44.01058]},"properties":{"age_h":44.6,"recency":1,"frp":2.7,"confidence":"nominal","observations":1,"passes":1,"sensor_count":1,"sensors":"Suomi-NPP","effis_confirmed":false,"burned_confirmed":false,"evidence_score":0,"evidence":"","filter_reason":"anomalie_non_corroboree"}},{"type":"Feature","geometry":{"type":"Point","coordinates":[23.6194,44.11089]},"properties":{"age_h":44.6,"recency":1,"frp":2.8,"confidence":"nominal","observations":1,"passes":1,"sensor_count":1,"sensors":"Suomi-NPP","effis_confirmed":false,"burned_confirmed":false,"evidence_score":0,"evidence":"","filter_reason":"anomalie_non_corroboree"}},{"type":"Feature","geometry":{"type":"Point","coordinates":[19.8534,45.26638]},"properties":{"age_h":44.6,"recency":1,"frp":2.4,"confidence":"nominal","observations":1,"passes":1,"sensor_count":1,"sensors":"Suomi-NPP","effis_confirmed":false,"burned_confirmed":false,"evidence_score":0,"evidence":"","filter_reason":"anomalie_non_corroboree"}},{"type":"Feature","geometry":{"type":"Point","coordinates":[29.20047,45.55603]},"properties":{"age_h":44.6,"recency":1,"frp":5.1,"confidence":"nominal","observations":1,"passes":1,"sensor_count":1,"sensors":"Suomi-NPP","effis_confirmed":false,"burned_confirmed":false,"evidence_score":0,"evidence":"","filter_reason":"anomalie_non_corroboree"}},{"type":"Feature","geometry":{"type":"Point","coordinates":[29.38824,45.734]},"properties":{"age_h":44.6,"recency":1,"frp":3.9,"confidence":"nominal","observations":1,"passes":1,"sensor_count":1,"sensors":"Suomi-NPP","effis_confirmed":false,"burned_confirmed":false,"evidence_score":0,"evidence":"","filter_reason":"anomalie_non_corroboree"}},{"type":"Feature","geometry":{"type":"Point","coordinates":[32.95693,46.38573]},"properties":{"age_h":44.6,"recency":1,"frp":3.0,"confidence":"nominal","observations":1,"passes":1,"sensor_count":1,"sensors":"Suomi-NPP","effis_confirmed":false,"burned_confirmed":false,"evidence_score":0,"evidence":"","filter_reason":"anomalie_non_corroboree"}},{"type":"Feature","geometry":{"type":"Point","coordinates":[32.48346,46.41195]},"properties":{"age_h":44.6,"recency":1,"frp":5.6,"confidence":"nominal","observations":1,"passes":1,"sensor_count":1,"sensors":"Suomi-NPP","effis_confirmed":false,"burned_confirmed":false,"evidence_score":0,"evidence":"","filter_reason":"anomalie_non_corroboree"}},{"type":"Feature","geometry":{"type":"Point","coordinates":[32.74805,46.57963]},"properties":{"age_h":44.6,"recency":1,"frp":2.0,"confidence":"nominal","observations":1,"passes":1,"sensor_count":1,"sensors":"Suomi-NPP","effis_confirmed":false,"burned_confirmed":false,"evidence_score":0,"evidence":"","filter_reason":"anomalie_non_corroboree"}},{"type":"Feature","geometry":{"type":"Point","coordinates":[32.72178,46.58131]},"properties":{"age_h":44.6,"recency":1,"frp":3.3,"confidence":"nominal","observations":1,"passes":1,"sensor_count":1,"sensors":"Suomi-NPP","effis_confirmed":false,"burned_confirmed":false,"evidence_score":0,"evidence":"","filter_reason":"anomalie_non_corroboree"}},{"type":"Feature","geometry":{"type":"Point","coordinates":[34.05262,46.85219]},"properties":{"age_h":44.6,"recency":1,"frp":4.8,"confidence":"nominal","observations":1,"passes":1,"sensor_count":1,"sensors":"Suomi-NPP","effis_confirmed":false,"burned_confirmed":false,"evidence_score":0,"evidence":"","filter_reason":"anomalie_non_corroboree"}},{"type":"Feature","geometry":{"type":"Point","coordinates":[35.37797,47.19104]},"properties":{"age_h":44.6,"recency":1,"frp":5.7,"confidence":"nominal","observations":1,"passes":1,"sensor_count":1,"sensors":"Suomi-NPP","effis_confirmed":false,"burned_confirmed":false,"evidence_score":0,"evidence":"","filter_reason":"anomalie_non_corroboree"}},{"type":"Feature","geometry":{"type":"Point","coordinates":[29.02449,47.2304]},"properties":{"age_h":44.6,"recency":1,"frp":4.3,"confidence":"nominal","observations":1,"passes":1,"sensor_count":1,"sensors":"Suomi-NPP","effis_confirmed":false,"burned_confirmed":false,"evidence_score":0,"evidence":"","filter_reason":"anomalie_non_corroboree"}},{"type":"Feature","geometry":{"type":"Point","coordinates":[33.69582,47.33907]},"properties":{"age_h":44.6,"recency":1,"frp":16.0,"confidence":"nominal","observations":3,"passes":1,"sensor_count":1,"sensors":"Suomi-NPP","effis_confirmed":false,"burned_confirmed":false,"evidence_score":3,"evidence":"groupe spatial","filter_reason":"anomalie_non_corroboree"}},{"type":"Feature","geometry":{"type":"Point","coordinates":[19.73511,47.43666]},"properties":{"age_h":44.6,"recency":1,"frp":2.5,"confidence":"nominal","observations":2,"passes":1,"sensor_count":1,"sensors":"Suomi-NPP","effis_confirmed":false,"burned_confirmed":false,"evidence_score":0,"evidence":"","filter_reason":"anomalie_non_corroboree"}},{"type":"Feature","geometry":{"type":"Point","coordinates":[31.08118,47.52296]},"properties":{"age_h":44.6,"recency":1,"frp":5.0,"confidence":"nominal","observations":1,"passes":1,"sensor_count":1,"sensors":"Suomi-NPP","effis_confirmed":false,"burned_confirmed":false,"evidence_score":0,"evidence":"","filter_reason":"anomalie_non_corroboree"}},{"type":"Feature","geometry":{"type":"Point","coordinates":[35.23459,47.7421]},"properties":{"age_h":44.6,"recency":1,"frp":7.1,"confidence":"nominal","observations":1,"passes":1,"sensor_count":1,"sensors":"Suomi-NPP","effis_confirmed":false,"burned_confirmed":false,"evidence_score":0,"evidence":"","filter_reason":"anomalie_non_corroboree"}},{"type":"Feature","geometry":{"type":"Point","coordinates":[25.63942,48.3894]},"properties":{"age_h":44.6,"recency":1,"frp":2.8,"confidence":"nominal","observations":1,"passes":1,"sensor_count":1,"sensors":"Suomi-NPP","effis_confirmed":false,"burned_confirmed":false,"evidence_score":0,"evidence":"","filter_reason":"anomalie_non_corroboree"}},{"type":"Feature","geometry":{"type":"Point","coordinates":[22.80437,48.68458]},"properties":{"age_h":44.6,"recency":1,"frp":1.7,"confidence":"nominal","observations":1,"passes":1,"sensor_count":1,"sensors":"Suomi-NPP","effis_confirmed":false,"burned_confirmed":false,"evidence_score":0,"evidence":"","filter_reason":"anomalie_non_corroboree"}},{"type":"Feature","geometry":{"type":"Point","coordinates":[33.82086,48.75925]},"properties":{"age_h":44.6,"recency":1,"frp":6.6,"confidence":"nominal","observations":3,"passes":1,"sensor_count":1,"sensors":"Suomi-NPP","effis_confirmed":false,"burned_confirmed":false,"evidence_score":2,"evidence":"groupe spatial","filter_reason":"anomalie_non_corroboree"}},{"type":"Feature","geometry":{"type":"Point","coordinates":[35.35885,48.99257]},"properties":{"age_h":44.6,"recency":1,"frp":18.4,"confidence":"nominal","observations":2,"passes":1,"sensor_count":1,"sensors":"Suomi-NPP","effis_confirmed":false,"burned_confirmed":false,"evidence_score":1,"evidence":"","filter_reason":"anomalie_non_corroboree"}},{"type":"Feature","geometry":{"type":"Point","coordinates":[35.63874,49.11433]},"properties":{"age_h":44.6,"recency":1,"frp":31.7,"confidence":"nominal","observations":3,"passes":1,"sensor_count":1,"sensors":"Suomi-NPP","effis_confirmed":false,"burned_confirmed":false,"evidence_score":3,"evidence":"groupe spatial","filter_reason":"anomalie_non_corroboree"}},{"type":"Feature","geometry":{"type":"Point","coordinates":[32.08051,49.11585]},"properties":{"age_h":44.6,"recency":1,"frp":4.5,"confidence":"nominal","observations":1,"passes":1,"sensor_count":1,"sensors":"Suomi-NPP","effis_confirmed":false,"burned_confirmed":false,"evidence_score":0,"evidence":"","filter_reason":"anomalie_non_corroboree"}},{"type":"Feature","geometry":{"type":"Point","coordinates":[33.99944,49.37286]},"properties":{"age_h":44.6,"recency":1,"frp":3.9,"confidence":"nominal","observations":3,"passes":1,"sensor_count":1,"sensors":"Suomi-NPP","effis_confirmed":false,"burned_confirmed":false,"evidence_score":2,"evidence":"groupe spatial","filter_reason":"anomalie_non_corroboree"}},{"type":"Feature","geometry":{"type":"Point","coordinates":[34.90485,49.50449]},"properties":{"age_h":44.6,"recency":1,"frp":4.5,"confidence":"nominal","observations":1,"passes":1,"sensor_count":1,"sensors":"Suomi-NPP","effis_confirmed":false,"burned_confirmed":false,"evidence_score":0,"evidence":"","filter_reason":"anomalie_non_corroboree"}},{"type":"Feature","geometry":{"type":"Point","coordinates":[27.07209,50.82802]},"properties":{"age_h":44.6,"recency":1,"frp":2.3,"confidence":"nominal","observations":1,"passes":1,"sensor_count":1,"sensors":"Suomi-NPP","effis_confirmed":false,"burned_confirmed":false,"evidence_score":0,"evidence":"","filter_reason":"anomalie_non_corroboree"}},{"type":"Feature","geometry":{"type":"Point","coordinates":[32.67643,52.28025]},"properties":{"age_h":44.6,"recency":1,"frp":3.2,"confidence":"nominal","observations":1,"passes":1,"sensor_count":1,"sensors":"Suomi-NPP","effis_confirmed":false,"burned_confirmed":false,"evidence_score":0,"evidence":"","filter_reason":"anomalie_non_corroboree"}},{"type":"Feature","geometry":{"type":"Point","coordinates":[20.50664,53.36703]},"properties":{"age_h":44.6,"recency":1,"frp":1.1,"confidence":"nominal","observations":1,"passes":1,"sensor_count":1,"sensors":"Suomi-NPP","effis_confirmed":false,"burned_confirmed":false,"evidence_score":0,"evidence":"","filter_reason":"anomalie_non_corroboree"}},{"type":"Feature","geometry":{"type":"Point","coordinates":[18.36259,50.39518]},"properties":{"age_h":44.6,"recency":1,"frp":3.7,"confidence":"nominal","observations":1,"passes":1,"sensor_count":1,"sensors":"Suomi-NPP","effis_confirmed":false,"burned_confirmed":false,"evidence_score":0,"evidence":"","filter_reason":"anomalie_non_corroboree"}},{"type":"Feature","geometry":{"type":"Point","coordinates":[18.97102,51.20113]},"properties":{"age_h":44.6,"recency":1,"frp":3.6,"confidence":"nominal","observations":1,"passes":1,"sensor_count":1,"sensors":"Suomi-NPP","effis_confirmed":false,"burned_confirmed":false,"evidence_score":0,"evidence":"","filter_reason":"anomalie_non_corroboree"}},{"type":"Feature","geometry":{"type":"Point","coordinates":[18.03203,59.37862]},"properties":{"age_h":44.6,"recency":1,"frp":1.7,"confidence":"nominal","observations":1,"passes":1,"sensor_count":1,"sensors":"Suomi-NPP","effis_confirmed":false,"burned_confirmed":false,"evidence_score":0,"evidence":"","filter_reason":"anomalie_non_corroboree"}},{"type":"Feature","geometry":{"type":"Point","coordinates":[37.17825,36.2618]},"properties":{"age_h":44.4,"recency":1,"frp":3.2,"confidence":"nominal","observations":1,"passes":1,"sensor_count":1,"sensors":"NOAA-20","effis_confirmed":false,"burned_confirmed":false,"evidence_score":0,"evidence":"","filter_reason":"anomalie_non_corroboree"}},{"type":"Feature","geometry":{"type":"Point","coordinates":[39.09203,36.46112]},"properties":{"age_h":44.4,"recency":1,"frp":7.5,"confidence":"nominal","observations":1,"passes":1,"sensor_count":1,"sensors":"NOAA-20","effis_confirmed":false,"burned_confirmed":false,"evidence_score":0,"evidence":"","filter_reason":"anomalie_non_corroboree"}},{"type":"Feature","geometry":{"type":"Point","coordinates":[38.4108,36.67886]},"properties":{"age_h":44.4,"recency":1,"frp":2.5,"confidence":"nominal","observations":1,"passes":1,"sensor_count":1,"sensors":"NOAA-20","effis_confirmed":false,"burned_confirmed":false,"evidence_score":0,"evidence":"","filter_reason":"anomalie_non_corroboree"}},{"type":"Feature","geometry":{"type":"Point","coordinates":[37.70974,36.75402]},"properties":{"age_h":44.4,"recency":1,"frp":10.7,"confidence":"nominal","observations":2,"passes":1,"sensor_count":1,"sensors":"NOAA-20","effis_confirmed":false,"burned_confirmed":false,"evidence_score":1,"evidence":"","filter_reason":"anomalie_non_corroboree"}},{"type":"Feature","geometry":{"type":"Point","coordinates":[10.04859,36.76748]},"properties":{"age_h":44.4,"recency":1,"frp":2.3,"confidence":"nominal","observations":1,"passes":1,"sensor_count":1,"sensors":"NOAA-20","effis_confirmed":false,"burned_confirmed":false,"evidence_score":0,"evidence":"","filter_reason":"anomalie_non_corroboree"}},{"type":"Feature","geometry":{"type":"Point","coordinates":[38.40511,36.88132]},"properties":{"age_h":44.4,"recency":1,"frp":9.0,"confidence":"nominal","observations":3,"passes":1,"sensor_count":1,"sensors":"NOAA-20","effis_confirmed":false,"burned_confirmed":false,"evidence_score":2,"evidence":"groupe spatial","filter_reason":"anomalie_non_corroboree"}},{"type":"Feature","geometry":{"type":"Point","coordinates":[23.78408,38.03772]},"properties":{"age_h":44.4,"recency":1,"frp":2.8,"confidence":"nominal","observations":1,"passes":1,"sensor_count":1,"sensors":"NOAA-20","effis_confirmed":false,"burned_confirmed":false,"evidence_score":0,"evidence":"","filter_reason":"anomalie_non_corroboree"}},{"type":"Feature","geometry":{"type":"Point","coordinates":[15.9356,38.43568]},"properties":{"age_h":44.4,"recency":1,"frp":6.7,"confidence":"nominal","observations":1,"passes":1,"sensor_count":1,"sensors":"NOAA-20","effis_confirmed":false,"burned_confirmed":false,"evidence_score":0,"evidence":"","filter_reason":"anomalie_non_corroboree"}},{"type":"Feature","geometry":{"type":"Point","coordinates":[16.35207,39.61046]},"properties":{"age_h":44.4,"recency":1,"frp":2.6,"confidence":"nominal","observations":1,"passes":1,"sensor_count":1,"sensors":"NOAA-20","effis_confirmed":false,"burned_confirmed":false,"evidence_score":0,"evidence":"","filter_reason":"anomalie_non_corroboree"}},{"type":"Feature","geometry":{"type":"Point","coordinates":[17.81315,40.3739]},"properties":{"age_h":44.4,"recency":1,"frp":2.9,"confidence":"nominal","observations":1,"passes":1,"sensor_count":1,"sensors":"NOAA-20","effis_confirmed":false,"burned_confirmed":false,"evidence_score":0,"evidence":"","filter_reason":"anomalie_non_corroboree"}},{"type":"Feature","geometry":{"type":"Point","coordinates":[14.66245,40.78566]},"properties":{"age_h":44.4,"recency":1,"frp":8.4,"confidence":"nominal","observations":1,"passes":1,"sensor_count":1,"sensors":"NOAA-20","effis_confirmed":false,"burned_confirmed":false,"evidence_score":0,"evidence":"","filter_reason":"anomalie_non_corroboree"}},{"type":"Feature","geometry":{"type":"Point","coordinates":[16.65072,40.88155]},"properties":{"age_h":44.4,"recency":1,"frp":1.2,"confidence":"nominal","observations":1,"passes":1,"sensor_count":1,"sensors":"NOAA-20","effis_confirmed":false,"burned_confirmed":false,"evidence_score":0,"evidence":"","filter_reason":"anomalie_non_corroboree"}},{"type":"Feature","geometry":{"type":"Point","coordinates":[21.47668,41.06116]},"properties":{"age_h":44.4,"recency":1,"frp":7.2,"confidence":"nominal","observations":1,"passes":1,"sensor_count":1,"sensors":"NOAA-20","effis_confirmed":false,"burned_confirmed":false,"evidence_score":0,"evidence":"","filter_reason":"anomalie_non_corroboree"}},{"type":"Feature","geometry":{"type":"Point","coordinates":[12.48129,41.79247]},"properties":{"age_h":44.4,"recency":1,"frp":41.0,"confidence":"nominal","observations":2,"passes":1,"sensor_count":1,"sensors":"NOAA-20","effis_confirmed":false,"burned_confirmed":false,"evidence_score":1,"evidence":"","filter_reason":"anomalie_non_corroboree"}},{"type":"Feature","geometry":{"type":"Point","coordinates":[23.77226,42.45075]},"properties":{"age_h":44.4,"recency":1,"frp":3.2,"confidence":"nominal","observations":1,"passes":1,"sensor_count":1,"sensors":"NOAA-20","effis_confirmed":false,"burned_confirmed":false,"evidence_score":0,"evidence":"","filter_reason":"anomalie_non_corroboree"}},{"type":"Feature","geometry":{"type":"Point","coordinates":[21.46313,42.48703]},"properties":{"age_h":44.4,"recency":1,"frp":1.3,"confidence":"nominal","observations":1,"passes":1,"sensor_count":1,"sensors":"NOAA-20","effis_confirmed":false,"burned_confirmed":false,"evidence_score":0,"evidence":"","filter_reason":"anomalie_non_corroboree"}},{"type":"Feature","geometry":{"type":"Point","coordinates":[21.78316,42.49674]},"properties":{"age_h":44.4,"recency":1,"frp":3.7,"confidence":"nominal","observations":1,"passes":1,"sensor_count":1,"sensors":"NOAA-20","effis_confirmed":false,"burned_confirmed":false,"evidence_score":0,"evidence":"","filter_reason":"anomalie_non_corroboree"}},{"type":"Feature","geometry":{"type":"Point","coordinates":[20.89243,42.57175]},"properties":{"age_h":44.4,"recency":1,"frp":3.4,"confidence":"nominal","observations":1,"passes":1,"sensor_count":1,"sensors":"NOAA-20","effis_confirmed":false,"burned_confirmed":false,"evidence_score":0,"evidence":"","filter_reason":"anomalie_non_corroboree"}},{"type":"Feature","geometry":{"type":"Point","coordinates":[21.22842,42.92931]},"properties":{"age_h":44.4,"recency":1,"frp":3.5,"confidence":"nominal","observations":1,"passes":1,"sensor_count":1,"sensors":"NOAA-20","effis_confirmed":false,"burned_confirmed":false,"evidence_score":0,"evidence":"","filter_reason":"anomalie_non_corroboree"}},{"type":"Feature","geometry":{"type":"Point","coordinates":[24.18826,43.20316]},"properties":{"age_h":44.4,"recency":1,"frp":3.0,"confidence":"nominal","observations":1,"passes":1,"sensor_count":1,"sensors":"NOAA-20","effis_confirmed":false,"burned_confirmed":false,"evidence_score":0,"evidence":"","filter_reason":"anomalie_non_corroboree"}},{"type":"Feature","geometry":{"type":"Point","coordinates":[25.17825,43.82084]},"properties":{"age_h":44.4,"recency":1,"frp":3.1,"confidence":"nominal","observations":1,"passes":1,"sensor_count":1,"sensors":"NOAA-20","effis_confirmed":false,"burned_confirmed":false,"evidence_score":0,"evidence":"","filter_reason":"anomalie_non_corroboree"}},{"type":"Feature","geometry":{"type":"Point","coordinates":[25.1257,43.96279]},"properties":{"age_h":44.4,"recency":1,"frp":5.3,"confidence":"nominal","observations":1,"passes":1,"sensor_count":1,"sensors":"NOAA-20","effis_confirmed":false,"burned_confirmed":false,"evidence_score":0,"evidence":"","filter_reason":"anomalie_non_corroboree"}},{"type":"Feature","geometry":{"type":"Point","coordinates":[23.82386,44.07738]},"properties":{"age_h":44.4,"recency":1,"frp":46.6,"confidence":"nominal","observations":2,"passes":1,"sensor_count":1,"sensors":"NOAA-20","effis_confirmed":false,"burned_confirmed":false,"evidence_score":1,"evidence":"","filter_reason":"anomalie_non_corroboree"}},{"type":"Feature","geometry":{"type":"Point","coordinates":[10.88604,44.81854]},"properties":{"age_h":44.4,"recency":1,"frp":4.0,"confidence":"nominal","observations":1,"passes":1,"sensor_count":1,"sensors":"NOAA-20","effis_confirmed":false,"burned_confirmed":false,"evidence_score":0,"evidence":"","filter_reason":"anomalie_non_corroboree"}},{"type":"Feature","geometry":{"type":"Point","coordinates":[20.17052,45.23419]},"properties":{"age_h":44.4,"recency":1,"frp":5.6,"confidence":"nominal","observations":1,"passes":1,"sensor_count":1,"sensors":"NOAA-20","effis_confirmed":false,"burned_confirmed":false,"evidence_score":0,"evidence":"","filter_reason":"anomalie_non_corroboree"}},{"type":"Feature","geometry":{"type":"Point","coordinates":[19.74576,45.23427]},"properties":{"age_h":44.4,"recency":1,"frp":3.0,"confidence":"nominal","observations":1,"passes":1,"sensor_count":1,"sensors":"NOAA-20","effis_confirmed":false,"burned_confirmed":false,"evidence_score":0,"evidence":"","filter_reason":"anomalie_non_corroboree"}},{"type":"Feature","geometry":{"type":"Point","coordinates":[19.8878,45.36884]},"properties":{"age_h":44.4,"recency":1,"frp":1.1,"confidence":"nominal","observations":1,"passes":1,"sensor_count":1,"sensors":"NOAA-20","effis_confirmed":false,"burned_confirmed":false,"evidence_score":0,"evidence":"","filter_reason":"anomalie_non_corroboree"}},{"type":"Feature","geometry":{"type":"Point","coordinates":[29.1174,45.56554]},"properties":{"age_h":44.4,"recency":1,"frp":5.4,"confidence":"nominal","observations":1,"passes":1,"sensor_count":1,"sensors":"NOAA-20","effis_confirmed":false,"burned_confirmed":false,"evidence_score":0,"evidence":"","filter_reason":"anomalie_non_corroboree"}},{"type":"Feature","geometry":{"type":"Point","coordinates":[25.93616,46.22703]},"properties":{"age_h":44.4,"recency":1,"frp":3.3,"confidence":"nominal","observations":1,"passes":1,"sensor_count":1,"sensors":"NOAA-20","effis_confirmed":false,"burned_confirmed":false,"evidence_score":0,"evidence":"","filter_reason":"anomalie_non_corroboree"}},{"type":"Feature","geometry":{"type":"Point","coordinates":[35.95083,46.66343]},"properties":{"age_h":44.4,"recency":1,"frp":7.1,"confidence":"nominal","observations":2,"passes":1,"sensor_count":1,"sensors":"NOAA-20","effis_confirmed":false,"burned_confirmed":false,"evidence_score":0,"evidence":"","filter_reason":"anomalie_non_corroboree"}},{"type":"Feature","geometry":{"type":"Point","coordinates":[33.08264,46.71735]},"properties":{"age_h":44.4,"recency":1,"frp":4.6,"confidence":"nominal","observations":1,"passes":1,"sensor_count":1,"sensors":"NOAA-20","effis_confirmed":false,"burned_confirmed":false,"evidence_score":0,"evidence":"","filter_reason":"anomalie_non_corroboree"}},{"type":"Feature","geometry":{"type":"Point","coordinates":[32.48555,46.92146]},"properties":{"age_h":44.4,"recency":1,"frp":21.7,"confidence":"nominal","observations":1,"passes":1,"sensor_count":1,"sensors":"NOAA-20","effis_confirmed":false,"burned_confirmed":false,"evidence_score":1,"evidence":"","filter_reason":"anomalie_non_corroboree"}},{"type":"Feature","geometry":{"type":"Point","coordinates":[33.08659,46.99363]},"properties":{"age_h":44.4,"recency":1,"frp":6.1,"confidence":"nominal","observations":2,"passes":1,"sensor_count":1,"sensors":"NOAA-20","effis_confirmed":false,"burned_confirmed":false,"evidence_score":0,"evidence":"","filter_reason":"anomalie_non_corroboree"}},{"type":"Feature","geometry":{"type":"Point","coordinates":[29.20206,47.0109]},"properties":{"age_h":44.4,"recency":1,"frp":6.0,"confidence":"nominal","observations":1,"passes":1,"sensor_count":1,"sensors":"NOAA-20","effis_confirmed":false,"burned_confirmed":false,"evidence_score":0,"evidence":"","filter_reason":"anomalie_non_corroboree"}},{"type":"Feature","geometry":{"type":"Point","coordinates":[34.17576,47.33771]},"properties":{"age_h":44.4,"recency":1,"frp":3.9,"confidence":"nominal","observations":1,"passes":1,"sensor_count":1,"sensors":"NOAA-20","effis_confirmed":false,"burned_confirmed":false,"evidence_score":0,"evidence":"","filter_reason":"anomalie_non_corroboree"}},{"type":"Feature","geometry":{"type":"Point","coordinates":[32.81606,47.38683]},"properties":{"age_h":44.4,"recency":1,"frp":4.1,"confidence":"nominal","observations":1,"passes":1,"sensor_count":1,"sensors":"NOAA-20","effis_confirmed":false,"burned_confirmed":false,"evidence_score":0,"evidence":"","filter_reason":"anomalie_non_corroboree"}},{"type":"Feature","geometry":{"type":"Point","coordinates":[35.40465,47.45051]},"properties":{"age_h":44.4,"recency":1,"frp":3.2,"confidence":"nominal","observations":1,"passes":1,"sensor_count":1,"sensors":"NOAA-20","effis_confirmed":false,"burned_confirmed":false,"evidence_score":0,"evidence":"","filter_reason":"anomalie_non_corroboree"}},{"type":"Feature","geometry":{"type":"Point","coordinates":[32.99322,47.78891]},"properties":{"age_h":44.4,"recency":1,"frp":2.7,"confidence":"nominal","observations":1,"passes":1,"sensor_count":1,"sensors":"NOAA-20","effis_confirmed":false,"burned_confirmed":false,"evidence_score":0,"evidence":"","filter_reason":"anomalie_non_corroboree"}},{"type":"Feature","geometry":{"type":"Point","coordinates":[8.77974,45.81035]},"properties":{"age_h":44.3,"recency":1,"frp":5.0,"confidence":"nominal","observations":1,"passes":1,"sensor_count":1,"sensors":"NOAA-20","effis_confirmed":false,"burned_confirmed":false,"evidence_score":0,"evidence":"","filter_reason":"anomalie_non_corroboree"}},{"type":"Feature","geometry":{"type":"Point","coordinates":[18.96109,47.4503]},"properties":{"age_h":44.3,"recency":1,"frp":2.8,"confidence":"nominal","observations":1,"passes":1,"sensor_count":1,"sensors":"NOAA-20","effis_confirmed":false,"burned_confirmed":false,"evidence_score":0,"evidence":"","filter_reason":"anomalie_non_corroboree"}},{"type":"Feature","geometry":{"type":"Point","coordinates":[7.71851,48.09271]},"properties":{"age_h":44.3,"recency":1,"frp":3.6,"confidence":"nominal","observations":1,"passes":1,"sensor_count":1,"sensors":"NOAA-20","effis_confirmed":false,"burned_confirmed":false,"evidence_score":0,"evidence":"","filter_reason":"anomalie_non_corroboree"}},{"type":"Feature","geometry":{"type":"Point","coordinates":[31.23757,48.12691]},"properties":{"age_h":44.3,"recency":1,"frp":5.3,"confidence":"high","observations":2,"passes":1,"sensor_count":1,"sensors":"NOAA-20","effis_confirmed":false,"burned_confirmed":false,"evidence_score":1,"evidence":"confiance élevée","filter_reason":"anomalie_non_corroboree"}},{"type":"Feature","geometry":{"type":"Point","coordinates":[30.72371,48.21099]},"properties":{"age_h":44.3,"recency":1,"frp":62.5,"confidence":"nominal","observations":2,"passes":1,"sensor_count":1,"sensors":"NOAA-20","effis_confirmed":false,"burned_confirmed":false,"evidence_score":1,"evidence":"","filter_reason":"anomalie_non_corroboree"}},{"type":"Feature","geometry":{"type":"Point","coordinates":[18.76625,49.29665]},"properties":{"age_h":44.3,"recency":1,"frp":6.4,"confidence":"nominal","observations":1,"passes":1,"sensor_count":1,"sensors":"NOAA-20","effis_confirmed":false,"burned_confirmed":false,"evidence_score":0,"evidence":"","filter_reason":"anomalie_non_corroboree"}},{"type":"Feature","geometry":{"type":"Point","coordinates":[16.23856,49.97681]},"properties":{"age_h":44.3,"recency":1,"frp":2.4,"confidence":"nominal","observations":2,"passes":1,"sensor_count":1,"sensors":"NOAA-20","effis_confirmed":false,"burned_confirmed":false,"evidence_score":0,"evidence":"","filter_reason":"anomalie_non_corroboree"}},{"type":"Feature","geometry":{"type":"Point","coordinates":[30.54418,50.1431]},"properties":{"age_h":44.3,"recency":1,"frp":3.6,"confidence":"nominal","observations":1,"passes":1,"sensor_count":1,"sensors":"NOAA-20","effis_confirmed":false,"burned_confirmed":false,"evidence_score":0,"evidence":"","filter_reason":"anomalie_non_corroboree"}},{"type":"Feature","geometry":{"type":"Point","coordinates":[15.63105,50.14957]},"properties":{"age_h":44.3,"recency":1,"frp":6.5,"confidence":"nominal","observations":1,"passes":1,"sensor_count":1,"sensors":"NOAA-20","effis_confirmed":false,"burned_confirmed":false,"evidence_score":0,"evidence":"","filter_reason":"anomalie_non_corroboree"}},{"type":"Feature","geometry":{"type":"Point","coordinates":[11.15396,50.21896]},"properties":{"age_h":44.3,"recency":1,"frp":14.1,"confidence":"nominal","observations":2,"passes":1,"sensor_count":1,"sensors":"NOAA-20","effis_confirmed":false,"burned_confirmed":false,"evidence_score":1,"evidence":"","filter_reason":"anomalie_non_corroboree"}},{"type":"Feature","geometry":{"type":"Point","coordinates":[12.75086,50.73454]},"properties":{"age_h":44.3,"recency":1,"frp":2.9,"confidence":"nominal","observations":1,"passes":1,"sensor_count":1,"sensors":"NOAA-20","effis_confirmed":false,"burned_confirmed":false,"evidence_score":0,"evidence":"","filter_reason":"anomalie_non_corroboree"}},{"type":"Feature","geometry":{"type":"Point","coordinates":[16.82967,50.75084]},"properties":{"age_h":44.3,"recency":1,"frp":2.9,"confidence":"nominal","observations":1,"passes":1,"sensor_count":1,"sensors":"NOAA-20","effis_confirmed":false,"burned_confirmed":false,"evidence_score":0,"evidence":"","filter_reason":"anomalie_non_corroboree"}},{"type":"Feature","geometry":{"type":"Point","coordinates":[14.74194,50.87295]},"properties":{"age_h":44.3,"recency":1,"frp":2.4,"confidence":"nominal","observations":1,"passes":1,"sensor_count":1,"sensors":"NOAA-20","effis_confirmed":false,"burned_confirmed":false,"evidence_score":0,"evidence":"","filter_reason":"anomalie_non_corroboree"}},{"type":"Feature","geometry":{"type":"Point","coordinates":[13.91362,50.95832]},"properties":{"age_h":44.3,"recency":1,"frp":4.9,"confidence":"nominal","observations":2,"passes":1,"sensor_count":1,"sensors":"NOAA-20","effis_confirmed":false,"burned_confirmed":false,"evidence_score":0,"evidence":"","filter_reason":"anomalie_non_corroboree"}},{"type":"Feature","geometry":{"type":"Point","coordinates":[15.90484,51.23441]},"properties":{"age_h":44.3,"recency":1,"frp":2.1,"confidence":"nominal","observations":1,"passes":1,"sensor_count":1,"sensors":"NOAA-20","effis_confirmed":false,"burned_confirmed":false,"evidence_score":0,"evidence":"","filter_reason":"anomalie_non_corroboree"}},{"type":"Feature","geometry":{"type":"Point","coordinates":[30.89725,51.51854]},"properties":{"age_h":44.3,"recency":1,"frp":8.7,"confidence":"high","observations":1,"passes":1,"sensor_count":1,"sensors":"NOAA-20","effis_confirmed":false,"burned_confirmed":false,"evidence_score":1,"evidence":"confiance élevée","filter_reason":"anomalie_non_corroboree"}},{"type":"Feature","geometry":{"type":"Point","coordinates":[14.6053,37.16221]},"properties":{"age_h":43.6,"recency":1,"frp":4.3,"confidence":"nominal","observations":1,"passes":1,"sensor_count":1,"sensors":"NOAA-21","effis_confirmed":false,"burned_confirmed":false,"evidence_score":0,"evidence":"","filter_reason":"anomalie_non_corroboree"}},{"type":"Feature","geometry":{"type":"Point","coordinates":[14.17141,37.2981]},"properties":{"age_h":43.6,"recency":1,"frp":6.8,"confidence":"nominal","observations":1,"passes":1,"sensor_count":1,"sensors":"NOAA-21","effis_confirmed":false,"burned_confirmed":false,"evidence_score":0,"evidence":"","filter_reason":"anomalie_non_corroboree"}},{"type":"Feature","geometry":{"type":"Point","coordinates":[12.86327,37.70101]},"properties":{"age_h":43.6,"recency":1,"frp":2.9,"confidence":"nominal","observations":1,"passes":1,"sensor_count":1,"sensors":"NOAA-21","effis_confirmed":false,"burned_confirmed":false,"evidence_score":0,"evidence":"","filter_reason":"anomalie_non_corroboree"}},{"type":"Feature","geometry":{"type":"Point","coordinates":[15.7621,38.24842]},"properties":{"age_h":43.6,"recency":1,"frp":7.7,"confidence":"nominal","observations":2,"passes":1,"sensor_count":1,"sensors":"NOAA-21","effis_confirmed":false,"burned_confirmed":false,"evidence_score":0,"evidence":"","filter_reason":"anomalie_non_corroboree"}},{"type":"Feature","geometry":{"type":"Point","coordinates":[-4.58554,37.16174]},"properties":{"age_h":43.6,"recency":1,"frp":5.0,"confidence":"nominal","observations":1,"passes":1,"sensor_count":1,"sensors":"NOAA-21","effis_confirmed":false,"burned_confirmed":false,"evidence_score":0,"evidence":"","filter_reason":"anomalie_non_corroboree"}},{"type":"Feature","geometry":{"type":"Point","coordinates":[-5.69496,37.25507]},"properties":{"age_h":43.6,"recency":1,"frp":5.5,"confidence":"nominal","observations":1,"passes":1,"sensor_count":1,"sensors":"NOAA-21","effis_confirmed":false,"burned_confirmed":false,"evidence_score":0,"evidence":"","filter_reason":"anomalie_non_corroboree"}},{"type":"Feature","geometry":{"type":"Point","coordinates":[-4.74775,38.74662]},"properties":{"age_h":43.6,"recency":1,"frp":5.5,"confidence":"nominal","observations":1,"passes":1,"sensor_count":1,"sensors":"NOAA-21","effis_confirmed":false,"burned_confirmed":false,"evidence_score":0,"evidence":"","filter_reason":"anomalie_non_corroboree"}},{"type":"Feature","geometry":{"type":"Point","coordinates":[15.97165,39.47837]},"properties":{"age_h":43.6,"recency":1,"frp":5.9,"confidence":"nominal","observations":1,"passes":1,"sensor_count":1,"sensors":"NOAA-21","effis_confirmed":false,"burned_confirmed":false,"evidence_score":0,"evidence":"","filter_reason":"anomalie_non_corroboree"}},{"type":"Feature","geometry":{"type":"Point","coordinates":[22.41331,39.61693]},"properties":{"age_h":43.6,"recency":1,"frp":2.4,"confidence":"nominal","observations":1,"passes":1,"sensor_count":1,"sensors":"NOAA-21","effis_confirmed":false,"burned_confirmed":false,"evidence_score":0,"evidence":"","filter_reason":"anomalie_non_corroboree"}},{"type":"Feature","geometry":{"type":"Point","coordinates":[17.88556,40.45061]},"properties":{"age_h":43.6,"recency":1,"frp":7.0,"confidence":"nominal","observations":1,"passes":1,"sensor_count":1,"sensors":"NOAA-21","effis_confirmed":false,"burned_confirmed":false,"evidence_score":0,"evidence":"","filter_reason":"anomalie_non_corroboree"}},{"type":"Feature","geometry":{"type":"Point","coordinates":[19.69011,40.48146]},"properties":{"age_h":43.6,"recency":1,"frp":1.9,"confidence":"nominal","observations":1,"passes":1,"sensor_count":1,"sensors":"NOAA-21","effis_confirmed":false,"burned_confirmed":false,"evidence_score":0,"evidence":"","filter_reason":"anomalie_non_corroboree"}},{"type":"Feature","geometry":{"type":"Point","coordinates":[17.52537,40.6722]},"properties":{"age_h":43.6,"recency":1,"frp":3.3,"confidence":"nominal","observations":1,"passes":1,"sensor_count":1,"sensors":"NOAA-21","effis_confirmed":false,"burned_confirmed":false,"evidence_score":0,"evidence":"","filter_reason":"anomalie_non_corroboree"}},{"type":"Feature","geometry":{"type":"Point","coordinates":[16.82008,41.13483]},"properties":{"age_h":43.6,"recency":1,"frp":3.0,"confidence":"nominal","observations":1,"passes":1,"sensor_count":1,"sensors":"NOAA-21","effis_confirmed":false,"burned_confirmed":false,"evidence_score":0,"evidence":"","filter_reason":"anomalie_non_corroboree"}},{"type":"Feature","geometry":{"type":"Point","coordinates":[21.19108,42.42286]},"properties":{"age_h":43.6,"recency":1,"frp":4.7,"confidence":"nominal","observations":2,"passes":1,"sensor_count":1,"sensors":"NOAA-21","effis_confirmed":false,"burned_confirmed":false,"evidence_score":0,"evidence":"","filter_reason":"anomalie_non_corroboree"}},{"type":"Feature","geometry":{"type":"Point","coordinates":[21.0783,42.70033]},"properties":{"age_h":43.6,"recency":1,"frp":2.6,"confidence":"nominal","observations":1,"passes":1,"sensor_count":1,"sensors":"NOAA-21","effis_confirmed":false,"burned_confirmed":false,"evidence_score":0,"evidence":"","filter_reason":"anomalie_non_corroboree"}},{"type":"Feature","geometry":{"type":"Point","coordinates":[21.69504,43.19832]},"properties":{"age_h":43.6,"recency":1,"frp":2.8,"confidence":"nominal","observations":1,"passes":1,"sensor_count":1,"sensors":"NOAA-21","effis_confirmed":false,"burned_confirmed":false,"evidence_score":0,"evidence":"","filter_reason":"anomalie_non_corroboree"}},{"type":"Feature","geometry":{"type":"Point","coordinates":[22.51868,44.37243]},"properties":{"age_h":43.6,"recency":1,"frp":17.4,"confidence":"high","observations":1,"passes":1,"sensor_count":1,"sensors":"NOAA-21","effis_confirmed":false,"burned_confirmed":false,"evidence_score":2,"evidence":"confiance élevée","filter_reason":"anomalie_non_corroboree"}},{"type":"Feature","geometry":{"type":"Point","coordinates":[21.40297,44.46947]},"properties":{"age_h":43.6,"recency":1,"frp":5.3,"confidence":"nominal","observations":1,"passes":1,"sensor_count":1,"sensors":"NOAA-21","effis_confirmed":false,"burned_confirmed":false,"evidence_score":0,"evidence":"","filter_reason":"anomalie_non_corroboree"}},{"type":"Feature","geometry":{"type":"Point","coordinates":[23.84698,44.50467]},"properties":{"age_h":43.6,"recency":1,"frp":5.5,"confidence":"nominal","observations":1,"passes":1,"sensor_count":1,"sensors":"NOAA-21","effis_confirmed":false,"burned_confirmed":false,"evidence_score":0,"evidence":"","filter_reason":"anomalie_non_corroboree"}},{"type":"Feature","geometry":{"type":"Point","coordinates":[7.7605,44.60219]},"properties":{"age_h":43.6,"recency":1,"frp":2.7,"confidence":"nominal","observations":1,"passes":1,"sensor_count":1,"sensors":"NOAA-21","effis_confirmed":false,"burned_confirmed":false,"evidence_score":0,"evidence":"","filter_reason":"anomalie_non_corroboree"}},{"type":"Feature","geometry":{"type":"Point","coordinates":[7.60712,45.01023]},"properties":{"age_h":43.6,"recency":1,"frp":4.0,"confidence":"nominal","observations":1,"passes":1,"sensor_count":1,"sensors":"NOAA-21","effis_confirmed":false,"burned_confirmed":false,"evidence_score":0,"evidence":"","filter_reason":"anomalie_non_corroboree"}},{"type":"Feature","geometry":{"type":"Point","coordinates":[7.66078,45.03196]},"properties":{"age_h":43.6,"recency":1,"frp":3.6,"confidence":"nominal","observations":1,"passes":1,"sensor_count":1,"sensors":"NOAA-21","effis_confirmed":false,"burned_confirmed":false,"evidence_score":0,"evidence":"","filter_reason":"anomalie_non_corroboree"}},{"type":"Feature","geometry":{"type":"Point","coordinates":[7.54999,45.06621]},"properties":{"age_h":43.6,"recency":1,"frp":4.1,"confidence":"nominal","observations":1,"passes":1,"sensor_count":1,"sensors":"NOAA-21","effis_confirmed":false,"burned_confirmed":false,"evidence_score":0,"evidence":"","filter_reason":"anomalie_non_corroboree"}},{"type":"Feature","geometry":{"type":"Point","coordinates":[7.71427,45.11201]},"properties":{"age_h":43.6,"recency":1,"frp":4.7,"confidence":"nominal","observations":1,"passes":1,"sensor_count":1,"sensors":"NOAA-21","effis_confirmed":false,"burned_confirmed":false,"evidence_score":0,"evidence":"","filter_reason":"anomalie_non_corroboree"}},{"type":"Feature","geometry":{"type":"Point","coordinates":[7.7274,45.18546]},"properties":{"age_h":43.6,"recency":1,"frp":4.4,"confidence":"nominal","observations":1,"passes":1,"sensor_count":1,"sensors":"NOAA-21","effis_confirmed":false,"burned_confirmed":false,"evidence_score":0,"evidence":"","filter_reason":"anomalie_non_corroboree"}},{"type":"Feature","geometry":{"type":"Point","coordinates":[10.75747,45.29939]},"properties":{"age_h":43.6,"recency":1,"frp":5.7,"confidence":"nominal","observations":2,"passes":1,"sensor_count":1,"sensors":"NOAA-21","effis_confirmed":false,"burned_confirmed":false,"evidence_score":0,"evidence":"","filter_reason":"anomalie_non_corroboree"}},{"type":"Feature","geometry":{"type":"Point","coordinates":[11.31474,45.31874]},"properties":{"age_h":43.6,"recency":1,"frp":3.7,"confidence":"nominal","observations":1,"passes":1,"sensor_count":1,"sensors":"NOAA-21","effis_confirmed":false,"burned_confirmed":false,"evidence_score":0,"evidence":"","filter_reason":"anomalie_non_corroboree"}},{"type":"Feature","geometry":{"type":"Point","coordinates":[8.94618,45.67841]},"properties":{"age_h":43.6,"recency":1,"frp":4.7,"confidence":"nominal","observations":1,"passes":1,"sensor_count":1,"sensors":"NOAA-21","effis_confirmed":false,"burned_confirmed":false,"evidence_score":0,"evidence":"","filter_reason":"anomalie_non_corroboree"}},{"type":"Feature","geometry":{"type":"Point","coordinates":[6.05634,47.96725]},"properties":{"age_h":43.6,"recency":1,"frp":4.3,"confidence":"nominal","observations":1,"passes":1,"sensor_count":1,"sensors":"NOAA-21","effis_confirmed":false,"burned_confirmed":false,"evidence_score":0,"evidence":"","filter_reason":"anomalie_non_corroboree"}},{"type":"Feature","geometry":{"type":"Point","coordinates":[3.43491,48.42755]},"properties":{"age_h":43.6,"recency":1,"frp":12.9,"confidence":"nominal","observations":1,"passes":1,"sensor_count":1,"sensors":"NOAA-21","effis_confirmed":false,"burned_confirmed":false,"evidence_score":1,"evidence":"","filter_reason":"anomalie_non_corroboree"}},{"type":"Feature","geometry":{"type":"Point","coordinates":[12.87448,50.11493]},"properties":{"age_h":43.6,"recency":1,"frp":2.7,"confidence":"nominal","observations":1,"passes":1,"sensor_count":1,"sensors":"NOAA-21","effis_confirmed":false,"burned_confirmed":false,"evidence_score":0,"evidence":"","filter_reason":"anomalie_non_corroboree"}},{"type":"Feature","geometry":{"type":"Point","coordinates":[21.86337,50.36225]},"properties":{"age_h":43.6,"recency":1,"frp":4.8,"confidence":"nominal","observations":1,"passes":1,"sensor_count":1,"sensors":"NOAA-21","effis_confirmed":false,"burned_confirmed":false,"evidence_score":0,"evidence":"","filter_reason":"anomalie_non_corroboree"}},{"type":"Feature","geometry":{"type":"Point","coordinates":[-6.07383,34.40264]},"properties":{"age_h":43.0,"recency":1,"frp":1.6,"confidence":"nominal","observations":1,"passes":1,"sensor_count":1,"sensors":"Suomi-NPP","effis_confirmed":false,"burned_confirmed":false,"evidence_score":0,"evidence":"","filter_reason":"anomalie_non_corroboree"}},{"type":"Feature","geometry":{"type":"Point","coordinates":[-1.60496,34.58228]},"properties":{"age_h":43.0,"recency":1,"frp":36.4,"confidence":"nominal","observations":3,"passes":1,"sensor_count":1,"sensors":"Suomi-NPP","effis_confirmed":false,"burned_confirmed":false,"evidence_score":3,"evidence":"groupe spatial","filter_reason":"anomalie_non_corroboree"}},{"type":"Feature","geometry":{"type":"Point","coordinates":[10.09113,35.49063]},"properties":{"age_h":43.0,"recency":1,"frp":6.7,"confidence":"nominal","observations":2,"passes":1,"sensor_count":1,"sensors":"Suomi-NPP","effis_confirmed":false,"burned_confirmed":false,"evidence_score":0,"evidence":"","filter_reason":"anomalie_non_corroboree"}},{"type":"Feature","geometry":{"type":"Point","coordinates":[6.30141,35.71824]},"properties":{"age_h":43.0,"recency":1,"frp":6.5,"confidence":"nominal","observations":1,"passes":1,"sensor_count":1,"sensors":"Suomi-NPP","effis_confirmed":false,"burned_confirmed":false,"evidence_score":0,"evidence":"","filter_reason":"anomalie_non_corroboree"}},{"type":"Feature","geometry":{"type":"Point","coordinates":[5.40908,36.37624]},"properties":{"age_h":43.0,"recency":1,"frp":5.0,"confidence":"nominal","observations":1,"passes":1,"sensor_count":1,"sensors":"Suomi-NPP","effis_confirmed":false,"burned_confirmed":false,"evidence_score":0,"evidence":"","filter_reason":"anomalie_non_corroboree"}},{"type":"Feature","geometry":{"type":"Point","coordinates":[13.77387,37.14682]},"properties":{"age_h":43.0,"recency":1,"frp":2.6,"confidence":"nominal","observations":2,"passes":1,"sensor_count":1,"sensors":"Suomi-NPP","effis_confirmed":false,"burned_confirmed":false,"evidence_score":0,"evidence":"","filter_reason":"anomalie_non_corroboree"}},{"type":"Feature","geometry":{"type":"Point","coordinates":[-5.91359,37.15366]},"properties":{"age_h":43.0,"recency":1,"frp":15.6,"confidence":"nominal","observations":2,"passes":1,"sensor_count":1,"sensors":"Suomi-NPP","effis_confirmed":false,"burned_confirmed":false,"evidence_score":1,"evidence":"","filter_reason":"anomalie_non_corroboree"}},{"type":"Feature","geometry":{"type":"Point","coordinates":[-5.12921,37.29687]},"properties":{"age_h":43.0,"recency":1,"frp":1.4,"confidence":"nominal","observations":1,"passes":1,"sensor_count":1,"sensors":"Suomi-NPP","effis_confirmed":false,"burned_confirmed":false,"evidence_score":0,"evidence":"","filter_reason":"anomalie_non_corroboree"}},{"type":"Feature","geometry":{"type":"Point","coordinates":[16.53692,40.94723]},"properties":{"age_h":43.0,"recency":1,"frp":12.2,"confidence":"high","observations":1,"passes":1,"sensor_count":1,"sensors":"Suomi-NPP","effis_confirmed":false,"burned_confirmed":false,"evidence_score":2,"evidence":"confiance élevée","filter_reason":"anomalie_non_corroboree"}},{"type":"Feature","geometry":{"type":"Point","coordinates":[15.5416,41.21849]},"properties":{"age_h":43.0,"recency":1,"frp":4.7,"confidence":"nominal","observations":1,"passes":1,"sensor_count":1,"sensors":"Suomi-NPP","effis_confirmed":false,"burned_confirmed":false,"evidence_score":0,"evidence":"","filter_reason":"anomalie_non_corroboree"}},{"type":"Feature","geometry":{"type":"Point","coordinates":[-4.90653,41.31731]},"properties":{"age_h":43.0,"recency":1,"frp":4.0,"confidence":"nominal","observations":1,"passes":1,"sensor_count":1,"sensors":"Suomi-NPP","effis_confirmed":false,"burned_confirmed":false,"evidence_score":0,"evidence":"","filter_reason":"anomalie_non_corroboree"}},{"type":"Feature","geometry":{"type":"Point","coordinates":[5.13574,43.51156]},"properties":{"age_h":43.0,"recency":1,"frp":3.2,"confidence":"nominal","observations":1,"passes":1,"sensor_count":1,"sensors":"Suomi-NPP","effis_confirmed":false,"burned_confirmed":false,"evidence_score":0,"evidence":"","filter_reason":"anomalie_non_corroboree"}},{"type":"Feature","geometry":{"type":"Point","coordinates":[10.86747,45.14391]},"properties":{"age_h":43.0,"recency":1,"frp":4.2,"confidence":"nominal","observations":1,"passes":1,"sensor_count":1,"sensors":"Suomi-NPP","effis_confirmed":false,"burned_confirmed":false,"evidence_score":0,"evidence":"","filter_reason":"anomalie_non_corroboree"}},{"type":"Feature","geometry":{"type":"Point","coordinates":[20.27429,48.25518]},"properties":{"age_h":43.0,"recency":1,"frp":6.6,"confidence":"nominal","observations":1,"passes":1,"sensor_count":1,"sensors":"Suomi-NPP","effis_confirmed":false,"burned_confirmed":false,"evidence_score":0,"evidence":"","filter_reason":"anomalie_non_corroboree"}},{"type":"Feature","geometry":{"type":"Point","coordinates":[-3.08383,51.56268]},"properties":{"age_h":43.0,"recency":1,"frp":2.7,"confidence":"nominal","observations":1,"passes":1,"sensor_count":1,"sensors":"Suomi-NPP","effis_confirmed":false,"burned_confirmed":false,"evidence_score":0,"evidence":"","filter_reason":"anomalie_non_corroboree"}},{"type":"Feature","geometry":{"type":"Point","coordinates":[9.60379,59.22203]},"properties":{"age_h":42.9,"recency":1,"frp":4.0,"confidence":"nominal","observations":1,"passes":1,"sensor_count":1,"sensors":"Suomi-NPP","effis_confirmed":false,"burned_confirmed":false,"evidence_score":0,"evidence":"","filter_reason":"anomalie_non_corroboree"}},{"type":"Feature","geometry":{"type":"Point","coordinates":[6.42039,35.76524]},"properties":{"age_h":42.7,"recency":1,"frp":14.8,"confidence":"high","observations":2,"passes":1,"sensor_count":1,"sensors":"NOAA-20","effis_confirmed":false,"burned_confirmed":false,"evidence_score":2,"evidence":"confiance élevée","filter_reason":"anomalie_non_corroboree"}},{"type":"Feature","geometry":{"type":"Point","coordinates":[9.25121,36.64346]},"properties":{"age_h":42.7,"recency":1,"frp":7.1,"confidence":"nominal","observations":2,"passes":1,"sensor_count":1,"sensors":"NOAA-20","effis_confirmed":false,"burned_confirmed":false,"evidence_score":0,"evidence":"","filter_reason":"anomalie_non_corroboree"}},{"type":"Feature","geometry":{"type":"Point","coordinates":[-3.20431,39.613]},"properties":{"age_h":42.7,"recency":1,"frp":3.3,"confidence":"nominal","observations":1,"passes":1,"sensor_count":1,"sensors":"NOAA-20","effis_confirmed":false,"burned_confirmed":false,"evidence_score":0,"evidence":"","filter_reason":"anomalie_non_corroboree"}},{"type":"Feature","geometry":{"type":"Point","coordinates":[8.78609,48.94328]},"properties":{"age_h":42.7,"recency":1,"frp":9.8,"confidence":"nominal","observations":2,"passes":1,"sensor_count":1,"sensors":"NOAA-20","effis_confirmed":false,"burned_confirmed":false,"evidence_score":0,"evidence":"","filter_reason":"anomalie_non_corroboree"}},{"type":"Feature","geometry":{"type":"Point","coordinates":[-6.67499,34.16946]},"properties":{"age_h":42.0,"recency":1,"frp":5.5,"confidence":"nominal","observations":1,"passes":1,"sensor_count":1,"sensors":"NOAA-21","effis_confirmed":false,"burned_confirmed":false,"evidence_score":0,"evidence":"","filter_reason":"anomalie_non_corroboree"}},{"type":"Feature","geometry":{"type":"Point","coordinates":[-6.50308,34.27795]},"properties":{"age_h":42.0,"recency":1,"frp":19.2,"confidence":"nominal","observations":1,"passes":1,"sensor_count":1,"sensors":"NOAA-21","effis_confirmed":false,"burned_confirmed":false,"evidence_score":1,"evidence":"","filter_reason":"anomalie_non_corroboree"}},{"type":"Feature","geometry":{"type":"Point","coordinates":[-4.1909,35.06165]},"properties":{"age_h":41.9,"recency":1,"frp":1.3,"confidence":"nominal","observations":1,"passes":1,"sensor_count":1,"sensors":"NOAA-21","effis_confirmed":false,"burned_confirmed":false,"evidence_score":0,"evidence":"","filter_reason":"anomalie_non_corroboree"}},{"type":"Feature","geometry":{"type":"Point","coordinates":[-0.56609,35.54877]},"properties":{"age_h":41.9,"recency":1,"frp":10.2,"confidence":"nominal","observations":2,"passes":1,"sensor_count":1,"sensors":"NOAA-21","effis_confirmed":false,"burned_confirmed":false,"evidence_score":1,"evidence":"","filter_reason":"anomalie_non_corroboree"}},{"type":"Feature","geometry":{"type":"Point","coordinates":[-5.96518,36.79119]},"properties":{"age_h":41.9,"recency":1,"frp":137.6,"confidence":"high","observations":2,"passes":1,"sensor_count":1,"sensors":"NOAA-21","effis_confirmed":false,"burned_confirmed":false,"evidence_score":2,"evidence":"confiance élevée","filter_reason":"anomalie_non_corroboree"}},{"type":"Feature","geometry":{"type":"Point","coordinates":[-2.35525,37.43479]},"properties":{"age_h":41.9,"recency":1,"frp":13.3,"confidence":"high","observations":1,"passes":1,"sensor_count":1,"sensors":"NOAA-21","effis_confirmed":false,"burned_confirmed":false,"evidence_score":2,"evidence":"confiance élevée","filter_reason":"anomalie_non_corroboree"}},{"type":"Feature","geometry":{"type":"Point","coordinates":[-4.74104,37.61322]},"properties":{"age_h":41.9,"recency":1,"frp":4.7,"confidence":"nominal","observations":1,"passes":1,"sensor_count":1,"sensors":"NOAA-21","effis_confirmed":false,"burned_confirmed":false,"evidence_score":0,"evidence":"","filter_reason":"anomalie_non_corroboree"}},{"type":"Feature","geometry":{"type":"Point","coordinates":[-0.16713,39.92834]},"properties":{"age_h":41.9,"recency":1,"frp":19.9,"confidence":"nominal","observations":1,"passes":1,"sensor_count":1,"sensors":"NOAA-21","effis_confirmed":false,"burned_confirmed":false,"evidence_score":1,"evidence":"","filter_reason":"anomalie_non_corroboree"}},{"type":"Feature","geometry":{"type":"Point","coordinates":[-0.86433,44.85163]},"properties":{"age_h":41.9,"recency":1,"frp":9.3,"confidence":"nominal","observations":1,"passes":1,"sensor_count":1,"sensors":"NOAA-21","effis_confirmed":false,"burned_confirmed":false,"evidence_score":0,"evidence":"","filter_reason":"anomalie_non_corroboree"}},{"type":"Feature","geometry":{"type":"Point","coordinates":[-5.99015,34.31157]},"properties":{"age_h":41.4,"recency":1,"frp":5.2,"confidence":"nominal","observations":1,"passes":1,"sensor_count":1,"sensors":"Suomi-NPP","effis_confirmed":false,"burned_confirmed":false,"evidence_score":0,"evidence":"","filter_reason":"anomalie_non_corroboree"}},{"type":"Feature","geometry":{"type":"Point","coordinates":[-6.89491,37.18122]},"properties":{"age_h":41.3,"recency":1,"frp":5.7,"confidence":"nominal","observations":1,"passes":1,"sensor_count":1,"sensors":"Suomi-NPP","effis_confirmed":false,"burned_confirmed":false,"evidence_score":0,"evidence":"","filter_reason":"anomalie_non_corroboree"}},{"type":"Feature","geometry":{"type":"Point","coordinates":[40.22652,37.87599]},"properties":{"age_h":33.8,"recency":1,"frp":3.1,"confidence":"nominal","observations":1,"passes":1,"sensor_count":1,"sensors":"NOAA-20","effis_confirmed":false,"burned_confirmed":false,"evidence_score":0,"evidence":"","filter_reason":"anomalie_non_corroboree"}},{"type":"Feature","geometry":{"type":"Point","coordinates":[40.07779,38.07845]},"properties":{"age_h":33.8,"recency":1,"frp":1.7,"confidence":"nominal","observations":1,"passes":1,"sensor_count":1,"sensors":"NOAA-20","effis_confirmed":false,"burned_confirmed":false,"evidence_score":0,"evidence":"","filter_reason":"anomalie_non_corroboree"}},{"type":"Feature","geometry":{"type":"Point","coordinates":[38.94152,36.51511]},"properties":{"age_h":33.7,"recency":1,"frp":1.9,"confidence":"nominal","observations":2,"passes":1,"sensor_count":1,"sensors":"NOAA-20","effis_confirmed":false,"burned_confirmed":false,"evidence_score":0,"evidence":"","filter_reason":"anomalie_non_corroboree"}},{"type":"Feature","geometry":{"type":"Point","coordinates":[40.57982,36.60231]},"properties":{"age_h":33.7,"recency":1,"frp":3.2,"confidence":"nominal","observations":4,"passes":1,"sensor_count":1,"sensors":"NOAA-20","effis_confirmed":false,"burned_confirmed":false,"evidence_score":2,"evidence":"groupe spatial","filter_reason":"anomalie_non_corroboree"}},{"type":"Feature","geometry":{"type":"Point","coordinates":[36.6542,50.61007]},"properties":{"age_h":33.0,"recency":1,"frp":2.1,"confidence":"nominal","observations":1,"passes":1,"sensor_count":1,"sensors":"NOAA-21","effis_confirmed":false,"burned_confirmed":false,"evidence_score":0,"evidence":"","filter_reason":"anomalie_non_corroboree"}},{"type":"Feature","geometry":{"type":"Point","coordinates":[29.55317,46.07926]},"properties":{"age_h":33.0,"recency":1,"frp":1.2,"confidence":"nominal","observations":3,"passes":1,"sensor_count":1,"sensors":"NOAA-21","effis_confirmed":false,"burned_confirmed":false,"evidence_score":2,"evidence":"groupe spatial","filter_reason":"anomalie_non_corroboree"}},{"type":"Feature","geometry":{"type":"Point","coordinates":[27.18871,35.49051]},"properties":{"age_h":32.9,"recency":1,"frp":4.3,"confidence":"nominal","observations":2,"passes":1,"sensor_count":1,"sensors":"NOAA-21","effis_confirmed":false,"burned_confirmed":false,"evidence_score":0,"evidence":"","filter_reason":"anomalie_non_corroboree"}},{"type":"Feature","geometry":{"type":"Point","coordinates":[38.54475,36.80462]},"properties":{"age_h":32.9,"recency":1,"frp":1.0,"confidence":"nominal","observations":2,"passes":1,"sensor_count":1,"sensors":"NOAA-21","effis_confirmed":false,"burned_confirmed":false,"evidence_score":0,"evidence":"","filter_reason":"anomalie_non_corroboree"}},{"type":"Feature","geometry":{"type":"Point","coordinates":[40.08562,36.96742]},"properties":{"age_h":32.9,"recency":1,"frp":1.7,"confidence":"nominal","observations":1,"passes":1,"sensor_count":1,"sensors":"NOAA-21","effis_confirmed":false,"burned_confirmed":false,"evidence_score":0,"evidence":"","filter_reason":"anomalie_non_corroboree"}},{"type":"Feature","geometry":{"type":"Point","coordinates":[37.97966,36.98846]},"properties":{"age_h":32.9,"recency":1,"frp":1.0,"confidence":"nominal","observations":1,"passes":1,"sensor_count":1,"sensors":"NOAA-21","effis_confirmed":false,"burned_confirmed":false,"evidence_score":0,"evidence":"","filter_reason":"anomalie_non_corroboree"}},{"type":"Feature","geometry":{"type":"Point","coordinates":[36.91464,37.35552]},"properties":{"age_h":32.9,"recency":1,"frp":1.0,"confidence":"nominal","observations":1,"passes":1,"sensor_count":1,"sensors":"NOAA-21","effis_confirmed":false,"burned_confirmed":false,"evidence_score":0,"evidence":"","filter_reason":"anomalie_non_corroboree"}},{"type":"Feature","geometry":{"type":"Point","coordinates":[37.67004,37.41955]},"properties":{"age_h":32.9,"recency":1,"frp":2.2,"confidence":"nominal","observations":2,"passes":1,"sensor_count":1,"sensors":"NOAA-21","effis_confirmed":false,"burned_confirmed":false,"evidence_score":0,"evidence":"","filter_reason":"anomalie_non_corroboree"}},{"type":"Feature","geometry":{"type":"Point","coordinates":[29.4132,37.49907]},"properties":{"age_h":32.9,"recency":1,"frp":0.6,"confidence":"nominal","observations":1,"passes":1,"sensor_count":1,"sensors":"NOAA-21","effis_confirmed":false,"burned_confirmed":false,"evidence_score":0,"evidence":"","filter_reason":"anomalie_non_corroboree"}},{"type":"Feature","geometry":{"type":"Point","coordinates":[38.35816,37.77205]},"properties":{"age_h":32.9,"recency":1,"frp":2.8,"confidence":"nominal","observations":1,"passes":1,"sensor_count":1,"sensors":"NOAA-21","effis_confirmed":false,"burned_confirmed":false,"evidence_score":0,"evidence":"","filter_reason":"anomalie_non_corroboree"}},{"type":"Feature","geometry":{"type":"Point","coordinates":[39.0398,37.78046]},"properties":{"age_h":32.9,"recency":1,"frp":1.9,"confidence":"nominal","observations":2,"passes":1,"sensor_count":1,"sensors":"NOAA-21","effis_confirmed":false,"burned_confirmed":false,"evidence_score":0,"evidence":"","filter_reason":"anomalie_non_corroboree"}},{"type":"Feature","geometry":{"type":"Point","coordinates":[38.1736,37.7881]},"properties":{"age_h":32.9,"recency":1,"frp":0.8,"confidence":"nominal","observations":1,"passes":1,"sensor_count":1,"sensors":"NOAA-21","effis_confirmed":false,"burned_confirmed":false,"evidence_score":0,"evidence":"","filter_reason":"anomalie_non_corroboree"}},{"type":"Feature","geometry":{"type":"Point","coordinates":[28.83108,37.91965]},"properties":{"age_h":32.9,"recency":1,"frp":3.0,"confidence":"nominal","observations":3,"passes":1,"sensor_count":1,"sensors":"NOAA-21","effis_confirmed":false,"burned_confirmed":false,"evidence_score":2,"evidence":"groupe spatial","filter_reason":"anomalie_non_corroboree"}},{"type":"Feature","geometry":{"type":"Point","coordinates":[40.09592,37.9227]},"properties":{"age_h":32.9,"recency":1,"frp":0.8,"confidence":"nominal","observations":2,"passes":1,"sensor_count":1,"sensors":"NOAA-21","effis_confirmed":false,"burned_confirmed":false,"evidence_score":0,"evidence":"","filter_reason":"anomalie_non_corroboree"}},{"type":"Feature","geometry":{"type":"Point","coordinates":[28.82982,38.03017]},"properties":{"age_h":32.9,"recency":1,"frp":1.8,"confidence":"nominal","observations":2,"passes":1,"sensor_count":1,"sensors":"NOAA-21","effis_confirmed":false,"burned_confirmed":false,"evidence_score":0,"evidence":"","filter_reason":"anomalie_non_corroboree"}},{"type":"Feature","geometry":{"type":"Point","coordinates":[33.32657,46.75315]},"properties":{"age_h":32.4,"recency":1,"frp":0.4,"confidence":"nominal","observations":1,"passes":1,"sensor_count":1,"sensors":"Suomi-NPP","effis_confirmed":false,"burned_confirmed":false,"evidence_score":0,"evidence":"","filter_reason":"anomalie_non_corroboree"}},{"type":"Feature","geometry":{"type":"Point","coordinates":[37.96771,47.99418]},"properties":{"age_h":32.4,"recency":1,"frp":0.4,"confidence":"nominal","observations":1,"passes":1,"sensor_count":1,"sensors":"Suomi-NPP","effis_confirmed":false,"burned_confirmed":false,"evidence_score":0,"evidence":"","filter_reason":"anomalie_non_corroboree"}},{"type":"Feature","geometry":{"type":"Point","coordinates":[36.67645,55.23316]},"properties":{"age_h":32.4,"recency":1,"frp":1.2,"confidence":"nominal","observations":1,"passes":1,"sensor_count":1,"sensors":"Suomi-NPP","effis_confirmed":false,"burned_confirmed":false,"evidence_score":0,"evidence":"","filter_reason":"anomalie_non_corroboree"}},{"type":"Feature","geometry":{"type":"Point","coordinates":[37.32471,41.10791]},"properties":{"age_h":32.4,"recency":1,"frp":0.6,"confidence":"nominal","observations":1,"passes":1,"sensor_count":1,"sensors":"Suomi-NPP","effis_confirmed":false,"burned_confirmed":false,"evidence_score":0,"evidence":"","filter_reason":"anomalie_non_corroboree"}},{"type":"Feature","geometry":{"type":"Point","coordinates":[36.30198,35.4391]},"properties":{"age_h":32.4,"recency":1,"frp":0.3,"confidence":"nominal","observations":1,"passes":1,"sensor_count":1,"sensors":"Suomi-NPP","effis_confirmed":false,"burned_confirmed":false,"evidence_score":0,"evidence":"","filter_reason":"anomalie_non_corroboree"}},{"type":"Feature","geometry":{"type":"Point","coordinates":[36.66689,49.84777]},"properties":{"age_h":32.1,"recency":1,"frp":0.4,"confidence":"nominal","observations":1,"passes":1,"sensor_count":1,"sensors":"NOAA-20","effis_confirmed":false,"burned_confirmed":false,"evidence_score":0,"evidence":"","filter_reason":"anomalie_non_corroboree"}},{"type":"Feature","geometry":{"type":"Point","coordinates":[36.89624,50.16825]},"properties":{"age_h":32.1,"recency":1,"frp":0.3,"confidence":"nominal","observations":1,"passes":1,"sensor_count":1,"sensors":"NOAA-20","effis_confirmed":false,"burned_confirmed":false,"evidence_score":0,"evidence":"","filter_reason":"anomalie_non_corroboree"}},{"type":"Feature","geometry":{"type":"Point","coordinates":[35.78791,50.35613]},"properties":{"age_h":32.1,"recency":1,"frp":0.4,"confidence":"nominal","observations":1,"passes":1,"sensor_count":1,"sensors":"NOAA-20","effis_confirmed":false,"burned_confirmed":false,"evidence_score":0,"evidence":"","filter_reason":"anomalie_non_corroboree"}},{"type":"Feature","geometry":{"type":"Point","coordinates":[35.40305,50.47802]},"properties":{"age_h":32.1,"recency":1,"frp":0.3,"confidence":"nominal","observations":1,"passes":1,"sensor_count":1,"sensors":"NOAA-20","effis_confirmed":false,"burned_confirmed":false,"evidence_score":0,"evidence":"","filter_reason":"anomalie_non_corroboree"}},{"type":"Feature","geometry":{"type":"Point","coordinates":[34.29288,51.26903]},"properties":{"age_h":32.1,"recency":1,"frp":0.4,"confidence":"nominal","observations":1,"passes":1,"sensor_count":1,"sensors":"NOAA-20","effis_confirmed":false,"burned_confirmed":false,"evidence_score":0,"evidence":"","filter_reason":"anomalie_non_corroboree"}},{"type":"Feature","geometry":{"type":"Point","coordinates":[34.21194,51.2735]},"properties":{"age_h":32.1,"recency":1,"frp":0.7,"confidence":"nominal","observations":1,"passes":1,"sensor_count":1,"sensors":"NOAA-20","effis_confirmed":false,"burned_confirmed":false,"evidence_score":0,"evidence":"","filter_reason":"anomalie_non_corroboree"}},{"type":"Feature","geometry":{"type":"Point","coordinates":[33.47509,52.33057]},"properties":{"age_h":32.1,"recency":1,"frp":0.6,"confidence":"nominal","observations":1,"passes":1,"sensor_count":1,"sensors":"NOAA-20","effis_confirmed":false,"burned_confirmed":false,"evidence_score":0,"evidence":"","filter_reason":"anomalie_non_corroboree"}},{"type":"Feature","geometry":{"type":"Point","coordinates":[39.99335,43.40713]},"properties":{"age_h":32.1,"recency":1,"frp":3.0,"confidence":"nominal","observations":1,"passes":1,"sensor_count":1,"sensors":"NOAA-20","effis_confirmed":false,"burned_confirmed":false,"evidence_score":0,"evidence":"","filter_reason":"anomalie_non_corroboree"}},{"type":"Feature","geometry":{"type":"Point","coordinates":[24.31471,43.87952]},"properties":{"age_h":32.1,"recency":1,"frp":0.3,"confidence":"nominal","observations":1,"passes":1,"sensor_count":1,"sensors":"NOAA-20","effis_confirmed":false,"burned_confirmed":false,"evidence_score":0,"evidence":"","filter_reason":"anomalie_non_corroboree"}},{"type":"Feature","geometry":{"type":"Point","coordinates":[23.09378,44.24492]},"properties":{"age_h":32.1,"recency":1,"frp":0.5,"confidence":"nominal","observations":1,"passes":1,"sensor_count":1,"sensors":"NOAA-20","effis_confirmed":false,"burned_confirmed":false,"evidence_score":0,"evidence":"","filter_reason":"anomalie_non_corroboree"}},{"type":"Feature","geometry":{"type":"Point","coordinates":[20.69291,44.82948]},"properties":{"age_h":32.1,"recency":1,"frp":0.5,"confidence":"nominal","observations":1,"passes":1,"sensor_count":1,"sensors":"NOAA-20","effis_confirmed":false,"burned_confirmed":false,"evidence_score":0,"evidence":"","filter_reason":"anomalie_non_corroboree"}},{"type":"Feature","geometry":{"type":"Point","coordinates":[21.26929,45.13754]},"properties":{"age_h":32.1,"recency":1,"frp":0.7,"confidence":"nominal","observations":1,"passes":1,"sensor_count":1,"sensors":"NOAA-20","effis_confirmed":false,"burned_confirmed":false,"evidence_score":0,"evidence":"","filter_reason":"anomalie_non_corroboree"}},{"type":"Feature","geometry":{"type":"Point","coordinates":[30.28082,46.66279]},"properties":{"age_h":32.1,"recency":1,"frp":0.5,"confidence":"nominal","observations":1,"passes":1,"sensor_count":1,"sensors":"NOAA-20","effis_confirmed":false,"burned_confirmed":false,"evidence_score":0,"evidence":"","filter_reason":"anomalie_non_corroboree"}},{"type":"Feature","geometry":{"type":"Point","coordinates":[33.55751,46.86766]},"properties":{"age_h":32.1,"recency":1,"frp":2.6,"confidence":"nominal","observations":1,"passes":1,"sensor_count":1,"sensors":"NOAA-20","effis_confirmed":false,"burned_confirmed":false,"evidence_score":0,"evidence":"","filter_reason":"anomalie_non_corroboree"}},{"type":"Feature","geometry":{"type":"Point","coordinates":[36.42642,47.77925]},"properties":{"age_h":32.1,"recency":1,"frp":0.3,"confidence":"nominal","observations":1,"passes":1,"sensor_count":1,"sensors":"NOAA-20","effis_confirmed":false,"burned_confirmed":false,"evidence_score":0,"evidence":"","filter_reason":"anomalie_non_corroboree"}},{"type":"Feature","geometry":{"type":"Point","coordinates":[33.38668,47.84258]},"properties":{"age_h":32.1,"recency":1,"frp":0.7,"confidence":"nominal","observations":1,"passes":1,"sensor_count":1,"sensors":"NOAA-20","effis_confirmed":false,"burned_confirmed":false,"evidence_score":0,"evidence":"","filter_reason":"anomalie_non_corroboree"}},{"type":"Feature","geometry":{"type":"Point","coordinates":[37.82497,47.96995]},"properties":{"age_h":32.1,"recency":1,"frp":1.1,"confidence":"nominal","observations":1,"passes":1,"sensor_count":1,"sensors":"NOAA-20","effis_confirmed":false,"burned_confirmed":false,"evidence_score":0,"evidence":"","filter_reason":"anomalie_non_corroboree"}},{"type":"Feature","geometry":{"type":"Point","coordinates":[37.66181,48.36546]},"properties":{"age_h":32.1,"recency":1,"frp":0.4,"confidence":"nominal","observations":1,"passes":1,"sensor_count":1,"sensors":"NOAA-20","effis_confirmed":false,"burned_confirmed":false,"evidence_score":0,"evidence":"","filter_reason":"anomalie_non_corroboree"}},{"type":"Feature","geometry":{"type":"Point","coordinates":[35.30777,48.91296]},"properties":{"age_h":32.1,"recency":1,"frp":0.3,"confidence":"nominal","observations":1,"passes":1,"sensor_count":1,"sensors":"NOAA-20","effis_confirmed":false,"burned_confirmed":false,"evidence_score":0,"evidence":"","filter_reason":"anomalie_non_corroboree"}},{"type":"Feature","geometry":{"type":"Point","coordinates":[40.93476,36.19803]},"properties":{"age_h":32.1,"recency":1,"frp":0.7,"confidence":"nominal","observations":1,"passes":1,"sensor_count":1,"sensors":"NOAA-20","effis_confirmed":false,"burned_confirmed":false,"evidence_score":0,"evidence":"","filter_reason":"anomalie_non_corroboree"}},{"type":"Feature","geometry":{"type":"Point","coordinates":[38.89611,37.00281]},"properties":{"age_h":32.1,"recency":1,"frp":1.0,"confidence":"nominal","observations":1,"passes":1,"sensor_count":1,"sensors":"NOAA-20","effis_confirmed":false,"burned_confirmed":false,"evidence_score":0,"evidence":"","filter_reason":"anomalie_non_corroboree"}},{"type":"Feature","geometry":{"type":"Point","coordinates":[37.41883,37.03072]},"properties":{"age_h":32.1,"recency":1,"frp":0.7,"confidence":"nominal","observations":1,"passes":1,"sensor_count":1,"sensors":"NOAA-20","effis_confirmed":false,"burned_confirmed":false,"evidence_score":0,"evidence":"","filter_reason":"anomalie_non_corroboree"}},{"type":"Feature","geometry":{"type":"Point","coordinates":[32.53588,37.93859]},"properties":{"age_h":32.1,"recency":1,"frp":0.6,"confidence":"nominal","observations":1,"passes":1,"sensor_count":1,"sensors":"NOAA-20","effis_confirmed":false,"burned_confirmed":false,"evidence_score":0,"evidence":"","filter_reason":"anomalie_non_corroboree"}},{"type":"Feature","geometry":{"type":"Point","coordinates":[39.79819,38.3069]},"properties":{"age_h":32.1,"recency":1,"frp":0.5,"confidence":"nominal","observations":1,"passes":1,"sensor_count":1,"sensors":"NOAA-20","effis_confirmed":false,"burned_confirmed":false,"evidence_score":0,"evidence":"","filter_reason":"anomalie_non_corroboree"}},{"type":"Feature","geometry":{"type":"Point","coordinates":[30.07577,40.3141]},"properties":{"age_h":32.1,"recency":1,"frp":0.7,"confidence":"nominal","observations":1,"passes":1,"sensor_count":1,"sensors":"NOAA-20","effis_confirmed":false,"burned_confirmed":false,"evidence_score":0,"evidence":"","filter_reason":"anomalie_non_corroboree"}},{"type":"Feature","geometry":{"type":"Point","coordinates":[31.39706,40.94716]},"properties":{"age_h":32.1,"recency":1,"frp":0.7,"confidence":"nominal","observations":1,"passes":1,"sensor_count":1,"sensors":"NOAA-20","effis_confirmed":false,"burned_confirmed":false,"evidence_score":0,"evidence":"","filter_reason":"anomalie_non_corroboree"}},{"type":"Feature","geometry":{"type":"Point","coordinates":[23.01769,42.11065]},"properties":{"age_h":32.1,"recency":1,"frp":1.0,"confidence":"nominal","observations":1,"passes":1,"sensor_count":1,"sensors":"NOAA-20","effis_confirmed":false,"burned_confirmed":false,"evidence_score":0,"evidence":"","filter_reason":"anomalie_non_corroboree"}},{"type":"Feature","geometry":{"type":"Point","coordinates":[18.52644,44.52711]},"properties":{"age_h":31.3,"recency":1,"frp":0.8,"confidence":"nominal","observations":1,"passes":1,"sensor_count":1,"sensors":"NOAA-21","effis_confirmed":false,"burned_confirmed":false,"evidence_score":0,"evidence":"","filter_reason":"anomalie_non_corroboree"}},{"type":"Feature","geometry":{"type":"Point","coordinates":[13.82968,44.86605]},"properties":{"age_h":31.3,"recency":1,"frp":1.3,"confidence":"nominal","observations":1,"passes":1,"sensor_count":1,"sensors":"NOAA-21","effis_confirmed":false,"burned_confirmed":false,"evidence_score":0,"evidence":"","filter_reason":"anomalie_non_corroboree"}},{"type":"Feature","geometry":{"type":"Point","coordinates":[20.1609,47.15981]},"properties":{"age_h":31.3,"recency":1,"frp":0.6,"confidence":"nominal","observations":1,"passes":1,"sensor_count":1,"sensors":"NOAA-21","effis_confirmed":false,"burned_confirmed":false,"evidence_score":0,"evidence":"","filter_reason":"anomalie_non_corroboree"}},{"type":"Feature","geometry":{"type":"Point","coordinates":[36.25043,47.67066]},"properties":{"age_h":31.3,"recency":1,"frp":1.0,"confidence":"nominal","observations":1,"passes":1,"sensor_count":1,"sensors":"NOAA-21","effis_confirmed":false,"burned_confirmed":false,"evidence_score":0,"evidence":"","filter_reason":"anomalie_non_corroboree"}},{"type":"Feature","geometry":{"type":"Point","coordinates":[23.87664,49.89769]},"properties":{"age_h":31.3,"recency":1,"frp":0.6,"confidence":"nominal","observations":3,"passes":1,"sensor_count":1,"sensors":"NOAA-21","effis_confirmed":false,"burned_confirmed":false,"evidence_score":2,"evidence":"groupe spatial","filter_reason":"anomalie_non_corroboree"}},{"type":"Feature","geometry":{"type":"Point","coordinates":[32.29935,52.23293]},"properties":{"age_h":31.3,"recency":1,"frp":1.3,"confidence":"nominal","observations":1,"passes":1,"sensor_count":1,"sensors":"NOAA-21","effis_confirmed":false,"burned_confirmed":false,"evidence_score":0,"evidence":"","filter_reason":"anomalie_non_corroboree"}},{"type":"Feature","geometry":{"type":"Point","coordinates":[28.77551,55.79895]},"properties":{"age_h":31.3,"recency":1,"frp":0.6,"confidence":"nominal","observations":1,"passes":1,"sensor_count":1,"sensors":"NOAA-21","effis_confirmed":false,"burned_confirmed":false,"evidence_score":0,"evidence":"","filter_reason":"anomalie_non_corroboree"}},{"type":"Feature","geometry":{"type":"Point","coordinates":[16.10146,39.1092]},"properties":{"age_h":31.3,"recency":1,"frp":1.4,"confidence":"nominal","observations":1,"passes":1,"sensor_count":1,"sensors":"NOAA-21","effis_confirmed":false,"burned_confirmed":false,"evidence_score":0,"evidence":"","filter_reason":"anomalie_non_corroboree"}},{"type":"Feature","geometry":{"type":"Point","coordinates":[30.19938,39.34506]},"properties":{"age_h":31.3,"recency":1,"frp":1.6,"confidence":"nominal","observations":2,"passes":1,"sensor_count":1,"sensors":"NOAA-21","effis_confirmed":false,"burned_confirmed":false,"evidence_score":0,"evidence":"","filter_reason":"anomalie_non_corroboree"}},{"type":"Feature","geometry":{"type":"Point","coordinates":[19.67606,40.9264]},"properties":{"age_h":31.3,"recency":1,"frp":0.5,"confidence":"nominal","observations":1,"passes":1,"sensor_count":1,"sensors":"NOAA-21","effis_confirmed":false,"burned_confirmed":false,"evidence_score":0,"evidence":"","filter_reason":"anomalie_non_corroboree"}},{"type":"Feature","geometry":{"type":"Point","coordinates":[16.54254,40.96215]},"properties":{"age_h":31.3,"recency":1,"frp":1.3,"confidence":"nominal","observations":2,"passes":1,"sensor_count":1,"sensors":"NOAA-21","effis_confirmed":false,"burned_confirmed":false,"evidence_score":0,"evidence":"","filter_reason":"anomalie_non_corroboree"}},{"type":"Feature","geometry":{"type":"Point","coordinates":[6.58624,35.98009]},"properties":{"age_h":31.3,"recency":1,"frp":1.0,"confidence":"nominal","observations":1,"passes":1,"sensor_count":1,"sensors":"NOAA-21","effis_confirmed":false,"burned_confirmed":false,"evidence_score":0,"evidence":"","filter_reason":"anomalie_non_corroboree"}},{"type":"Feature","geometry":{"type":"Point","coordinates":[30.36546,50.06098]},"properties":{"age_h":30.8,"recency":1,"frp":0.7,"confidence":"nominal","observations":2,"passes":1,"sensor_count":1,"sensors":"Suomi-NPP","effis_confirmed":false,"burned_confirmed":false,"evidence_score":0,"evidence":"","filter_reason":"anomalie_non_corroboree"}},{"type":"Feature","geometry":{"type":"Point","coordinates":[36.1763,50.29258]},"properties":{"age_h":30.8,"recency":1,"frp":2.3,"confidence":"nominal","observations":2,"passes":1,"sensor_count":1,"sensors":"Suomi-NPP","effis_confirmed":false,"burned_confirmed":false,"evidence_score":0,"evidence":"","filter_reason":"anomalie_non_corroboree"}},{"type":"Feature","geometry":{"type":"Point","coordinates":[34.2212,51.31541]},"properties":{"age_h":30.8,"recency":1,"frp":0.5,"confidence":"nominal","observations":1,"passes":1,"sensor_count":1,"sensors":"Suomi-NPP","effis_confirmed":false,"burned_confirmed":false,"evidence_score":0,"evidence":"","filter_reason":"anomalie_non_corroboree"}},{"type":"Feature","geometry":{"type":"Point","coordinates":[-2.37561,51.48884]},"properties":{"age_h":30.8,"recency":1,"frp":0.6,"confidence":"nominal","observations":1,"passes":1,"sensor_count":1,"sensors":"Suomi-NPP","effis_confirmed":false,"burned_confirmed":false,"evidence_score":0,"evidence":"","filter_reason":"anomalie_non_corroboree"}},{"type":"Feature","geometry":{"type":"Point","coordinates":[16.17522,51.5661]},"properties":{"age_h":30.8,"recency":1,"frp":3.8,"confidence":"nominal","observations":4,"passes":1,"sensor_count":1,"sensors":"Suomi-NPP","effis_confirmed":false,"burned_confirmed":false,"evidence_score":2,"evidence":"groupe spatial","filter_reason":"anomalie_non_corroboree"}},{"type":"Feature","geometry":{"type":"Point","coordinates":[10.16113,48.65303]},"properties":{"age_h":30.7,"recency":1,"frp":0.5,"confidence":"nominal","observations":1,"passes":1,"sensor_count":1,"sensors":"Suomi-NPP","effis_confirmed":false,"burned_confirmed":false,"evidence_score":0,"evidence":"","filter_reason":"anomalie_non_corroboree"}},{"type":"Feature","geometry":{"type":"Point","coordinates":[13.12375,38.05505]},"properties":{"age_h":30.7,"recency":1,"frp":2.0,"confidence":"nominal","observations":1,"passes":1,"sensor_count":1,"sensors":"Suomi-NPP","effis_confirmed":false,"burned_confirmed":false,"evidence_score":0,"evidence":"","filter_reason":"anomalie_non_corroboree"}},{"type":"Feature","geometry":{"type":"Point","coordinates":[-3.72753,39.93506]},"properties":{"age_h":30.7,"recency":1,"frp":1.0,"confidence":"nominal","observations":1,"passes":1,"sensor_count":1,"sensors":"Suomi-NPP","effis_confirmed":false,"burned_confirmed":false,"evidence_score":0,"evidence":"","filter_reason":"anomalie_non_corroboree"}},{"type":"Feature","geometry":{"type":"Point","coordinates":[10.64228,34.68483]},"properties":{"age_h":30.7,"recency":1,"frp":3.8,"confidence":"nominal","observations":1,"passes":1,"sensor_count":1,"sensors":"Suomi-NPP","effis_confirmed":false,"burned_confirmed":false,"evidence_score":0,"evidence":"","filter_reason":"anomalie_non_corroboree"}},{"type":"Feature","geometry":{"type":"Point","coordinates":[38.43408,55.00718]},"properties":{"age_h":30.5,"recency":1,"frp":1.7,"confidence":"nominal","observations":2,"passes":1,"sensor_count":1,"sensors":"NOAA-20","effis_confirmed":false,"burned_confirmed":false,"evidence_score":0,"evidence":"","filter_reason":"anomalie_non_corroboree"}},{"type":"Feature","geometry":{"type":"Point","coordinates":[26.26361,50.99084]},"properties":{"age_h":30.5,"recency":1,"frp":0.7,"confidence":"nominal","observations":1,"passes":1,"sensor_count":1,"sensors":"NOAA-20","effis_confirmed":false,"burned_confirmed":false,"evidence_score":0,"evidence":"","filter_reason":"anomalie_non_corroboree"}},{"type":"Feature","geometry":{"type":"Point","coordinates":[14.25447,53.08057]},"properties":{"age_h":30.4,"recency":1,"frp":0.6,"confidence":"nominal","observations":1,"passes":1,"sensor_count":1,"sensors":"NOAA-20","effis_confirmed":false,"burned_confirmed":false,"evidence_score":0,"evidence":"","filter_reason":"anomalie_non_corroboree"}},{"type":"Feature","geometry":{"type":"Point","coordinates":[5.01221,43.388]},"properties":{"age_h":30.4,"recency":1,"frp":0.9,"confidence":"nominal","observations":1,"passes":1,"sensor_count":1,"sensors":"NOAA-20","effis_confirmed":false,"burned_confirmed":false,"evidence_score":0,"evidence":"","filter_reason":"anomalie_non_corroboree"}},{"type":"Feature","geometry":{"type":"Point","coordinates":[-5.72608,43.5644]},"properties":{"age_h":30.4,"recency":1,"frp":0.7,"confidence":"nominal","observations":1,"passes":1,"sensor_count":1,"sensors":"NOAA-20","effis_confirmed":false,"burned_confirmed":false,"evidence_score":0,"evidence":"","filter_reason":"anomalie_non_corroboree"}},{"type":"Feature","geometry":{"type":"Point","coordinates":[3.23521,36.67454]},"properties":{"age_h":30.4,"recency":1,"frp":1.2,"confidence":"nominal","observations":1,"passes":1,"sensor_count":1,"sensors":"NOAA-20","effis_confirmed":false,"burned_confirmed":false,"evidence_score":0,"evidence":"","filter_reason":"anomalie_non_corroboree"}},{"type":"Feature","geometry":{"type":"Point","coordinates":[-4.05119,38.66495]},"properties":{"age_h":30.4,"recency":1,"frp":1.4,"confidence":"nominal","observations":1,"passes":1,"sensor_count":1,"sensors":"NOAA-20","effis_confirmed":false,"burned_confirmed":false,"evidence_score":0,"evidence":"","filter_reason":"anomalie_non_corroboree"}},{"type":"Feature","geometry":{"type":"Point","coordinates":[-7.8404,40.40087]},"properties":{"age_h":30.4,"recency":1,"frp":1.4,"confidence":"nominal","observations":2,"passes":1,"sensor_count":1,"sensors":"NOAA-20","effis_confirmed":false,"burned_confirmed":false,"evidence_score":0,"evidence":"","filter_reason":"anomalie_non_corroboree"}},{"type":"Feature","geometry":{"type":"Point","coordinates":[1.83949,57.01142]},"properties":{"age_h":29.7,"recency":1,"frp":0.5,"confidence":"nominal","observations":1,"passes":1,"sensor_count":1,"sensors":"NOAA-21","effis_confirmed":false,"burned_confirmed":false,"evidence_score":0,"evidence":"","filter_reason":"anomalie_non_corroboree"}},{"type":"Feature","geometry":{"type":"Point","coordinates":[1.84319,57.95535]},"properties":{"age_h":29.7,"recency":1,"frp":1.5,"confidence":"nominal","observations":2,"passes":1,"sensor_count":1,"sensors":"NOAA-21","effis_confirmed":false,"burned_confirmed":false,"evidence_score":0,"evidence":"","filter_reason":"anomalie_non_corroboree"}},{"type":"Feature","geometry":{"type":"Point","coordinates":[-2.5476,60.69105]},"properties":{"age_h":29.7,"recency":1,"frp":0.9,"confidence":"nominal","observations":1,"passes":1,"sensor_count":1,"sensors":"NOAA-21","effis_confirmed":false,"burned_confirmed":false,"evidence_score":0,"evidence":"","filter_reason":"anomalie_non_corroboree"}},{"type":"Feature","geometry":{"type":"Point","coordinates":[3.98003,49.65094]},"properties":{"age_h":29.7,"recency":1,"frp":1.4,"confidence":"nominal","observations":1,"passes":1,"sensor_count":1,"sensors":"NOAA-21","effis_confirmed":false,"burned_confirmed":false,"evidence_score":0,"evidence":"","filter_reason":"anomalie_non_corroboree"}},{"type":"Feature","geometry":{"type":"Point","coordinates":[-3.21758,51.45629]},"properties":{"age_h":29.7,"recency":1,"frp":0.5,"confidence":"nominal","observations":1,"passes":1,"sensor_count":1,"sensors":"NOAA-21","effis_confirmed":false,"burned_confirmed":false,"evidence_score":0,"evidence":"","filter_reason":"anomalie_non_corroboree"}},{"type":"Feature","geometry":{"type":"Point","coordinates":[-1.21479,52.03579]},"properties":{"age_h":29.7,"recency":1,"frp":0.5,"confidence":"nominal","observations":1,"passes":1,"sensor_count":1,"sensors":"NOAA-21","effis_confirmed":false,"burned_confirmed":false,"evidence_score":0,"evidence":"","filter_reason":"anomalie_non_corroboree"}},{"type":"Feature","geometry":{"type":"Point","coordinates":[7.30178,52.56179]},"properties":{"age_h":29.7,"recency":1,"frp":1.0,"confidence":"nominal","observations":1,"passes":1,"sensor_count":1,"sensors":"NOAA-21","effis_confirmed":false,"burned_confirmed":false,"evidence_score":0,"evidence":"","filter_reason":"anomalie_non_corroboree"}},{"type":"Feature","geometry":{"type":"Point","coordinates":[5.40996,34.7921]},"properties":{"age_h":29.6,"recency":1,"frp":6.8,"confidence":"nominal","observations":1,"passes":1,"sensor_count":1,"sensors":"NOAA-21","effis_confirmed":false,"burned_confirmed":false,"evidence_score":0,"evidence":"","filter_reason":"anomalie_non_corroboree"}},{"type":"Feature","geometry":{"type":"Point","coordinates":[-0.3407,35.80873]},"properties":{"age_h":29.6,"recency":1,"frp":0.9,"confidence":"nominal","observations":1,"passes":1,"sensor_count":1,"sensors":"NOAA-21","effis_confirmed":false,"burned_confirmed":false,"evidence_score":0,"evidence":"","filter_reason":"anomalie_non_corroboree"}},{"type":"Feature","geometry":{"type":"Point","coordinates":[-4.68233,37.62033]},"properties":{"age_h":29.6,"recency":1,"frp":2.5,"confidence":"nominal","observations":1,"passes":1,"sensor_count":1,"sensors":"NOAA-21","effis_confirmed":false,"burned_confirmed":false,"evidence_score":0,"evidence":"","filter_reason":"anomalie_non_corroboree"}},{"type":"Feature","geometry":{"type":"Point","coordinates":[-8.93782,38.49998]},"properties":{"age_h":29.6,"recency":1,"frp":1.1,"confidence":"nominal","observations":1,"passes":1,"sensor_count":1,"sensors":"NOAA-21","effis_confirmed":false,"burned_confirmed":false,"evidence_score":0,"evidence":"","filter_reason":"anomalie_non_corroboree"}},{"type":"Feature","geometry":{"type":"Point","coordinates":[-3.90058,40.00856]},"properties":{"age_h":29.6,"recency":1,"frp":0.8,"confidence":"nominal","observations":1,"passes":1,"sensor_count":1,"sensors":"NOAA-21","effis_confirmed":false,"burned_confirmed":false,"evidence_score":0,"evidence":"","filter_reason":"anomalie_non_corroboree"}},{"type":"Feature","geometry":{"type":"Point","coordinates":[-7.24823,40.51282]},"properties":{"age_h":29.6,"recency":1,"frp":0.5,"confidence":"nominal","observations":1,"passes":1,"sensor_count":1,"sensors":"NOAA-21","effis_confirmed":false,"burned_confirmed":false,"evidence_score":0,"evidence":"","filter_reason":"anomalie_non_corroboree"}},{"type":"Feature","geometry":{"type":"Point","coordinates":[10.33265,45.37053]},"properties":{"age_h":29.1,"recency":1,"frp":1.0,"confidence":"nominal","observations":1,"passes":1,"sensor_count":1,"sensors":"Suomi-NPP","effis_confirmed":false,"burned_confirmed":false,"evidence_score":0,"evidence":"","filter_reason":"anomalie_non_corroboree"}},{"type":"Feature","geometry":{"type":"Point","coordinates":[4.31245,48.14063]},"properties":{"age_h":29.1,"recency":1,"frp":1.0,"confidence":"nominal","observations":1,"passes":1,"sensor_count":1,"sensors":"Suomi-NPP","effis_confirmed":false,"burned_confirmed":false,"evidence_score":0,"evidence":"","filter_reason":"anomalie_non_corroboree"}},{"type":"Feature","geometry":{"type":"Point","coordinates":[-6.38495,53.68467]},"properties":{"age_h":29.1,"recency":1,"frp":0.6,"confidence":"nominal","observations":1,"passes":1,"sensor_count":1,"sensors":"Suomi-NPP","effis_confirmed":false,"burned_confirmed":false,"evidence_score":0,"evidence":"","filter_reason":"anomalie_non_corroboree"}},{"type":"Feature","geometry":{"type":"Point","coordinates":[1.21892,41.19195]},"properties":{"age_h":29.0,"recency":1,"frp":1.4,"confidence":"nominal","observations":2,"passes":1,"sensor_count":1,"sensors":"Suomi-NPP","effis_confirmed":false,"burned_confirmed":false,"evidence_score":0,"evidence":"","filter_reason":"anomalie_non_corroboree"}},{"type":"Feature","geometry":{"type":"Point","coordinates":[2.43123,41.85264]},"properties":{"age_h":29.0,"recency":1,"frp":0.6,"confidence":"nominal","observations":2,"passes":1,"sensor_count":1,"sensors":"Suomi-NPP","effis_confirmed":false,"burned_confirmed":false,"evidence_score":0,"evidence":"","filter_reason":"anomalie_non_corroboree"}},{"type":"Feature","geometry":{"type":"Point","coordinates":[-8.43637,43.34605]},"properties":{"age_h":29.0,"recency":1,"frp":0.8,"confidence":"nominal","observations":1,"passes":1,"sensor_count":1,"sensors":"Suomi-NPP","effis_confirmed":false,"burned_confirmed":false,"evidence_score":0,"evidence":"","filter_reason":"anomalie_non_corroboree"}},{"type":"Feature","geometry":{"type":"Point","coordinates":[0.26976,35.79157]},"properties":{"age_h":29.0,"recency":1,"frp":1.2,"confidence":"nominal","observations":1,"passes":1,"sensor_count":1,"sensors":"Suomi-NPP","effis_confirmed":false,"burned_confirmed":false,"evidence_score":0,"evidence":"","filter_reason":"anomalie_non_corroboree"}},{"type":"Feature","geometry":{"type":"Point","coordinates":[3.10728,36.68939]},"properties":{"age_h":29.0,"recency":1,"frp":1.4,"confidence":"nominal","observations":2,"passes":1,"sensor_count":1,"sensors":"Suomi-NPP","effis_confirmed":false,"burned_confirmed":false,"evidence_score":0,"evidence":"","filter_reason":"anomalie_non_corroboree"}},{"type":"Feature","geometry":{"type":"Point","coordinates":[-0.12559,51.78627]},"properties":{"age_h":28.8,"recency":1,"frp":0.3,"confidence":"nominal","observations":1,"passes":1,"sensor_count":1,"sensors":"NOAA-20","effis_confirmed":false,"burned_confirmed":false,"evidence_score":0,"evidence":"","filter_reason":"anomalie_non_corroboree"}},{"type":"Feature","geometry":{"type":"Point","coordinates":[38.22507,46.05738]},"properties":{"age_h":22.7,"recency":0,"frp":5.4,"confidence":"nominal","observations":1,"passes":1,"sensor_count":1,"sensors":"Suomi-NPP","effis_confirmed":false,"burned_confirmed":false,"evidence_score":0,"evidence":"","filter_reason":"anomalie_non_corroboree"}},{"type":"Feature","geometry":{"type":"Point","coordinates":[41.7929,46.38465]},"properties":{"age_h":22.7,"recency":0,"frp":7.0,"confidence":"nominal","observations":1,"passes":1,"sensor_count":1,"sensors":"Suomi-NPP","effis_confirmed":false,"burned_confirmed":false,"evidence_score":0,"evidence":"","filter_reason":"anomalie_non_corroboree"}},{"type":"Feature","geometry":{"type":"Point","coordinates":[34.63707,47.3063]},"properties":{"age_h":22.7,"recency":0,"frp":7.2,"confidence":"nominal","observations":1,"passes":1,"sensor_count":1,"sensors":"Suomi-NPP","effis_confirmed":false,"burned_confirmed":false,"evidence_score":0,"evidence":"","filter_reason":"anomalie_non_corroboree"}},{"type":"Feature","geometry":{"type":"Point","coordinates":[35.97091,48.27269]},"properties":{"age_h":22.7,"recency":0,"frp":6.0,"confidence":"nominal","observations":2,"passes":1,"sensor_count":1,"sensors":"Suomi-NPP","effis_confirmed":false,"burned_confirmed":false,"evidence_score":0,"evidence":"","filter_reason":"anomalie_non_corroboree"}},{"type":"Feature","geometry":{"type":"Point","coordinates":[36.51473,48.9874]},"properties":{"age_h":22.7,"recency":0,"frp":12.2,"confidence":"high","observations":1,"passes":1,"sensor_count":1,"sensors":"Suomi-NPP","effis_confirmed":false,"burned_confirmed":false,"evidence_score":2,"evidence":"confiance élevée","filter_reason":"anomalie_non_corroboree"}},{"type":"Feature","geometry":{"type":"Point","coordinates":[32.89434,47.76758]},"properties":{"age_h":22.6,"recency":0,"frp":23.0,"confidence":"high","observations":1,"passes":1,"sensor_count":1,"sensors":"Suomi-NPP","effis_confirmed":false,"burned_confirmed":false,"evidence_score":2,"evidence":"confiance élevée","filter_reason":"anomalie_non_corroboree"}},{"type":"Feature","geometry":{"type":"Point","coordinates":[31.7093,51.27715]},"properties":{"age_h":22.6,"recency":0,"frp":21.6,"confidence":"high","observations":2,"passes":1,"sensor_count":1,"sensors":"Suomi-NPP","effis_confirmed":false,"burned_confirmed":false,"evidence_score":2,"evidence":"confiance élevée","filter_reason":"anomalie_non_corroboree"}},{"type":"Feature","geometry":{"type":"Point","coordinates":[33.28081,52.28616]},"properties":{"age_h":22.6,"recency":0,"frp":4.2,"confidence":"nominal","observations":1,"passes":1,"sensor_count":1,"sensors":"Suomi-NPP","effis_confirmed":false,"burned_confirmed":false,"evidence_score":0,"evidence":"","filter_reason":"anomalie_non_corroboree"}},{"type":"Feature","geometry":{"type":"Point","coordinates":[39.50394,37.41479]},"properties":{"age_h":22.4,"recency":0,"frp":7.3,"confidence":"nominal","observations":2,"passes":2,"sensor_count":1,"sensors":"NOAA-20","effis_confirmed":false,"burned_confirmed":false,"evidence_score":2,"evidence":"passages répétés","filter_reason":"anomalie_non_corroboree"}},{"type":"Feature","geometry":{"type":"Point","coordinates":[36.5935,36.0358]},"properties":{"age_h":22.4,"recency":0,"frp":9.4,"confidence":"nominal","observations":2,"passes":1,"sensor_count":1,"sensors":"NOAA-20","effis_confirmed":false,"burned_confirmed":false,"evidence_score":0,"evidence":"","filter_reason":"anomalie_non_corroboree"}},{"type":"Feature","geometry":{"type":"Point","coordinates":[37.12112,36.32495]},"properties":{"age_h":22.4,"recency":0,"frp":5.0,"confidence":"nominal","observations":1,"passes":1,"sensor_count":1,"sensors":"NOAA-20","effis_confirmed":false,"burned_confirmed":false,"evidence_score":0,"evidence":"","filter_reason":"anomalie_non_corroboree"}},{"type":"Feature","geometry":{"type":"Point","coordinates":[40.35073,36.48603]},"properties":{"age_h":22.4,"recency":0,"frp":11.2,"confidence":"high","observations":1,"passes":1,"sensor_count":1,"sensors":"NOAA-20","effis_confirmed":false,"burned_confirmed":false,"evidence_score":2,"evidence":"confiance élevée","filter_reason":"anomalie_non_corroboree"}},{"type":"Feature","geometry":{"type":"Point","coordinates":[38.58879,36.50015]},"properties":{"age_h":22.4,"recency":0,"frp":6.1,"confidence":"nominal","observations":2,"passes":1,"sensor_count":1,"sensors":"NOAA-20","effis_confirmed":false,"burned_confirmed":false,"evidence_score":0,"evidence":"","filter_reason":"anomalie_non_corroboree"}},{"type":"Feature","geometry":{"type":"Point","coordinates":[39.08366,36.61663]},"properties":{"age_h":22.4,"recency":0,"frp":2.6,"confidence":"nominal","observations":1,"passes":1,"sensor_count":1,"sensors":"NOAA-20","effis_confirmed":false,"burned_confirmed":false,"evidence_score":0,"evidence":"","filter_reason":"anomalie_non_corroboree"}},{"type":"Feature","geometry":{"type":"Point","coordinates":[41.07985,36.85198]},"properties":{"age_h":22.4,"recency":0,"frp":9.0,"confidence":"high","observations":1,"passes":1,"sensor_count":1,"sensors":"NOAA-20","effis_confirmed":false,"burned_confirmed":false,"evidence_score":1,"evidence":"confiance élevée","filter_reason":"anomalie_non_corroboree"}},{"type":"Feature","geometry":{"type":"Point","coordinates":[41.41744,36.94605]},"properties":{"age_h":22.4,"recency":0,"frp":26.7,"confidence":"high","observations":2,"passes":1,"sensor_count":1,"sensors":"NOAA-20","effis_confirmed":false,"burned_confirmed":false,"evidence_score":2,"evidence":"confiance élevée","filter_reason":"anomalie_non_corroboree"}},{"type":"Feature","geometry":{"type":"Point","coordinates":[41.29545,37.0209]},"properties":{"age_h":22.4,"recency":0,"frp":7.7,"confidence":"nominal","observations":1,"passes":1,"sensor_count":1,"sensors":"NOAA-20","effis_confirmed":false,"burned_confirmed":false,"evidence_score":0,"evidence":"","filter_reason":"anomalie_non_corroboree"}},{"type":"Feature","geometry":{"type":"Point","coordinates":[40.60664,37.227]},"properties":{"age_h":22.4,"recency":0,"frp":13.3,"confidence":"nominal","observations":2,"passes":1,"sensor_count":1,"sensors":"NOAA-20","effis_confirmed":false,"burned_confirmed":false,"evidence_score":1,"evidence":"","filter_reason":"anomalie_non_corroboree"}},{"type":"Feature","geometry":{"type":"Point","coordinates":[39.83764,37.26292]},"properties":{"age_h":22.4,"recency":0,"frp":10.2,"confidence":"high","observations":2,"passes":1,"sensor_count":1,"sensors":"NOAA-20","effis_confirmed":false,"burned_confirmed":false,"evidence_score":2,"evidence":"confiance élevée","filter_reason":"anomalie_non_corroboree"}},{"type":"Feature","geometry":{"type":"Point","coordinates":[38.96126,37.65862]},"properties":{"age_h":22.4,"recency":0,"frp":21.3,"confidence":"high","observations":2,"passes":1,"sensor_count":1,"sensors":"NOAA-20","effis_confirmed":false,"burned_confirmed":false,"evidence_score":2,"evidence":"confiance élevée","filter_reason":"anomalie_non_corroboree"}},{"type":"Feature","geometry":{"type":"Point","coordinates":[39.46558,37.73851]},"properties":{"age_h":22.4,"recency":0,"frp":7.2,"confidence":"high","observations":2,"passes":1,"sensor_count":1,"sensors":"NOAA-20","effis_confirmed":false,"burned_confirmed":false,"evidence_score":1,"evidence":"confiance élevée","filter_reason":"anomalie_non_corroboree"}},{"type":"Feature","geometry":{"type":"Point","coordinates":[37.50949,38.38277]},"properties":{"age_h":22.4,"recency":0,"frp":7.3,"confidence":"nominal","observations":2,"passes":1,"sensor_count":1,"sensors":"NOAA-20","effis_confirmed":false,"burned_confirmed":false,"evidence_score":0,"evidence":"","filter_reason":"anomalie_non_corroboree"}},{"type":"Feature","geometry":{"type":"Point","coordinates":[32.09872,46.75282]},"properties":{"age_h":22.3,"recency":0,"frp":2.1,"confidence":"nominal","observations":1,"passes":1,"sensor_count":1,"sensors":"NOAA-20","effis_confirmed":false,"burned_confirmed":false,"evidence_score":0,"evidence":"","filter_reason":"anomalie_non_corroboree"}},{"type":"Feature","geometry":{"type":"Point","coordinates":[36.49105,46.81957]},"properties":{"age_h":22.3,"recency":0,"frp":4.4,"confidence":"nominal","observations":2,"passes":1,"sensor_count":1,"sensors":"NOAA-20","effis_confirmed":false,"burned_confirmed":false,"evidence_score":0,"evidence":"","filter_reason":"anomalie_non_corroboree"}},{"type":"Feature","geometry":{"type":"Point","coordinates":[35.34136,47.23447]},"properties":{"age_h":22.3,"recency":0,"frp":5.4,"confidence":"nominal","observations":1,"passes":1,"sensor_count":1,"sensors":"NOAA-20","effis_confirmed":false,"burned_confirmed":false,"evidence_score":0,"evidence":"","filter_reason":"anomalie_non_corroboree"}},{"type":"Feature","geometry":{"type":"Point","coordinates":[39.29588,47.38579]},"properties":{"age_h":22.3,"recency":0,"frp":21.4,"confidence":"nominal","observations":1,"passes":1,"sensor_count":1,"sensors":"NOAA-20","effis_confirmed":false,"burned_confirmed":false,"evidence_score":1,"evidence":"","filter_reason":"anomalie_non_corroboree"}},{"type":"Feature","geometry":{"type":"Point","coordinates":[35.70859,47.48969]},"properties":{"age_h":22.3,"recency":0,"frp":2.5,"confidence":"nominal","observations":2,"passes":1,"sensor_count":1,"sensors":"NOAA-20","effis_confirmed":false,"burned_confirmed":false,"evidence_score":0,"evidence":"","filter_reason":"anomalie_non_corroboree"}},{"type":"Feature","geometry":{"type":"Point","coordinates":[35.75066,47.50161]},"properties":{"age_h":22.3,"recency":0,"frp":3.6,"confidence":"nominal","observations":1,"passes":1,"sensor_count":1,"sensors":"NOAA-20","effis_confirmed":false,"burned_confirmed":false,"evidence_score":0,"evidence":"","filter_reason":"anomalie_non_corroboree"}},{"type":"Feature","geometry":{"type":"Point","coordinates":[35.86983,47.60058]},"properties":{"age_h":22.3,"recency":0,"frp":2.7,"confidence":"nominal","observations":2,"passes":1,"sensor_count":1,"sensors":"NOAA-20","effis_confirmed":false,"burned_confirmed":false,"evidence_score":0,"evidence":"","filter_reason":"anomalie_non_corroboree"}},{"type":"Feature","geometry":{"type":"Point","coordinates":[35.41102,47.65319]},"properties":{"age_h":22.3,"recency":0,"frp":4.7,"confidence":"nominal","observations":1,"passes":1,"sensor_count":1,"sensors":"NOAA-20","effis_confirmed":false,"burned_confirmed":false,"evidence_score":0,"evidence":"","filter_reason":"anomalie_non_corroboree"}},{"type":"Feature","geometry":{"type":"Point","coordinates":[31.05337,47.68255]},"properties":{"age_h":22.3,"recency":0,"frp":4.6,"confidence":"nominal","observations":1,"passes":1,"sensor_count":1,"sensors":"NOAA-20","effis_confirmed":false,"burned_confirmed":false,"evidence_score":0,"evidence":"","filter_reason":"anomalie_non_corroboree"}},{"type":"Feature","geometry":{"type":"Point","coordinates":[36.06158,47.76467]},"properties":{"age_h":22.3,"recency":0,"frp":3.3,"confidence":"nominal","observations":1,"passes":1,"sensor_count":1,"sensors":"NOAA-20","effis_confirmed":false,"burned_confirmed":false,"evidence_score":0,"evidence":"","filter_reason":"anomalie_non_corroboree"}},{"type":"Feature","geometry":{"type":"Point","coordinates":[36.85784,47.83966]},"properties":{"age_h":22.3,"recency":0,"frp":5.3,"confidence":"nominal","observations":1,"passes":1,"sensor_count":1,"sensors":"NOAA-20","effis_confirmed":false,"burned_confirmed":false,"evidence_score":0,"evidence":"","filter_reason":"anomalie_non_corroboree"}},{"type":"Feature","geometry":{"type":"Point","coordinates":[31.30115,48.1468]},"properties":{"age_h":22.3,"recency":0,"frp":4.5,"confidence":"nominal","observations":2,"passes":1,"sensor_count":1,"sensors":"NOAA-20","effis_confirmed":false,"burned_confirmed":false,"evidence_score":0,"evidence":"","filter_reason":"anomalie_non_corroboree"}},{"type":"Feature","geometry":{"type":"Point","coordinates":[27.36756,48.18413]},"properties":{"age_h":22.3,"recency":0,"frp":11.1,"confidence":"nominal","observations":2,"passes":1,"sensor_count":1,"sensors":"NOAA-20","effis_confirmed":false,"burned_confirmed":false,"evidence_score":1,"evidence":"","filter_reason":"anomalie_non_corroboree"}},{"type":"Feature","geometry":{"type":"Point","coordinates":[36.05042,48.21192]},"properties":{"age_h":22.3,"recency":0,"frp":6.7,"confidence":"nominal","observations":1,"passes":1,"sensor_count":1,"sensors":"NOAA-20","effis_confirmed":false,"burned_confirmed":false,"evidence_score":0,"evidence":"","filter_reason":"anomalie_non_corroboree"}},{"type":"Feature","geometry":{"type":"Point","coordinates":[28.16046,48.27888]},"properties":{"age_h":22.3,"recency":0,"frp":11.4,"confidence":"nominal","observations":1,"passes":1,"sensor_count":1,"sensors":"NOAA-20","effis_confirmed":false,"burned_confirmed":false,"evidence_score":1,"evidence":"","filter_reason":"anomalie_non_corroboree"}},{"type":"Feature","geometry":{"type":"Point","coordinates":[36.63288,48.39001]},"properties":{"age_h":22.3,"recency":0,"frp":65.8,"confidence":"nominal","observations":2,"passes":1,"sensor_count":1,"sensors":"NOAA-20","effis_confirmed":false,"burned_confirmed":false,"evidence_score":1,"evidence":"","filter_reason":"anomalie_non_corroboree"}},{"type":"Feature","geometry":{"type":"Point","coordinates":[29.31268,48.42344]},"properties":{"age_h":22.3,"recency":0,"frp":63.5,"confidence":"nominal","observations":4,"passes":1,"sensor_count":1,"sensors":"NOAA-20","effis_confirmed":false,"burned_confirmed":false,"evidence_score":3,"evidence":"groupe spatial","filter_reason":"anomalie_non_corroboree"}},{"type":"Feature","geometry":{"type":"Point","coordinates":[30.13591,49.55716]},"properties":{"age_h":22.3,"recency":0,"frp":3.0,"confidence":"nominal","observations":1,"passes":1,"sensor_count":1,"sensors":"NOAA-20","effis_confirmed":false,"burned_confirmed":false,"evidence_score":0,"evidence":"","filter_reason":"anomalie_non_corroboree"}},{"type":"Feature","geometry":{"type":"Point","coordinates":[40.17889,56.11446]},"properties":{"age_h":22.3,"recency":0,"frp":1.6,"confidence":"nominal","observations":1,"passes":1,"sensor_count":1,"sensors":"NOAA-20","effis_confirmed":false,"burned_confirmed":false,"evidence_score":0,"evidence":"","filter_reason":"anomalie_non_corroboree"}},{"type":"Feature","geometry":{"type":"Point","coordinates":[34.08098,59.54916]},"properties":{"age_h":22.3,"recency":0,"frp":35.3,"confidence":"nominal","observations":2,"passes":1,"sensor_count":1,"sensors":"NOAA-20","effis_confirmed":false,"burned_confirmed":false,"evidence_score":1,"evidence":"","filter_reason":"anomalie_non_corroboree"}},{"type":"Feature","geometry":{"type":"Point","coordinates":[34.39279,38.85078]},"properties":{"age_h":21.6,"recency":0,"frp":9.7,"confidence":"nominal","observations":1,"passes":1,"sensor_count":1,"sensors":"NOAA-21","effis_confirmed":false,"burned_confirmed":false,"evidence_score":0,"evidence":"","filter_reason":"anomalie_non_corroboree"}},{"type":"Feature","geometry":{"type":"Point","coordinates":[33.45936,38.93105]},"properties":{"age_h":21.6,"recency":0,"frp":11.4,"confidence":"nominal","observations":1,"passes":1,"sensor_count":1,"sensors":"NOAA-21","effis_confirmed":false,"burned_confirmed":false,"evidence_score":1,"evidence":"","filter_reason":"anomalie_non_corroboree"}},{"type":"Feature","geometry":{"type":"Point","coordinates":[26.98108,39.06005]},"properties":{"age_h":21.6,"recency":0,"frp":5.8,"confidence":"nominal","observations":2,"passes":1,"sensor_count":1,"sensors":"NOAA-21","effis_confirmed":false,"burned_confirmed":false,"evidence_score":0,"evidence":"","filter_reason":"anomalie_non_corroboree"}},{"type":"Feature","geometry":{"type":"Point","coordinates":[34.21127,39.10713]},"properties":{"age_h":21.6,"recency":0,"frp":10.2,"confidence":"nominal","observations":1,"passes":1,"sensor_count":1,"sensors":"NOAA-21","effis_confirmed":false,"burned_confirmed":false,"evidence_score":1,"evidence":"","filter_reason":"anomalie_non_corroboree"}},{"type":"Feature","geometry":{"type":"Point","coordinates":[32.28128,39.33936]},"properties":{"age_h":21.6,"recency":0,"frp":11.8,"confidence":"nominal","observations":1,"passes":1,"sensor_count":1,"sensors":"NOAA-21","effis_confirmed":false,"burned_confirmed":false,"evidence_score":1,"evidence":"","filter_reason":"anomalie_non_corroboree"}},{"type":"Feature","geometry":{"type":"Point","coordinates":[33.37875,39.57705]},"properties":{"age_h":21.6,"recency":0,"frp":3.9,"confidence":"nominal","observations":1,"passes":1,"sensor_count":1,"sensors":"NOAA-21","effis_confirmed":false,"burned_confirmed":false,"evidence_score":0,"evidence":"","filter_reason":"anomalie_non_corroboree"}},{"type":"Feature","geometry":{"type":"Point","coordinates":[40.04604,44.64471]},"properties":{"age_h":21.6,"recency":0,"frp":2.7,"confidence":"nominal","observations":1,"passes":1,"sensor_count":1,"sensors":"NOAA-21","effis_confirmed":false,"burned_confirmed":false,"evidence_score":0,"evidence":"","filter_reason":"anomalie_non_corroboree"}},{"type":"Feature","geometry":{"type":"Point","coordinates":[38.92081,45.00062]},"properties":{"age_h":21.6,"recency":0,"frp":2.5,"confidence":"nominal","observations":1,"passes":1,"sensor_count":1,"sensors":"NOAA-21","effis_confirmed":false,"burned_confirmed":false,"evidence_score":0,"evidence":"","filter_reason":"anomalie_non_corroboree"}},{"type":"Feature","geometry":{"type":"Point","coordinates":[34.38153,46.82948]},"properties":{"age_h":21.6,"recency":0,"frp":11.0,"confidence":"nominal","observations":1,"passes":1,"sensor_count":1,"sensors":"NOAA-21","effis_confirmed":false,"burned_confirmed":false,"evidence_score":1,"evidence":"","filter_reason":"anomalie_non_corroboree"}},{"type":"Feature","geometry":{"type":"Point","coordinates":[39.93467,47.16838]},"properties":{"age_h":21.6,"recency":0,"frp":4.4,"confidence":"nominal","observations":2,"passes":1,"sensor_count":1,"sensors":"NOAA-21","effis_confirmed":false,"burned_confirmed":false,"evidence_score":0,"evidence":"","filter_reason":"anomalie_non_corroboree"}},{"type":"Feature","geometry":{"type":"Point","coordinates":[37.85366,47.20399]},"properties":{"age_h":21.6,"recency":0,"frp":2.6,"confidence":"nominal","observations":1,"passes":1,"sensor_count":1,"sensors":"NOAA-21","effis_confirmed":false,"burned_confirmed":false,"evidence_score":0,"evidence":"","filter_reason":"anomalie_non_corroboree"}},{"type":"Feature","geometry":{"type":"Point","coordinates":[39.31288,47.38395]},"properties":{"age_h":21.6,"recency":0,"frp":8.5,"confidence":"nominal","observations":1,"passes":1,"sensor_count":1,"sensors":"NOAA-21","effis_confirmed":false,"burned_confirmed":false,"evidence_score":0,"evidence":"","filter_reason":"anomalie_non_corroboree"}},{"type":"Feature","geometry":{"type":"Point","coordinates":[35.701,47.11134]},"properties":{"age_h":21.6,"recency":0,"frp":2.6,"confidence":"nominal","observations":1,"passes":1,"sensor_count":1,"sensors":"NOAA-21","effis_confirmed":false,"burned_confirmed":false,"evidence_score":0,"evidence":"","filter_reason":"anomalie_non_corroboree"}},{"type":"Feature","geometry":{"type":"Point","coordinates":[32.55761,47.1869]},"properties":{"age_h":21.6,"recency":0,"frp":18.3,"confidence":"nominal","observations":5,"passes":1,"sensor_count":1,"sensors":"NOAA-21","effis_confirmed":false,"burned_confirmed":false,"evidence_score":3,"evidence":"groupe spatial","filter_reason":"anomalie_non_corroboree"}},{"type":"Feature","geometry":{"type":"Point","coordinates":[35.35443,47.22668]},"properties":{"age_h":21.6,"recency":0,"frp":2.5,"confidence":"nominal","observations":1,"passes":1,"sensor_count":1,"sensors":"NOAA-21","effis_confirmed":false,"burned_confirmed":false,"evidence_score":0,"evidence":"","filter_reason":"anomalie_non_corroboree"}},{"type":"Feature","geometry":{"type":"Point","coordinates":[32.64131,47.44464]},"properties":{"age_h":21.6,"recency":0,"frp":8.3,"confidence":"nominal","observations":1,"passes":1,"sensor_count":1,"sensors":"NOAA-21","effis_confirmed":false,"burned_confirmed":false,"evidence_score":0,"evidence":"","filter_reason":"anomalie_non_corroboree"}},{"type":"Feature","geometry":{"type":"Point","coordinates":[35.31223,47.48835]},"properties":{"age_h":21.6,"recency":0,"frp":6.1,"confidence":"nominal","observations":1,"passes":1,"sensor_count":1,"sensors":"NOAA-21","effis_confirmed":false,"burned_confirmed":false,"evidence_score":0,"evidence":"","filter_reason":"anomalie_non_corroboree"}},{"type":"Feature","geometry":{"type":"Point","coordinates":[31.94376,47.54323]},"properties":{"age_h":21.6,"recency":0,"frp":15.5,"confidence":"nominal","observations":2,"passes":1,"sensor_count":1,"sensors":"NOAA-21","effis_confirmed":false,"burned_confirmed":false,"evidence_score":1,"evidence":"","filter_reason":"anomalie_non_corroboree"}},{"type":"Feature","geometry":{"type":"Point","coordinates":[34.94003,47.58511]},"properties":{"age_h":21.6,"recency":0,"frp":2.6,"confidence":"nominal","observations":1,"passes":1,"sensor_count":1,"sensors":"NOAA-21","effis_confirmed":false,"burned_confirmed":false,"evidence_score":0,"evidence":"","filter_reason":"anomalie_non_corroboree"}},{"type":"Feature","geometry":{"type":"Point","coordinates":[36.27405,47.60139]},"properties":{"age_h":21.6,"recency":0,"frp":4.2,"confidence":"nominal","observations":1,"passes":1,"sensor_count":1,"sensors":"NOAA-21","effis_confirmed":false,"burned_confirmed":false,"evidence_score":0,"evidence":"","filter_reason":"anomalie_non_corroboree"}},{"type":"Feature","geometry":{"type":"Point","coordinates":[35.82429,47.70589]},"properties":{"age_h":21.6,"recency":0,"frp":3.2,"confidence":"nominal","observations":1,"passes":1,"sensor_count":1,"sensors":"NOAA-21","effis_confirmed":false,"burned_confirmed":false,"evidence_score":0,"evidence":"","filter_reason":"anomalie_non_corroboree"}},{"type":"Feature","geometry":{"type":"Point","coordinates":[35.28034,47.72778]},"properties":{"age_h":21.6,"recency":0,"frp":6.5,"confidence":"nominal","observations":1,"passes":1,"sensor_count":1,"sensors":"NOAA-21","effis_confirmed":false,"burned_confirmed":false,"evidence_score":0,"evidence":"","filter_reason":"anomalie_non_corroboree"}},{"type":"Feature","geometry":{"type":"Point","coordinates":[35.68927,47.8423]},"properties":{"age_h":21.6,"recency":0,"frp":9.5,"confidence":"nominal","observations":2,"passes":1,"sensor_count":1,"sensors":"NOAA-21","effis_confirmed":false,"burned_confirmed":false,"evidence_score":0,"evidence":"","filter_reason":"anomalie_non_corroboree"}},{"type":"Feature","geometry":{"type":"Point","coordinates":[31.71437,47.91609]},"properties":{"age_h":21.6,"recency":0,"frp":12.1,"confidence":"nominal","observations":3,"passes":1,"sensor_count":1,"sensors":"NOAA-21","effis_confirmed":false,"burned_confirmed":false,"evidence_score":3,"evidence":"groupe spatial","filter_reason":"anomalie_non_corroboree"}},{"type":"Feature","geometry":{"type":"Point","coordinates":[36.37836,47.96474]},"properties":{"age_h":21.6,"recency":0,"frp":1.8,"confidence":"nominal","observations":1,"passes":1,"sensor_count":1,"sensors":"NOAA-21","effis_confirmed":false,"burned_confirmed":false,"evidence_score":0,"evidence":"","filter_reason":"anomalie_non_corroboree"}},{"type":"Feature","geometry":{"type":"Point","coordinates":[37.83076,48.17398]},"properties":{"age_h":21.6,"recency":0,"frp":2.8,"confidence":"nominal","observations":1,"passes":1,"sensor_count":1,"sensors":"NOAA-21","effis_confirmed":false,"burned_confirmed":false,"evidence_score":0,"evidence":"","filter_reason":"anomalie_non_corroboree"}},{"type":"Feature","geometry":{"type":"Point","coordinates":[37.01343,48.25866]},"properties":{"age_h":21.6,"recency":0,"frp":2.9,"confidence":"nominal","observations":1,"passes":1,"sensor_count":1,"sensors":"NOAA-21","effis_confirmed":false,"burned_confirmed":false,"evidence_score":0,"evidence":"","filter_reason":"anomalie_non_corroboree"}},{"type":"Feature","geometry":{"type":"Point","coordinates":[22.69617,48.31527]},"properties":{"age_h":21.6,"recency":0,"frp":2.7,"confidence":"nominal","observations":1,"passes":1,"sensor_count":1,"sensors":"NOAA-21","effis_confirmed":false,"burned_confirmed":false,"evidence_score":0,"evidence":"","filter_reason":"anomalie_non_corroboree"}},{"type":"Feature","geometry":{"type":"Point","coordinates":[36.91282,48.43567]},"properties":{"age_h":21.6,"recency":0,"frp":6.1,"confidence":"nominal","observations":1,"passes":1,"sensor_count":1,"sensors":"NOAA-21","effis_confirmed":false,"burned_confirmed":false,"evidence_score":0,"evidence":"","filter_reason":"anomalie_non_corroboree"}},{"type":"Feature","geometry":{"type":"Point","coordinates":[36.82422,48.51517]},"properties":{"age_h":21.6,"recency":0,"frp":2.5,"confidence":"nominal","observations":1,"passes":1,"sensor_count":1,"sensors":"NOAA-21","effis_confirmed":false,"burned_confirmed":false,"evidence_score":0,"evidence":"","filter_reason":"anomalie_non_corroboree"}},{"type":"Feature","geometry":{"type":"Point","coordinates":[37.09325,48.53404]},"properties":{"age_h":21.6,"recency":0,"frp":3.5,"confidence":"nominal","observations":1,"passes":1,"sensor_count":1,"sensors":"NOAA-21","effis_confirmed":false,"burned_confirmed":false,"evidence_score":0,"evidence":"","filter_reason":"anomalie_non_corroboree"}},{"type":"Feature","geometry":{"type":"Point","coordinates":[38.15433,48.75165]},"properties":{"age_h":21.6,"recency":0,"frp":2.4,"confidence":"nominal","observations":1,"passes":1,"sensor_count":1,"sensors":"NOAA-21","effis_confirmed":false,"burned_confirmed":false,"evidence_score":0,"evidence":"","filter_reason":"anomalie_non_corroboree"}},{"type":"Feature","geometry":{"type":"Point","coordinates":[37.81537,48.99477]},"properties":{"age_h":21.6,"recency":0,"frp":3.4,"confidence":"nominal","observations":1,"passes":1,"sensor_count":1,"sensors":"NOAA-21","effis_confirmed":false,"burned_confirmed":false,"evidence_score":0,"evidence":"","filter_reason":"anomalie_non_corroboree"}},{"type":"Feature","geometry":{"type":"Point","coordinates":[32.45279,49.50112]},"properties":{"age_h":21.6,"recency":0,"frp":3.0,"confidence":"nominal","observations":1,"passes":1,"sensor_count":1,"sensors":"NOAA-21","effis_confirmed":false,"burned_confirmed":false,"evidence_score":0,"evidence":"","filter_reason":"anomalie_non_corroboree"}},{"type":"Feature","geometry":{"type":"Point","coordinates":[34.93693,49.52968]},"properties":{"age_h":21.6,"recency":0,"frp":27.6,"confidence":"nominal","observations":3,"passes":1,"sensor_count":1,"sensors":"NOAA-21","effis_confirmed":false,"burned_confirmed":false,"evidence_score":3,"evidence":"groupe spatial","filter_reason":"anomalie_non_corroboree"}},{"type":"Feature","geometry":{"type":"Point","coordinates":[34.15932,49.81276]},"properties":{"age_h":21.6,"recency":0,"frp":2.1,"confidence":"nominal","observations":1,"passes":1,"sensor_count":1,"sensors":"NOAA-21","effis_confirmed":false,"burned_confirmed":false,"evidence_score":0,"evidence":"","filter_reason":"anomalie_non_corroboree"}},{"type":"Feature","geometry":{"type":"Point","coordinates":[31.636,49.90321]},"properties":{"age_h":21.6,"recency":0,"frp":4.3,"confidence":"nominal","observations":1,"passes":1,"sensor_count":1,"sensors":"NOAA-21","effis_confirmed":false,"burned_confirmed":false,"evidence_score":0,"evidence":"","filter_reason":"anomalie_non_corroboree"}},{"type":"Feature","geometry":{"type":"Point","coordinates":[26.58901,50.71114]},"properties":{"age_h":21.6,"recency":0,"frp":6.5,"confidence":"nominal","observations":1,"passes":1,"sensor_count":1,"sensors":"NOAA-21","effis_confirmed":false,"burned_confirmed":false,"evidence_score":0,"evidence":"","filter_reason":"anomalie_non_corroboree"}},{"type":"Feature","geometry":{"type":"Point","coordinates":[34.75087,50.77507]},"properties":{"age_h":21.6,"recency":0,"frp":1.5,"confidence":"nominal","observations":1,"passes":1,"sensor_count":1,"sensors":"NOAA-21","effis_confirmed":false,"burned_confirmed":false,"evidence_score":0,"evidence":"","filter_reason":"anomalie_non_corroboree"}},{"type":"Feature","geometry":{"type":"Point","coordinates":[34.97869,50.80046]},"properties":{"age_h":21.6,"recency":0,"frp":1.6,"confidence":"nominal","observations":1,"passes":1,"sensor_count":1,"sensors":"NOAA-21","effis_confirmed":false,"burned_confirmed":false,"evidence_score":0,"evidence":"","filter_reason":"anomalie_non_corroboree"}},{"type":"Feature","geometry":{"type":"Point","coordinates":[35.25727,51.00877]},"properties":{"age_h":21.6,"recency":0,"frp":2.2,"confidence":"nominal","observations":1,"passes":1,"sensor_count":1,"sensors":"NOAA-21","effis_confirmed":false,"burned_confirmed":false,"evidence_score":0,"evidence":"","filter_reason":"anomalie_non_corroboree"}},{"type":"Feature","geometry":{"type":"Point","coordinates":[35.1232,51.08475]},"properties":{"age_h":21.6,"recency":0,"frp":2.7,"confidence":"nominal","observations":1,"passes":1,"sensor_count":1,"sensors":"NOAA-21","effis_confirmed":false,"burned_confirmed":false,"evidence_score":0,"evidence":"","filter_reason":"anomalie_non_corroboree"}},{"type":"Feature","geometry":{"type":"Point","coordinates":[38.05556,51.33079]},"properties":{"age_h":21.6,"recency":0,"frp":12.3,"confidence":"nominal","observations":1,"passes":1,"sensor_count":1,"sensors":"NOAA-21","effis_confirmed":false,"burned_confirmed":false,"evidence_score":1,"evidence":"","filter_reason":"anomalie_non_corroboree"}},{"type":"Feature","geometry":{"type":"Point","coordinates":[34.13024,51.54931]},"properties":{"age_h":21.6,"recency":0,"frp":2.2,"confidence":"nominal","observations":1,"passes":1,"sensor_count":1,"sensors":"NOAA-21","effis_confirmed":false,"burned_confirmed":false,"evidence_score":0,"evidence":"","filter_reason":"anomalie_non_corroboree"}},{"type":"Feature","geometry":{"type":"Point","coordinates":[33.89441,52.34084]},"properties":{"age_h":21.6,"recency":0,"frp":3.0,"confidence":"nominal","observations":1,"passes":1,"sensor_count":1,"sensors":"NOAA-21","effis_confirmed":false,"burned_confirmed":false,"evidence_score":0,"evidence":"","filter_reason":"anomalie_non_corroboree"}},{"type":"Feature","geometry":{"type":"Point","coordinates":[35.12938,54.42962]},"properties":{"age_h":21.6,"recency":0,"frp":2.5,"confidence":"nominal","observations":1,"passes":1,"sensor_count":1,"sensors":"NOAA-21","effis_confirmed":false,"burned_confirmed":false,"evidence_score":0,"evidence":"","filter_reason":"anomalie_non_corroboree"}},{"type":"Feature","geometry":{"type":"Point","coordinates":[30.85237,54.86921]},"properties":{"age_h":21.5,"recency":0,"frp":3.0,"confidence":"nominal","observations":1,"passes":1,"sensor_count":1,"sensors":"NOAA-21","effis_confirmed":false,"burned_confirmed":false,"evidence_score":0,"evidence":"","filter_reason":"anomalie_non_corroboree"}},{"type":"Feature","geometry":{"type":"Point","coordinates":[36.65462,34.68712]},"properties":{"age_h":21.0,"recency":0,"frp":6.1,"confidence":"nominal","observations":1,"passes":1,"sensor_count":1,"sensors":"Suomi-NPP","effis_confirmed":false,"burned_confirmed":false,"evidence_score":0,"evidence":"","filter_reason":"anomalie_non_corroboree"}},{"type":"Feature","geometry":{"type":"Point","coordinates":[41.42635,36.08603]},"properties":{"age_h":21.0,"recency":0,"frp":41.4,"confidence":"nominal","observations":2,"passes":1,"sensor_count":1,"sensors":"Suomi-NPP","effis_confirmed":false,"burned_confirmed":false,"evidence_score":1,"evidence":"","filter_reason":"anomalie_non_corroboree"}},{"type":"Feature","geometry":{"type":"Point","coordinates":[40.02696,36.81124]},"properties":{"age_h":21.0,"recency":0,"frp":10.4,"confidence":"nominal","observations":2,"passes":1,"sensor_count":1,"sensors":"Suomi-NPP","effis_confirmed":false,"burned_confirmed":false,"evidence_score":1,"evidence":"","filter_reason":"anomalie_non_corroboree"}},{"type":"Feature","geometry":{"type":"Point","coordinates":[34.7385,36.87202]},"properties":{"age_h":21.0,"recency":0,"frp":5.6,"confidence":"nominal","observations":1,"passes":1,"sensor_count":1,"sensors":"Suomi-NPP","effis_confirmed":false,"burned_confirmed":false,"evidence_score":0,"evidence":"","filter_reason":"anomalie_non_corroboree"}},{"type":"Feature","geometry":{"type":"Point","coordinates":[35.38393,37.01997]},"properties":{"age_h":21.0,"recency":0,"frp":84.4,"confidence":"high","observations":1,"passes":1,"sensor_count":1,"sensors":"Suomi-NPP","effis_confirmed":false,"burned_confirmed":false,"evidence_score":2,"evidence":"confiance élevée","filter_reason":"anomalie_non_corroboree"}},{"type":"Feature","geometry":{"type":"Point","coordinates":[39.03389,37.53212]},"properties":{"age_h":21.0,"recency":0,"frp":86.5,"confidence":"high","observations":1,"passes":1,"sensor_count":1,"sensors":"Suomi-NPP","effis_confirmed":false,"burned_confirmed":false,"evidence_score":2,"evidence":"confiance élevée","filter_reason":"anomalie_non_corroboree"}},{"type":"Feature","geometry":{"type":"Point","coordinates":[22.68661,37.68647]},"properties":{"age_h":21.0,"recency":0,"frp":2.5,"confidence":"nominal","observations":1,"passes":1,"sensor_count":1,"sensors":"Suomi-NPP","effis_confirmed":false,"burned_confirmed":false,"evidence_score":0,"evidence":"","filter_reason":"anomalie_non_corroboree"}},{"type":"Feature","geometry":{"type":"Point","coordinates":[33.76688,38.46584]},"properties":{"age_h":21.0,"recency":0,"frp":7.0,"confidence":"nominal","observations":1,"passes":1,"sensor_count":1,"sensors":"Suomi-NPP","effis_confirmed":false,"burned_confirmed":false,"evidence_score":0,"evidence":"","filter_reason":"anomalie_non_corroboree"}},{"type":"Feature","geometry":{"type":"Point","coordinates":[33.22158,40.83424]},"properties":{"age_h":21.0,"recency":0,"frp":2.4,"confidence":"nominal","observations":1,"passes":1,"sensor_count":1,"sensors":"Suomi-NPP","effis_confirmed":false,"burned_confirmed":false,"evidence_score":0,"evidence":"","filter_reason":"anomalie_non_corroboree"}},{"type":"Feature","geometry":{"type":"Point","coordinates":[28.58719,41.09008]},"properties":{"age_h":21.0,"recency":0,"frp":3.3,"confidence":"nominal","observations":1,"passes":1,"sensor_count":1,"sensors":"Suomi-NPP","effis_confirmed":false,"burned_confirmed":false,"evidence_score":0,"evidence":"","filter_reason":"anomalie_non_corroboree"}},{"type":"Feature","geometry":{"type":"Point","coordinates":[12.23998,42.03201]},"properties":{"age_h":21.0,"recency":0,"frp":10.9,"confidence":"nominal","observations":2,"passes":1,"sensor_count":1,"sensors":"Suomi-NPP","effis_confirmed":false,"burned_confirmed":false,"evidence_score":1,"evidence":"","filter_reason":"anomalie_non_corroboree"}},{"type":"Feature","geometry":{"type":"Point","coordinates":[25.17645,44.14931]},"properties":{"age_h":21.0,"recency":0,"frp":5.7,"confidence":"nominal","observations":1,"passes":1,"sensor_count":1,"sensors":"Suomi-NPP","effis_confirmed":false,"burned_confirmed":false,"evidence_score":0,"evidence":"","filter_reason":"anomalie_non_corroboree"}},{"type":"Feature","geometry":{"type":"Point","coordinates":[23.0149,44.16449]},"properties":{"age_h":21.0,"recency":0,"frp":2.3,"confidence":"nominal","observations":1,"passes":1,"sensor_count":1,"sensors":"Suomi-NPP","effis_confirmed":false,"burned_confirmed":false,"evidence_score":0,"evidence":"","filter_reason":"anomalie_non_corroboree"}},{"type":"Feature","geometry":{"type":"Point","coordinates":[25.62813,44.61139]},"properties":{"age_h":21.0,"recency":0,"frp":2.1,"confidence":"nominal","observations":1,"passes":1,"sensor_count":1,"sensors":"Suomi-NPP","effis_confirmed":false,"burned_confirmed":false,"evidence_score":0,"evidence":"","filter_reason":"anomalie_non_corroboree"}},{"type":"Feature","geometry":{"type":"Point","coordinates":[29.60655,45.73954]},"properties":{"age_h":21.0,"recency":0,"frp":2.7,"confidence":"nominal","observations":1,"passes":1,"sensor_count":1,"sensors":"Suomi-NPP","effis_confirmed":false,"burned_confirmed":false,"evidence_score":0,"evidence":"","filter_reason":"anomalie_non_corroboree"}},{"type":"Feature","geometry":{"type":"Point","coordinates":[32.77468,46.60208]},"properties":{"age_h":21.0,"recency":0,"frp":4.8,"confidence":"nominal","observations":1,"passes":1,"sensor_count":1,"sensors":"Suomi-NPP","effis_confirmed":false,"burned_confirmed":false,"evidence_score":0,"evidence":"","filter_reason":"anomalie_non_corroboree"}},{"type":"Feature","geometry":{"type":"Point","coordinates":[35.10056,46.60566]},"properties":{"age_h":21.0,"recency":0,"frp":5.4,"confidence":"nominal","observations":1,"passes":1,"sensor_count":1,"sensors":"Suomi-NPP","effis_confirmed":false,"burned_confirmed":false,"evidence_score":0,"evidence":"","filter_reason":"anomalie_non_corroboree"}},{"type":"Feature","geometry":{"type":"Point","coordinates":[30.09641,46.91729]},"properties":{"age_h":21.0,"recency":0,"frp":4.0,"confidence":"nominal","observations":2,"passes":1,"sensor_count":1,"sensors":"Suomi-NPP","effis_confirmed":false,"burned_confirmed":false,"evidence_score":0,"evidence":"","filter_reason":"anomalie_non_corroboree"}},{"type":"Feature","geometry":{"type":"Point","coordinates":[32.97352,46.92896]},"properties":{"age_h":21.0,"recency":0,"frp":5.2,"confidence":"nominal","observations":1,"passes":1,"sensor_count":1,"sensors":"Suomi-NPP","effis_confirmed":false,"burned_confirmed":false,"evidence_score":0,"evidence":"","filter_reason":"anomalie_non_corroboree"}},{"type":"Feature","geometry":{"type":"Point","coordinates":[35.18888,47.43968]},"properties":{"age_h":21.0,"recency":0,"frp":7.0,"confidence":"nominal","observations":1,"passes":1,"sensor_count":1,"sensors":"Suomi-NPP","effis_confirmed":false,"burned_confirmed":false,"evidence_score":0,"evidence":"","filter_reason":"anomalie_non_corroboree"}},{"type":"Feature","geometry":{"type":"Point","coordinates":[33.77655,47.4552]},"properties":{"age_h":21.0,"recency":0,"frp":8.2,"confidence":"nominal","observations":1,"passes":1,"sensor_count":1,"sensors":"Suomi-NPP","effis_confirmed":false,"burned_confirmed":false,"evidence_score":0,"evidence":"","filter_reason":"anomalie_non_corroboree"}},{"type":"Feature","geometry":{"type":"Point","coordinates":[31.91723,47.54182]},"properties":{"age_h":21.0,"recency":0,"frp":7.5,"confidence":"nominal","observations":1,"passes":1,"sensor_count":1,"sensors":"Suomi-NPP","effis_confirmed":false,"burned_confirmed":false,"evidence_score":0,"evidence":"","filter_reason":"anomalie_non_corroboree"}},{"type":"Feature","geometry":{"type":"Point","coordinates":[35.51647,47.58504]},"properties":{"age_h":21.0,"recency":0,"frp":5.7,"confidence":"nominal","observations":1,"passes":1,"sensor_count":1,"sensors":"Suomi-NPP","effis_confirmed":false,"burned_confirmed":false,"evidence_score":0,"evidence":"","filter_reason":"anomalie_non_corroboree"}},{"type":"Feature","geometry":{"type":"Point","coordinates":[35.45435,47.59003]},"properties":{"age_h":21.0,"recency":0,"frp":34.9,"confidence":"nominal","observations":2,"passes":1,"sensor_count":1,"sensors":"Suomi-NPP","effis_confirmed":false,"burned_confirmed":false,"evidence_score":1,"evidence":"","filter_reason":"anomalie_non_corroboree"}},{"type":"Feature","geometry":{"type":"Point","coordinates":[33.86184,47.64108]},"properties":{"age_h":21.0,"recency":0,"frp":30.4,"confidence":"nominal","observations":2,"passes":1,"sensor_count":1,"sensors":"Suomi-NPP","effis_confirmed":false,"burned_confirmed":false,"evidence_score":1,"evidence":"","filter_reason":"anomalie_non_corroboree"}},{"type":"Feature","geometry":{"type":"Point","coordinates":[34.61182,47.72061]},"properties":{"age_h":21.0,"recency":0,"frp":9.0,"confidence":"nominal","observations":1,"passes":1,"sensor_count":1,"sensors":"Suomi-NPP","effis_confirmed":false,"burned_confirmed":false,"evidence_score":0,"evidence":"","filter_reason":"anomalie_non_corroboree"}},{"type":"Feature","geometry":{"type":"Point","coordinates":[36.27281,47.86283]},"properties":{"age_h":21.0,"recency":0,"frp":4.9,"confidence":"nominal","observations":1,"passes":1,"sensor_count":1,"sensors":"Suomi-NPP","effis_confirmed":false,"burned_confirmed":false,"evidence_score":0,"evidence":"","filter_reason":"anomalie_non_corroboree"}},{"type":"Feature","geometry":{"type":"Point","coordinates":[36.70559,48.17328]},"properties":{"age_h":21.0,"recency":0,"frp":2.8,"confidence":"nominal","observations":1,"passes":1,"sensor_count":1,"sensors":"Suomi-NPP","effis_confirmed":false,"burned_confirmed":false,"evidence_score":0,"evidence":"","filter_reason":"anomalie_non_corroboree"}},{"type":"Feature","geometry":{"type":"Point","coordinates":[21.65133,47.51917]},"properties":{"age_h":21.0,"recency":0,"frp":2.2,"confidence":"nominal","observations":1,"passes":1,"sensor_count":1,"sensors":"Suomi-NPP","effis_confirmed":false,"burned_confirmed":false,"evidence_score":0,"evidence":"","filter_reason":"anomalie_non_corroboree"}},{"type":"Feature","geometry":{"type":"Point","coordinates":[37.24992,48.37101]},"properties":{"age_h":21.0,"recency":0,"frp":5.4,"confidence":"nominal","observations":1,"passes":1,"sensor_count":1,"sensors":"Suomi-NPP","effis_confirmed":false,"burned_confirmed":false,"evidence_score":0,"evidence":"","filter_reason":"anomalie_non_corroboree"}},{"type":"Feature","geometry":{"type":"Point","coordinates":[28.79924,48.49506]},"properties":{"age_h":21.0,"recency":0,"frp":1.7,"confidence":"nominal","observations":1,"passes":1,"sensor_count":1,"sensors":"Suomi-NPP","effis_confirmed":false,"burned_confirmed":false,"evidence_score":0,"evidence":"","filter_reason":"anomalie_non_corroboree"}},{"type":"Feature","geometry":{"type":"Point","coordinates":[32.48129,48.78972]},"properties":{"age_h":21.0,"recency":0,"frp":6.5,"confidence":"nominal","observations":3,"passes":1,"sensor_count":1,"sensors":"Suomi-NPP","effis_confirmed":false,"burned_confirmed":false,"evidence_score":2,"evidence":"groupe spatial","filter_reason":"anomalie_non_corroboree"}},{"type":"Feature","geometry":{"type":"Point","coordinates":[27.23874,49.36546]},"properties":{"age_h":21.0,"recency":0,"frp":5.6,"confidence":"nominal","observations":1,"passes":1,"sensor_count":1,"sensors":"Suomi-NPP","effis_confirmed":false,"burned_confirmed":false,"evidence_score":0,"evidence":"","filter_reason":"anomalie_non_corroboree"}},{"type":"Feature","geometry":{"type":"Point","coordinates":[26.12647,49.90557]},"properties":{"age_h":21.0,"recency":0,"frp":2.5,"confidence":"nominal","observations":1,"passes":1,"sensor_count":1,"sensors":"Suomi-NPP","effis_confirmed":false,"burned_confirmed":false,"evidence_score":0,"evidence":"","filter_reason":"anomalie_non_corroboree"}},{"type":"Feature","geometry":{"type":"Point","coordinates":[30.81771,50.05381]},"properties":{"age_h":21.0,"recency":0,"frp":4.3,"confidence":"nominal","observations":1,"passes":1,"sensor_count":1,"sensors":"Suomi-NPP","effis_confirmed":false,"burned_confirmed":false,"evidence_score":0,"evidence":"","filter_reason":"anomalie_non_corroboree"}},{"type":"Feature","geometry":{"type":"Point","coordinates":[29.58448,50.25982]},"properties":{"age_h":21.0,"recency":0,"frp":15.2,"confidence":"nominal","observations":2,"passes":1,"sensor_count":1,"sensors":"Suomi-NPP","effis_confirmed":false,"burned_confirmed":false,"evidence_score":1,"evidence":"","filter_reason":"anomalie_non_corroboree"}},{"type":"Feature","geometry":{"type":"Point","coordinates":[26.69642,50.51527]},"properties":{"age_h":21.0,"recency":0,"frp":2.5,"confidence":"nominal","observations":1,"passes":1,"sensor_count":1,"sensors":"Suomi-NPP","effis_confirmed":false,"burned_confirmed":false,"evidence_score":0,"evidence":"","filter_reason":"anomalie_non_corroboree"}},{"type":"Feature","geometry":{"type":"Point","coordinates":[30.21127,50.69225]},"properties":{"age_h":21.0,"recency":0,"frp":3.9,"confidence":"nominal","observations":2,"passes":1,"sensor_count":1,"sensors":"Suomi-NPP","effis_confirmed":false,"burned_confirmed":false,"evidence_score":0,"evidence":"","filter_reason":"anomalie_non_corroboree"}},{"type":"Feature","geometry":{"type":"Point","coordinates":[35.1666,51.00753]},"properties":{"age_h":21.0,"recency":0,"frp":3.7,"confidence":"nominal","observations":1,"passes":1,"sensor_count":1,"sensors":"Suomi-NPP","effis_confirmed":false,"burned_confirmed":false,"evidence_score":0,"evidence":"","filter_reason":"anomalie_non_corroboree"}},{"type":"Feature","geometry":{"type":"Point","coordinates":[34.94232,51.19562]},"properties":{"age_h":21.0,"recency":0,"frp":4.2,"confidence":"nominal","observations":1,"passes":1,"sensor_count":1,"sensors":"Suomi-NPP","effis_confirmed":false,"burned_confirmed":false,"evidence_score":0,"evidence":"","filter_reason":"anomalie_non_corroboree"}},{"type":"Feature","geometry":{"type":"Point","coordinates":[31.82949,52.12663]},"properties":{"age_h":21.0,"recency":0,"frp":2.9,"confidence":"nominal","observations":1,"passes":1,"sensor_count":1,"sensors":"Suomi-NPP","effis_confirmed":false,"burned_confirmed":false,"evidence_score":0,"evidence":"","filter_reason":"anomalie_non_corroboree"}},{"type":"Feature","geometry":{"type":"Point","coordinates":[32.39734,52.27954]},"properties":{"age_h":21.0,"recency":0,"frp":1.7,"confidence":"nominal","observations":1,"passes":1,"sensor_count":1,"sensors":"Suomi-NPP","effis_confirmed":false,"burned_confirmed":false,"evidence_score":0,"evidence":"","filter_reason":"anomalie_non_corroboree"}},{"type":"Feature","geometry":{"type":"Point","coordinates":[33.60497,53.0499]},"properties":{"age_h":21.0,"recency":0,"frp":3.4,"confidence":"nominal","observations":1,"passes":1,"sensor_count":1,"sensors":"Suomi-NPP","effis_confirmed":false,"burned_confirmed":false,"evidence_score":0,"evidence":"","filter_reason":"anomalie_non_corroboree"}},{"type":"Feature","geometry":{"type":"Point","coordinates":[41.05626,34.26097]},"properties":{"age_h":20.8,"recency":0,"frp":29.9,"confidence":"nominal","observations":2,"passes":1,"sensor_count":1,"sensors":"NOAA-20","effis_confirmed":false,"burned_confirmed":false,"evidence_score":1,"evidence":"","filter_reason":"anomalie_non_corroboree"}},{"type":"Feature","geometry":{"type":"Point","coordinates":[36.69032,34.83523]},"properties":{"age_h":20.8,"recency":0,"frp":6.8,"confidence":"nominal","observations":1,"passes":1,"sensor_count":1,"sensors":"NOAA-20","effis_confirmed":false,"burned_confirmed":false,"evidence_score":0,"evidence":"","filter_reason":"anomalie_non_corroboree"}},{"type":"Feature","geometry":{"type":"Point","coordinates":[36.38922,35.05573]},"properties":{"age_h":20.8,"recency":0,"frp":3.6,"confidence":"nominal","observations":1,"passes":1,"sensor_count":1,"sensors":"NOAA-20","effis_confirmed":false,"burned_confirmed":false,"evidence_score":0,"evidence":"","filter_reason":"anomalie_non_corroboree"}},{"type":"Feature","geometry":{"type":"Point","coordinates":[36.43201,35.26281]},"properties":{"age_h":20.8,"recency":0,"frp":8.5,"confidence":"nominal","observations":1,"passes":1,"sensor_count":1,"sensors":"NOAA-20","effis_confirmed":false,"burned_confirmed":false,"evidence_score":0,"evidence":"","filter_reason":"anomalie_non_corroboree"}},{"type":"Feature","geometry":{"type":"Point","coordinates":[36.27612,35.41152]},"properties":{"age_h":20.8,"recency":0,"frp":4.8,"confidence":"nominal","observations":2,"passes":1,"sensor_count":1,"sensors":"NOAA-20","effis_confirmed":false,"burned_confirmed":false,"evidence_score":0,"evidence":"","filter_reason":"anomalie_non_corroboree"}},{"type":"Feature","geometry":{"type":"Point","coordinates":[38.32365,36.63083]},"properties":{"age_h":20.7,"recency":0,"frp":5.6,"confidence":"nominal","observations":3,"passes":2,"sensor_count":1,"sensors":"NOAA-20","effis_confirmed":false,"burned_confirmed":false,"evidence_score":4,"evidence":"passages répétés, groupe spatial","filter_reason":"anomalie_non_corroboree"}},{"type":"Feature","geometry":{"type":"Point","coordinates":[39.75811,36.66702]},"properties":{"age_h":20.7,"recency":0,"frp":3.9,"confidence":"nominal","observations":1,"passes":1,"sensor_count":1,"sensors":"NOAA-20","effis_confirmed":false,"burned_confirmed":false,"evidence_score":0,"evidence":"","filter_reason":"anomalie_non_corroboree"}},{"type":"Feature","geometry":{"type":"Point","coordinates":[40.06079,36.77571]},"properties":{"age_h":20.7,"recency":0,"frp":6.1,"confidence":"high","observations":2,"passes":1,"sensor_count":1,"sensors":"NOAA-20","effis_confirmed":false,"burned_confirmed":false,"evidence_score":1,"evidence":"confiance élevée","filter_reason":"anomalie_non_corroboree"}},{"type":"Feature","geometry":{"type":"Point","coordinates":[40.19974,36.80574]},"properties":{"age_h":20.7,"recency":0,"frp":8.2,"confidence":"high","observations":2,"passes":1,"sensor_count":1,"sensors":"NOAA-20","effis_confirmed":false,"burned_confirmed":false,"evidence_score":1,"evidence":"confiance élevée","filter_reason":"anomalie_non_corroboree"}},{"type":"Feature","geometry":{"type":"Point","coordinates":[35.40332,36.84744]},"properties":{"age_h":20.7,"recency":0,"frp":1.6,"confidence":"nominal","observations":1,"passes":1,"sensor_count":1,"sensors":"NOAA-20","effis_confirmed":false,"burned_confirmed":false,"evidence_score":0,"evidence":"","filter_reason":"anomalie_non_corroboree"}},{"type":"Feature","geometry":{"type":"Point","coordinates":[38.48703,36.98899]},"properties":{"age_h":20.7,"recency":0,"frp":4.0,"confidence":"nominal","observations":1,"passes":1,"sensor_count":1,"sensors":"NOAA-20","effis_confirmed":false,"burned_confirmed":false,"evidence_score":0,"evidence":"","filter_reason":"anomalie_non_corroboree"}},{"type":"Feature","geometry":{"type":"Point","coordinates":[37.75371,37.41166]},"properties":{"age_h":20.7,"recency":0,"frp":5.3,"confidence":"nominal","observations":1,"passes":1,"sensor_count":1,"sensors":"NOAA-20","effis_confirmed":false,"burned_confirmed":false,"evidence_score":0,"evidence":"","filter_reason":"anomalie_non_corroboree"}},{"type":"Feature","geometry":{"type":"Point","coordinates":[32.9386,37.68534]},"properties":{"age_h":20.7,"recency":0,"frp":10.3,"confidence":"nominal","observations":1,"passes":1,"sensor_count":1,"sensors":"NOAA-20","effis_confirmed":false,"burned_confirmed":false,"evidence_score":1,"evidence":"","filter_reason":"anomalie_non_corroboree"}},{"type":"Feature","geometry":{"type":"Point","coordinates":[12.62173,38.06852]},"properties":{"age_h":20.7,"recency":0,"frp":7.0,"confidence":"nominal","observations":1,"passes":1,"sensor_count":1,"sensors":"NOAA-20","effis_confirmed":false,"burned_confirmed":false,"evidence_score":0,"evidence":"","filter_reason":"anomalie_non_corroboree"}},{"type":"Feature","geometry":{"type":"Point","coordinates":[17.11295,39.04129]},"properties":{"age_h":20.7,"recency":0,"frp":5.5,"confidence":"nominal","observations":1,"passes":1,"sensor_count":1,"sensors":"NOAA-20","effis_confirmed":false,"burned_confirmed":false,"evidence_score":0,"evidence":"","filter_reason":"anomalie_non_corroboree"}},{"type":"Feature","geometry":{"type":"Point","coordinates":[32.01481,39.46424]},"properties":{"age_h":20.7,"recency":0,"frp":14.7,"confidence":"nominal","observations":1,"passes":1,"sensor_count":1,"sensors":"NOAA-20","effis_confirmed":false,"burned_confirmed":false,"evidence_score":1,"evidence":"","filter_reason":"anomalie_non_corroboree"}},{"type":"Feature","geometry":{"type":"Point","coordinates":[16.74374,40.29561]},"properties":{"age_h":20.7,"recency":0,"frp":2.5,"confidence":"nominal","observations":1,"passes":1,"sensor_count":1,"sensors":"NOAA-20","effis_confirmed":false,"burned_confirmed":false,"evidence_score":0,"evidence":"","filter_reason":"anomalie_non_corroboree"}},{"type":"Feature","geometry":{"type":"Point","coordinates":[17.84389,40.4329]},"properties":{"age_h":20.7,"recency":0,"frp":2.8,"confidence":"nominal","observations":1,"passes":1,"sensor_count":1,"sensors":"NOAA-20","effis_confirmed":false,"burned_confirmed":false,"evidence_score":0,"evidence":"","filter_reason":"anomalie_non_corroboree"}},{"type":"Feature","geometry":{"type":"Point","coordinates":[15.86836,41.48728]},"properties":{"age_h":20.7,"recency":0,"frp":8.3,"confidence":"nominal","observations":1,"passes":1,"sensor_count":1,"sensors":"NOAA-20","effis_confirmed":false,"burned_confirmed":false,"evidence_score":0,"evidence":"","filter_reason":"anomalie_non_corroboree"}},{"type":"Feature","geometry":{"type":"Point","coordinates":[36.65257,45.14344]},"properties":{"age_h":20.7,"recency":0,"frp":3.8,"confidence":"nominal","observations":1,"passes":1,"sensor_count":1,"sensors":"NOAA-20","effis_confirmed":false,"burned_confirmed":false,"evidence_score":0,"evidence":"","filter_reason":"anomalie_non_corroboree"}},{"type":"Feature","geometry":{"type":"Point","coordinates":[19.10602,45.5932]},"properties":{"age_h":20.7,"recency":0,"frp":2.8,"confidence":"nominal","observations":1,"passes":1,"sensor_count":1,"sensors":"NOAA-20","effis_confirmed":false,"burned_confirmed":false,"evidence_score":0,"evidence":"","filter_reason":"anomalie_non_corroboree"}},{"type":"Feature","geometry":{"type":"Point","coordinates":[29.08613,45.72393]},"properties":{"age_h":20.7,"recency":0,"frp":5.0,"confidence":"nominal","observations":1,"passes":1,"sensor_count":1,"sensors":"NOAA-20","effis_confirmed":false,"burned_confirmed":false,"evidence_score":0,"evidence":"","filter_reason":"anomalie_non_corroboree"}},{"type":"Feature","geometry":{"type":"Point","coordinates":[29.01338,45.92017]},"properties":{"age_h":20.7,"recency":0,"frp":6.5,"confidence":"nominal","observations":1,"passes":1,"sensor_count":1,"sensors":"NOAA-20","effis_confirmed":false,"burned_confirmed":false,"evidence_score":0,"evidence":"","filter_reason":"anomalie_non_corroboree"}},{"type":"Feature","geometry":{"type":"Point","coordinates":[28.94532,45.94583]},"properties":{"age_h":20.7,"recency":0,"frp":4.7,"confidence":"nominal","observations":2,"passes":1,"sensor_count":1,"sensors":"NOAA-20","effis_confirmed":false,"burned_confirmed":false,"evidence_score":0,"evidence":"","filter_reason":"anomalie_non_corroboree"}},{"type":"Feature","geometry":{"type":"Point","coordinates":[11.12918,46.03807]},"properties":{"age_h":20.7,"recency":0,"frp":2.5,"confidence":"nominal","observations":1,"passes":1,"sensor_count":1,"sensors":"NOAA-20","effis_confirmed":false,"burned_confirmed":false,"evidence_score":0,"evidence":"","filter_reason":"anomalie_non_corroboree"}},{"type":"Feature","geometry":{"type":"Point","coordinates":[34.819,46.39412]},"properties":{"age_h":20.7,"recency":0,"frp":6.9,"confidence":"nominal","observations":1,"passes":1,"sensor_count":1,"sensors":"NOAA-20","effis_confirmed":false,"burned_confirmed":false,"evidence_score":0,"evidence":"","filter_reason":"anomalie_non_corroboree"}},{"type":"Feature","geometry":{"type":"Point","coordinates":[35.98886,46.72374]},"properties":{"age_h":20.7,"recency":0,"frp":2.6,"confidence":"nominal","observations":3,"passes":1,"sensor_count":1,"sensors":"NOAA-20","effis_confirmed":false,"burned_confirmed":false,"evidence_score":2,"evidence":"groupe spatial","filter_reason":"anomalie_non_corroboree"}},{"type":"Feature","geometry":{"type":"Point","coordinates":[41.68402,46.77612]},"properties":{"age_h":20.7,"recency":0,"frp":5.1,"confidence":"nominal","observations":1,"passes":1,"sensor_count":1,"sensors":"NOAA-20","effis_confirmed":false,"burned_confirmed":false,"evidence_score":0,"evidence":"","filter_reason":"anomalie_non_corroboree"}},{"type":"Feature","geometry":{"type":"Point","coordinates":[33.15677,46.82219]},"properties":{"age_h":20.7,"recency":0,"frp":8.3,"confidence":"nominal","observations":1,"passes":1,"sensor_count":1,"sensors":"NOAA-20","effis_confirmed":false,"burned_confirmed":false,"evidence_score":0,"evidence":"","filter_reason":"anomalie_non_corroboree"}},{"type":"Feature","geometry":{"type":"Point","coordinates":[33.79211,47.3973]},"properties":{"age_h":20.7,"recency":0,"frp":6.5,"confidence":"nominal","observations":1,"passes":1,"sensor_count":1,"sensors":"NOAA-20","effis_confirmed":false,"burned_confirmed":false,"evidence_score":0,"evidence":"","filter_reason":"anomalie_non_corroboree"}},{"type":"Feature","geometry":{"type":"Point","coordinates":[35.15484,47.42351]},"properties":{"age_h":20.7,"recency":0,"frp":18.3,"confidence":"nominal","observations":5,"passes":1,"sensor_count":1,"sensors":"NOAA-20","effis_confirmed":false,"burned_confirmed":false,"evidence_score":3,"evidence":"groupe spatial","filter_reason":"anomalie_non_corroboree"}},{"type":"Feature","geometry":{"type":"Point","coordinates":[32.24977,47.7409]},"properties":{"age_h":20.7,"recency":0,"frp":7.0,"confidence":"nominal","observations":1,"passes":1,"sensor_count":1,"sensors":"NOAA-20","effis_confirmed":false,"burned_confirmed":false,"evidence_score":0,"evidence":"","filter_reason":"anomalie_non_corroboree"}},{"type":"Feature","geometry":{"type":"Point","coordinates":[35.39933,47.74859]},"properties":{"age_h":20.7,"recency":0,"frp":5.9,"confidence":"nominal","observations":2,"passes":1,"sensor_count":1,"sensors":"NOAA-20","effis_confirmed":false,"burned_confirmed":false,"evidence_score":0,"evidence":"","filter_reason":"anomalie_non_corroboree"}},{"type":"Feature","geometry":{"type":"Point","coordinates":[36.70757,47.82209]},"properties":{"age_h":20.7,"recency":0,"frp":2.8,"confidence":"nominal","observations":1,"passes":1,"sensor_count":1,"sensors":"NOAA-20","effis_confirmed":false,"burned_confirmed":false,"evidence_score":0,"evidence":"","filter_reason":"anomalie_non_corroboree"}},{"type":"Feature","geometry":{"type":"Point","coordinates":[31.61777,47.85147]},"properties":{"age_h":20.7,"recency":0,"frp":2.8,"confidence":"nominal","observations":1,"passes":1,"sensor_count":1,"sensors":"NOAA-20","effis_confirmed":false,"burned_confirmed":false,"evidence_score":0,"evidence":"","filter_reason":"anomalie_non_corroboree"}},{"type":"Feature","geometry":{"type":"Point","coordinates":[31.76321,47.90161]},"properties":{"age_h":20.7,"recency":0,"frp":4.0,"confidence":"nominal","observations":2,"passes":1,"sensor_count":1,"sensors":"NOAA-20","effis_confirmed":false,"burned_confirmed":false,"evidence_score":0,"evidence":"","filter_reason":"anomalie_non_corroboree"}},{"type":"Feature","geometry":{"type":"Point","coordinates":[37.35184,48.14085]},"properties":{"age_h":20.7,"recency":0,"frp":4.3,"confidence":"nominal","observations":1,"passes":1,"sensor_count":1,"sensors":"NOAA-20","effis_confirmed":false,"burned_confirmed":false,"evidence_score":0,"evidence":"","filter_reason":"anomalie_non_corroboree"}},{"type":"Feature","geometry":{"type":"Point","coordinates":[37.81182,48.96437]},"properties":{"age_h":20.7,"recency":0,"frp":3.5,"confidence":"nominal","observations":1,"passes":1,"sensor_count":1,"sensors":"NOAA-20","effis_confirmed":false,"burned_confirmed":false,"evidence_score":0,"evidence":"","filter_reason":"anomalie_non_corroboree"}},{"type":"Feature","geometry":{"type":"Point","coordinates":[37.02327,50.26836]},"properties":{"age_h":20.7,"recency":0,"frp":4.8,"confidence":"nominal","observations":1,"passes":1,"sensor_count":1,"sensors":"NOAA-20","effis_confirmed":false,"burned_confirmed":false,"evidence_score":0,"evidence":"","filter_reason":"anomalie_non_corroboree"}},{"type":"Feature","geometry":{"type":"Point","coordinates":[25.52966,50.3033]},"properties":{"age_h":20.7,"recency":0,"frp":3.2,"confidence":"nominal","observations":1,"passes":1,"sensor_count":1,"sensors":"NOAA-20","effis_confirmed":false,"burned_confirmed":false,"evidence_score":0,"evidence":"","filter_reason":"anomalie_non_corroboree"}},{"type":"Feature","geometry":{"type":"Point","coordinates":[31.66552,50.36633]},"properties":{"age_h":20.7,"recency":0,"frp":9.3,"confidence":"nominal","observations":1,"passes":1,"sensor_count":1,"sensors":"NOAA-20","effis_confirmed":false,"burned_confirmed":false,"evidence_score":0,"evidence":"","filter_reason":"anomalie_non_corroboree"}},{"type":"Feature","geometry":{"type":"Point","coordinates":[35.97519,50.37534]},"properties":{"age_h":20.7,"recency":0,"frp":1.7,"confidence":"nominal","observations":1,"passes":1,"sensor_count":1,"sensors":"NOAA-20","effis_confirmed":false,"burned_confirmed":false,"evidence_score":0,"evidence":"","filter_reason":"anomalie_non_corroboree"}},{"type":"Feature","geometry":{"type":"Point","coordinates":[30.91535,50.62223]},"properties":{"age_h":20.7,"recency":0,"frp":3.8,"confidence":"nominal","observations":1,"passes":1,"sensor_count":1,"sensors":"NOAA-20","effis_confirmed":false,"burned_confirmed":false,"evidence_score":0,"evidence":"","filter_reason":"anomalie_non_corroboree"}},{"type":"Feature","geometry":{"type":"Point","coordinates":[34.29638,51.19087]},"properties":{"age_h":20.7,"recency":0,"frp":6.4,"confidence":"nominal","observations":1,"passes":1,"sensor_count":1,"sensors":"NOAA-20","effis_confirmed":false,"burned_confirmed":false,"evidence_score":0,"evidence":"","filter_reason":"anomalie_non_corroboree"}},{"type":"Feature","geometry":{"type":"Point","coordinates":[18.118,50.97575]},"properties":{"age_h":20.6,"recency":0,"frp":2.2,"confidence":"nominal","observations":1,"passes":1,"sensor_count":1,"sensors":"NOAA-20","effis_confirmed":false,"burned_confirmed":false,"evidence_score":0,"evidence":"","filter_reason":"anomalie_non_corroboree"}},{"type":"Feature","geometry":{"type":"Point","coordinates":[-0.23172,51.88884]},"properties":{"age_h":20.6,"recency":0,"frp":3.8,"confidence":"nominal","observations":1,"passes":1,"sensor_count":1,"sensors":"NOAA-20","effis_confirmed":false,"burned_confirmed":false,"evidence_score":0,"evidence":"","filter_reason":"anomalie_non_corroboree"}},{"type":"Feature","geometry":{"type":"Point","coordinates":[-1.21333,34.96609]},"properties":{"age_h":19.9,"recency":0,"frp":9.4,"confidence":"nominal","observations":1,"passes":1,"sensor_count":1,"sensors":"NOAA-21","effis_confirmed":false,"burned_confirmed":false,"evidence_score":0,"evidence":"","filter_reason":"anomalie_non_corroboree"}},{"type":"Feature","geometry":{"type":"Point","coordinates":[5.8545,36.10639]},"properties":{"age_h":19.9,"recency":0,"frp":17.9,"confidence":"nominal","observations":2,"passes":1,"sensor_count":1,"sensors":"NOAA-21","effis_confirmed":false,"burned_confirmed":false,"evidence_score":1,"evidence":"","filter_reason":"anomalie_non_corroboree"}},{"type":"Feature","geometry":{"type":"Point","coordinates":[27.98604,38.58546]},"properties":{"age_h":19.9,"recency":0,"frp":8.4,"confidence":"nominal","observations":1,"passes":1,"sensor_count":1,"sensors":"NOAA-21","effis_confirmed":false,"burned_confirmed":false,"evidence_score":0,"evidence":"","filter_reason":"anomalie_non_corroboree"}},{"type":"Feature","geometry":{"type":"Point","coordinates":[20.82137,38.91491]},"properties":{"age_h":19.9,"recency":0,"frp":3.0,"confidence":"nominal","observations":2,"passes":1,"sensor_count":1,"sensors":"NOAA-21","effis_confirmed":false,"burned_confirmed":false,"evidence_score":0,"evidence":"","filter_reason":"anomalie_non_corroboree"}},{"type":"Feature","geometry":{"type":"Point","coordinates":[28.82491,39.57797]},"properties":{"age_h":19.9,"recency":0,"frp":6.2,"confidence":"nominal","observations":1,"passes":1,"sensor_count":1,"sensors":"NOAA-21","effis_confirmed":false,"burned_confirmed":false,"evidence_score":0,"evidence":"","filter_reason":"anomalie_non_corroboree"}},{"type":"Feature","geometry":{"type":"Point","coordinates":[16.88964,40.52329]},"properties":{"age_h":19.9,"recency":0,"frp":3.6,"confidence":"nominal","observations":1,"passes":1,"sensor_count":1,"sensors":"NOAA-21","effis_confirmed":false,"burned_confirmed":false,"evidence_score":0,"evidence":"","filter_reason":"anomalie_non_corroboree"}},{"type":"Feature","geometry":{"type":"Point","coordinates":[26.95467,41.52256]},"properties":{"age_h":19.9,"recency":0,"frp":5.7,"confidence":"nominal","observations":1,"passes":1,"sensor_count":1,"sensors":"NOAA-21","effis_confirmed":false,"burned_confirmed":false,"evidence_score":0,"evidence":"","filter_reason":"anomalie_non_corroboree"}},{"type":"Feature","geometry":{"type":"Point","coordinates":[-0.9677,38.55169]},"properties":{"age_h":19.9,"recency":0,"frp":10.4,"confidence":"nominal","observations":3,"passes":1,"sensor_count":1,"sensors":"NOAA-21","effis_confirmed":false,"burned_confirmed":false,"evidence_score":3,"evidence":"groupe spatial","filter_reason":"anomalie_non_corroboree"}},{"type":"Feature","geometry":{"type":"Point","coordinates":[-2.9074,40.34753]},"properties":{"age_h":19.9,"recency":0,"frp":14.4,"confidence":"nominal","observations":4,"passes":1,"sensor_count":1,"sensors":"NOAA-21","effis_confirmed":false,"burned_confirmed":false,"evidence_score":3,"evidence":"groupe spatial","filter_reason":"anomalie_non_corroboree"}},{"type":"Feature","geometry":{"type":"Point","coordinates":[-0.81595,41.15139]},"properties":{"age_h":19.9,"recency":0,"frp":6.3,"confidence":"nominal","observations":1,"passes":1,"sensor_count":1,"sensors":"NOAA-21","effis_confirmed":false,"burned_confirmed":false,"evidence_score":0,"evidence":"","filter_reason":"anomalie_non_corroboree"}},{"type":"Feature","geometry":{"type":"Point","coordinates":[13.16407,43.52802]},"properties":{"age_h":19.9,"recency":0,"frp":3.1,"confidence":"nominal","observations":1,"passes":1,"sensor_count":1,"sensors":"NOAA-21","effis_confirmed":false,"burned_confirmed":false,"evidence_score":0,"evidence":"","filter_reason":"anomalie_non_corroboree"}},{"type":"Feature","geometry":{"type":"Point","coordinates":[13.28734,43.55993]},"properties":{"age_h":19.9,"recency":0,"frp":2.9,"confidence":"nominal","observations":1,"passes":1,"sensor_count":1,"sensors":"NOAA-21","effis_confirmed":false,"burned_confirmed":false,"evidence_score":0,"evidence":"","filter_reason":"anomalie_non_corroboree"}},{"type":"Feature","geometry":{"type":"Point","coordinates":[24.67928,44.00071]},"properties":{"age_h":19.9,"recency":0,"frp":13.1,"confidence":"high","observations":1,"passes":1,"sensor_count":1,"sensors":"NOAA-21","effis_confirmed":false,"burned_confirmed":false,"evidence_score":2,"evidence":"confiance élevée","filter_reason":"anomalie_non_corroboree"}},{"type":"Feature","geometry":{"type":"Point","coordinates":[26.54609,44.14593]},"properties":{"age_h":19.9,"recency":0,"frp":16.8,"confidence":"high","observations":2,"passes":1,"sensor_count":1,"sensors":"NOAA-21","effis_confirmed":false,"burned_confirmed":false,"evidence_score":2,"evidence":"confiance élevée","filter_reason":"anomalie_non_corroboree"}},{"type":"Feature","geometry":{"type":"Point","coordinates":[12.27887,44.16995]},"properties":{"age_h":19.9,"recency":0,"frp":4.5,"confidence":"nominal","observations":1,"passes":1,"sensor_count":1,"sensors":"NOAA-21","effis_confirmed":false,"burned_confirmed":false,"evidence_score":0,"evidence":"","filter_reason":"anomalie_non_corroboree"}},{"type":"Feature","geometry":{"type":"Point","coordinates":[11.99618,44.24557]},"properties":{"age_h":19.9,"recency":0,"frp":7.5,"confidence":"nominal","observations":1,"passes":1,"sensor_count":1,"sensors":"NOAA-21","effis_confirmed":false,"burned_confirmed":false,"evidence_score":0,"evidence":"","filter_reason":"anomalie_non_corroboree"}},{"type":"Feature","geometry":{"type":"Point","coordinates":[23.9738,44.45493]},"properties":{"age_h":19.9,"recency":0,"frp":4.6,"confidence":"nominal","observations":1,"passes":1,"sensor_count":1,"sensors":"NOAA-21","effis_confirmed":false,"burned_confirmed":false,"evidence_score":0,"evidence":"","filter_reason":"anomalie_non_corroboree"}},{"type":"Feature","geometry":{"type":"Point","coordinates":[12.25358,44.45734]},"properties":{"age_h":19.9,"recency":0,"frp":4.7,"confidence":"nominal","observations":1,"passes":1,"sensor_count":1,"sensors":"NOAA-21","effis_confirmed":false,"burned_confirmed":false,"evidence_score":0,"evidence":"","filter_reason":"anomalie_non_corroboree"}},{"type":"Feature","geometry":{"type":"Point","coordinates":[21.05644,44.62467]},"properties":{"age_h":19.9,"recency":0,"frp":6.7,"confidence":"nominal","observations":1,"passes":1,"sensor_count":1,"sensors":"NOAA-21","effis_confirmed":false,"burned_confirmed":false,"evidence_score":0,"evidence":"","filter_reason":"anomalie_non_corroboree"}},{"type":"Feature","geometry":{"type":"Point","coordinates":[11.57398,45.03296]},"properties":{"age_h":19.9,"recency":0,"frp":7.1,"confidence":"nominal","observations":8,"passes":1,"sensor_count":1,"sensors":"NOAA-21","effis_confirmed":false,"burned_confirmed":false,"evidence_score":2,"evidence":"groupe spatial","filter_reason":"anomalie_non_corroboree"}},{"type":"Feature","geometry":{"type":"Point","coordinates":[11.2951,45.37284]},"properties":{"age_h":19.9,"recency":0,"frp":2.3,"confidence":"nominal","observations":1,"passes":1,"sensor_count":1,"sensors":"NOAA-21","effis_confirmed":false,"burned_confirmed":false,"evidence_score":0,"evidence":"","filter_reason":"anomalie_non_corroboree"}},{"type":"Feature","geometry":{"type":"Point","coordinates":[11.94192,45.38848]},"properties":{"age_h":19.9,"recency":0,"frp":7.8,"confidence":"nominal","observations":1,"passes":1,"sensor_count":1,"sensors":"NOAA-21","effis_confirmed":false,"burned_confirmed":false,"evidence_score":0,"evidence":"","filter_reason":"anomalie_non_corroboree"}},{"type":"Feature","geometry":{"type":"Point","coordinates":[11.43279,45.50794]},"properties":{"age_h":19.9,"recency":0,"frp":1.7,"confidence":"nominal","observations":1,"passes":1,"sensor_count":1,"sensors":"NOAA-21","effis_confirmed":false,"burned_confirmed":false,"evidence_score":0,"evidence":"","filter_reason":"anomalie_non_corroboree"}},{"type":"Feature","geometry":{"type":"Point","coordinates":[11.8641,45.589]},"properties":{"age_h":19.9,"recency":0,"frp":3.4,"confidence":"nominal","observations":1,"passes":1,"sensor_count":1,"sensors":"NOAA-21","effis_confirmed":false,"burned_confirmed":false,"evidence_score":0,"evidence":"","filter_reason":"anomalie_non_corroboree"}},{"type":"Feature","geometry":{"type":"Point","coordinates":[12.27258,45.86008]},"properties":{"age_h":19.9,"recency":0,"frp":23.2,"confidence":"nominal","observations":2,"passes":1,"sensor_count":1,"sensors":"NOAA-21","effis_confirmed":false,"burned_confirmed":false,"evidence_score":1,"evidence":"","filter_reason":"anomalie_non_corroboree"}},{"type":"Feature","geometry":{"type":"Point","coordinates":[9.80859,48.08349]},"properties":{"age_h":19.9,"recency":0,"frp":2.0,"confidence":"nominal","observations":1,"passes":1,"sensor_count":1,"sensors":"NOAA-21","effis_confirmed":false,"burned_confirmed":false,"evidence_score":0,"evidence":"","filter_reason":"anomalie_non_corroboree"}},{"type":"Feature","geometry":{"type":"Point","coordinates":[19.49052,48.19935]},"properties":{"age_h":19.9,"recency":0,"frp":22.4,"confidence":"nominal","observations":2,"passes":1,"sensor_count":1,"sensors":"NOAA-21","effis_confirmed":false,"burned_confirmed":false,"evidence_score":1,"evidence":"","filter_reason":"anomalie_non_corroboree"}},{"type":"Feature","geometry":{"type":"Point","coordinates":[11.56314,48.26421]},"properties":{"age_h":19.9,"recency":0,"frp":2.1,"confidence":"nominal","observations":1,"passes":1,"sensor_count":1,"sensors":"NOAA-21","effis_confirmed":false,"burned_confirmed":false,"evidence_score":0,"evidence":"","filter_reason":"anomalie_non_corroboree"}},{"type":"Feature","geometry":{"type":"Point","coordinates":[22.93439,48.33397]},"properties":{"age_h":19.9,"recency":0,"frp":19.2,"confidence":"nominal","observations":1,"passes":1,"sensor_count":1,"sensors":"NOAA-21","effis_confirmed":false,"burned_confirmed":false,"evidence_score":1,"evidence":"","filter_reason":"anomalie_non_corroboree"}},{"type":"Feature","geometry":{"type":"Point","coordinates":[10.03924,48.39339]},"properties":{"age_h":19.9,"recency":0,"frp":6.6,"confidence":"nominal","observations":1,"passes":1,"sensor_count":1,"sensors":"NOAA-21","effis_confirmed":false,"burned_confirmed":false,"evidence_score":0,"evidence":"","filter_reason":"anomalie_non_corroboree"}},{"type":"Feature","geometry":{"type":"Point","coordinates":[27.72853,48.48605]},"properties":{"age_h":19.9,"recency":0,"frp":6.5,"confidence":"nominal","observations":1,"passes":1,"sensor_count":1,"sensors":"NOAA-21","effis_confirmed":false,"burned_confirmed":false,"evidence_score":0,"evidence":"","filter_reason":"anomalie_non_corroboree"}},{"type":"Feature","geometry":{"type":"Point","coordinates":[9.44651,49.48275]},"properties":{"age_h":19.9,"recency":0,"frp":5.0,"confidence":"nominal","observations":1,"passes":1,"sensor_count":1,"sensors":"NOAA-21","effis_confirmed":false,"burned_confirmed":false,"evidence_score":0,"evidence":"","filter_reason":"anomalie_non_corroboree"}},{"type":"Feature","geometry":{"type":"Point","coordinates":[9.39765,50.37128]},"properties":{"age_h":19.9,"recency":0,"frp":5.5,"confidence":"nominal","observations":3,"passes":1,"sensor_count":1,"sensors":"NOAA-21","effis_confirmed":false,"burned_confirmed":false,"evidence_score":2,"evidence":"groupe spatial","filter_reason":"anomalie_non_corroboree"}},{"type":"Feature","geometry":{"type":"Point","coordinates":[30.36418,50.62372]},"properties":{"age_h":19.9,"recency":0,"frp":7.4,"confidence":"nominal","observations":1,"passes":1,"sensor_count":1,"sensors":"NOAA-21","effis_confirmed":false,"burned_confirmed":false,"evidence_score":0,"evidence":"","filter_reason":"anomalie_non_corroboree"}},{"type":"Feature","geometry":{"type":"Point","coordinates":[11.45233,51.30426]},"properties":{"age_h":19.9,"recency":0,"frp":6.1,"confidence":"nominal","observations":1,"passes":1,"sensor_count":1,"sensors":"NOAA-21","effis_confirmed":false,"burned_confirmed":false,"evidence_score":0,"evidence":"","filter_reason":"anomalie_non_corroboree"}},{"type":"Feature","geometry":{"type":"Point","coordinates":[10.72122,51.49251]},"properties":{"age_h":19.9,"recency":0,"frp":7.8,"confidence":"nominal","observations":1,"passes":1,"sensor_count":1,"sensors":"NOAA-21","effis_confirmed":false,"burned_confirmed":false,"evidence_score":0,"evidence":"","filter_reason":"anomalie_non_corroboree"}},{"type":"Feature","geometry":{"type":"Point","coordinates":[7.70715,51.82651]},"properties":{"age_h":19.9,"recency":0,"frp":20.0,"confidence":"nominal","observations":1,"passes":1,"sensor_count":1,"sensors":"NOAA-21","effis_confirmed":false,"burned_confirmed":false,"evidence_score":1,"evidence":"","filter_reason":"anomalie_non_corroboree"}},{"type":"Feature","geometry":{"type":"Point","coordinates":[-1.35827,34.88322]},"properties":{"age_h":19.3,"recency":0,"frp":2.0,"confidence":"nominal","observations":1,"passes":1,"sensor_count":1,"sensors":"Suomi-NPP","effis_confirmed":false,"burned_confirmed":false,"evidence_score":0,"evidence":"","filter_reason":"anomalie_non_corroboree"}},{"type":"Feature","geometry":{"type":"Point","coordinates":[-0.83524,35.03199]},"properties":{"age_h":19.3,"recency":0,"frp":11.6,"confidence":"nominal","observations":1,"passes":1,"sensor_count":1,"sensors":"Suomi-NPP","effis_confirmed":false,"burned_confirmed":false,"evidence_score":1,"evidence":"","filter_reason":"anomalie_non_corroboree"}},{"type":"Feature","geometry":{"type":"Point","coordinates":[-0.32583,35.82245]},"properties":{"age_h":19.3,"recency":0,"frp":3.3,"confidence":"nominal","observations":1,"passes":1,"sensor_count":1,"sensors":"Suomi-NPP","effis_confirmed":false,"burned_confirmed":false,"evidence_score":0,"evidence":"","filter_reason":"anomalie_non_corroboree"}},{"type":"Feature","geometry":{"type":"Point","coordinates":[-6.13896,36.52205]},"properties":{"age_h":19.3,"recency":0,"frp":9.6,"confidence":"nominal","observations":2,"passes":1,"sensor_count":1,"sensors":"Suomi-NPP","effis_confirmed":false,"burned_confirmed":false,"evidence_score":0,"evidence":"","filter_reason":"anomalie_non_corroboree"}},{"type":"Feature","geometry":{"type":"Point","coordinates":[-6.10141,36.53962]},"properties":{"age_h":19.3,"recency":0,"frp":7.6,"confidence":"nominal","observations":1,"passes":1,"sensor_count":1,"sensors":"Suomi-NPP","effis_confirmed":false,"burned_confirmed":false,"evidence_score":0,"evidence":"","filter_reason":"anomalie_non_corroboree"}},{"type":"Feature","geometry":{"type":"Point","coordinates":[-6.09087,36.60258]},"properties":{"age_h":19.3,"recency":0,"frp":7.0,"confidence":"nominal","observations":7,"passes":1,"sensor_count":1,"sensors":"Suomi-NPP","effis_confirmed":false,"burned_confirmed":false,"evidence_score":2,"evidence":"groupe spatial","filter_reason":"anomalie_non_corroboree"}},{"type":"Feature","geometry":{"type":"Point","coordinates":[2.77083,36.65226]},"properties":{"age_h":19.3,"recency":0,"frp":2.8,"confidence":"nominal","observations":1,"passes":1,"sensor_count":1,"sensors":"Suomi-NPP","effis_confirmed":false,"burned_confirmed":false,"evidence_score":0,"evidence":"","filter_reason":"anomalie_non_corroboree"}},{"type":"Feature","geometry":{"type":"Point","coordinates":[16.14989,38.53885]},"properties":{"age_h":19.3,"recency":0,"frp":3.4,"confidence":"nominal","observations":1,"passes":1,"sensor_count":1,"sensors":"Suomi-NPP","effis_confirmed":false,"burned_confirmed":false,"evidence_score":0,"evidence":"","filter_reason":"anomalie_non_corroboree"}},{"type":"Feature","geometry":{"type":"Point","coordinates":[17.47538,40.34092]},"properties":{"age_h":19.3,"recency":0,"frp":3.5,"confidence":"nominal","observations":1,"passes":1,"sensor_count":1,"sensors":"Suomi-NPP","effis_confirmed":false,"burned_confirmed":false,"evidence_score":0,"evidence":"","filter_reason":"anomalie_non_corroboree"}},{"type":"Feature","geometry":{"type":"Point","coordinates":[16.50348,40.47264]},"properties":{"age_h":19.3,"recency":0,"frp":3.0,"confidence":"nominal","observations":1,"passes":1,"sensor_count":1,"sensors":"Suomi-NPP","effis_confirmed":false,"burned_confirmed":false,"evidence_score":0,"evidence":"","filter_reason":"anomalie_non_corroboree"}},{"type":"Feature","geometry":{"type":"Point","coordinates":[13.96214,41.06765]},"properties":{"age_h":19.3,"recency":0,"frp":4.1,"confidence":"nominal","observations":1,"passes":1,"sensor_count":1,"sensors":"Suomi-NPP","effis_confirmed":false,"burned_confirmed":false,"evidence_score":0,"evidence":"","filter_reason":"anomalie_non_corroboree"}},{"type":"Feature","geometry":{"type":"Point","coordinates":[19.57746,41.14173]},"properties":{"age_h":19.3,"recency":0,"frp":2.5,"confidence":"nominal","observations":1,"passes":1,"sensor_count":1,"sensors":"Suomi-NPP","effis_confirmed":false,"burned_confirmed":false,"evidence_score":0,"evidence":"","filter_reason":"anomalie_non_corroboree"}},{"type":"Feature","geometry":{"type":"Point","coordinates":[15.2598,41.68843]},"properties":{"age_h":19.3,"recency":0,"frp":14.0,"confidence":"nominal","observations":1,"passes":1,"sensor_count":1,"sensors":"Suomi-NPP","effis_confirmed":false,"burned_confirmed":false,"evidence_score":1,"evidence":"","filter_reason":"anomalie_non_corroboree"}},{"type":"Feature","geometry":{"type":"Point","coordinates":[15.715,41.85171]},"properties":{"age_h":19.3,"recency":0,"frp":4.0,"confidence":"nominal","observations":1,"passes":1,"sensor_count":1,"sensors":"Suomi-NPP","effis_confirmed":false,"burned_confirmed":false,"evidence_score":0,"evidence":"","filter_reason":"anomalie_non_corroboree"}},{"type":"Feature","geometry":{"type":"Point","coordinates":[-8.95651,38.60633]},"properties":{"age_h":19.3,"recency":0,"frp":2.6,"confidence":"nominal","observations":1,"passes":1,"sensor_count":1,"sensors":"Suomi-NPP","effis_confirmed":false,"burned_confirmed":false,"evidence_score":0,"evidence":"","filter_reason":"anomalie_non_corroboree"}},{"type":"Feature","geometry":{"type":"Point","coordinates":[-6.55445,38.77491]},"properties":{"age_h":19.3,"recency":0,"frp":5.8,"confidence":"nominal","observations":1,"passes":1,"sensor_count":1,"sensors":"Suomi-NPP","effis_confirmed":false,"burned_confirmed":false,"evidence_score":0,"evidence":"","filter_reason":"anomalie_non_corroboree"}},{"type":"Feature","geometry":{"type":"Point","coordinates":[4.97523,43.56488]},"properties":{"age_h":19.3,"recency":0,"frp":3.5,"confidence":"nominal","observations":1,"passes":1,"sensor_count":1,"sensors":"Suomi-NPP","effis_confirmed":false,"burned_confirmed":false,"evidence_score":0,"evidence":"","filter_reason":"anomalie_non_corroboree"}},{"type":"Feature","geometry":{"type":"Point","coordinates":[18.99709,43.81169]},"properties":{"age_h":19.3,"recency":0,"frp":2.0,"confidence":"nominal","observations":1,"passes":1,"sensor_count":1,"sensors":"Suomi-NPP","effis_confirmed":false,"burned_confirmed":false,"evidence_score":0,"evidence":"","filter_reason":"anomalie_non_corroboree"}},{"type":"Feature","geometry":{"type":"Point","coordinates":[20.26224,44.42662]},"properties":{"age_h":19.3,"recency":0,"frp":6.8,"confidence":"high","observations":1,"passes":1,"sensor_count":1,"sensors":"Suomi-NPP","effis_confirmed":false,"burned_confirmed":false,"evidence_score":1,"evidence":"confiance élevée","filter_reason":"anomalie_non_corroboree"}},{"type":"Feature","geometry":{"type":"Point","coordinates":[7.92425,44.75877]},"properties":{"age_h":19.3,"recency":0,"frp":1.7,"confidence":"nominal","observations":1,"passes":1,"sensor_count":1,"sensors":"Suomi-NPP","effis_confirmed":false,"burned_confirmed":false,"evidence_score":0,"evidence":"","filter_reason":"anomalie_non_corroboree"}},{"type":"Feature","geometry":{"type":"Point","coordinates":[7.17048,45.14437]},"properties":{"age_h":19.3,"recency":0,"frp":2.1,"confidence":"nominal","observations":1,"passes":1,"sensor_count":1,"sensors":"Suomi-NPP","effis_confirmed":false,"burned_confirmed":false,"evidence_score":0,"evidence":"","filter_reason":"anomalie_non_corroboree"}},{"type":"Feature","geometry":{"type":"Point","coordinates":[11.89556,45.19735]},"properties":{"age_h":19.3,"recency":0,"frp":7.0,"confidence":"nominal","observations":2,"passes":1,"sensor_count":1,"sensors":"Suomi-NPP","effis_confirmed":false,"burned_confirmed":false,"evidence_score":0,"evidence":"","filter_reason":"anomalie_non_corroboree"}},{"type":"Feature","geometry":{"type":"Point","coordinates":[8.13239,45.5013]},"properties":{"age_h":19.3,"recency":0,"frp":2.0,"confidence":"nominal","observations":1,"passes":1,"sensor_count":1,"sensors":"Suomi-NPP","effis_confirmed":false,"burned_confirmed":false,"evidence_score":0,"evidence":"","filter_reason":"anomalie_non_corroboree"}},{"type":"Feature","geometry":{"type":"Point","coordinates":[10.20688,45.54981]},"properties":{"age_h":19.3,"recency":0,"frp":3.0,"confidence":"nominal","observations":2,"passes":1,"sensor_count":1,"sensors":"Suomi-NPP","effis_confirmed":false,"burned_confirmed":false,"evidence_score":0,"evidence":"","filter_reason":"anomalie_non_corroboree"}},{"type":"Feature","geometry":{"type":"Point","coordinates":[9.36119,45.64043]},"properties":{"age_h":19.3,"recency":0,"frp":2.8,"confidence":"nominal","observations":1,"passes":1,"sensor_count":1,"sensors":"Suomi-NPP","effis_confirmed":false,"burned_confirmed":false,"evidence_score":0,"evidence":"","filter_reason":"anomalie_non_corroboree"}},{"type":"Feature","geometry":{"type":"Point","coordinates":[2.24464,48.17904]},"properties":{"age_h":19.3,"recency":0,"frp":8.6,"confidence":"nominal","observations":3,"passes":1,"sensor_count":1,"sensors":"Suomi-NPP","effis_confirmed":false,"burned_confirmed":false,"evidence_score":2,"evidence":"groupe spatial","filter_reason":"anomalie_non_corroboree"}},{"type":"Feature","geometry":{"type":"Point","coordinates":[3.33642,48.23609]},"properties":{"age_h":19.3,"recency":0,"frp":3.7,"confidence":"nominal","observations":1,"passes":1,"sensor_count":1,"sensors":"Suomi-NPP","effis_confirmed":false,"burned_confirmed":false,"evidence_score":0,"evidence":"","filter_reason":"anomalie_non_corroboree"}},{"type":"Feature","geometry":{"type":"Point","coordinates":[-0.22184,51.19057]},"properties":{"age_h":19.3,"recency":0,"frp":3.0,"confidence":"nominal","observations":1,"passes":1,"sensor_count":1,"sensors":"Suomi-NPP","effis_confirmed":false,"burned_confirmed":false,"evidence_score":0,"evidence":"","filter_reason":"anomalie_non_corroboree"}},{"type":"Feature","geometry":{"type":"Point","coordinates":[1.27846,51.23831]},"properties":{"age_h":19.3,"recency":0,"frp":7.0,"confidence":"nominal","observations":1,"passes":1,"sensor_count":1,"sensors":"Suomi-NPP","effis_confirmed":false,"burned_confirmed":false,"evidence_score":0,"evidence":"","filter_reason":"anomalie_non_corroboree"}},{"type":"Feature","geometry":{"type":"Point","coordinates":[1.32037,51.2747]},"properties":{"age_h":19.3,"recency":0,"frp":4.4,"confidence":"nominal","observations":2,"passes":1,"sensor_count":1,"sensors":"Suomi-NPP","effis_confirmed":false,"burned_confirmed":false,"evidence_score":0,"evidence":"","filter_reason":"anomalie_non_corroboree"}},{"type":"Feature","geometry":{"type":"Point","coordinates":[1.14074,51.27914]},"properties":{"age_h":19.3,"recency":0,"frp":11.7,"confidence":"nominal","observations":3,"passes":1,"sensor_count":1,"sensors":"Suomi-NPP","effis_confirmed":false,"burned_confirmed":false,"evidence_score":3,"evidence":"groupe spatial","filter_reason":"anomalie_non_corroboree"}},{"type":"Feature","geometry":{"type":"Point","coordinates":[1.08873,51.35256]},"properties":{"age_h":19.3,"recency":0,"frp":7.4,"confidence":"nominal","observations":3,"passes":1,"sensor_count":1,"sensors":"Suomi-NPP","effis_confirmed":false,"burned_confirmed":false,"evidence_score":2,"evidence":"groupe spatial","filter_reason":"anomalie_non_corroboree"}},{"type":"Feature","geometry":{"type":"Point","coordinates":[0.6924,51.35449]},"properties":{"age_h":19.3,"recency":0,"frp":5.6,"confidence":"nominal","observations":2,"passes":1,"sensor_count":1,"sensors":"Suomi-NPP","effis_confirmed":false,"burned_confirmed":false,"evidence_score":0,"evidence":"","filter_reason":"anomalie_non_corroboree"}},{"type":"Feature","geometry":{"type":"Point","coordinates":[0.61486,51.45469]},"properties":{"age_h":19.3,"recency":0,"frp":5.7,"confidence":"nominal","observations":2,"passes":1,"sensor_count":1,"sensors":"Suomi-NPP","effis_confirmed":false,"burned_confirmed":false,"evidence_score":0,"evidence":"","filter_reason":"anomalie_non_corroboree"}},{"type":"Feature","geometry":{"type":"Point","coordinates":[0.46402,51.60664]},"properties":{"age_h":19.3,"recency":0,"frp":9.1,"confidence":"nominal","observations":3,"passes":1,"sensor_count":1,"sensors":"Suomi-NPP","effis_confirmed":false,"burned_confirmed":false,"evidence_score":2,"evidence":"groupe spatial","filter_reason":"anomalie_non_corroboree"}},{"type":"Feature","geometry":{"type":"Point","coordinates":[0.6906,51.62868]},"properties":{"age_h":19.3,"recency":0,"frp":24.7,"confidence":"nominal","observations":1,"passes":1,"sensor_count":1,"sensors":"Suomi-NPP","effis_confirmed":false,"burned_confirmed":false,"evidence_score":1,"evidence":"","filter_reason":"anomalie_non_corroboree"}},{"type":"Feature","geometry":{"type":"Point","coordinates":[5.29291,51.69816]},"properties":{"age_h":19.3,"recency":0,"frp":2.2,"confidence":"nominal","observations":1,"passes":1,"sensor_count":1,"sensors":"Suomi-NPP","effis_confirmed":false,"burned_confirmed":false,"evidence_score":0,"evidence":"","filter_reason":"anomalie_non_corroboree"}},{"type":"Feature","geometry":{"type":"Point","coordinates":[0.93845,51.81045]},"properties":{"age_h":19.3,"recency":0,"frp":20.2,"confidence":"nominal","observations":1,"passes":1,"sensor_count":1,"sensors":"Suomi-NPP","effis_confirmed":false,"burned_confirmed":false,"evidence_score":1,"evidence":"","filter_reason":"anomalie_non_corroboree"}},{"type":"Feature","geometry":{"type":"Point","coordinates":[0.59103,51.90677]},"properties":{"age_h":19.3,"recency":0,"frp":9.0,"confidence":"nominal","observations":3,"passes":1,"sensor_count":1,"sensors":"Suomi-NPP","effis_confirmed":false,"burned_confirmed":false,"evidence_score":2,"evidence":"groupe spatial","filter_reason":"anomalie_non_corroboree"}},{"type":"Feature","geometry":{"type":"Point","coordinates":[0.93516,51.93415]},"properties":{"age_h":19.3,"recency":0,"frp":4.4,"confidence":"nominal","observations":2,"passes":1,"sensor_count":1,"sensors":"Suomi-NPP","effis_confirmed":false,"burned_confirmed":false,"evidence_score":0,"evidence":"","filter_reason":"anomalie_non_corroboree"}},{"type":"Feature","geometry":{"type":"Point","coordinates":[0.35613,51.96252]},"properties":{"age_h":19.3,"recency":0,"frp":7.3,"confidence":"nominal","observations":4,"passes":1,"sensor_count":1,"sensors":"Suomi-NPP","effis_confirmed":false,"burned_confirmed":false,"evidence_score":2,"evidence":"groupe spatial","filter_reason":"anomalie_non_corroboree"}},{"type":"Feature","geometry":{"type":"Point","coordinates":[-0.63529,52.06631]},"properties":{"age_h":19.3,"recency":0,"frp":2.6,"confidence":"nominal","observations":1,"passes":1,"sensor_count":1,"sensors":"Suomi-NPP","effis_confirmed":false,"burned_confirmed":false,"evidence_score":0,"evidence":"","filter_reason":"anomalie_non_corroboree"}},{"type":"Feature","geometry":{"type":"Point","coordinates":[-0.78434,53.09332]},"properties":{"age_h":19.3,"recency":0,"frp":5.6,"confidence":"nominal","observations":2,"passes":1,"sensor_count":1,"sensors":"Suomi-NPP","effis_confirmed":false,"burned_confirmed":false,"evidence_score":0,"evidence":"","filter_reason":"anomalie_non_corroboree"}},{"type":"Feature","geometry":{"type":"Point","coordinates":[-1.09952,53.0997]},"properties":{"age_h":19.3,"recency":0,"frp":4.2,"confidence":"nominal","observations":1,"passes":1,"sensor_count":1,"sensors":"Suomi-NPP","effis_confirmed":false,"burned_confirmed":false,"evidence_score":0,"evidence":"","filter_reason":"anomalie_non_corroboree"}},{"type":"Feature","geometry":{"type":"Point","coordinates":[1.40589,58.04847]},"properties":{"age_h":19.2,"recency":0,"frp":2.6,"confidence":"nominal","observations":1,"passes":1,"sensor_count":1,"sensors":"Suomi-NPP","effis_confirmed":false,"burned_confirmed":false,"evidence_score":0,"evidence":"","filter_reason":"anomalie_non_corroboree"}},{"type":"Feature","geometry":{"type":"Point","coordinates":[10.13991,36.1775]},"properties":{"age_h":19.0,"recency":0,"frp":10.6,"confidence":"nominal","observations":1,"passes":1,"sensor_count":1,"sensors":"NOAA-20","effis_confirmed":false,"burned_confirmed":false,"evidence_score":1,"evidence":"","filter_reason":"anomalie_non_corroboree"}},{"type":"Feature","geometry":{"type":"Point","coordinates":[2.00936,41.29974]},"properties":{"age_h":19.0,"recency":0,"frp":2.3,"confidence":"nominal","observations":1,"passes":1,"sensor_count":1,"sensors":"NOAA-20","effis_confirmed":false,"burned_confirmed":false,"evidence_score":0,"evidence":"","filter_reason":"anomalie_non_corroboree"}},{"type":"Feature","geometry":{"type":"Point","coordinates":[2.16534,41.54597]},"properties":{"age_h":19.0,"recency":0,"frp":1.9,"confidence":"nominal","observations":1,"passes":1,"sensor_count":1,"sensors":"NOAA-20","effis_confirmed":false,"burned_confirmed":false,"evidence_score":0,"evidence":"","filter_reason":"anomalie_non_corroboree"}},{"type":"Feature","geometry":{"type":"Point","coordinates":[12.57237,41.58498]},"properties":{"age_h":19.0,"recency":0,"frp":4.2,"confidence":"nominal","observations":2,"passes":1,"sensor_count":1,"sensors":"NOAA-20","effis_confirmed":false,"burned_confirmed":false,"evidence_score":0,"evidence":"","filter_reason":"anomalie_non_corroboree"}},{"type":"Feature","geometry":{"type":"Point","coordinates":[13.49356,41.6693]},"properties":{"age_h":19.0,"recency":0,"frp":10.9,"confidence":"high","observations":2,"passes":1,"sensor_count":1,"sensors":"NOAA-20","effis_confirmed":false,"burned_confirmed":false,"evidence_score":2,"evidence":"confiance élevée","filter_reason":"anomalie_non_corroboree"}},{"type":"Feature","geometry":{"type":"Point","coordinates":[-0.66193,44.10258]},"properties":{"age_h":19.0,"recency":0,"frp":5.3,"confidence":"nominal","observations":3,"passes":1,"sensor_count":1,"sensors":"NOAA-20","effis_confirmed":false,"burned_confirmed":false,"evidence_score":2,"evidence":"groupe spatial","filter_reason":"anomalie_non_corroboree"}},{"type":"Feature","geometry":{"type":"Point","coordinates":[11.39115,45.71564]},"properties":{"age_h":19.0,"recency":0,"frp":6.5,"confidence":"nominal","observations":2,"passes":1,"sensor_count":1,"sensors":"NOAA-20","effis_confirmed":false,"burned_confirmed":false,"evidence_score":0,"evidence":"","filter_reason":"anomalie_non_corroboree"}},{"type":"Feature","geometry":{"type":"Point","coordinates":[-0.94263,45.74847]},"properties":{"age_h":19.0,"recency":0,"frp":11.9,"confidence":"nominal","observations":1,"passes":1,"sensor_count":1,"sensors":"NOAA-20","effis_confirmed":false,"burned_confirmed":false,"evidence_score":1,"evidence":"","filter_reason":"anomalie_non_corroboree"}},{"type":"Feature","geometry":{"type":"Point","coordinates":[-1.20488,46.15276]},"properties":{"age_h":19.0,"recency":0,"frp":2.1,"confidence":"nominal","observations":1,"passes":1,"sensor_count":1,"sensors":"NOAA-20","effis_confirmed":false,"burned_confirmed":false,"evidence_score":0,"evidence":"","filter_reason":"anomalie_non_corroboree"}},{"type":"Feature","geometry":{"type":"Point","coordinates":[-0.98235,46.51499]},"properties":{"age_h":19.0,"recency":0,"frp":5.0,"confidence":"nominal","observations":1,"passes":1,"sensor_count":1,"sensors":"NOAA-20","effis_confirmed":false,"burned_confirmed":false,"evidence_score":0,"evidence":"","filter_reason":"anomalie_non_corroboree"}},{"type":"Feature","geometry":{"type":"Point","coordinates":[-1.33278,47.7035]},"properties":{"age_h":19.0,"recency":0,"frp":1.4,"confidence":"nominal","observations":1,"passes":1,"sensor_count":1,"sensors":"NOAA-20","effis_confirmed":false,"burned_confirmed":false,"evidence_score":0,"evidence":"","filter_reason":"anomalie_non_corroboree"}},{"type":"Feature","geometry":{"type":"Point","coordinates":[2.81379,48.11541]},"properties":{"age_h":19.0,"recency":0,"frp":28.0,"confidence":"nominal","observations":2,"passes":1,"sensor_count":1,"sensors":"NOAA-20","effis_confirmed":false,"burned_confirmed":false,"evidence_score":1,"evidence":"","filter_reason":"anomalie_non_corroboree"}},{"type":"Feature","geometry":{"type":"Point","coordinates":[1.49047,48.43127]},"properties":{"age_h":19.0,"recency":0,"frp":4.8,"confidence":"nominal","observations":1,"passes":1,"sensor_count":1,"sensors":"NOAA-20","effis_confirmed":false,"burned_confirmed":false,"evidence_score":0,"evidence":"","filter_reason":"anomalie_non_corroboree"}},{"type":"Feature","geometry":{"type":"Point","coordinates":[-2.11293,48.44394]},"properties":{"age_h":19.0,"recency":0,"frp":10.1,"confidence":"nominal","observations":4,"passes":1,"sensor_count":1,"sensors":"NOAA-20","effis_confirmed":false,"burned_confirmed":false,"evidence_score":3,"evidence":"groupe spatial","filter_reason":"anomalie_non_corroboree"}},{"type":"Feature","geometry":{"type":"Point","coordinates":[1.01333,49.15726]},"properties":{"age_h":19.0,"recency":0,"frp":189.0,"confidence":"high","observations":2,"passes":1,"sensor_count":1,"sensors":"NOAA-20","effis_confirmed":false,"burned_confirmed":false,"evidence_score":2,"evidence":"confiance élevée","filter_reason":"anomalie_non_corroboree"}},{"type":"Feature","geometry":{"type":"Point","coordinates":[-2.99284,50.87439]},"properties":{"age_h":19.0,"recency":0,"frp":3.0,"confidence":"nominal","observations":1,"passes":1,"sensor_count":1,"sensors":"NOAA-20","effis_confirmed":false,"burned_confirmed":false,"evidence_score":0,"evidence":"","filter_reason":"anomalie_non_corroboree"}},{"type":"Feature","geometry":{"type":"Point","coordinates":[-0.11163,51.50259]},"properties":{"age_h":19.0,"recency":0,"frp":0.9,"confidence":"nominal","observations":1,"passes":1,"sensor_count":1,"sensors":"NOAA-20","effis_confirmed":false,"burned_confirmed":false,"evidence_score":0,"evidence":"","filter_reason":"anomalie_non_corroboree"}},{"type":"Feature","geometry":{"type":"Point","coordinates":[5.32523,36.47486]},"properties":{"age_h":18.3,"recency":0,"frp":10.8,"confidence":"nominal","observations":2,"passes":1,"sensor_count":1,"sensors":"NOAA-21","effis_confirmed":false,"burned_confirmed":false,"evidence_score":1,"evidence":"","filter_reason":"anomalie_non_corroboree"}},{"type":"Feature","geometry":{"type":"Point","coordinates":[0.73043,44.68539]},"properties":{"age_h":18.2,"recency":0,"frp":5.6,"confidence":"nominal","observations":1,"passes":1,"sensor_count":1,"sensors":"NOAA-21","effis_confirmed":false,"burned_confirmed":false,"evidence_score":0,"evidence":"","filter_reason":"anomalie_non_corroboree"}},{"type":"Feature","geometry":{"type":"Point","coordinates":[0.94128,48.33732]},"properties":{"age_h":18.2,"recency":0,"frp":6.1,"confidence":"nominal","observations":1,"passes":1,"sensor_count":1,"sensors":"NOAA-21","effis_confirmed":false,"burned_confirmed":false,"evidence_score":0,"evidence":"","filter_reason":"anomalie_non_corroboree"}},{"type":"Feature","geometry":{"type":"Point","coordinates":[0.89345,57.08208]},"properties":{"age_h":18.2,"recency":0,"frp":4.2,"confidence":"nominal","observations":1,"passes":1,"sensor_count":1,"sensors":"NOAA-21","effis_confirmed":false,"burned_confirmed":false,"evidence_score":0,"evidence":"","filter_reason":"anomalie_non_corroboree"}},{"type":"Feature","geometry":{"type":"Point","coordinates":[-4.93059,39.95207]},"properties":{"age_h":17.6,"recency":0,"frp":7.3,"confidence":"nominal","observations":2,"passes":1,"sensor_count":1,"sensors":"Suomi-NPP","effis_confirmed":false,"burned_confirmed":false,"evidence_score":0,"evidence":"","filter_reason":"anomalie_non_corroboree"}},{"type":"Feature","geometry":{"type":"Point","coordinates":[-5.79922,43.41123]},"properties":{"age_h":17.6,"recency":0,"frp":6.5,"confidence":"nominal","observations":1,"passes":1,"sensor_count":1,"sensors":"Suomi-NPP","effis_confirmed":false,"burned_confirmed":false,"evidence_score":0,"evidence":"","filter_reason":"anomalie_non_corroboree"}},{"type":"Feature","geometry":{"type":"Point","coordinates":[-6.51739,34.28851]},"properties":{"age_h":17.3,"recency":0,"frp":4.3,"confidence":"nominal","observations":1,"passes":1,"sensor_count":1,"sensors":"NOAA-20","effis_confirmed":false,"burned_confirmed":false,"evidence_score":0,"evidence":"","filter_reason":"anomalie_non_corroboree"}},{"type":"Feature","geometry":{"type":"Point","coordinates":[39.77338,57.53796]},"properties":{"age_h":9.4,"recency":0,"frp":1.3,"confidence":"nominal","observations":1,"passes":1,"sensor_count":1,"sensors":"NOAA-21","effis_confirmed":false,"burned_confirmed":false,"evidence_score":0,"evidence":"","filter_reason":"anomalie_non_corroboree"}},{"type":"Feature","geometry":{"type":"Point","coordinates":[38.29058,48.8543]},"properties":{"age_h":9.4,"recency":0,"frp":0.5,"confidence":"nominal","observations":1,"passes":1,"sensor_count":1,"sensors":"NOAA-21","effis_confirmed":false,"burned_confirmed":false,"evidence_score":0,"evidence":"","filter_reason":"anomalie_non_corroboree"}},{"type":"Feature","geometry":{"type":"Point","coordinates":[38.17189,49.13418]},"properties":{"age_h":9.4,"recency":0,"frp":0.8,"confidence":"nominal","observations":1,"passes":1,"sensor_count":1,"sensors":"NOAA-21","effis_confirmed":false,"burned_confirmed":false,"evidence_score":0,"evidence":"","filter_reason":"anomalie_non_corroboree"}},{"type":"Feature","geometry":{"type":"Point","coordinates":[34.06853,50.00999]},"properties":{"age_h":9.4,"recency":0,"frp":4.1,"confidence":"nominal","observations":3,"passes":1,"sensor_count":1,"sensors":"NOAA-21","effis_confirmed":false,"burned_confirmed":false,"evidence_score":2,"evidence":"groupe spatial","filter_reason":"anomalie_non_corroboree"}},{"type":"Feature","geometry":{"type":"Point","coordinates":[36.53498,50.61897]},"properties":{"age_h":9.4,"recency":0,"frp":1.1,"confidence":"nominal","observations":2,"passes":1,"sensor_count":1,"sensors":"NOAA-21","effis_confirmed":false,"burned_confirmed":false,"evidence_score":0,"evidence":"","filter_reason":"anomalie_non_corroboree"}},{"type":"Feature","geometry":{"type":"Point","coordinates":[38.91944,52.89586]},"properties":{"age_h":9.4,"recency":0,"frp":0.7,"confidence":"nominal","observations":2,"passes":1,"sensor_count":1,"sensors":"NOAA-21","effis_confirmed":false,"burned_confirmed":false,"evidence_score":0,"evidence":"","filter_reason":"anomalie_non_corroboree"}},{"type":"Feature","geometry":{"type":"Point","coordinates":[40.17859,47.66416]},"properties":{"age_h":9.3,"recency":0,"frp":0.5,"confidence":"nominal","observations":1,"passes":1,"sensor_count":1,"sensors":"NOAA-21","effis_confirmed":false,"burned_confirmed":false,"evidence_score":0,"evidence":"","filter_reason":"anomalie_non_corroboree"}},{"type":"Feature","geometry":{"type":"Point","coordinates":[40.53403,37.00946]},"properties":{"age_h":9.3,"recency":0,"frp":1.7,"confidence":"nominal","observations":2,"passes":1,"sensor_count":1,"sensors":"NOAA-21","effis_confirmed":false,"burned_confirmed":false,"evidence_score":0,"evidence":"","filter_reason":"anomalie_non_corroboree"}},{"type":"Feature","geometry":{"type":"Point","coordinates":[38.07786,37.55437]},"properties":{"age_h":9.3,"recency":0,"frp":0.4,"confidence":"nominal","observations":1,"passes":1,"sensor_count":1,"sensors":"NOAA-21","effis_confirmed":false,"burned_confirmed":false,"evidence_score":0,"evidence":"","filter_reason":"anomalie_non_corroboree"}},{"type":"Feature","geometry":{"type":"Point","coordinates":[39.89273,38.107]},"properties":{"age_h":9.3,"recency":0,"frp":2.0,"confidence":"nominal","observations":1,"passes":1,"sensor_count":1,"sensors":"NOAA-21","effis_confirmed":false,"burned_confirmed":false,"evidence_score":0,"evidence":"","filter_reason":"anomalie_non_corroboree"}},{"type":"Feature","geometry":{"type":"Point","coordinates":[41.28195,45.54704]},"properties":{"age_h":8.7,"recency":0,"frp":0.4,"confidence":"nominal","observations":1,"passes":1,"sensor_count":1,"sensors":"Suomi-NPP","effis_confirmed":false,"burned_confirmed":false,"evidence_score":0,"evidence":"","filter_reason":"anomalie_non_corroboree"}},{"type":"Feature","geometry":{"type":"Point","coordinates":[33.30407,45.64498]},"properties":{"age_h":8.7,"recency":0,"frp":0.3,"confidence":"nominal","observations":1,"passes":1,"sensor_count":1,"sensors":"Suomi-NPP","effis_confirmed":false,"burned_confirmed":false,"evidence_score":0,"evidence":"","filter_reason":"anomalie_non_corroboree"}},{"type":"Feature","geometry":{"type":"Point","coordinates":[41.88916,46.42704]},"properties":{"age_h":8.7,"recency":0,"frp":0.6,"confidence":"nominal","observations":1,"passes":1,"sensor_count":1,"sensors":"Suomi-NPP","effis_confirmed":false,"burned_confirmed":false,"evidence_score":0,"evidence":"","filter_reason":"anomalie_non_corroboree"}},{"type":"Feature","geometry":{"type":"Point","coordinates":[31.90501,48.27693]},"properties":{"age_h":8.7,"recency":0,"frp":1.5,"confidence":"nominal","observations":2,"passes":1,"sensor_count":1,"sensors":"Suomi-NPP","effis_confirmed":false,"burned_confirmed":false,"evidence_score":0,"evidence":"","filter_reason":"anomalie_non_corroboree"}},{"type":"Feature","geometry":{"type":"Point","coordinates":[36.20261,36.1149]},"properties":{"age_h":8.7,"recency":0,"frp":0.9,"confidence":"nominal","observations":1,"passes":1,"sensor_count":1,"sensors":"Suomi-NPP","effis_confirmed":false,"burned_confirmed":false,"evidence_score":0,"evidence":"","filter_reason":"anomalie_non_corroboree"}},{"type":"Feature","geometry":{"type":"Point","coordinates":[37.02887,36.57063]},"properties":{"age_h":8.7,"recency":0,"frp":0.5,"confidence":"nominal","observations":1,"passes":1,"sensor_count":1,"sensors":"Suomi-NPP","effis_confirmed":false,"burned_confirmed":false,"evidence_score":0,"evidence":"","filter_reason":"anomalie_non_corroboree"}},{"type":"Feature","geometry":{"type":"Point","coordinates":[39.66349,36.68019]},"properties":{"age_h":8.7,"recency":0,"frp":0.4,"confidence":"nominal","observations":1,"passes":1,"sensor_count":1,"sensors":"Suomi-NPP","effis_confirmed":false,"burned_confirmed":false,"evidence_score":0,"evidence":"","filter_reason":"anomalie_non_corroboree"}},{"type":"Feature","geometry":{"type":"Point","coordinates":[41.92027,36.75961]},"properties":{"age_h":8.7,"recency":0,"frp":0.4,"confidence":"nominal","observations":1,"passes":1,"sensor_count":1,"sensors":"Suomi-NPP","effis_confirmed":false,"burned_confirmed":false,"evidence_score":0,"evidence":"","filter_reason":"anomalie_non_corroboree"}},{"type":"Feature","geometry":{"type":"Point","coordinates":[38.31784,36.81141]},"properties":{"age_h":8.7,"recency":0,"frp":0.9,"confidence":"nominal","observations":1,"passes":1,"sensor_count":1,"sensors":"Suomi-NPP","effis_confirmed":false,"burned_confirmed":false,"evidence_score":0,"evidence":"","filter_reason":"anomalie_non_corroboree"}},{"type":"Feature","geometry":{"type":"Point","coordinates":[41.11047,37.03702]},"properties":{"age_h":8.7,"recency":0,"frp":1.2,"confidence":"nominal","observations":2,"passes":1,"sensor_count":1,"sensors":"Suomi-NPP","effis_confirmed":false,"burned_confirmed":false,"evidence_score":0,"evidence":"","filter_reason":"anomalie_non_corroboree"}},{"type":"Feature","geometry":{"type":"Point","coordinates":[41.56873,38.89342]},"properties":{"age_h":8.7,"recency":0,"frp":0.5,"confidence":"nominal","observations":1,"passes":1,"sensor_count":1,"sensors":"Suomi-NPP","effis_confirmed":false,"burned_confirmed":false,"evidence_score":0,"evidence":"","filter_reason":"anomalie_non_corroboree"}},{"type":"Feature","geometry":{"type":"Point","coordinates":[37.25766,48.35658]},"properties":{"age_h":8.4,"recency":0,"frp":1.1,"confidence":"nominal","observations":2,"passes":2,"sensor_count":1,"sensors":"NOAA-20","effis_confirmed":false,"burned_confirmed":false,"evidence_score":2,"evidence":"passages répétés","filter_reason":"anomalie_non_corroboree"}},{"type":"Feature","geometry":{"type":"Point","coordinates":[33.47589,39.76785]},"properties":{"age_h":8.4,"recency":0,"frp":0.4,"confidence":"nominal","observations":2,"passes":2,"sensor_count":1,"sensors":"NOAA-20","effis_confirmed":false,"burned_confirmed":false,"evidence_score":2,"evidence":"passages répétés","filter_reason":"anomalie_non_corroboree"}},{"type":"Feature","geometry":{"type":"Point","coordinates":[33.61655,46.75896]},"properties":{"age_h":8.4,"recency":0,"frp":0.4,"confidence":"nominal","observations":1,"passes":1,"sensor_count":1,"sensors":"NOAA-20","effis_confirmed":false,"burned_confirmed":false,"evidence_score":0,"evidence":"","filter_reason":"anomalie_non_corroboree"}},{"type":"Feature","geometry":{"type":"Point","coordinates":[32.62586,47.15419]},"properties":{"age_h":8.4,"recency":0,"frp":0.4,"confidence":"nominal","observations":1,"passes":1,"sensor_count":1,"sensors":"NOAA-20","effis_confirmed":false,"burned_confirmed":false,"evidence_score":0,"evidence":"","filter_reason":"anomalie_non_corroboree"}},{"type":"Feature","geometry":{"type":"Point","coordinates":[33.76669,47.34293]},"properties":{"age_h":8.4,"recency":0,"frp":1.0,"confidence":"nominal","observations":1,"passes":1,"sensor_count":1,"sensors":"NOAA-20","effis_confirmed":false,"burned_confirmed":false,"evidence_score":0,"evidence":"","filter_reason":"anomalie_non_corroboree"}},{"type":"Feature","geometry":{"type":"Point","coordinates":[33.15647,47.49497]},"properties":{"age_h":8.4,"recency":0,"frp":0.6,"confidence":"nominal","observations":1,"passes":1,"sensor_count":1,"sensors":"NOAA-20","effis_confirmed":false,"burned_confirmed":false,"evidence_score":0,"evidence":"","filter_reason":"anomalie_non_corroboree"}},{"type":"Feature","geometry":{"type":"Point","coordinates":[31.92005,47.798]},"properties":{"age_h":8.4,"recency":0,"frp":0.4,"confidence":"nominal","observations":1,"passes":1,"sensor_count":1,"sensors":"NOAA-20","effis_confirmed":false,"burned_confirmed":false,"evidence_score":0,"evidence":"","filter_reason":"anomalie_non_corroboree"}},{"type":"Feature","geometry":{"type":"Point","coordinates":[38.58888,48.52584]},"properties":{"age_h":8.4,"recency":0,"frp":1.0,"confidence":"nominal","observations":1,"passes":1,"sensor_count":1,"sensors":"NOAA-20","effis_confirmed":false,"burned_confirmed":false,"evidence_score":0,"evidence":"","filter_reason":"anomalie_non_corroboree"}},{"type":"Feature","geometry":{"type":"Point","coordinates":[37.62088,48.57425]},"properties":{"age_h":8.4,"recency":0,"frp":0.5,"confidence":"nominal","observations":1,"passes":1,"sensor_count":1,"sensors":"NOAA-20","effis_confirmed":false,"burned_confirmed":false,"evidence_score":0,"evidence":"","filter_reason":"anomalie_non_corroboree"}},{"type":"Feature","geometry":{"type":"Point","coordinates":[40.86126,54.56435]},"properties":{"age_h":8.4,"recency":0,"frp":0.5,"confidence":"nominal","observations":1,"passes":1,"sensor_count":1,"sensors":"NOAA-20","effis_confirmed":false,"burned_confirmed":false,"evidence_score":0,"evidence":"","filter_reason":"anomalie_non_corroboree"}},{"type":"Feature","geometry":{"type":"Point","coordinates":[34.44901,39.68088]},"properties":{"age_h":8.4,"recency":0,"frp":0.6,"confidence":"nominal","observations":1,"passes":1,"sensor_count":1,"sensors":"NOAA-20","effis_confirmed":false,"burned_confirmed":false,"evidence_score":0,"evidence":"","filter_reason":"anomalie_non_corroboree"}},{"type":"Feature","geometry":{"type":"Point","coordinates":[39.65909,40.41216]},"properties":{"age_h":8.4,"recency":0,"frp":0.7,"confidence":"nominal","observations":1,"passes":1,"sensor_count":1,"sensors":"NOAA-20","effis_confirmed":false,"burned_confirmed":false,"evidence_score":0,"evidence":"","filter_reason":"anomalie_non_corroboree"}},{"type":"Feature","geometry":{"type":"Point","coordinates":[22.46623,40.78704]},"properties":{"age_h":8.4,"recency":0,"frp":1.1,"confidence":"nominal","observations":2,"passes":1,"sensor_count":1,"sensors":"NOAA-20","effis_confirmed":false,"burned_confirmed":false,"evidence_score":0,"evidence":"","filter_reason":"anomalie_non_corroboree"}},{"type":"Feature","geometry":{"type":"Point","coordinates":[37.69532,44.79446]},"properties":{"age_h":8.4,"recency":0,"frp":0.5,"confidence":"nominal","observations":1,"passes":1,"sensor_count":1,"sensors":"NOAA-20","effis_confirmed":false,"burned_confirmed":false,"evidence_score":0,"evidence":"","filter_reason":"anomalie_non_corroboree"}},{"type":"Feature","geometry":{"type":"Point","coordinates":[36.64455,45.46299]},"properties":{"age_h":8.4,"recency":0,"frp":2.0,"confidence":"nominal","observations":1,"passes":1,"sensor_count":1,"sensors":"NOAA-20","effis_confirmed":false,"burned_confirmed":false,"evidence_score":0,"evidence":"","filter_reason":"anomalie_non_corroboree"}},{"type":"Feature","geometry":{"type":"Point","coordinates":[35.86357,50.41631]},"properties":{"age_h":8.4,"recency":0,"frp":0.7,"confidence":"nominal","observations":1,"passes":1,"sensor_count":1,"sensors":"NOAA-20","effis_confirmed":false,"burned_confirmed":false,"evidence_score":0,"evidence":"","filter_reason":"anomalie_non_corroboree"}},{"type":"Feature","geometry":{"type":"Point","coordinates":[37.99946,51.11981]},"properties":{"age_h":8.4,"recency":0,"frp":0.7,"confidence":"nominal","observations":2,"passes":1,"sensor_count":1,"sensors":"NOAA-20","effis_confirmed":false,"burned_confirmed":false,"evidence_score":0,"evidence":"","filter_reason":"anomalie_non_corroboree"}},{"type":"Feature","geometry":{"type":"Point","coordinates":[34.05552,51.75983]},"properties":{"age_h":8.4,"recency":0,"frp":0.7,"confidence":"nominal","observations":1,"passes":1,"sensor_count":1,"sensors":"NOAA-20","effis_confirmed":false,"burned_confirmed":false,"evidence_score":0,"evidence":"","filter_reason":"anomalie_non_corroboree"}},{"type":"Feature","geometry":{"type":"Point","coordinates":[35.73004,34.33558]},"properties":{"age_h":8.4,"recency":0,"frp":1.4,"confidence":"nominal","observations":1,"passes":1,"sensor_count":1,"sensors":"NOAA-20","effis_confirmed":false,"burned_confirmed":false,"evidence_score":0,"evidence":"","filter_reason":"anomalie_non_corroboree"}},{"type":"Feature","geometry":{"type":"Point","coordinates":[38.43028,35.17722]},"properties":{"age_h":8.4,"recency":0,"frp":0.5,"confidence":"nominal","observations":1,"passes":1,"sensor_count":1,"sensors":"NOAA-20","effis_confirmed":false,"burned_confirmed":false,"evidence_score":0,"evidence":"","filter_reason":"anomalie_non_corroboree"}},{"type":"Feature","geometry":{"type":"Point","coordinates":[36.91865,37.21416]},"properties":{"age_h":8.4,"recency":0,"frp":0.8,"confidence":"nominal","observations":1,"passes":1,"sensor_count":1,"sensors":"NOAA-20","effis_confirmed":false,"burned_confirmed":false,"evidence_score":0,"evidence":"","filter_reason":"anomalie_non_corroboree"}},{"type":"Feature","geometry":{"type":"Point","coordinates":[27.67261,37.83539]},"properties":{"age_h":8.4,"recency":0,"frp":2.8,"confidence":"nominal","observations":1,"passes":1,"sensor_count":1,"sensors":"NOAA-20","effis_confirmed":false,"burned_confirmed":false,"evidence_score":0,"evidence":"","filter_reason":"anomalie_non_corroboree"}},{"type":"Feature","geometry":{"type":"Point","coordinates":[32.53848,67.40741]},"properties":{"age_h":7.8,"recency":0,"frp":3.1,"confidence":"nominal","observations":1,"passes":1,"sensor_count":1,"sensors":"NOAA-21","effis_confirmed":false,"burned_confirmed":false,"evidence_score":0,"evidence":"","filter_reason":"anomalie_non_corroboree"}},{"type":"Feature","geometry":{"type":"Point","coordinates":[22.45347,47.85189]},"properties":{"age_h":7.7,"recency":0,"frp":5.0,"confidence":"nominal","observations":3,"passes":2,"sensor_count":1,"sensors":"NOAA-21","effis_confirmed":false,"burned_confirmed":false,"evidence_score":4,"evidence":"passages répétés, groupe spatial","filter_reason":"anomalie_non_corroboree"}},{"type":"Feature","geometry":{"type":"Point","coordinates":[38.06285,56.28088]},"properties":{"age_h":7.7,"recency":0,"frp":0.7,"confidence":"nominal","observations":1,"passes":1,"sensor_count":1,"sensors":"NOAA-21","effis_confirmed":false,"burned_confirmed":false,"evidence_score":0,"evidence":"","filter_reason":"anomalie_non_corroboree"}},{"type":"Feature","geometry":{"type":"Point","coordinates":[22.18116,56.39304]},"properties":{"age_h":7.7,"recency":0,"frp":0.4,"confidence":"nominal","observations":1,"passes":1,"sensor_count":1,"sensors":"NOAA-21","effis_confirmed":false,"burned_confirmed":false,"evidence_score":0,"evidence":"","filter_reason":"anomalie_non_corroboree"}},{"type":"Feature","geometry":{"type":"Point","coordinates":[13.43612,56.41286]},"properties":{"age_h":7.7,"recency":0,"frp":2.2,"confidence":"nominal","observations":1,"passes":1,"sensor_count":1,"sensors":"NOAA-21","effis_confirmed":false,"burned_confirmed":false,"evidence_score":0,"evidence":"","filter_reason":"anomalie_non_corroboree"}},{"type":"Feature","geometry":{"type":"Point","coordinates":[28.77951,45.47069]},"properties":{"age_h":7.7,"recency":0,"frp":0.3,"confidence":"nominal","observations":1,"passes":1,"sensor_count":1,"sensors":"NOAA-21","effis_confirmed":false,"burned_confirmed":false,"evidence_score":0,"evidence":"","filter_reason":"anomalie_non_corroboree"}},{"type":"Feature","geometry":{"type":"Point","coordinates":[27.9491,45.62177]},"properties":{"age_h":7.7,"recency":0,"frp":0.9,"confidence":"nominal","observations":2,"passes":1,"sensor_count":1,"sensors":"NOAA-21","effis_confirmed":false,"burned_confirmed":false,"evidence_score":0,"evidence":"","filter_reason":"anomalie_non_corroboree"}},{"type":"Feature","geometry":{"type":"Point","coordinates":[18.89352,47.28088]},"properties":{"age_h":7.7,"recency":0,"frp":0.9,"confidence":"nominal","observations":1,"passes":1,"sensor_count":1,"sensors":"NOAA-21","effis_confirmed":false,"burned_confirmed":false,"evidence_score":0,"evidence":"","filter_reason":"anomalie_non_corroboree"}},{"type":"Feature","geometry":{"type":"Point","coordinates":[20.1041,50.08772]},"properties":{"age_h":7.7,"recency":0,"frp":0.6,"confidence":"nominal","observations":1,"passes":1,"sensor_count":1,"sensors":"NOAA-21","effis_confirmed":false,"burned_confirmed":false,"evidence_score":0,"evidence":"","filter_reason":"anomalie_non_corroboree"}},{"type":"Feature","geometry":{"type":"Point","coordinates":[20.27288,50.82678]},"properties":{"age_h":7.7,"recency":0,"frp":0.5,"confidence":"nominal","observations":1,"passes":1,"sensor_count":1,"sensors":"NOAA-21","effis_confirmed":false,"burned_confirmed":false,"evidence_score":0,"evidence":"","filter_reason":"anomalie_non_corroboree"}},{"type":"Feature","geometry":{"type":"Point","coordinates":[34.89079,51.2346]},"properties":{"age_h":7.7,"recency":0,"frp":0.6,"confidence":"nominal","observations":1,"passes":1,"sensor_count":1,"sensors":"NOAA-21","effis_confirmed":false,"burned_confirmed":false,"evidence_score":0,"evidence":"","filter_reason":"anomalie_non_corroboree"}},{"type":"Feature","geometry":{"type":"Point","coordinates":[33.35349,52.2831]},"properties":{"age_h":7.7,"recency":0,"frp":1.6,"confidence":"nominal","observations":1,"passes":1,"sensor_count":1,"sensors":"NOAA-21","effis_confirmed":false,"burned_confirmed":false,"evidence_score":0,"evidence":"","filter_reason":"anomalie_non_corroboree"}},{"type":"Feature","geometry":{"type":"Point","coordinates":[32.64849,52.30415]},"properties":{"age_h":7.7,"recency":0,"frp":0.8,"confidence":"nominal","observations":1,"passes":1,"sensor_count":1,"sensors":"NOAA-21","effis_confirmed":false,"burned_confirmed":false,"evidence_score":0,"evidence":"","filter_reason":"anomalie_non_corroboree"}},{"type":"Feature","geometry":{"type":"Point","coordinates":[21.45073,52.55388]},"properties":{"age_h":7.7,"recency":0,"frp":2.6,"confidence":"nominal","observations":1,"passes":1,"sensor_count":1,"sensors":"NOAA-21","effis_confirmed":false,"burned_confirmed":false,"evidence_score":0,"evidence":"","filter_reason":"anomalie_non_corroboree"}},{"type":"Feature","geometry":{"type":"Point","coordinates":[14.75007,53.35673]},"properties":{"age_h":7.7,"recency":0,"frp":1.0,"confidence":"nominal","observations":3,"passes":1,"sensor_count":1,"sensors":"NOAA-21","effis_confirmed":false,"burned_confirmed":false,"evidence_score":2,"evidence":"groupe spatial","filter_reason":"anomalie_non_corroboree"}},{"type":"Feature","geometry":{"type":"Point","coordinates":[37.19702,34.57055]},"properties":{"age_h":7.6,"recency":0,"frp":2.0,"confidence":"nominal","observations":2,"passes":2,"sensor_count":1,"sensors":"NOAA-21","effis_confirmed":false,"burned_confirmed":false,"evidence_score":2,"evidence":"passages répétés","filter_reason":"anomalie_non_corroboree"}},{"type":"Feature","geometry":{"type":"Point","coordinates":[40.02697,37.98513]},"properties":{"age_h":7.6,"recency":0,"frp":3.1,"confidence":"nominal","observations":2,"passes":1,"sensor_count":1,"sensors":"NOAA-21","effis_confirmed":false,"burned_confirmed":false,"evidence_score":0,"evidence":"","filter_reason":"anomalie_non_corroboree"}},{"type":"Feature","geometry":{"type":"Point","coordinates":[35.26054,38.7098]},"properties":{"age_h":7.6,"recency":0,"frp":1.0,"confidence":"nominal","observations":1,"passes":1,"sensor_count":1,"sensors":"NOAA-21","effis_confirmed":false,"burned_confirmed":false,"evidence_score":0,"evidence":"","filter_reason":"anomalie_non_corroboree"}},{"type":"Feature","geometry":{"type":"Point","coordinates":[17.99776,40.62867]},"properties":{"age_h":7.6,"recency":0,"frp":1.2,"confidence":"nominal","observations":1,"passes":1,"sensor_count":1,"sensors":"NOAA-21","effis_confirmed":false,"burned_confirmed":false,"evidence_score":0,"evidence":"","filter_reason":"anomalie_non_corroboree"}},{"type":"Feature","geometry":{"type":"Point","coordinates":[10.99848,45.42976]},"properties":{"age_h":7.6,"recency":0,"frp":1.3,"confidence":"nominal","observations":1,"passes":1,"sensor_count":1,"sensors":"NOAA-21","effis_confirmed":false,"burned_confirmed":false,"evidence_score":0,"evidence":"","filter_reason":"anomalie_non_corroboree"}},{"type":"Feature","geometry":{"type":"Point","coordinates":[23.92971,35.50277]},"properties":{"age_h":7.6,"recency":0,"frp":2.2,"confidence":"nominal","observations":1,"passes":1,"sensor_count":1,"sensors":"NOAA-21","effis_confirmed":false,"burned_confirmed":false,"evidence_score":0,"evidence":"","filter_reason":"anomalie_non_corroboree"}},{"type":"Feature","geometry":{"type":"Point","coordinates":[14.86064,38.03682]},"properties":{"age_h":7.6,"recency":0,"frp":1.1,"confidence":"nominal","observations":1,"passes":1,"sensor_count":1,"sensors":"NOAA-21","effis_confirmed":false,"burned_confirmed":false,"evidence_score":0,"evidence":"","filter_reason":"anomalie_non_corroboree"}},{"type":"Feature","geometry":{"type":"Point","coordinates":[35.44023,50.41559]},"properties":{"age_h":7.1,"recency":0,"frp":0.5,"confidence":"nominal","observations":2,"passes":1,"sensor_count":1,"sensors":"Suomi-NPP","effis_confirmed":false,"burned_confirmed":false,"evidence_score":0,"evidence":"","filter_reason":"anomalie_non_corroboree"}},{"type":"Feature","geometry":{"type":"Point","coordinates":[34.86299,50.9451]},"properties":{"age_h":7.1,"recency":0,"frp":1.3,"confidence":"nominal","observations":1,"passes":1,"sensor_count":1,"sensors":"Suomi-NPP","effis_confirmed":false,"burned_confirmed":false,"evidence_score":0,"evidence":"","filter_reason":"anomalie_non_corroboree"}},{"type":"Feature","geometry":{"type":"Point","coordinates":[39.73336,54.55152]},"properties":{"age_h":7.1,"recency":0,"frp":0.6,"confidence":"nominal","observations":1,"passes":1,"sensor_count":1,"sensors":"Suomi-NPP","effis_confirmed":false,"burned_confirmed":false,"evidence_score":0,"evidence":"","filter_reason":"anomalie_non_corroboree"}},{"type":"Feature","geometry":{"type":"Point","coordinates":[33.55842,44.48886]},"properties":{"age_h":7.1,"recency":0,"frp":1.3,"confidence":"nominal","observations":1,"passes":1,"sensor_count":1,"sensors":"Suomi-NPP","effis_confirmed":false,"burned_confirmed":false,"evidence_score":0,"evidence":"","filter_reason":"anomalie_non_corroboree"}},{"type":"Feature","geometry":{"type":"Point","coordinates":[15.57485,46.73837]},"properties":{"age_h":7.1,"recency":0,"frp":1.2,"confidence":"nominal","observations":1,"passes":1,"sensor_count":1,"sensors":"Suomi-NPP","effis_confirmed":false,"burned_confirmed":false,"evidence_score":0,"evidence":"","filter_reason":"anomalie_non_corroboree"}},{"type":"Feature","geometry":{"type":"Point","coordinates":[34.77459,47.255]},"properties":{"age_h":7.1,"recency":0,"frp":1.3,"confidence":"nominal","observations":1,"passes":1,"sensor_count":1,"sensors":"Suomi-NPP","effis_confirmed":false,"burned_confirmed":false,"evidence_score":0,"evidence":"","filter_reason":"anomalie_non_corroboree"}},{"type":"Feature","geometry":{"type":"Point","coordinates":[15.06655,47.37845]},"properties":{"age_h":7.1,"recency":0,"frp":0.9,"confidence":"nominal","observations":2,"passes":1,"sensor_count":1,"sensors":"Suomi-NPP","effis_confirmed":false,"burned_confirmed":false,"evidence_score":0,"evidence":"","filter_reason":"anomalie_non_corroboree"}},{"type":"Feature","geometry":{"type":"Point","coordinates":[21.14094,48.30807]},"properties":{"age_h":7.1,"recency":0,"frp":0.6,"confidence":"nominal","observations":1,"passes":1,"sensor_count":1,"sensors":"Suomi-NPP","effis_confirmed":false,"burned_confirmed":false,"evidence_score":0,"evidence":"","filter_reason":"anomalie_non_corroboree"}},{"type":"Feature","geometry":{"type":"Point","coordinates":[8.32589,49.05832]},"properties":{"age_h":7.1,"recency":0,"frp":0.7,"confidence":"nominal","observations":1,"passes":1,"sensor_count":1,"sensors":"Suomi-NPP","effis_confirmed":false,"burned_confirmed":false,"evidence_score":0,"evidence":"","filter_reason":"anomalie_non_corroboree"}},{"type":"Feature","geometry":{"type":"Point","coordinates":[2.26215,51.01435]},"properties":{"age_h":7.1,"recency":0,"frp":1.1,"confidence":"nominal","observations":1,"passes":1,"sensor_count":1,"sensors":"Suomi-NPP","effis_confirmed":false,"burned_confirmed":false,"evidence_score":0,"evidence":"","filter_reason":"anomalie_non_corroboree"}},{"type":"Feature","geometry":{"type":"Point","coordinates":[28.34118,37.90184]},"properties":{"age_h":7.0,"recency":0,"frp":0.4,"confidence":"nominal","observations":2,"passes":1,"sensor_count":1,"sensors":"Suomi-NPP","effis_confirmed":false,"burned_confirmed":false,"evidence_score":0,"evidence":"","filter_reason":"anomalie_non_corroboree"}},{"type":"Feature","geometry":{"type":"Point","coordinates":[17.21501,40.50163]},"properties":{"age_h":7.0,"recency":0,"frp":1.5,"confidence":"nominal","observations":2,"passes":1,"sensor_count":1,"sensors":"Suomi-NPP","effis_confirmed":false,"burned_confirmed":false,"evidence_score":0,"evidence":"","filter_reason":"anomalie_non_corroboree"}},{"type":"Feature","geometry":{"type":"Point","coordinates":[17.44853,40.62135]},"properties":{"age_h":7.0,"recency":0,"frp":0.4,"confidence":"nominal","observations":1,"passes":1,"sensor_count":1,"sensors":"Suomi-NPP","effis_confirmed":false,"burned_confirmed":false,"evidence_score":0,"evidence":"","filter_reason":"anomalie_non_corroboree"}},{"type":"Feature","geometry":{"type":"Point","coordinates":[11.83731,43.65719]},"properties":{"age_h":7.0,"recency":0,"frp":0.8,"confidence":"nominal","observations":1,"passes":1,"sensor_count":1,"sensors":"Suomi-NPP","effis_confirmed":false,"burned_confirmed":false,"evidence_score":0,"evidence":"","filter_reason":"anomalie_non_corroboree"}},{"type":"Feature","geometry":{"type":"Point","coordinates":[23.30726,44.02858]},"properties":{"age_h":7.0,"recency":0,"frp":0.3,"confidence":"nominal","observations":1,"passes":1,"sensor_count":1,"sensors":"Suomi-NPP","effis_confirmed":false,"burned_confirmed":false,"evidence_score":0,"evidence":"","filter_reason":"anomalie_non_corroboree"}},{"type":"Feature","geometry":{"type":"Point","coordinates":[9.84567,45.68428]},"properties":{"age_h":7.0,"recency":0,"frp":0.6,"confidence":"nominal","observations":1,"passes":1,"sensor_count":1,"sensors":"Suomi-NPP","effis_confirmed":false,"burned_confirmed":false,"evidence_score":0,"evidence":"","filter_reason":"anomalie_non_corroboree"}},{"type":"Feature","geometry":{"type":"Point","coordinates":[3.80479,36.66871]},"properties":{"age_h":7.0,"recency":0,"frp":0.8,"confidence":"nominal","observations":2,"passes":1,"sensor_count":1,"sensors":"Suomi-NPP","effis_confirmed":false,"burned_confirmed":false,"evidence_score":0,"evidence":"","filter_reason":"anomalie_non_corroboree"}},{"type":"Feature","geometry":{"type":"Point","coordinates":[15.71976,38.01635]},"properties":{"age_h":7.0,"recency":0,"frp":2.7,"confidence":"nominal","observations":1,"passes":1,"sensor_count":1,"sensors":"Suomi-NPP","effis_confirmed":false,"burned_confirmed":false,"evidence_score":0,"evidence":"","filter_reason":"anomalie_non_corroboree"}},{"type":"Feature","geometry":{"type":"Point","coordinates":[31.17007,47.01293]},"properties":{"age_h":6.8,"recency":0,"frp":1.6,"confidence":"nominal","observations":2,"passes":1,"sensor_count":1,"sensors":"NOAA-20","effis_confirmed":false,"burned_confirmed":false,"evidence_score":0,"evidence":"","filter_reason":"anomalie_non_corroboree"}},{"type":"Feature","geometry":{"type":"Point","coordinates":[-0.06975,51.71822]},"properties":{"age_h":6.8,"recency":0,"frp":1.5,"confidence":"nominal","observations":2,"passes":1,"sensor_count":1,"sensors":"NOAA-20","effis_confirmed":false,"burned_confirmed":false,"evidence_score":0,"evidence":"","filter_reason":"anomalie_non_corroboree"}},{"type":"Feature","geometry":{"type":"Point","coordinates":[21.97603,52.64013]},"properties":{"age_h":6.8,"recency":0,"frp":1.3,"confidence":"nominal","observations":1,"passes":1,"sensor_count":1,"sensors":"NOAA-20","effis_confirmed":false,"burned_confirmed":false,"evidence_score":0,"evidence":"","filter_reason":"anomalie_non_corroboree"}},{"type":"Feature","geometry":{"type":"Point","coordinates":[2.82447,41.90705]},"properties":{"age_h":6.7,"recency":0,"frp":1.5,"confidence":"nominal","observations":4,"passes":2,"sensor_count":1,"sensors":"NOAA-20","effis_confirmed":false,"burned_confirmed":false,"evidence_score":4,"evidence":"passages répétés, groupe spatial","filter_reason":"anomalie_non_corroboree"}},{"type":"Feature","geometry":{"type":"Point","coordinates":[21.29558,46.16128]},"properties":{"age_h":6.7,"recency":0,"frp":0.8,"confidence":"nominal","observations":1,"passes":1,"sensor_count":1,"sensors":"NOAA-20","effis_confirmed":false,"burned_confirmed":false,"evidence_score":0,"evidence":"","filter_reason":"anomalie_non_corroboree"}},{"type":"Feature","geometry":{"type":"Point","coordinates":[12.74027,46.17623]},"properties":{"age_h":6.7,"recency":0,"frp":0.6,"confidence":"nominal","observations":1,"passes":1,"sensor_count":1,"sensors":"NOAA-20","effis_confirmed":false,"burned_confirmed":false,"evidence_score":0,"evidence":"","filter_reason":"anomalie_non_corroboree"}},{"type":"Feature","geometry":{"type":"Point","coordinates":[0.95804,46.57019]},"properties":{"age_h":6.7,"recency":0,"frp":1.2,"confidence":"nominal","observations":4,"passes":1,"sensor_count":1,"sensors":"NOAA-20","effis_confirmed":false,"burned_confirmed":false,"evidence_score":2,"evidence":"groupe spatial","filter_reason":"anomalie_non_corroboree"}},{"type":"Feature","geometry":{"type":"Point","coordinates":[12.63281,47.46682]},"properties":{"age_h":6.7,"recency":0,"frp":0.3,"confidence":"nominal","observations":1,"passes":1,"sensor_count":1,"sensors":"NOAA-20","effis_confirmed":false,"burned_confirmed":false,"evidence_score":0,"evidence":"","filter_reason":"anomalie_non_corroboree"}},{"type":"Feature","geometry":{"type":"Point","coordinates":[22.80717,39.38736]},"properties":{"age_h":6.7,"recency":0,"frp":1.1,"confidence":"nominal","observations":2,"passes":1,"sensor_count":1,"sensors":"NOAA-20","effis_confirmed":false,"burned_confirmed":false,"evidence_score":0,"evidence":"","filter_reason":"anomalie_non_corroboree"}},{"type":"Feature","geometry":{"type":"Point","coordinates":[-2.88133,43.22256]},"properties":{"age_h":6.7,"recency":0,"frp":0.8,"confidence":"nominal","observations":2,"passes":1,"sensor_count":1,"sensors":"NOAA-20","effis_confirmed":false,"burned_confirmed":false,"evidence_score":0,"evidence":"","filter_reason":"anomalie_non_corroboree"}},{"type":"Feature","geometry":{"type":"Point","coordinates":[4.96948,43.43054]},"properties":{"age_h":6.7,"recency":0,"frp":0.5,"confidence":"nominal","observations":1,"passes":1,"sensor_count":1,"sensors":"NOAA-20","effis_confirmed":false,"burned_confirmed":false,"evidence_score":0,"evidence":"","filter_reason":"anomalie_non_corroboree"}},{"type":"Feature","geometry":{"type":"Point","coordinates":[8.54173,34.90374]},"properties":{"age_h":6.7,"recency":0,"frp":0.7,"confidence":"nominal","observations":1,"passes":1,"sensor_count":1,"sensors":"NOAA-20","effis_confirmed":false,"burned_confirmed":false,"evidence_score":0,"evidence":"","filter_reason":"anomalie_non_corroboree"}},{"type":"Feature","geometry":{"type":"Point","coordinates":[7.36213,35.76715]},"properties":{"age_h":6.7,"recency":0,"frp":0.5,"confidence":"nominal","observations":1,"passes":1,"sensor_count":1,"sensors":"NOAA-20","effis_confirmed":false,"burned_confirmed":false,"evidence_score":0,"evidence":"","filter_reason":"anomalie_non_corroboree"}},{"type":"Feature","geometry":{"type":"Point","coordinates":[9.89009,35.77599]},"properties":{"age_h":6.7,"recency":0,"frp":1.2,"confidence":"nominal","observations":1,"passes":1,"sensor_count":1,"sensors":"NOAA-20","effis_confirmed":false,"burned_confirmed":false,"evidence_score":0,"evidence":"","filter_reason":"anomalie_non_corroboree"}},{"type":"Feature","geometry":{"type":"Point","coordinates":[-0.83726,48.12536]},"properties":{"age_h":6.0,"recency":0,"frp":0.6,"confidence":"nominal","observations":2,"passes":2,"sensor_count":1,"sensors":"NOAA-21","effis_confirmed":false,"burned_confirmed":false,"evidence_score":2,"evidence":"passages répétés","filter_reason":"anomalie_non_corroboree"}},{"type":"Feature","geometry":{"type":"Point","coordinates":[8.26065,50.03263]},"properties":{"age_h":6.0,"recency":0,"frp":0.9,"confidence":"nominal","observations":2,"passes":2,"sensor_count":1,"sensors":"NOAA-21","effis_confirmed":false,"burned_confirmed":false,"evidence_score":2,"evidence":"passages répétés","filter_reason":"anomalie_non_corroboree"}},{"type":"Feature","geometry":{"type":"Point","coordinates":[11.75543,51.81252]},"properties":{"age_h":6.0,"recency":0,"frp":0.7,"confidence":"nominal","observations":1,"passes":1,"sensor_count":1,"sensors":"NOAA-21","effis_confirmed":false,"burned_confirmed":false,"evidence_score":0,"evidence":"","filter_reason":"anomalie_non_corroboree"}},{"type":"Feature","geometry":{"type":"Point","coordinates":[19.67264,52.584]},"properties":{"age_h":6.0,"recency":0,"frp":0.9,"confidence":"nominal","observations":1,"passes":1,"sensor_count":1,"sensors":"NOAA-21","effis_confirmed":false,"burned_confirmed":false,"evidence_score":0,"evidence":"","filter_reason":"anomalie_non_corroboree"}},{"type":"Feature","geometry":{"type":"Point","coordinates":[10.03745,53.51076]},"properties":{"age_h":6.0,"recency":0,"frp":0.6,"confidence":"nominal","observations":1,"passes":1,"sensor_count":1,"sensors":"NOAA-21","effis_confirmed":false,"burned_confirmed":false,"evidence_score":0,"evidence":"","filter_reason":"anomalie_non_corroboree"}},{"type":"Feature","geometry":{"type":"Point","coordinates":[0.80664,57.25462]},"properties":{"age_h":6.0,"recency":0,"frp":1.6,"confidence":"nominal","observations":1,"passes":1,"sensor_count":1,"sensors":"NOAA-21","effis_confirmed":false,"burned_confirmed":false,"evidence_score":0,"evidence":"","filter_reason":"anomalie_non_corroboree"}},{"type":"Feature","geometry":{"type":"Point","coordinates":[12.50381,42.02199]},"properties":{"age_h":6.0,"recency":0,"frp":3.7,"confidence":"nominal","observations":2,"passes":1,"sensor_count":1,"sensors":"NOAA-21","effis_confirmed":false,"burned_confirmed":false,"evidence_score":0,"evidence":"","filter_reason":"anomalie_non_corroboree"}},{"type":"Feature","geometry":{"type":"Point","coordinates":[0.52821,44.7488]},"properties":{"age_h":6.0,"recency":0,"frp":0.8,"confidence":"nominal","observations":1,"passes":1,"sensor_count":1,"sensors":"NOAA-21","effis_confirmed":false,"burned_confirmed":false,"evidence_score":0,"evidence":"","filter_reason":"anomalie_non_corroboree"}},{"type":"Feature","geometry":{"type":"Point","coordinates":[14.12021,44.9675]},"properties":{"age_h":6.0,"recency":0,"frp":1.3,"confidence":"nominal","observations":1,"passes":1,"sensor_count":1,"sensors":"NOAA-21","effis_confirmed":false,"burned_confirmed":false,"evidence_score":0,"evidence":"","filter_reason":"anomalie_non_corroboree"}},{"type":"Feature","geometry":{"type":"Point","coordinates":[4.90309,45.68555]},"properties":{"age_h":6.0,"recency":0,"frp":0.8,"confidence":"nominal","observations":1,"passes":1,"sensor_count":1,"sensors":"NOAA-21","effis_confirmed":false,"burned_confirmed":false,"evidence_score":0,"evidence":"","filter_reason":"anomalie_non_corroboree"}},{"type":"Feature","geometry":{"type":"Point","coordinates":[3.12803,49.0822]},"properties":{"age_h":6.0,"recency":0,"frp":0.4,"confidence":"nominal","observations":1,"passes":1,"sensor_count":1,"sensors":"NOAA-21","effis_confirmed":false,"burned_confirmed":false,"evidence_score":0,"evidence":"","filter_reason":"anomalie_non_corroboree"}},{"type":"Feature","geometry":{"type":"Point","coordinates":[3.4419,50.57415]},"properties":{"age_h":6.0,"recency":0,"frp":0.6,"confidence":"nominal","observations":1,"passes":1,"sensor_count":1,"sensors":"NOAA-21","effis_confirmed":false,"burned_confirmed":false,"evidence_score":0,"evidence":"","filter_reason":"anomalie_non_corroboree"}},{"type":"Feature","geometry":{"type":"Point","coordinates":[3.48685,50.60126]},"properties":{"age_h":6.0,"recency":0,"frp":1.1,"confidence":"nominal","observations":1,"passes":1,"sensor_count":1,"sensors":"NOAA-21","effis_confirmed":false,"burned_confirmed":false,"evidence_score":0,"evidence":"","filter_reason":"anomalie_non_corroboree"}},{"type":"Feature","geometry":{"type":"Point","coordinates":[5.79592,50.98871]},"properties":{"age_h":6.0,"recency":0,"frp":0.5,"confidence":"nominal","observations":1,"passes":1,"sensor_count":1,"sensors":"NOAA-21","effis_confirmed":false,"burned_confirmed":false,"evidence_score":0,"evidence":"","filter_reason":"anomalie_non_corroboree"}},{"type":"Feature","geometry":{"type":"Point","coordinates":[2.26789,51.02728]},"properties":{"age_h":6.0,"recency":0,"frp":1.1,"confidence":"nominal","observations":1,"passes":1,"sensor_count":1,"sensors":"NOAA-21","effis_confirmed":false,"burned_confirmed":false,"evidence_score":0,"evidence":"","filter_reason":"anomalie_non_corroboree"}},{"type":"Feature","geometry":{"type":"Point","coordinates":[10.02732,36.50138]},"properties":{"age_h":5.9,"recency":0,"frp":1.2,"confidence":"nominal","observations":2,"passes":1,"sensor_count":1,"sensors":"NOAA-21","effis_confirmed":false,"burned_confirmed":false,"evidence_score":0,"evidence":"","filter_reason":"anomalie_non_corroboree"}},{"type":"Feature","geometry":{"type":"Point","coordinates":[15.02487,37.43639]},"properties":{"age_h":5.9,"recency":0,"frp":3.5,"confidence":"nominal","observations":2,"passes":1,"sensor_count":1,"sensors":"NOAA-21","effis_confirmed":false,"burned_confirmed":false,"evidence_score":0,"evidence":"","filter_reason":"anomalie_non_corroboree"}},{"type":"Feature","geometry":{"type":"Point","coordinates":[-8.90573,39.68387]},"properties":{"age_h":5.9,"recency":0,"frp":1.4,"confidence":"nominal","observations":1,"passes":1,"sensor_count":1,"sensors":"NOAA-21","effis_confirmed":false,"burned_confirmed":false,"evidence_score":0,"evidence":"","filter_reason":"anomalie_non_corroboree"}},{"type":"Feature","geometry":{"type":"Point","coordinates":[-8.07046,41.38303]},"properties":{"age_h":5.9,"recency":0,"frp":2.1,"confidence":"nominal","observations":2,"passes":1,"sensor_count":1,"sensors":"NOAA-21","effis_confirmed":false,"burned_confirmed":false,"evidence_score":0,"evidence":"","filter_reason":"anomalie_non_corroboree"}},{"type":"Feature","geometry":{"type":"Point","coordinates":[2.89742,42.77126]},"properties":{"age_h":5.9,"recency":0,"frp":1.9,"confidence":"nominal","observations":1,"passes":1,"sensor_count":1,"sensors":"NOAA-21","effis_confirmed":false,"burned_confirmed":false,"evidence_score":0,"evidence":"","filter_reason":"anomalie_non_corroboree"}},{"type":"Feature","geometry":{"type":"Point","coordinates":[-5.85883,43.55269]},"properties":{"age_h":5.9,"recency":0,"frp":1.1,"confidence":"nominal","observations":1,"passes":1,"sensor_count":1,"sensors":"NOAA-21","effis_confirmed":false,"burned_confirmed":false,"evidence_score":0,"evidence":"","filter_reason":"anomalie_non_corroboree"}},{"type":"Feature","geometry":{"type":"Point","coordinates":[3.03735,36.59678]},"properties":{"age_h":5.9,"recency":0,"frp":1.1,"confidence":"nominal","observations":1,"passes":1,"sensor_count":1,"sensors":"NOAA-21","effis_confirmed":false,"burned_confirmed":false,"evidence_score":0,"evidence":"","filter_reason":"anomalie_non_corroboree"}},{"type":"Feature","geometry":{"type":"Point","coordinates":[7.88797,52.17351]},"properties":{"age_h":5.4,"recency":0,"frp":0.8,"confidence":"nominal","observations":2,"passes":2,"sensor_count":1,"sensors":"Suomi-NPP","effis_confirmed":false,"burned_confirmed":false,"evidence_score":2,"evidence":"passages répétés","filter_reason":"anomalie_non_corroboree"}},{"type":"Feature","geometry":{"type":"Point","coordinates":[4.29613,51.87384]},"properties":{"age_h":5.4,"recency":0,"frp":1.1,"confidence":"nominal","observations":1,"passes":1,"sensor_count":1,"sensors":"Suomi-NPP","effis_confirmed":false,"burned_confirmed":false,"evidence_score":0,"evidence":"","filter_reason":"anomalie_non_corroboree"}},{"type":"Feature","geometry":{"type":"Point","coordinates":[20.92018,52.29598]},"properties":{"age_h":5.4,"recency":0,"frp":0.5,"confidence":"nominal","observations":1,"passes":1,"sensor_count":1,"sensors":"Suomi-NPP","effis_confirmed":false,"burned_confirmed":false,"evidence_score":0,"evidence":"","filter_reason":"anomalie_non_corroboree"}},{"type":"Feature","geometry":{"type":"Point","coordinates":[-1.10094,53.2233]},"properties":{"age_h":5.4,"recency":0,"frp":0.5,"confidence":"nominal","observations":1,"passes":1,"sensor_count":1,"sensors":"Suomi-NPP","effis_confirmed":false,"burned_confirmed":false,"evidence_score":0,"evidence":"","filter_reason":"anomalie_non_corroboree"}},{"type":"Feature","geometry":{"type":"Point","coordinates":[-2.77185,43.2064]},"properties":{"age_h":5.3,"recency":0,"frp":0.6,"confidence":"nominal","observations":1,"passes":1,"sensor_count":1,"sensors":"Suomi-NPP","effis_confirmed":false,"burned_confirmed":false,"evidence_score":0,"evidence":"","filter_reason":"anomalie_non_corroboree"}},{"type":"Feature","geometry":{"type":"Point","coordinates":[-1.22555,34.94503]},"properties":{"age_h":5.3,"recency":0,"frp":0.4,"confidence":"nominal","observations":2,"passes":1,"sensor_count":1,"sensors":"Suomi-NPP","effis_confirmed":false,"burned_confirmed":false,"evidence_score":0,"evidence":"","filter_reason":"anomalie_non_corroboree"}},{"type":"Feature","geometry":{"type":"Point","coordinates":[5.50224,45.29422]},"properties":{"age_h":5.1,"recency":0,"frp":1.9,"confidence":"nominal","observations":3,"passes":1,"sensor_count":1,"sensors":"NOAA-20","effis_confirmed":false,"burned_confirmed":false,"evidence_score":2,"evidence":"groupe spatial","filter_reason":"anomalie_non_corroboree"}},{"type":"Feature","geometry":{"type":"Point","coordinates":[-1.97921,52.54893]},"properties":{"age_h":5.1,"recency":0,"frp":1.3,"confidence":"nominal","observations":2,"passes":1,"sensor_count":1,"sensors":"NOAA-20","effis_confirmed":false,"burned_confirmed":false,"evidence_score":0,"evidence":"","filter_reason":"anomalie_non_corroboree"}},{"type":"Feature","geometry":{"type":"Point","coordinates":[-1.51155,42.92043]},"properties":{"age_h":5.0,"recency":0,"frp":0.3,"confidence":"nominal","observations":1,"passes":1,"sensor_count":1,"sensors":"NOAA-20","effis_confirmed":false,"burned_confirmed":false,"evidence_score":0,"evidence":"","filter_reason":"anomalie_non_corroboree"}}]}